{
    "id": 100,
    "location": [
        -120.761414,
        41.832542
    ],
    "edges": [
        101
    ]
}