{
    "id": 10003,
    "location": [
        -119.893188,
        37.234055
    ],
    "edges": [
        10004
    ]
}