{
    "id": 10055,
    "location": [
        -118.132591,
        37.313797
    ],
    "edges": [
        10056
    ]
}