{
    "id": 10053,
    "location": [
        -118.048843,
        37.326706
    ],
    "edges": [
        10054
    ]
}