{
    "id": 10068,
    "location": [
        -118.198624,
        37.241119
    ],
    "edges": [
        10069
    ]
}