{
    "id": 10077,
    "location": [
        -118.298241,
        37.186253
    ],
    "edges": [
        10078
    ]
}