{
    "id": 1009,
    "location": [
        -120.111794,
        41.348022
    ],
    "edges": [
        1010
    ]
}