{
    "id": 10109,
    "location": [
        -120.241913,
        37.230537
    ],
    "edges": [
        10110
    ]
}