{
    "id": 10129,
    "location": [
        -118.451668,
        37.156067
    ],
    "edges": [
        10130
    ]
}