{
    "id": 10122,
    "location": [
        -121.726601,
        37.207859
    ],
    "edges": [
        10123
    ]
}