{
    "id": 10127,
    "location": [
        -121.652077,
        37.130165
    ],
    "edges": []
}