{
    "id": 10133,
    "location": [
        -118.449387,
        37.146206
    ],
    "edges": [
        10134
    ]
}