{
    "id": 10138,
    "location": [
        -118.440231,
        37.137257
    ],
    "edges": [
        10139
    ]
}