{
    "id": 10143,
    "location": [
        -118.410637,
        37.135315
    ],
    "edges": [
        10144
    ]
}