{
    "id": 10160,
    "location": [
        -118.118431,
        37.141945
    ],
    "edges": [
        10161
    ]
}