{
    "id": 10163,
    "location": [
        -118.166527,
        37.149185
    ],
    "edges": [
        10164
    ]
}