{
    "id": 10189,
    "location": [
        -120.488823,
        37.175045
    ],
    "edges": [
        10190
    ]
}