{
    "id": 10194,
    "location": [
        -121.591026,
        37.088177
    ],
    "edges": [
        10195,
        10205,
        10336
    ]
}