{
    "id": 10204,
    "location": [
        -120.280746,
        37.085667
    ],
    "edges": []
}