{
    "id": 10225,
    "location": [
        -119.940529,
        37.109428
    ],
    "edges": [
        10226
    ]
}