{
    "id": 10235,
    "location": [
        -121.306511,
        37.037354
    ],
    "edges": [
        10236,
        10533
    ]
}