{
    "id": 1023,
    "location": [
        -122.301682,
        41.312695
    ],
    "edges": [
        1024
    ]
}