{
    "id": 10230,
    "location": [
        -120.53849,
        37.066586
    ],
    "edges": [
        10231
    ]
}