{
    "id": 10248,
    "location": [
        -121.110512,
        37.093014
    ],
    "edges": [
        10249
    ]
}