{
    "id": 10259,
    "location": [
        -119.478737,
        37.044922
    ],
    "edges": [
        10260
    ]
}