{
    "id": 10253,
    "location": [
        -121.036827,
        37.057087
    ],
    "edges": [
        10254
    ]
}