{
    "id": 10261,
    "location": [
        -119.469841,
        37.058109
    ],
    "edges": [
        10262
    ]
}