{
    "id": 10273,
    "location": [
        -119.345093,
        37.074726
    ],
    "edges": [
        10274
    ]
}