{
    "id": 10275,
    "location": [
        -119.334618,
        37.081726
    ],
    "edges": [
        10276
    ]
}