{
    "id": 10271,
    "location": [
        -119.355278,
        37.068645
    ],
    "edges": [
        10272
    ]
}