{
    "id": 10300,
    "location": [
        -119.235558,
        37.242283
    ],
    "edges": [
        10301
    ]
}