{
    "id": 10301,
    "location": [
        -119.21611,
        37.242584
    ],
    "edges": [
        10302
    ]
}