{
    "id": 10312,
    "location": [
        -119.100861,
        37.291103
    ],
    "edges": [
        10313
    ]
}