{
    "id": 10319,
    "location": [
        -119.089203,
        37.328644
    ],
    "edges": [
        10320
    ]
}