{
    "id": 10323,
    "location": [
        -119.01796,
        37.308563
    ],
    "edges": [
        10324
    ]
}