{
    "id": 10333,
    "location": [
        -118.956352,
        37.245209
    ],
    "edges": [
        10334
    ]
}