{
    "id": 10351,
    "location": [
        -117.509003,
        37.148556
    ],
    "edges": [
        10352
    ]
}