{
    "id": 10368,
    "location": [
        -117.717293,
        37.224625
    ],
    "edges": [
        10369
    ]
}