{
    "id": 10383,
    "location": [
        -117.982948,
        37.218189
    ],
    "edges": [
        10384
    ]
}