{
    "id": 10403,
    "location": [
        -119.794357,
        37.021313
    ],
    "edges": [
        10404
    ]
}