{
    "id": 10418,
    "location": [
        -119.771812,
        37.01133
    ],
    "edges": [
        10419
    ]
}