{
    "id": 10429,
    "location": [
        -122.023216,
        37.018982
    ],
    "edges": [
        10430
    ]
}