{
    "id": 10440,
    "location": [
        -121.988777,
        37.160667
    ],
    "edges": [
        10441
    ]
}