{
    "id": 10447,
    "location": [
        -119.709084,
        36.98608
    ],
    "edges": [
        10448
    ]
}