{
    "id": 10454,
    "location": [
        -121.952911,
        36.983307
    ],
    "edges": [
        10455,
        10620
    ]
}