{
    "id": 10463,
    "location": [
        -122.069473,
        37.033039
    ],
    "edges": [
        10464
    ]
}