{
    "id": 10467,
    "location": [
        -122.104118,
        37.10247
    ],
    "edges": [
        10468
    ]
}