{
    "id": 10475,
    "location": [
        -122.13443,
        37.174038
    ],
    "edges": [
        10476
    ]
}