{
    "id": 10473,
    "location": [
        -122.132263,
        37.149105
    ],
    "edges": [
        10474
    ]
}