{
    "id": 10497,
    "location": [
        -120.135002,
        37.020996
    ],
    "edges": [
        10498
    ]
}