{
    "id": 10516,
    "location": [
        -120.739197,
        37.011459
    ],
    "edges": []
}