{
    "id": 1053,
    "location": [
        -123.596077,
        41.343407
    ],
    "edges": [
        1054
    ]
}