{
    "id": 10542,
    "location": [
        -121.382812,
        36.978474
    ],
    "edges": [
        10543
    ]
}