{
    "id": 10553,
    "location": [
        -122.364487,
        37.172977
    ],
    "edges": [
        10554
    ]
}