{
    "id": 10569,
    "location": [
        -122.079033,
        36.965179
    ],
    "edges": [
        10588
    ]
}