{
    "id": 10567,
    "location": [
        -122.108902,
        36.970753
    ],
    "edges": [
        10568
    ]
}