{
    "id": 10589,
    "location": [
        -120.629303,
        36.958267
    ],
    "edges": [
        10590,
        10591,
        10622
    ]
}