{
    "id": 10597,
    "location": [
        -121.678398,
        37.002422
    ],
    "edges": [
        10598
    ]
}