{
    "id": 10602,
    "location": [
        -121.715874,
        36.99403
    ],
    "edges": [
        10603
    ]
}