{
    "id": 10600,
    "location": [
        -121.709251,
        36.99794
    ],
    "edges": [
        10601
    ]
}