{
    "id": 10616,
    "location": [
        -121.902138,
        36.977543
    ],
    "edges": [
        10617
    ]
}