{
    "id": 10614,
    "location": [
        -121.879921,
        36.973549
    ],
    "edges": [
        10615
    ]
}