{
    "id": 10630,
    "location": [
        -118.242119,
        36.945648
    ],
    "edges": [
        10631
    ]
}