{
    "id": 10635,
    "location": [
        -121.747337,
        36.89579
    ],
    "edges": [
        10636
    ]
}