{
    "id": 10643,
    "location": [
        -119.502533,
        36.959637
    ],
    "edges": [
        10644
    ]
}