{
    "id": 10648,
    "location": [
        -119.517929,
        36.902935
    ],
    "edges": [
        10649
    ]
}