{
    "id": 10646,
    "location": [
        -119.503708,
        36.932549
    ],
    "edges": [
        10647
    ]
}