{
    "id": 10679,
    "location": [
        -120.452789,
        36.854527
    ],
    "edges": [
        10848
    ]
}