{
    "id": 10682,
    "location": [
        -120.654556,
        36.852955
    ],
    "edges": [
        10683,
        11068
    ]
}