{
    "id": 10689,
    "location": [
        -121.401382,
        36.851406
    ],
    "edges": [
        10690,
        10694
    ]
}