{
    "id": 10688,
    "location": [
        -121.403397,
        36.868763
    ],
    "edges": [
        10689
    ]
}