{
    "id": 10698,
    "location": [
        -121.515457,
        36.83926
    ],
    "edges": [
        10699
    ]
}