{
    "id": 1070,
    "location": [
        -123.606133,
        41.469368
    ],
    "edges": [
        1071
    ]
}