{
    "id": 1071,
    "location": [
        -123.617683,
        41.480019
    ],
    "edges": [
        1072
    ]
}