{
    "id": 10717,
    "location": [
        -119.65345,
        36.954342
    ],
    "edges": [
        10718
    ]
}