{
    "id": 10721,
    "location": [
        -119.673073,
        36.838577
    ],
    "edges": [
        10722,
        10725
    ]
}