{
    "id": 10720,
    "location": [
        -119.62886,
        36.970177
    ],
    "edges": []
}