{
    "id": 10748,
    "location": [
        -118.98011,
        36.989571
    ],
    "edges": [
        10749
    ]
}