{
    "id": 10759,
    "location": [
        -118.880081,
        36.953262
    ],
    "edges": [
        10760
    ]
}