{
    "id": 10752,
    "location": [
        -118.967743,
        36.959923
    ],
    "edges": [
        10753
    ]
}