{
    "id": 1076,
    "location": [
        -123.639778,
        41.544991
    ],
    "edges": [
        1077
    ]
}