{
    "id": 10760,
    "location": [
        -118.871696,
        36.948322
    ],
    "edges": [
        10761
    ]
}