{
    "id": 10772,
    "location": [
        -118.723068,
        36.940693
    ],
    "edges": [
        10773
    ]
}