{
    "id": 10778,
    "location": [
        -118.62249,
        36.956696
    ],
    "edges": [
        10779
    ]
}