{
    "id": 10800,
    "location": [
        -121.630203,
        36.82309
    ],
    "edges": [
        10801
    ]
}