{
    "id": 10817,
    "location": [
        -120.871834,
        36.96661
    ],
    "edges": [
        10818
    ]
}