{
    "id": 10819,
    "location": [
        -120.926064,
        37.012562
    ],
    "edges": []
}