{
    "id": 10827,
    "location": [
        -118.292831,
        36.785648
    ],
    "edges": [
        10828
    ]
}