{
    "id": 1082,
    "location": [
        -120.101257,
        41.303696
    ],
    "edges": []
}