{
    "id": 10820,
    "location": [
        -121.671501,
        36.78857
    ],
    "edges": [
        11071
    ]
}