{
    "id": 10829,
    "location": [
        -118.281601,
        36.775414
    ],
    "edges": [
        10830
    ]
}