{
    "id": 10831,
    "location": [
        -118.243248,
        36.778229
    ],
    "edges": [
        10832
    ]
}