{
    "id": 10858,
    "location": [
        -119.831001,
        36.763828
    ],
    "edges": []
}