{
    "id": 10856,
    "location": [
        -119.79361,
        36.757854
    ],
    "edges": [
        10857
    ]
}