{
    "id": 10873,
    "location": [
        -118.336777,
        36.776581
    ],
    "edges": [
        10874
    ]
}