{
    "id": 10870,
    "location": [
        -118.35833,
        36.772736
    ],
    "edges": [
        10871
    ]
}