{
    "id": 10881,
    "location": [
        -118.488358,
        36.777542
    ],
    "edges": [
        10882
    ]
}