{
    "id": 10898,
    "location": [
        -120.328644,
        36.73682
    ],
    "edges": [
        10899
    ]
}