{
    "id": 10914,
    "location": [
        -121.279266,
        36.732208
    ],
    "edges": [
        11202,
        11632
    ]
}