{
    "id": 10916,
    "location": [
        -121.787613,
        36.729725
    ],
    "edges": [
        10917
    ]
}