{
    "id": 10925,
    "location": [
        -118.758324,
        36.811497
    ],
    "edges": [
        10926
    ]
}