{
    "id": 10934,
    "location": [
        -118.812271,
        36.81538
    ],
    "edges": [
        10935
    ]
}