{
    "id": 10944,
    "location": [
        -118.853958,
        36.82333
    ],
    "edges": [
        10945
    ]
}