{
    "id": 10965,
    "location": [
        -118.929192,
        36.804092
    ],
    "edges": [
        10966
    ]
}