{
    "id": 10976,
    "location": [
        -118.960823,
        36.753139
    ],
    "edges": [
        10977
    ]
}