{
    "id": 10974,
    "location": [
        -118.956612,
        36.759136
    ],
    "edges": [
        10975
    ]
}