{
    "id": 1097,
    "location": [
        -121.905128,
        41.422672
    ],
    "edges": [
        1098
    ]
}