{
    "id": 10979,
    "location": [
        -118.965858,
        36.745758
    ],
    "edges": [
        10980
    ]
}