{
    "id": 110,
    "location": [
        -120.782631,
        41.968315
    ],
    "edges": [
        111
    ]
}