{
    "id": 11011,
    "location": [
        -119.19503,
        36.756531
    ],
    "edges": [
        11012
    ]
}