{
    "id": 11012,
    "location": [
        -119.191048,
        36.75703
    ],
    "edges": [
        11013
    ]
}