{
    "id": 11028,
    "location": [
        -119.093292,
        36.748924
    ],
    "edges": [
        11029
    ]
}