{
    "id": 11052,
    "location": [
        -118.977707,
        36.713997
    ],
    "edges": [
        11053
    ]
}