{
    "id": 11067,
    "location": [
        -120.657944,
        36.68243
    ],
    "edges": [
        11070
    ]
}