{
    "id": 11063,
    "location": [
        -119.553589,
        36.704132
    ],
    "edges": [
        11064,
        11156
    ]
}