{
    "id": 11105,
    "location": [
        -116.952103,
        36.748318
    ],
    "edges": [
        11106
    ]
}