{
    "id": 11111,
    "location": [
        -116.924873,
        36.788334
    ],
    "edges": []
}