{
    "id": 11126,
    "location": [
        -117.217903,
        36.828705
    ],
    "edges": [
        11127
    ]
}