{
    "id": 1114,
    "location": [
        -122.980553,
        41.411682
    ],
    "edges": [
        1115
    ]
}