{
    "id": 11157,
    "location": [
        -120.752373,
        36.787144
    ],
    "edges": [
        11158
    ]
}