{
    "id": 11170,
    "location": [
        -120.856667,
        36.693295
    ],
    "edges": [
        11171
    ]
}