{
    "id": 11189,
    "location": [
        -121.097481,
        36.665871
    ],
    "edges": [
        11190
    ]
}