{
    "id": 1119,
    "location": [
        -123.05764,
        41.340366
    ],
    "edges": [
        1120
    ]
}