{
    "id": 11204,
    "location": [
        -119.676964,
        36.607727
    ],
    "edges": []
}