{
    "id": 11208,
    "location": [
        -119.904999,
        36.606342
    ],
    "edges": [
        11209
    ]
}