{
    "id": 11201,
    "location": [
        -121.242844,
        36.701443
    ],
    "edges": [
        11202
    ]
}