{
    "id": 11217,
    "location": [
        -118.100212,
        36.681728
    ],
    "edges": [
        11218
    ]
}