{
    "id": 11219,
    "location": [
        -118.069382,
        36.618156
    ],
    "edges": [
        11220
    ]
}