{
    "id": 11229,
    "location": [
        -121.900436,
        36.57217
    ],
    "edges": [
        11230
    ]
}