{
    "id": 11237,
    "location": [
        -120.041801,
        36.606121
    ],
    "edges": []
}