{
    "id": 11239,
    "location": [
        -120.210693,
        36.708698
    ],
    "edges": [
        11240
    ]
}