{
    "id": 11241,
    "location": [
        -120.24971,
        36.652699
    ],
    "edges": [
        11242
    ]
}