{
    "id": 11270,
    "location": [
        -117.512604,
        36.746105
    ],
    "edges": [
        11271
    ]
}