{
    "id": 11283,
    "location": [
        -117.464073,
        36.610622
    ],
    "edges": [
        11284
    ]
}