{
    "id": 11284,
    "location": [
        -117.46064,
        36.605579
    ],
    "edges": [
        11285
    ]
}