{
    "id": 11305,
    "location": [
        -117.911797,
        36.940979
    ],
    "edges": [
        11306
    ]
}