{
    "id": 11315,
    "location": [
        -117.887177,
        36.80304
    ],
    "edges": [
        11316
    ]
}