{
    "id": 11337,
    "location": [
        -117.724693,
        36.672932
    ],
    "edges": [
        11338
    ]
}