{
    "id": 11335,
    "location": [
        -117.763077,
        36.678997
    ],
    "edges": [
        11336
    ]
}