{
    "id": 11340,
    "location": [
        -117.643387,
        36.611233
    ],
    "edges": [
        11341
    ]
}