{
    "id": 11382,
    "location": [
        -119.288834,
        36.490032
    ],
    "edges": [
        11384,
        11427
    ]
}