{
    "id": 11387,
    "location": [
        -118.99202,
        36.712517
    ],
    "edges": [
        11388
    ]
}