{
    "id": 11407,
    "location": [
        -119.025482,
        36.61808
    ],
    "edges": [
        11408
    ]
}