{
    "id": 11413,
    "location": [
        -119.091888,
        36.606129
    ],
    "edges": [
        11414
    ]
}