{
    "id": 11418,
    "location": [
        -119.126503,
        36.571445
    ],
    "edges": [
        11419
    ]
}