{
    "id": 11417,
    "location": [
        -119.12487,
        36.585693
    ],
    "edges": [
        11418
    ]
}