{
    "id": 11425,
    "location": [
        -119.120171,
        36.476345
    ],
    "edges": [
        11426
    ]
}