{
    "id": 11436,
    "location": [
        -118.849289,
        36.463463
    ],
    "edges": [
        11437,
        11596,
        11872
    ]
}