{
    "id": 11442,
    "location": [
        -118.82206,
        36.498119
    ],
    "edges": [
        11443
    ]
}