{
    "id": 11448,
    "location": [
        -118.775124,
        36.523907
    ],
    "edges": [
        11449
    ]
}