{
    "id": 11453,
    "location": [
        -118.78125,
        36.538776
    ],
    "edges": [
        11454
    ]
}