{
    "id": 11456,
    "location": [
        -118.777702,
        36.553947
    ],
    "edges": [
        11457
    ]
}