{
    "id": 11464,
    "location": [
        -118.751213,
        36.579811
    ],
    "edges": [
        11465
    ]
}