{
    "id": 11462,
    "location": [
        -118.756828,
        36.572433
    ],
    "edges": [
        11463
    ]
}