{
    "id": 1149,
    "location": [
        -123.367897,
        41.310642
    ],
    "edges": [
        1150
    ]
}