{
    "id": 11508,
    "location": [
        -118.855423,
        36.687862
    ],
    "edges": [
        11509
    ]
}