{
    "id": 11558,
    "location": [
        -120.626068,
        36.639641
    ],
    "edges": []
}