{
    "id": 1155,
    "location": [
        -122.268341,
        41.296928
    ],
    "edges": [
        1156
    ]
}