{
    "id": 11553,
    "location": [
        -120.501083,
        36.545441
    ],
    "edges": [
        11554
    ]
}