{
    "id": 11565,
    "location": [
        -119.791687,
        36.434322
    ],
    "edges": [
        11566
    ]
}