{
    "id": 11589,
    "location": [
        -118.759781,
        36.432697
    ],
    "edges": [
        11590
    ]
}