{
    "id": 11591,
    "location": [
        -118.78566,
        36.452122
    ],
    "edges": [
        11592
    ]
}