{
    "id": 11594,
    "location": [
        -118.813103,
        36.450642
    ],
    "edges": [
        11595
    ]
}