{
    "id": 11604,
    "location": [
        -117.935371,
        36.553291
    ],
    "edges": [
        11605
    ]
}