{
    "id": 11628,
    "location": [
        -120.332779,
        36.426201
    ],
    "edges": [
        11629
    ]
}