{
    "id": 11621,
    "location": [
        -121.451424,
        36.516876
    ],
    "edges": [
        11622
    ]
}