{
    "id": 11639,
    "location": [
        -121.229027,
        36.637844
    ],
    "edges": [
        11640
    ]
}