{
    "id": 11643,
    "location": [
        -121.195587,
        36.600819
    ],
    "edges": [
        11644
    ]
}