{
    "id": 11644,
    "location": [
        -121.195038,
        36.595558
    ],
    "edges": [
        11645
    ]
}