{
    "id": 11651,
    "location": [
        -121.142578,
        36.523766
    ],
    "edges": [
        11652
    ]
}