{
    "id": 11662,
    "location": [
        -120.994743,
        36.411732
    ],
    "edges": [
        11663
    ]
}