{
    "id": 11678,
    "location": [
        -117.584373,
        36.503113
    ],
    "edges": [
        11679
    ]
}