{
    "id": 11681,
    "location": [
        -117.625839,
        36.469765
    ],
    "edges": [
        11682
    ]
}