{
    "id": 11700,
    "location": [
        -120.82708,
        36.534195
    ],
    "edges": [
        11701
    ]
}