{
    "id": 11704,
    "location": [
        -120.799568,
        36.491154
    ],
    "edges": [
        11705
    ]
}