{
    "id": 11701,
    "location": [
        -120.829147,
        36.517609
    ],
    "edges": [
        11702
    ]
}