{
    "id": 11713,
    "location": [
        -120.659737,
        36.451466
    ],
    "edges": [
        11714
    ]
}