{
    "id": 11723,
    "location": [
        -120.68737,
        36.397465
    ],
    "edges": [
        11724
    ]
}