{
    "id": 11739,
    "location": [
        -120.894508,
        36.376625
    ],
    "edges": [
        11740
    ]
}