{
    "id": 11749,
    "location": [
        -118.406471,
        36.34457
    ],
    "edges": [
        11750,
        11830,
        12522
    ]
}