{
    "id": 11759,
    "location": [
        -118.399338,
        36.48592
    ],
    "edges": [
        11760
    ]
}