{
    "id": 11757,
    "location": [
        -118.403023,
        36.46777
    ],
    "edges": [
        11758
    ]
}