{
    "id": 11751,
    "location": [
        -118.413628,
        36.385792
    ],
    "edges": [
        11752
    ]
}