{
    "id": 11760,
    "location": [
        -118.400063,
        36.49601
    ],
    "edges": [
        11761
    ]
}