{
    "id": 11772,
    "location": [
        -118.418671,
        36.669006
    ],
    "edges": [
        11773
    ]
}