{
    "id": 11778,
    "location": [
        -118.437637,
        36.71838
    ],
    "edges": [
        11779
    ]
}