{
    "id": 11785,
    "location": [
        -117.289482,
        36.362278
    ],
    "edges": [
        11786
    ]
}