{
    "id": 11802,
    "location": [
        -117.493057,
        36.346378
    ],
    "edges": [
        11803
    ]
}