{
    "id": 11810,
    "location": [
        -118.570328,
        36.414581
    ],
    "edges": [
        11811
    ]
}