{
    "id": 11816,
    "location": [
        -118.550987,
        36.376926
    ],
    "edges": [
        11817
    ]
}