{
    "id": 11823,
    "location": [
        -118.50621,
        36.338837
    ],
    "edges": [
        11824
    ]
}