{
    "id": 11833,
    "location": [
        -119.33802,
        36.331696
    ],
    "edges": [
        11845
    ]
}