{
    "id": 11840,
    "location": [
        -119.440826,
        36.375999
    ],
    "edges": [
        11841
    ]
}