{
    "id": 11857,
    "location": [
        -119.011597,
        36.388428
    ],
    "edges": [
        11858
    ]
}