{
    "id": 1185,
    "location": [
        -124.029968,
        41.325912
    ],
    "edges": [
        1186
    ]
}