{
    "id": 11850,
    "location": [
        -119.076447,
        36.331997
    ],
    "edges": [
        11851
    ]
}