{
    "id": 11873,
    "location": [
        -119.111076,
        36.325535
    ],
    "edges": [
        11876,
        11879
    ]
}