{
    "id": 11898,
    "location": [
        -117.683479,
        36.317554
    ],
    "edges": [
        11899
    ]
}