{
    "id": 11899,
    "location": [
        -117.674431,
        36.316895
    ],
    "edges": []
}