{
    "id": 11912,
    "location": [
        -116.640404,
        36.353783
    ],
    "edges": [
        11913
    ]
}