{
    "id": 11917,
    "location": [
        -116.711617,
        36.36198
    ],
    "edges": [
        11918
    ]
}