{
    "id": 1192,
    "location": [
        -124.088867,
        41.271286
    ],
    "edges": [
        1193
    ]
}