{
    "id": 11947,
    "location": [
        -118.022919,
        36.31086
    ],
    "edges": [
        11948
    ]
}