{
    "id": 11959,
    "location": [
        -119.855179,
        36.269428
    ],
    "edges": []
}