{
    "id": 11968,
    "location": [
        -120.24157,
        36.258015
    ],
    "edges": [
        11975,
        12206,
        12221
    ]
}