{
    "id": 11966,
    "location": [
        -120.250801,
        36.274994
    ],
    "edges": [
        11967
    ]
}