{
    "id": 11975,
    "location": [
        -120.150337,
        36.257183
    ],
    "edges": []
}