{
    "id": 12013,
    "location": [
        -121.858131,
        36.538857
    ],
    "edges": [
        12014
    ]
}