{
    "id": 12027,
    "location": [
        -121.153214,
        36.307903
    ],
    "edges": [
        12028
    ]
}