{
    "id": 12023,
    "location": [
        -119.328232,
        36.219284
    ],
    "edges": [
        12072
    ]
}