{
    "id": 12021,
    "location": [
        -119.336304,
        36.237831
    ],
    "edges": [
        12022
    ]
}