{
    "id": 12029,
    "location": [
        -121.176064,
        36.334496
    ],
    "edges": [
        12030
    ]
}