{
    "id": 12033,
    "location": [
        -121.205063,
        36.365013
    ],
    "edges": [
        12034
    ]
}