{
    "id": 12051,
    "location": [
        -121.088058,
        36.266335
    ],
    "edges": [
        12052
    ]
}