{
    "id": 12066,
    "location": [
        -121.120201,
        36.211189
    ],
    "edges": [
        12861
    ]
}