{
    "id": 12067,
    "location": [
        -119.317337,
        36.210964
    ],
    "edges": [
        12068,
        12071
    ]
}