{
    "id": 12074,
    "location": [
        -119.105881,
        36.20591
    ],
    "edges": [
        12145
    ]
}