{
    "id": 12071,
    "location": [
        -119.322182,
        36.210876
    ],
    "edges": [
        12072
    ]
}