{
    "id": 12086,
    "location": [
        -121.135742,
        36.196899
    ],
    "edges": []
}