{
    "id": 12082,
    "location": [
        -119.810463,
        36.259117
    ],
    "edges": [
        12083
    ]
}