{
    "id": 12102,
    "location": [
        -117.220337,
        36.482105
    ],
    "edges": [
        12103
    ]
}