{
    "id": 12116,
    "location": [
        -117.136177,
        36.363705
    ],
    "edges": [
        12117
    ]
}