{
    "id": 12132,
    "location": [
        -117.281914,
        36.204693
    ],
    "edges": [
        12133
    ]
}