{
    "id": 12137,
    "location": [
        -117.327049,
        36.192783
    ],
    "edges": [
        12138
    ]
}