{
    "id": 12141,
    "location": [
        -117.396797,
        36.30769
    ],
    "edges": []
}