{
    "id": 1216,
    "location": [
        -121.772751,
        41.295086
    ],
    "edges": [
        1217
    ]
}