{
    "id": 12163,
    "location": [
        -120.537361,
        36.226662
    ],
    "edges": [
        12164
    ]
}