{
    "id": 12176,
    "location": [
        -120.708771,
        36.306675
    ],
    "edges": [
        12177
    ]
}