{
    "id": 12181,
    "location": [
        -120.776123,
        36.350681
    ],
    "edges": []
}