{
    "id": 12196,
    "location": [
        -118.947197,
        36.281025
    ],
    "edges": [
        12197
    ]
}