{
    "id": 12197,
    "location": [
        -118.956512,
        36.280441
    ],
    "edges": [
        12198
    ]
}