{
    "id": 12193,
    "location": [
        -118.906113,
        36.26321
    ],
    "edges": [
        12194
    ]
}