{
    "id": 1220,
    "location": [
        -121.737221,
        41.338608
    ],
    "edges": [
        1221
    ]
}