{
    "id": 12200,
    "location": [
        -119.04158,
        36.280647
    ],
    "edges": [
        12201
    ]
}