{
    "id": 12211,
    "location": [
        -120.103218,
        36.205723
    ],
    "edges": [
        12212
    ]
}