{
    "id": 1222,
    "location": [
        -121.701019,
        41.341129
    ],
    "edges": [
        1223
    ]
}