{
    "id": 12230,
    "location": [
        -118.701927,
        36.165207
    ],
    "edges": []
}