{
    "id": 12233,
    "location": [
        -119.884323,
        36.138725
    ],
    "edges": [
        12234
    ]
}