{
    "id": 12243,
    "location": [
        -119.057159,
        36.116638
    ],
    "edges": []
}