{
    "id": 12244,
    "location": [
        -119.050987,
        36.106167
    ],
    "edges": [
        12291
    ]
}