{
    "id": 12256,
    "location": [
        -120.486328,
        36.087784
    ],
    "edges": [
        12257
    ]
}