{
    "id": 12265,
    "location": [
        -120.692703,
        36.180897
    ],
    "edges": [
        12266
    ]
}