{
    "id": 12266,
    "location": [
        -120.711746,
        36.19643
    ],
    "edges": [
        12267
    ]
}