{
    "id": 12270,
    "location": [
        -120.752563,
        36.193443
    ],
    "edges": [
        12271
    ]
}