{
    "id": 12281,
    "location": [
        -120.87532,
        36.221348
    ],
    "edges": [
        12282
    ]
}