{
    "id": 12298,
    "location": [
        -118.827393,
        36.120144
    ],
    "edges": [
        12299
    ]
}