{
    "id": 123,
    "location": [
        -120.914307,
        41.988773
    ],
    "edges": [
        124
    ]
}