{
    "id": 12304,
    "location": [
        -118.859489,
        36.104145
    ],
    "edges": [
        12305
    ]
}