{
    "id": 12307,
    "location": [
        -117.956093,
        36.071976
    ],
    "edges": [
        12308,
        12927
    ]
}