{
    "id": 12310,
    "location": [
        -117.97863,
        36.153515
    ],
    "edges": [
        12311
    ]
}