{
    "id": 12315,
    "location": [
        -117.988724,
        36.257141
    ],
    "edges": []
}