{
    "id": 12319,
    "location": [
        -119.043907,
        36.068878
    ],
    "edges": [
        12320
    ]
}