{
    "id": 12313,
    "location": [
        -117.979736,
        36.234253
    ],
    "edges": [
        12314
    ]
}