{
    "id": 12322,
    "location": [
        -119.014847,
        36.064964
    ],
    "edges": [
        12323
    ]
}