{
    "id": 12323,
    "location": [
        -119.014664,
        36.064411
    ],
    "edges": [
        12337
    ]
}