{
    "id": 12343,
    "location": [
        -119.311188,
        36.092789
    ],
    "edges": [
        12344
    ]
}