{
    "id": 12342,
    "location": [
        -119.308884,
        36.090763
    ],
    "edges": [
        12343
    ]
}