{
    "id": 12353,
    "location": [
        -118.940483,
        36.04414
    ],
    "edges": [
        12354
    ]
}