{
    "id": 12379,
    "location": [
        -121.350182,
        36.277409
    ],
    "edges": [
        12380
    ]
}