{
    "id": 12376,
    "location": [
        -121.330322,
        36.281509
    ],
    "edges": [
        12377
    ]
}