{
    "id": 12389,
    "location": [
        -121.452797,
        36.240204
    ],
    "edges": [
        12390
    ]
}