{
    "id": 12401,
    "location": [
        -121.498833,
        36.167221
    ],
    "edges": [
        12402
    ]
}