{
    "id": 12414,
    "location": [
        -121.32058,
        36.069489
    ],
    "edges": [
        12415
    ]
}