{
    "id": 12422,
    "location": [
        -120.111603,
        36.043991
    ],
    "edges": [
        12423
    ]
}