{
    "id": 12426,
    "location": [
        -120.340393,
        36.119736
    ],
    "edges": [
        12427
    ]
}