{
    "id": 12427,
    "location": [
        -120.323143,
        36.11879
    ],
    "edges": [
        12428
    ]
}