{
    "id": 12420,
    "location": [
        -120.106216,
        36.06591
    ],
    "edges": [
        12421
    ]
}