{
    "id": 12439,
    "location": [
        -116.421959,
        36.246563
    ],
    "edges": [
        12440
    ]
}