{
    "id": 12437,
    "location": [
        -116.429947,
        36.267956
    ],
    "edges": [
        12438
    ]
}