{
    "id": 1244,
    "location": [
        -121.345993,
        41.329437
    ],
    "edges": [
        1245
    ]
}