{
    "id": 12448,
    "location": [
        -116.332474,
        36.189411
    ],
    "edges": [
        12449
    ]
}