{
    "id": 12453,
    "location": [
        -116.287903,
        36.085804
    ],
    "edges": [
        12454
    ]
}