{
    "id": 12470,
    "location": [
        -121.908112,
        36.416897
    ],
    "edges": [
        12471
    ]
}