{
    "id": 12477,
    "location": [
        -121.884216,
        36.334915
    ],
    "edges": [
        12478
    ]
}