{
    "id": 12483,
    "location": [
        -121.860046,
        36.294952
    ],
    "edges": [
        12484
    ]
}