{
    "id": 12502,
    "location": [
        -121.634354,
        36.126415
    ],
    "edges": [
        12503
    ]
}