{
    "id": 12509,
    "location": [
        -121.559372,
        36.026676
    ],
    "edges": [
        12510
    ]
}