{
    "id": 12525,
    "location": [
        -118.363533,
        36.366272
    ],
    "edges": [
        12526
    ]
}