{
    "id": 12537,
    "location": [
        -118.225922,
        36.313904
    ],
    "edges": [
        12538
    ]
}