{
    "id": 1254,
    "location": [
        -121.215767,
        41.269184
    ],
    "edges": [
        1255
    ]
}