{
    "id": 1255,
    "location": [
        -121.193031,
        41.235268
    ],
    "edges": [
        1256
    ]
}