{
    "id": 12553,
    "location": [
        -118.09211,
        36.159748
    ],
    "edges": [
        12554
    ]
}