{
    "id": 12574,
    "location": [
        -118.244858,
        36.147697
    ],
    "edges": [
        12575
    ]
}