{
    "id": 12584,
    "location": [
        -118.319183,
        36.137486
    ],
    "edges": [
        12585
    ]
}