{
    "id": 12600,
    "location": [
        -118.427963,
        36.131512
    ],
    "edges": [
        12601
    ]
}