{
    "id": 12604,
    "location": [
        -118.443718,
        36.093746
    ],
    "edges": [
        12605
    ]
}