{
    "id": 12606,
    "location": [
        -118.445251,
        36.084099
    ],
    "edges": [
        12607
    ]
}