{
    "id": 12645,
    "location": [
        -121.166222,
        36.095848
    ],
    "edges": [
        12646
    ]
}