{
    "id": 12643,
    "location": [
        -121.183067,
        36.072128
    ],
    "edges": [
        12644
    ]
}