{
    "id": 12669,
    "location": [
        -121.386948,
        36.007584
    ],
    "edges": [
        12670
    ]
}