{
    "id": 12663,
    "location": [
        -121.292992,
        35.962273
    ],
    "edges": [
        12664
    ]
}