{
    "id": 12675,
    "location": [
        -121.451897,
        36.009968
    ],
    "edges": [
        12676
    ]
}