{
    "id": 12684,
    "location": [
        -116.739326,
        36.004532
    ],
    "edges": [
        12685
    ]
}