{
    "id": 12690,
    "location": [
        -116.743782,
        36.066486
    ],
    "edges": [
        12691
    ]
}