{
    "id": 12695,
    "location": [
        -116.743797,
        36.114655
    ],
    "edges": [
        12696
    ]
}