{
    "id": 12706,
    "location": [
        -116.762367,
        36.175762
    ],
    "edges": [
        12707
    ]
}