{
    "id": 12702,
    "location": [
        -116.769821,
        36.154465
    ],
    "edges": [
        12703
    ]
}