{
    "id": 12720,
    "location": [
        -116.707916,
        35.936237
    ],
    "edges": [
        12721
    ]
}