{
    "id": 12731,
    "location": [
        -116.841637,
        36.115108
    ],
    "edges": [
        12732
    ]
}