{
    "id": 12737,
    "location": [
        -116.870361,
        36.198715
    ],
    "edges": [
        12738
    ]
}