{
    "id": 12746,
    "location": [
        -119.91291,
        35.935406
    ],
    "edges": [
        12752,
        13102,
        13116
    ]
}