{
    "id": 12745,
    "location": [
        -119.947456,
        35.976524
    ],
    "edges": [
        12746
    ]
}