{
    "id": 12755,
    "location": [
        -116.635529,
        35.907158
    ],
    "edges": [
        12756
    ]
}