{
    "id": 12757,
    "location": [
        -116.604279,
        35.912243
    ],
    "edges": [
        12758
    ]
}