{
    "id": 12768,
    "location": [
        -116.423866,
        35.925896
    ],
    "edges": [
        12769
    ]
}