{
    "id": 12765,
    "location": [
        -116.485336,
        35.909153
    ],
    "edges": [
        12766
    ]
}