{
    "id": 12776,
    "location": [
        -116.279633,
        35.994434
    ],
    "edges": []
}