{
    "id": 12781,
    "location": [
        -119.272377,
        35.915844
    ],
    "edges": [
        12782
    ]
}