{
    "id": 12783,
    "location": [
        -119.28643,
        35.968334
    ],
    "edges": [
        12784
    ]
}