{
    "id": 12800,
    "location": [
        -118.982094,
        35.991051
    ],
    "edges": [
        12801
    ]
}