{
    "id": 12817,
    "location": [
        -118.925873,
        35.893383
    ],
    "edges": []
}