{
    "id": 12826,
    "location": [
        -120.025124,
        35.927773
    ],
    "edges": [
        12827
    ]
}