{
    "id": 12823,
    "location": [
        -119.39267,
        35.891827
    ],
    "edges": []
}