{
    "id": 1282,
    "location": [
        -123.603691,
        41.275925
    ],
    "edges": [
        1283
    ]
}