{
    "id": 1283,
    "location": [
        -123.599693,
        41.284157
    ],
    "edges": [
        1284
    ]
}