{
    "id": 12856,
    "location": [
        -118.540871,
        35.973541
    ],
    "edges": [
        12857
    ]
}