{
    "id": 12863,
    "location": [
        -121.07914,
        36.18903
    ],
    "edges": [
        12864
    ]
}