{
    "id": 12862,
    "location": [
        -121.100761,
        36.192253
    ],
    "edges": [
        12863
    ]
}