{
    "id": 12878,
    "location": [
        -120.836281,
        35.873383
    ],
    "edges": [
        12904,
        12958
    ]
}