{
    "id": 12876,
    "location": [
        -120.839577,
        35.908176
    ],
    "edges": [
        12877
    ]
}