{
    "id": 12874,
    "location": [
        -120.873703,
        35.957672
    ],
    "edges": [
        12875
    ]
}