{
    "id": 12892,
    "location": [
        -118.786537,
        35.886875
    ],
    "edges": [
        12893
    ]
}