{
    "id": 12899,
    "location": [
        -118.864853,
        35.893257
    ],
    "edges": [
        12900
    ]
}