{
    "id": 12898,
    "location": [
        -118.845978,
        35.892113
    ],
    "edges": [
        12899
    ]
}