{
    "id": 12908,
    "location": [
        -120.943947,
        35.901413
    ],
    "edges": [
        12909
    ]
}