{
    "id": 12916,
    "location": [
        -121.103691,
        35.938976
    ],
    "edges": [
        12917
    ]
}