{
    "id": 12922,
    "location": [
        -119.053398,
        35.875343
    ],
    "edges": []
}