{
    "id": 12935,
    "location": [
        -117.968224,
        35.847576
    ],
    "edges": [
        12936
    ]
}