{
    "id": 12940,
    "location": [
        -118.000053,
        35.855892
    ],
    "edges": []
}