{
    "id": 12953,
    "location": [
        -118.892143,
        35.868126
    ],
    "edges": [
        12954
    ]
}