{
    "id": 12979,
    "location": [
        -117.873192,
        35.779446
    ],
    "edges": [
        12980
    ]
}