{
    "id": 12983,
    "location": [
        -119.973213,
        35.77536
    ],
    "edges": [
        13098,
        13120
    ]
}