{
    "id": 12980,
    "location": [
        -117.876221,
        35.836086
    ],
    "edges": []
}