{
    "id": 12984,
    "location": [
        -119.051193,
        35.762043
    ],
    "edges": [
        12992,
        13196,
        13311
    ]
}