{
    "id": 13008,
    "location": [
        -119.483353,
        35.797478
    ],
    "edges": [
        13009
    ]
}