{
    "id": 13002,
    "location": [
        -119.478127,
        35.759495
    ],
    "edges": [
        13003,
        13015,
        13016
    ]
}