{
    "id": 13011,
    "location": [
        -119.47126,
        35.776318
    ],
    "edges": [
        13012
    ]
}