{
    "id": 13020,
    "location": [
        -119.569901,
        35.809517
    ],
    "edges": [
        13021
    ]
}