{
    "id": 1303,
    "location": [
        -120.933327,
        41.196445
    ],
    "edges": [
        1430,
        1591
    ]
}