{
    "id": 13056,
    "location": [
        -120.167007,
        35.772835
    ],
    "edges": [
        13057
    ]
}