{
    "id": 1305,
    "location": [
        -120.06665,
        41.257328
    ],
    "edges": [
        1306
    ]
}