{
    "id": 13051,
    "location": [
        -120.245003,
        35.770508
    ],
    "edges": [
        13052
    ]
}