{
    "id": 13052,
    "location": [
        -120.234421,
        35.772831
    ],
    "edges": [
        13053
    ]
}