{
    "id": 13067,
    "location": [
        -120.467346,
        36.04496
    ],
    "edges": [
        13068
    ]
}