{
    "id": 13093,
    "location": [
        -120.365799,
        35.805847
    ],
    "edges": [
        13094
    ]
}