{
    "id": 13092,
    "location": [
        -120.381943,
        35.82288
    ],
    "edges": [
        13093
    ]
}