{
    "id": 131,
    "location": [
        -120.865677,
        41.846451
    ],
    "edges": [
        132
    ]
}