{
    "id": 13100,
    "location": [
        -119.970757,
        35.735081
    ],
    "edges": [
        13122,
        13124
    ]
}