{
    "id": 13109,
    "location": [
        -119.868408,
        35.746918
    ],
    "edges": [
        13110
    ]
}