{
    "id": 13108,
    "location": [
        -119.869614,
        35.732437
    ],
    "edges": [
        13109,
        13118,
        13119
    ]
}