{
    "id": 13115,
    "location": [
        -119.914597,
        35.840473
    ],
    "edges": [
        13116
    ]
}