{
    "id": 13116,
    "location": [
        -119.916054,
        35.898952
    ],
    "edges": []
}