{
    "id": 13139,
    "location": [
        -118.447151,
        35.869598
    ],
    "edges": [
        13140
    ]
}