{
    "id": 13140,
    "location": [
        -118.447952,
        35.849403
    ],
    "edges": [
        13141
    ]
}