{
    "id": 13153,
    "location": [
        -118.420662,
        35.722107
    ],
    "edges": []
}