{
    "id": 13161,
    "location": [
        -118.800858,
        35.72176
    ],
    "edges": [
        13162
    ]
}