{
    "id": 1316,
    "location": [
        -119.991257,
        41.17712
    ],
    "edges": []
}