{
    "id": 13178,
    "location": [
        -118.616783,
        35.736702
    ],
    "edges": [
        13179
    ]
}