{
    "id": 13184,
    "location": [
        -118.848679,
        35.713829
    ],
    "edges": [
        13185
    ]
}