{
    "id": 13197,
    "location": [
        -118.451378,
        35.712875
    ],
    "edges": [
        13198
    ]
}