{
    "id": 13193,
    "location": [
        -118.969872,
        35.750324
    ],
    "edges": [
        13194
    ]
}