{
    "id": 13203,
    "location": [
        -118.507408,
        35.70845
    ],
    "edges": [
        13204
    ]
}