{
    "id": 1321,
    "location": [
        -124.090477,
        41.18301
    ],
    "edges": [
        1322
    ]
}