{
    "id": 13212,
    "location": [
        -116.585007,
        35.855232
    ],
    "edges": [
        13213
    ]
}