{
    "id": 13247,
    "location": [
        -120.244164,
        35.736038
    ],
    "edges": [
        13248
    ]
}