{
    "id": 13259,
    "location": [
        -120.345734,
        35.676228
    ],
    "edges": [
        13260
    ]
}