{
    "id": 13266,
    "location": [
        -117.628998,
        35.69585
    ],
    "edges": [
        13267
    ]
}