{
    "id": 13269,
    "location": [
        -117.601822,
        35.753719
    ],
    "edges": [
        13270
    ]
}