{
    "id": 13270,
    "location": [
        -117.591988,
        35.80558
    ],
    "edges": [
        13271
    ]
}