{
    "id": 1327,
    "location": [
        -120.334541,
        41.245789
    ],
    "edges": [
        1328
    ]
}