{
    "id": 13283,
    "location": [
        -117.591011,
        35.992527
    ],
    "edges": [
        13284
    ]
}