{
    "id": 1328,
    "location": [
        -120.329521,
        41.242683
    ],
    "edges": [
        1329
    ]
}