{
    "id": 13292,
    "location": [
        -117.523567,
        36.08371
    ],
    "edges": [
        13293
    ]
}