{
    "id": 13308,
    "location": [
        -119.060516,
        35.70203
    ],
    "edges": [
        13309
    ]
}