{
    "id": 1331,
    "location": [
        -120.305809,
        41.193069
    ],
    "edges": [
        1332
    ]
}