{
    "id": 13317,
    "location": [
        -119.172363,
        35.675594
    ],
    "edges": []
}