{
    "id": 13327,
    "location": [
        -117.760231,
        35.65395
    ],
    "edges": [
        13328,
        13333,
        13356
    ]
}