{
    "id": 13321,
    "location": [
        -120.376907,
        35.655502
    ],
    "edges": [
        13322
    ]
}