{
    "id": 1332,
    "location": [
        -120.280067,
        41.177395
    ],
    "edges": [
        1333
    ]
}