{
    "id": 13337,
    "location": [
        -120.768188,
        35.705498
    ],
    "edges": [
        13338
    ]
}