{
    "id": 13345,
    "location": [
        -120.827477,
        35.676243
    ],
    "edges": [
        13346
    ]
}