{
    "id": 13350,
    "location": [
        -120.852287,
        35.672989
    ],
    "edges": [
        13351
    ]
}