{
    "id": 13366,
    "location": [
        -120.70343,
        35.770454
    ],
    "edges": [
        13367
    ]
}