{
    "id": 1337,
    "location": [
        -120.234962,
        41.201683
    ],
    "edges": [
        1338
    ]
}