{
    "id": 13388,
    "location": [
        -116.290878,
        35.869514
    ],
    "edges": [
        13389
    ]
}