{
    "id": 13395,
    "location": [
        -116.40181,
        35.648842
    ],
    "edges": [
        13396
    ]
}