{
    "id": 13393,
    "location": [
        -116.445938,
        35.666847
    ],
    "edges": [
        13394
    ]
}