{
    "id": 13404,
    "location": [
        -118.895668,
        35.68111
    ],
    "edges": [
        13405
    ]
}