{
    "id": 1340,
    "location": [
        -120.20784,
        41.194046
    ],
    "edges": [
        1341
    ]
}