{
    "id": 13419,
    "location": [
        -120.547089,
        35.661133
    ],
    "edges": [
        13420
    ]
}