{
    "id": 13436,
    "location": [
        -118.380363,
        35.636898
    ],
    "edges": [
        13437
    ]
}