{
    "id": 13443,
    "location": [
        -118.296951,
        35.660553
    ],
    "edges": [
        13616,
        14217
    ]
}