{
    "id": 13445,
    "location": [
        -118.496811,
        35.644779
    ],
    "edges": [
        13446
    ]
}