{
    "id": 13448,
    "location": [
        -118.483398,
        35.664177
    ],
    "edges": [
        13449
    ]
}