{
    "id": 13449,
    "location": [
        -118.477043,
        35.669743
    ],
    "edges": [
        13450
    ]
}