{
    "id": 13450,
    "location": [
        -118.468231,
        35.679691
    ],
    "edges": [
        13451
    ]
}