{
    "id": 13456,
    "location": [
        -117.285049,
        36.031525
    ],
    "edges": [
        13457
    ]
}