{
    "id": 1345,
    "location": [
        -120.164589,
        41.208179
    ],
    "edges": [
        1346
    ]
}