{
    "id": 13463,
    "location": [
        -117.340988,
        35.977402
    ],
    "edges": [
        13464
    ]
}