{
    "id": 1346,
    "location": [
        -120.153618,
        41.207367
    ],
    "edges": [
        1347
    ]
}