{
    "id": 1347,
    "location": [
        -120.136253,
        41.200333
    ],
    "edges": [
        1348
    ]
}