{
    "id": 13484,
    "location": [
        -117.387787,
        35.696857
    ],
    "edges": [
        13485
    ]
}