{
    "id": 13494,
    "location": [
        -117.576241,
        35.635178
    ],
    "edges": [
        13495
    ]
}