{
    "id": 13507,
    "location": [
        -117.596352,
        35.623436
    ],
    "edges": [
        13508
    ]
}