{
    "id": 13500,
    "location": [
        -118.995972,
        35.627918
    ],
    "edges": [
        13501
    ]
}