{
    "id": 13522,
    "location": [
        -115.70829,
        35.663582
    ],
    "edges": [
        13523
    ]
}