{
    "id": 1353,
    "location": [
        -120.099152,
        41.245617
    ],
    "edges": [
        1354
    ]
}