{
    "id": 13547,
    "location": [
        -116.006142,
        35.791641
    ],
    "edges": [
        13548
    ]
}