{
    "id": 13542,
    "location": [
        -115.932663,
        35.785519
    ],
    "edges": [
        13543
    ]
}