{
    "id": 13558,
    "location": [
        -116.186256,
        35.828857
    ],
    "edges": [
        13559
    ]
}