{
    "id": 1358,
    "location": [
        -123.26683,
        41.249619
    ],
    "edges": [
        1359
    ]
}