{
    "id": 13583,
    "location": [
        -119.959999,
        35.612545
    ],
    "edges": []
}