{
    "id": 13589,
    "location": [
        -117.933067,
        35.61079
    ],
    "edges": [
        13590
    ]
}