{
    "id": 13602,
    "location": [
        -118.077271,
        35.726299
    ],
    "edges": [
        13603
    ]
}