{
    "id": 13603,
    "location": [
        -118.079643,
        35.737755
    ],
    "edges": [
        13604
    ]
}