{
    "id": 13600,
    "location": [
        -118.068657,
        35.708687
    ],
    "edges": [
        13601
    ]
}