{
    "id": 13618,
    "location": [
        -119.08213,
        35.644138
    ],
    "edges": []
}