{
    "id": 13621,
    "location": [
        -119.205673,
        35.601879
    ],
    "edges": [
        13622,
        13631,
        13632,
        13990
    ]
}