{
    "id": 13629,
    "location": [
        -119.222267,
        35.625759
    ],
    "edges": [
        13630
    ]
}