{
    "id": 13642,
    "location": [
        -120.693047,
        35.594166
    ],
    "edges": [
        13792,
        13908
    ]
}