{
    "id": 13648,
    "location": [
        -121.467308,
        35.930233
    ],
    "edges": [
        13649
    ]
}