{
    "id": 13652,
    "location": [
        -121.458946,
        35.900673
    ],
    "edges": [
        13653
    ]
}