{
    "id": 13653,
    "location": [
        -121.457336,
        35.89706
    ],
    "edges": [
        13654
    ]
}