{
    "id": 13651,
    "location": [
        -121.462196,
        35.903545
    ],
    "edges": [
        13652
    ]
}