{
    "id": 13670,
    "location": [
        -121.310783,
        35.750614
    ],
    "edges": [
        13671
    ]
}