{
    "id": 13701,
    "location": [
        -120.090736,
        35.56234
    ],
    "edges": [
        13702
    ]
}