{
    "id": 13717,
    "location": [
        -116.525528,
        35.670868
    ],
    "edges": [
        13718
    ]
}