{
    "id": 13721,
    "location": [
        -116.608223,
        35.634705
    ],
    "edges": [
        13722
    ]
}