{
    "id": 13726,
    "location": [
        -116.717773,
        35.59129
    ],
    "edges": [
        13727
    ]
}