{
    "id": 13736,
    "location": [
        -116.892937,
        35.562492
    ],
    "edges": [
        13737
    ]
}