{
    "id": 13735,
    "location": [
        -116.855927,
        35.576111
    ],
    "edges": [
        13736
    ]
}