{
    "id": 13732,
    "location": [
        -116.82148,
        35.575962
    ],
    "edges": [
        13733
    ]
}