{
    "id": 13741,
    "location": [
        -116.980026,
        35.560505
    ],
    "edges": [
        13742
    ]
}