{
    "id": 13765,
    "location": [
        -117.169006,
        35.827023
    ],
    "edges": [
        13766
    ]
}