{
    "id": 13761,
    "location": [
        -117.128326,
        35.74461
    ],
    "edges": [
        13762
    ]
}