{
    "id": 13771,
    "location": [
        -117.198807,
        35.891064
    ],
    "edges": [
        13772
    ]
}