{
    "id": 13775,
    "location": [
        -117.201347,
        35.928684
    ],
    "edges": [
        13776
    ]
}