{
    "id": 13787,
    "location": [
        -121.055641,
        35.538986
    ],
    "edges": [
        13788,
        13835,
        13974
    ]
}