{
    "id": 13785,
    "location": [
        -117.251823,
        36.037231
    ],
    "edges": [
        13786
    ]
}