{
    "id": 13788,
    "location": [
        -121.061684,
        35.542011
    ],
    "edges": [
        13789
    ]
}