{
    "id": 13796,
    "location": [
        -120.762383,
        35.562126
    ],
    "edges": [
        13797
    ]
}