{
    "id": 13792,
    "location": [
        -120.704819,
        35.590343
    ],
    "edges": [
        13793
    ]
}