{
    "id": 138,
    "location": [
        -120.775192,
        41.837093
    ],
    "edges": [
        139
    ]
}