{
    "id": 13805,
    "location": [
        -120.790878,
        35.551456
    ],
    "edges": [
        13806
    ]
}