{
    "id": 13838,
    "location": [
        -120.487396,
        35.554852
    ],
    "edges": [
        13839
    ]
}