{
    "id": 13877,
    "location": [
        -117.435898,
        35.569984
    ],
    "edges": [
        13878
    ]
}