{
    "id": 13885,
    "location": [
        -119.356888,
        35.501705
    ],
    "edges": [
        13886
    ]
}