{
    "id": 13880,
    "location": [
        -117.471283,
        35.598858
    ],
    "edges": [
        13881
    ]
}