{
    "id": 13913,
    "location": [
        -119.334427,
        35.553402
    ],
    "edges": [
        13914
    ]
}