{
    "id": 13935,
    "location": [
        -120.328911,
        35.485939
    ],
    "edges": [
        13936
    ]
}