{
    "id": 13949,
    "location": [
        -120.362892,
        35.64275
    ],
    "edges": []
}