{
    "id": 13947,
    "location": [
        -120.350403,
        35.617588
    ],
    "edges": [
        13948
    ]
}