{
    "id": 13981,
    "location": [
        -120.990013,
        35.478806
    ],
    "edges": [
        13982
    ]
}