{
    "id": 13997,
    "location": [
        -120.854881,
        35.474365
    ],
    "edges": [
        13998
    ]
}