{
    "id": 1401,
    "location": [
        -122.686577,
        41.156898
    ],
    "edges": [
        1402
    ]
}