{
    "id": 14010,
    "location": [
        -115.479263,
        35.463367
    ],
    "edges": [
        14011
    ]
}