{
    "id": 14025,
    "location": [
        -115.702423,
        35.480427
    ],
    "edges": [
        14026
    ]
}