{
    "id": 14022,
    "location": [
        -115.684532,
        35.464806
    ],
    "edges": [
        14023
    ]
}