{
    "id": 14043,
    "location": [
        -119.054131,
        35.432095
    ],
    "edges": [
        14044
    ]
}