{
    "id": 1405,
    "location": [
        -122.704063,
        41.12616
    ],
    "edges": [
        1406
    ]
}