{
    "id": 14086,
    "location": [
        -118.525917,
        35.575901
    ],
    "edges": [
        14087
    ]
}