{
    "id": 14096,
    "location": [
        -118.621437,
        35.531101
    ],
    "edges": [
        14097
    ]
}