{
    "id": 14109,
    "location": [
        -118.732224,
        35.470222
    ],
    "edges": [
        14110
    ]
}