{
    "id": 14102,
    "location": [
        -118.69162,
        35.49707
    ],
    "edges": [
        14103
    ]
}