{
    "id": 14105,
    "location": [
        -118.704597,
        35.487972
    ],
    "edges": [
        14106
    ]
}