{
    "id": 14122,
    "location": [
        -118.884232,
        35.43647
    ],
    "edges": [
        14123
    ]
}