{
    "id": 14137,
    "location": [
        -119.494072,
        35.464893
    ],
    "edges": [
        14138
    ]
}