{
    "id": 14132,
    "location": [
        -117.97644,
        35.439442
    ],
    "edges": [
        14133
    ]
}