{
    "id": 1415,
    "location": [
        -121.284073,
        41.109772
    ],
    "edges": [
        1416
    ]
}