{
    "id": 14151,
    "location": [
        -119.663803,
        35.399769
    ],
    "edges": [
        14156,
        14417
    ]
}