{
    "id": 14169,
    "location": [
        -120.750099,
        35.453304
    ],
    "edges": [
        14170
    ]
}