{
    "id": 14166,
    "location": [
        -120.773857,
        35.428062
    ],
    "edges": [
        14167
    ]
}