{
    "id": 14196,
    "location": [
        -116.12381,
        35.387772
    ],
    "edges": [
        14379,
        14595
    ]
}