{
    "id": 14192,
    "location": [
        -116.161209,
        35.456974
    ],
    "edges": [
        14193
    ]
}