{
    "id": 1419,
    "location": [
        -121.23642,
        41.078392
    ],
    "edges": [
        1420
    ]
}