{
    "id": 14216,
    "location": [
        -119.25135,
        35.384335
    ],
    "edges": [
        14248,
        14442
    ]
}