{
    "id": 1421,
    "location": [
        -121.207832,
        41.068863
    ],
    "edges": [
        1422
    ]
}