{
    "id": 14219,
    "location": [
        -118.268913,
        35.644459
    ],
    "edges": [
        14220
    ]
}