{
    "id": 14214,
    "location": [
        -120.183983,
        35.398373
    ],
    "edges": [
        14215
    ]
}