{
    "id": 14217,
    "location": [
        -118.29351,
        35.659637
    ],
    "edges": [
        14218
    ]
}