{
    "id": 14237,
    "location": [
        -118.219833,
        35.450985
    ],
    "edges": [
        14238
    ]
}