{
    "id": 14244,
    "location": [
        -118.214203,
        35.383816
    ],
    "edges": [
        14305,
        14510
    ]
}