{
    "id": 14258,
    "location": [
        -117.654373,
        35.486588
    ],
    "edges": [
        14259
    ]
}