{
    "id": 1426,
    "location": [
        -121.092979,
        41.158112
    ],
    "edges": [
        1427
    ]
}