{
    "id": 14265,
    "location": [
        -119.034477,
        35.393139
    ],
    "edges": [
        14266
    ]
}