{
    "id": 14278,
    "location": [
        -120.066566,
        35.490837
    ],
    "edges": [
        14279
    ]
}