{
    "id": 14298,
    "location": [
        -120.832443,
        35.375866
    ],
    "edges": [
        14299
    ]
}