{
    "id": 14299,
    "location": [
        -120.843781,
        35.385403
    ],
    "edges": []
}