{
    "id": 14290,
    "location": [
        -120.128532,
        35.38063
    ],
    "edges": [
        14291
    ]
}