{
    "id": 14292,
    "location": [
        -120.117043,
        35.379753
    ],
    "edges": [
        14293
    ]
}