{
    "id": 1430,
    "location": [
        -120.967529,
        41.182953
    ],
    "edges": []
}