{
    "id": 14302,
    "location": [
        -118.972343,
        35.366325
    ],
    "edges": [
        14303
    ]
}