{
    "id": 14310,
    "location": [
        -118.125267,
        35.376625
    ],
    "edges": [
        14311
    ]
}