{
    "id": 14312,
    "location": [
        -118.114891,
        35.373028
    ],
    "edges": [
        14313
    ]
}