{
    "id": 1431,
    "location": [
        -120.502808,
        41.219429
    ],
    "edges": [
        1432
    ]
}