{
    "id": 14330,
    "location": [
        -117.977287,
        35.385303
    ],
    "edges": [
        14331
    ]
}