{
    "id": 14358,
    "location": [
        -120.834053,
        35.350109
    ],
    "edges": [
        14359
    ]
}