{
    "id": 14363,
    "location": [
        -116.548538,
        35.347572
    ],
    "edges": [
        14364
    ]
}