{
    "id": 14387,
    "location": [
        -117.970444,
        35.34267
    ],
    "edges": []
}