{
    "id": 14393,
    "location": [
        -119.037628,
        35.33643
    ],
    "edges": [
        14394
    ]
}