{
    "id": 14401,
    "location": [
        -119.005402,
        35.319214
    ],
    "edges": []
}