{
    "id": 14406,
    "location": [
        -117.873863,
        35.377773
    ],
    "edges": [
        14407
    ]
}