{
    "id": 14411,
    "location": [
        -120.696518,
        35.317341
    ],
    "edges": [
        14412
    ]
}