{
    "id": 1441,
    "location": [
        -120.469292,
        41.081345
    ],
    "edges": [
        1442
    ]
}