{
    "id": 14443,
    "location": [
        -120.648842,
        35.298046
    ],
    "edges": [
        14444,
        14453
    ]
}