{
    "id": 14446,
    "location": [
        -120.614021,
        35.328129
    ],
    "edges": [
        14447
    ]
}