{
    "id": 14468,
    "location": [
        -119.815689,
        35.343708
    ],
    "edges": [
        14469
    ]
}