{
    "id": 14488,
    "location": [
        -120.437767,
        35.287395
    ],
    "edges": [
        14489
    ]
}