{
    "id": 14487,
    "location": [
        -120.45475,
        35.286266
    ],
    "edges": [
        14488
    ]
}