{
    "id": 14508,
    "location": [
        -120.173767,
        35.387142
    ],
    "edges": []
}