{
    "id": 14505,
    "location": [
        -120.222816,
        35.361183
    ],
    "edges": [
        14506
    ]
}