{
    "id": 14512,
    "location": [
        -118.23568,
        35.360256
    ],
    "edges": [
        14513
    ]
}