{
    "id": 14529,
    "location": [
        -118.402649,
        35.428631
    ],
    "edges": [
        14530
    ]
}