{
    "id": 14532,
    "location": [
        -118.418739,
        35.420689
    ],
    "edges": [
        14533
    ]
}