{
    "id": 1454,
    "location": [
        -123.695381,
        41.195633
    ],
    "edges": []
}