{
    "id": 14554,
    "location": [
        -118.514771,
        35.313805
    ],
    "edges": [
        14555
    ]
}