{
    "id": 14555,
    "location": [
        -118.52874,
        35.314354
    ],
    "edges": [
        14556
    ]
}