{
    "id": 14577,
    "location": [
        -118.885063,
        35.344925
    ],
    "edges": [
        14578
    ]
}