{
    "id": 14586,
    "location": [
        -115.909561,
        35.366562
    ],
    "edges": [
        14587
    ]
}