{
    "id": 14581,
    "location": [
        -120.666527,
        35.271149
    ],
    "edges": [
        14648
    ]
}