{
    "id": 14584,
    "location": [
        -115.876984,
        35.377178
    ],
    "edges": [
        14585
    ]
}