{
    "id": 14596,
    "location": [
        -119.023773,
        35.267033
    ],
    "edges": [
        14597,
        14611,
        14662
    ]
}