{
    "id": 14609,
    "location": [
        -119.251389,
        35.265976
    ],
    "edges": [
        14610,
        14670
    ]
}