{
    "id": 1462,
    "location": [
        -123.927681,
        41.207226
    ],
    "edges": [
        1463
    ]
}