{
    "id": 14635,
    "location": [
        -116.916473,
        35.297405
    ],
    "edges": [
        14636
    ]
}