{
    "id": 14632,
    "location": [
        -116.892464,
        35.340351
    ],
    "edges": [
        14633
    ]
}