{
    "id": 14641,
    "location": [
        -116.988861,
        35.251312
    ],
    "edges": [
        14642
    ]
}