{
    "id": 14640,
    "location": [
        -116.976303,
        35.255859
    ],
    "edges": [
        14641
    ]
}