{
    "id": 14690,
    "location": [
        -119.448273,
        35.369576
    ],
    "edges": [
        14691
    ]
}