{
    "id": 14700,
    "location": [
        -115.53833,
        35.297028
    ],
    "edges": [
        14701
    ]
}