{
    "id": 14701,
    "location": [
        -115.530807,
        35.282913
    ],
    "edges": [
        14702
    ]
}