{
    "id": 14707,
    "location": [
        -115.514771,
        35.22187
    ],
    "edges": [
        14708
    ]
}