{
    "id": 14706,
    "location": [
        -115.51413,
        35.225986
    ],
    "edges": [
        14707
    ]
}