{
    "id": 14724,
    "location": [
        -115.478996,
        35.160053
    ],
    "edges": [
        14725
    ]
}