{
    "id": 14729,
    "location": [
        -120.694603,
        35.195793
    ],
    "edges": [
        14730
    ]
}