{
    "id": 14723,
    "location": [
        -115.470268,
        35.164276
    ],
    "edges": [
        14724
    ]
}