{
    "id": 14742,
    "location": [
        -119.449211,
        35.13456
    ],
    "edges": [
        14743,
        14875
    ]
}