{
    "id": 14744,
    "location": [
        -118.405571,
        35.129467
    ],
    "edges": [
        14745,
        14821,
        14863
    ]
}