{
    "id": 14757,
    "location": [
        -118.542267,
        35.224293
    ],
    "edges": [
        14758
    ]
}