{
    "id": 14759,
    "location": [
        -118.58754,
        35.245159
    ],
    "edges": [
        14760
    ]
}