{
    "id": 14763,
    "location": [
        -118.680931,
        35.272366
    ],
    "edges": []
}