{
    "id": 14792,
    "location": [
        -115.231796,
        35.276585
    ],
    "edges": [
        14793
    ]
}