{
    "id": 148,
    "location": [
        -122.878662,
        41.971096
    ],
    "edges": [
        149
    ]
}