{
    "id": 14815,
    "location": [
        -118.053391,
        35.217648
    ],
    "edges": [
        14816
    ]
}