{
    "id": 14818,
    "location": [
        -118.031998,
        35.276272
    ],
    "edges": [
        14819
    ]
}