{
    "id": 14827,
    "location": [
        -120.571289,
        35.131454
    ],
    "edges": [
        14828
    ]
}