{
    "id": 1482,
    "location": [
        -123.722527,
        41.196507
    ],
    "edges": [
        1483
    ]
}