{
    "id": 14829,
    "location": [
        -120.575157,
        35.150402
    ],
    "edges": [
        14830
    ]
}