{
    "id": 14845,
    "location": [
        -118.154633,
        35.129604
    ],
    "edges": [
        14846
    ]
}