{
    "id": 14851,
    "location": [
        -118.221703,
        35.125229
    ],
    "edges": [
        14852
    ]
}