{
    "id": 14862,
    "location": [
        -118.391823,
        35.12225
    ],
    "edges": [
        14863
    ]
}