{
    "id": 14866,
    "location": [
        -118.138741,
        35.104935
    ],
    "edges": []
}