{
    "id": 14872,
    "location": [
        -119.402008,
        35.083817
    ],
    "edges": [
        14873
    ]
}