{
    "id": 14878,
    "location": [
        -119.065697,
        35.142162
    ],
    "edges": [
        14879
    ]
}