{
    "id": 14873,
    "location": [
        -119.414429,
        35.099888
    ],
    "edges": [
        14874
    ]
}