{
    "id": 14883,
    "location": [
        -119.19397,
        35.058563
    ],
    "edges": [
        14884
    ]
}