{
    "id": 149,
    "location": [
        -122.878403,
        41.977764
    ],
    "edges": [
        150
    ]
}