{
    "id": 14916,
    "location": [
        -120.198189,
        35.028561
    ],
    "edges": [
        14917
    ]
}