{
    "id": 14925,
    "location": [
        -120.138901,
        35.080688
    ],
    "edges": [
        14926
    ]
}