{
    "id": 14933,
    "location": [
        -120.104919,
        35.103283
    ],
    "edges": [
        14934
    ]
}