{
    "id": 14948,
    "location": [
        -117.946022,
        35.127857
    ],
    "edges": [
        14949
    ]
}