{
    "id": 14978,
    "location": [
        -115.906677,
        35.248379
    ],
    "edges": [
        14979
    ]
}