{
    "id": 14981,
    "location": [
        -116.012611,
        35.253059
    ],
    "edges": [
        14982
    ]
}