{
    "id": 14988,
    "location": [
        -117.627357,
        35.016869
    ],
    "edges": [
        14989
    ]
}