{
    "id": 14996,
    "location": [
        -117.768379,
        35.019665
    ],
    "edges": []
}