{
    "id": 14998,
    "location": [
        -117.70652,
        35.002434
    ],
    "edges": [
        14999
    ]
}