{
    "id": 15009,
    "location": [
        -119.823647,
        35.163185
    ],
    "edges": [
        15010
    ]
}