{
    "id": 15038,
    "location": [
        -120.578018,
        35.093174
    ],
    "edges": [
        15039
    ]
}