{
    "id": 15032,
    "location": [
        -120.560997,
        35.033272
    ],
    "edges": [
        15033
    ]
}