{
    "id": 15030,
    "location": [
        -120.571899,
        35.001537
    ],
    "edges": [
        15031
    ]
}