{
    "id": 15047,
    "location": [
        -120.524742,
        35.091396
    ],
    "edges": [
        15048
    ]
}