{
    "id": 15046,
    "location": [
        -120.509216,
        35.07988
    ],
    "edges": [
        15047
    ]
}