{
    "id": 15044,
    "location": [
        -120.452499,
        35.034332
    ],
    "edges": [
        15045
    ]
}