{
    "id": 15063,
    "location": [
        -120.303383,
        35.028736
    ],
    "edges": [
        15064
    ]
}