{
    "id": 15121,
    "location": [
        -116.986794,
        35.063667
    ],
    "edges": [
        15122
    ]
}