{
    "id": 15138,
    "location": [
        -116.891724,
        35.036495
    ],
    "edges": [
        15139
    ]
}