{
    "id": 15151,
    "location": [
        -116.363823,
        35.083755
    ],
    "edges": [
        15152
    ]
}