{
    "id": 15165,
    "location": [
        -116.085159,
        35.250874
    ],
    "edges": [
        15166
    ]
}