{
    "id": 1518,
    "location": [
        -120.561951,
        41.075268
    ],
    "edges": [
        1519
    ]
}