{
    "id": 1519,
    "location": [
        -120.554138,
        41.066147
    ],
    "edges": [
        1520
    ]
}