{
    "id": 15206,
    "location": [
        -120.406433,
        34.996284
    ],
    "edges": [
        15207
    ]
}