{
    "id": 15214,
    "location": [
        -120.415131,
        34.973057
    ],
    "edges": [
        15216
    ]
}