{
    "id": 15253,
    "location": [
        -119.580673,
        34.932827
    ],
    "edges": [
        15254
    ]
}