{
    "id": 15263,
    "location": [
        -117.883858,
        34.996029
    ],
    "edges": [
        15264
    ]
}