{
    "id": 15288,
    "location": [
        -114.835098,
        34.937977
    ],
    "edges": [
        15289
    ]
}