{
    "id": 15285,
    "location": [
        -115.049698,
        34.914806
    ],
    "edges": [
        15286
    ]
}