{
    "id": 15282,
    "location": [
        -117.001709,
        34.981361
    ],
    "edges": []
}