{
    "id": 15291,
    "location": [
        -114.913498,
        34.91713
    ],
    "edges": [
        15292
    ]
}