{
    "id": 15307,
    "location": [
        -116.994621,
        34.918716
    ],
    "edges": [
        15308
    ]
}