{
    "id": 15314,
    "location": [
        -116.817162,
        34.913239
    ],
    "edges": [
        15315
    ]
}