{
    "id": 15321,
    "location": [
        -116.620079,
        34.976646
    ],
    "edges": [
        15322
    ]
}