{
    "id": 15328,
    "location": [
        -120.409447,
        34.900585
    ],
    "edges": [
        15591
    ]
}