{
    "id": 15337,
    "location": [
        -118.17012,
        34.896896
    ],
    "edges": []
}