{
    "id": 15345,
    "location": [
        -120.541992,
        34.912151
    ],
    "edges": [
        15346
    ]
}