{
    "id": 15341,
    "location": [
        -120.471863,
        34.916546
    ],
    "edges": [
        15342
    ]
}