{
    "id": 1537,
    "location": [
        -124.125938,
        41.064621
    ],
    "edges": [
        1538
    ]
}