{
    "id": 15389,
    "location": [
        -116.91951,
        34.867779
    ],
    "edges": [
        15390
    ]
}