{
    "id": 15384,
    "location": [
        -114.624657,
        34.853901
    ],
    "edges": [
        15394
    ]
}