{
    "id": 15399,
    "location": [
        -114.910187,
        34.855358
    ],
    "edges": [
        15400
    ]
}