{
    "id": 15410,
    "location": [
        -120.52787,
        34.846893
    ],
    "edges": [
        15411
    ]
}