{
    "id": 15441,
    "location": [
        -114.595444,
        34.814316
    ],
    "edges": [
        15543,
        15544
    ]
}