{
    "id": 15456,
    "location": [
        -118.863586,
        34.832237
    ],
    "edges": [
        15457
    ]
}