{
    "id": 15474,
    "location": [
        -119.340363,
        34.873566
    ],
    "edges": [
        15475
    ]
}