{
    "id": 15486,
    "location": [
        -119.201157,
        34.858852
    ],
    "edges": [
        15487
    ]
}