{
    "id": 15496,
    "location": [
        -119.084183,
        34.842964
    ],
    "edges": [
        15497
    ]
}