{
    "id": 1550,
    "location": [
        -123.660538,
        41.041298
    ],
    "edges": [
        1551
    ]
}