{
    "id": 15508,
    "location": [
        -115.278381,
        34.80661
    ],
    "edges": [
        15509
    ]
}