{
    "id": 15524,
    "location": [
        -118.177727,
        34.796314
    ],
    "edges": []
}