{
    "id": 15530,
    "location": [
        -118.873993,
        34.812603
    ],
    "edges": []
}