{
    "id": 1554,
    "location": [
        -121.564697,
        40.974342
    ],
    "edges": [
        1555
    ]
}