{
    "id": 15559,
    "location": [
        -118.62265,
        34.782314
    ],
    "edges": [
        15560
    ]
}