{
    "id": 15562,
    "location": [
        -118.684036,
        34.772694
    ],
    "edges": [
        15563
    ]
}