{
    "id": 15578,
    "location": [
        -114.582848,
        34.75671
    ],
    "edges": [
        15579
    ]
}