{
    "id": 15571,
    "location": [
        -120.557983,
        34.777462
    ],
    "edges": [
        15572
    ]
}