{
    "id": 1558,
    "location": [
        -121.501244,
        41.008217
    ],
    "edges": [
        1559
    ]
}