{
    "id": 15610,
    "location": [
        -117.290192,
        34.754768
    ],
    "edges": [
        15611
    ]
}