{
    "id": 15636,
    "location": [
        -116.128304,
        34.724854
    ],
    "edges": [
        15637,
        15692,
        15963
    ]
}