{
    "id": 15647,
    "location": [
        -116.391808,
        34.782799
    ],
    "edges": [
        15648
    ]
}