{
    "id": 15657,
    "location": [
        -116.773354,
        34.842617
    ],
    "edges": [
        15658
    ]
}