{
    "id": 15654,
    "location": [
        -116.642517,
        34.819195
    ],
    "edges": [
        15655
    ]
}