{
    "id": 15671,
    "location": [
        -115.353828,
        34.797821
    ],
    "edges": [
        15672
    ]
}