{
    "id": 15685,
    "location": [
        -114.561043,
        34.751472
    ],
    "edges": [
        15686
    ]
}