{
    "id": 15693,
    "location": [
        -116.073921,
        34.729553
    ],
    "edges": [
        15694
    ]
}