{
    "id": 15699,
    "location": [
        -116.020752,
        34.718956
    ],
    "edges": [
        15700
    ]
}