{
    "id": 15709,
    "location": [
        -115.87619,
        34.736752
    ],
    "edges": [
        15710
    ]
}