{
    "id": 1570,
    "location": [
        -121.763588,
        41.213696
    ],
    "edges": [
        1571
    ]
}