{
    "id": 15717,
    "location": [
        -115.715797,
        34.714462
    ],
    "edges": [
        15718
    ]
}