{
    "id": 15759,
    "location": [
        -120.171501,
        34.716888
    ],
    "edges": [
        15760
    ]
}