{
    "id": 15758,
    "location": [
        -120.245941,
        34.742622
    ],
    "edges": [
        15759
    ]
}