{
    "id": 1576,
    "location": [
        -121.653099,
        41.17186
    ],
    "edges": [
        1577
    ]
}