{
    "id": 15779,
    "location": [
        -120.468529,
        34.700001
    ],
    "edges": []
}