{
    "id": 15771,
    "location": [
        -120.506126,
        34.778172
    ],
    "edges": [
        15772
    ]
}