{
    "id": 1577,
    "location": [
        -121.641579,
        41.164116
    ],
    "edges": [
        1578
    ]
}