{
    "id": 15787,
    "location": [
        -118.135277,
        34.694073
    ],
    "edges": []
}