{
    "id": 15786,
    "location": [
        -118.135063,
        34.681316
    ],
    "edges": [
        15787,
        15788
    ]
}