{
    "id": 15784,
    "location": [
        -120.154373,
        34.695957
    ],
    "edges": [
        15785
    ]
}