{
    "id": 15782,
    "location": [
        -118.173027,
        34.706718
    ],
    "edges": []
}