{
    "id": 15798,
    "location": [
        -120.423912,
        34.761982
    ],
    "edges": [
        15799
    ]
}