{
    "id": 15801,
    "location": [
        -120.353996,
        34.663269
    ],
    "edges": [
        15802
    ]
}