{
    "id": 15815,
    "location": [
        -120.584473,
        34.675758
    ],
    "edges": [
        15816
    ]
}