{
    "id": 1582,
    "location": [
        -121.632332,
        41.071278
    ],
    "edges": [
        1583
    ]
}