{
    "id": 15834,
    "location": [
        -120.18573,
        34.630501
    ],
    "edges": [
        15835
    ]
}