{
    "id": 15841,
    "location": [
        -120.232597,
        34.625458
    ],
    "edges": [
        15842
    ]
}