{
    "id": 15844,
    "location": [
        -120.281601,
        34.632282
    ],
    "edges": [
        15845
    ]
}