{
    "id": 15840,
    "location": [
        -120.22345,
        34.624992
    ],
    "edges": [
        15841
    ]
}