{
    "id": 15842,
    "location": [
        -120.249519,
        34.625961
    ],
    "edges": [
        15843
    ]
}