{
    "id": 15855,
    "location": [
        -120.082619,
        34.612282
    ],
    "edges": [
        15856
    ]
}