{
    "id": 15860,
    "location": [
        -118.170067,
        34.692059
    ],
    "edges": [
        15861
    ]
}