{
    "id": 15873,
    "location": [
        -120.018173,
        34.59013
    ],
    "edges": [
        15874
    ]
}