{
    "id": 15878,
    "location": [
        -118.716713,
        34.756031
    ],
    "edges": [
        15879
    ]
}