{
    "id": 15879,
    "location": [
        -118.711182,
        34.742332
    ],
    "edges": [
        15880
    ]
}