{
    "id": 15889,
    "location": [
        -118.564827,
        34.710442
    ],
    "edges": [
        15890
    ]
}