{
    "id": 15899,
    "location": [
        -118.37867,
        34.656475
    ],
    "edges": [
        15900
    ]
}