{
    "id": 15896,
    "location": [
        -118.410187,
        34.67202
    ],
    "edges": [
        15897
    ]
}