{
    "id": 159,
    "location": [
        -122.926231,
        41.935226
    ],
    "edges": [
        160
    ]
}