{
    "id": 15900,
    "location": [
        -118.373581,
        34.649178
    ],
    "edges": [
        15901
    ]
}