{
    "id": 15915,
    "location": [
        -118.107033,
        34.588997
    ],
    "edges": []
}