{
    "id": 15919,
    "location": [
        -115.646637,
        34.595242
    ],
    "edges": [
        15920
    ]
}