{
    "id": 15923,
    "location": [
        -115.677856,
        34.701675
    ],
    "edges": []
}