{
    "id": 15926,
    "location": [
        -115.473618,
        34.573578
    ],
    "edges": [
        15927
    ]
}