{
    "id": 15931,
    "location": [
        -114.645081,
        34.565277
    ],
    "edges": [
        15932
    ]
}