{
    "id": 15946,
    "location": [
        -115.733871,
        34.55954
    ],
    "edges": [
        15947
    ]
}