{
    "id": 15982,
    "location": [
        -117.296677,
        34.550636
    ],
    "edges": [
        15983
    ]
}