{
    "id": 15987,
    "location": [
        -117.339607,
        34.657993
    ],
    "edges": [
        15988
    ]
}