{
    "id": 1598,
    "location": [
        -120.83342,
        41.027721
    ],
    "edges": [
        1599
    ]
}