{
    "id": 15997,
    "location": [
        -117.303719,
        34.548122
    ],
    "edges": [
        15998,
        15999
    ]
}