{
    "id": 15991,
    "location": [
        -117.338966,
        34.613953
    ],
    "edges": [
        15992
    ]
}