{
    "id": 1599,
    "location": [
        -120.810928,
        41.016861
    ],
    "edges": [
        1600
    ]
}