{
    "id": 16000,
    "location": [
        -117.301697,
        34.545357
    ],
    "edges": [
        16075
    ]
}