{
    "id": 16012,
    "location": [
        -119.635933,
        34.768867
    ],
    "edges": [
        16013
    ]
}