{
    "id": 16018,
    "location": [
        -119.620789,
        34.717766
    ],
    "edges": [
        16019
    ]
}