{
    "id": 16025,
    "location": [
        -119.659653,
        34.692921
    ],
    "edges": [
        16026
    ]
}