{
    "id": 16033,
    "location": [
        -119.686722,
        34.645813
    ],
    "edges": [
        16034
    ]
}