{
    "id": 16039,
    "location": [
        -119.724449,
        34.613167
    ],
    "edges": [
        16040
    ]
}