{
    "id": 16034,
    "location": [
        -119.692383,
        34.64983
    ],
    "edges": [
        16035
    ]
}