{
    "id": 1604,
    "location": [
        -120.772629,
        40.970848
    ],
    "edges": [
        1605
    ]
}