{
    "id": 16049,
    "location": [
        -119.756813,
        34.560429
    ],
    "edges": [
        16050
    ]
}