{
    "id": 16068,
    "location": [
        -119.930832,
        34.569359
    ],
    "edges": [
        16069
    ]
}