{
    "id": 16090,
    "location": [
        -117.914352,
        34.896103
    ],
    "edges": []
}