{
    "id": 16097,
    "location": [
        -118.045914,
        34.582764
    ],
    "edges": [
        16098
    ]
}