{
    "id": 16103,
    "location": [
        -118.104248,
        34.550388
    ],
    "edges": [
        16104
    ]
}