{
    "id": 16104,
    "location": [
        -118.102531,
        34.544659
    ],
    "edges": [
        16105
    ]
}