{
    "id": 16130,
    "location": [
        -119.848343,
        34.534431
    ],
    "edges": [
        16131
    ]
}