{
    "id": 16146,
    "location": [
        -120.240334,
        34.515816
    ],
    "edges": [
        16147
    ]
}