{
    "id": 16147,
    "location": [
        -120.253662,
        34.524437
    ],
    "edges": [
        16148
    ]
}