{
    "id": 16152,
    "location": [
        -120.304916,
        34.519718
    ],
    "edges": [
        16153
    ]
}