{
    "id": 16151,
    "location": [
        -120.295807,
        34.527523
    ],
    "edges": [
        16152
    ]
}