{
    "id": 16172,
    "location": [
        -115.11367,
        34.597584
    ],
    "edges": [
        16173
    ]
}