{
    "id": 1618,
    "location": [
        -123.888412,
        40.927437
    ],
    "edges": [
        1619
    ]
}