{
    "id": 16180,
    "location": [
        -115.06588,
        34.509945
    ],
    "edges": [
        16181
    ]
}