{
    "id": 16188,
    "location": [
        -117.23127,
        34.533619
    ],
    "edges": [
        16189
    ]
}