{
    "id": 162,
    "location": [
        -122.916817,
        41.933449
    ],
    "edges": [
        163
    ]
}