{
    "id": 16202,
    "location": [
        -120.160423,
        34.485859
    ],
    "edges": [
        16203
    ]
}