{
    "id": 16226,
    "location": [
        -114.41404,
        34.477596
    ],
    "edges": [
        16227
    ]
}