{
    "id": 16227,
    "location": [
        -114.410896,
        34.480274
    ],
    "edges": [
        16228
    ]
}