{
    "id": 16221,
    "location": [
        -114.540749,
        34.473114
    ],
    "edges": [
        16222
    ]
}