{
    "id": 1622,
    "location": [
        -123.851433,
        40.934196
    ],
    "edges": [
        1623
    ]
}