{
    "id": 16244,
    "location": [
        -114.814438,
        34.468548
    ],
    "edges": [
        16245
    ]
}