{
    "id": 16253,
    "location": [
        -119.788857,
        34.491169
    ],
    "edges": [
        16254
    ]
}