{
    "id": 16274,
    "location": [
        -117.042007,
        34.816093
    ],
    "edges": [
        16275
    ]
}