{
    "id": 16329,
    "location": [
        -118.717163,
        34.605778
    ],
    "edges": [
        16330
    ]
}