{
    "id": 16337,
    "location": [
        -118.781013,
        34.685532
    ],
    "edges": [
        16338
    ]
}