{
    "id": 16331,
    "location": [
        -118.724297,
        34.617619
    ],
    "edges": [
        16332
    ]
}