{
    "id": 16354,
    "location": [
        -116.81958,
        34.741905
    ],
    "edges": [
        16355
    ]
}