{
    "id": 16360,
    "location": [
        -116.844749,
        34.822067
    ],
    "edges": [
        16361
    ]
}