{
    "id": 16367,
    "location": [
        -119.993263,
        34.471382
    ],
    "edges": [
        16368
    ]
}