{
    "id": 16370,
    "location": [
        -119.926712,
        34.448769
    ],
    "edges": [
        16371
    ]
}