{
    "id": 16373,
    "location": [
        -119.875038,
        34.443989
    ],
    "edges": [
        16374
    ]
}