{
    "id": 16375,
    "location": [
        -119.249718,
        34.44091
    ],
    "edges": [
        16376,
        16378
    ]
}