{
    "id": 16383,
    "location": [
        -119.281853,
        34.458195
    ],
    "edges": [
        16384
    ]
}