{
    "id": 16404,
    "location": [
        -119.274597,
        34.524593
    ],
    "edges": [
        16405
    ]
}