{
    "id": 16406,
    "location": [
        -119.267677,
        34.526047
    ],
    "edges": [
        16407
    ]
}