{
    "id": 16414,
    "location": [
        -119.246078,
        34.52766
    ],
    "edges": [
        16415
    ]
}