{
    "id": 16437,
    "location": [
        -119.353844,
        34.601959
    ],
    "edges": [
        16438
    ]
}