{
    "id": 16455,
    "location": [
        -119.370171,
        34.663731
    ],
    "edges": [
        16456
    ]
}