{
    "id": 16468,
    "location": [
        -119.364464,
        34.70866
    ],
    "edges": [
        16469
    ]
}