{
    "id": 16477,
    "location": [
        -119.470039,
        34.844696
    ],
    "edges": [
        16478
    ]
}