{
    "id": 16502,
    "location": [
        -118.498413,
        34.42448
    ],
    "edges": [
        16555
    ]
}