{
    "id": 16516,
    "location": [
        -117.925171,
        34.509327
    ],
    "edges": [
        16517
    ]
}