{
    "id": 16510,
    "location": [
        -117.747673,
        34.498825
    ],
    "edges": [
        16511
    ]
}