{
    "id": 16513,
    "location": [
        -117.828148,
        34.507011
    ],
    "edges": [
        16514
    ]
}