{
    "id": 16523,
    "location": [
        -118.470909,
        34.426373
    ],
    "edges": [
        16524
    ]
}