{
    "id": 16522,
    "location": [
        -118.461723,
        34.424324
    ],
    "edges": [
        16523
    ]
}