{
    "id": 16537,
    "location": [
        -118.240837,
        34.514244
    ],
    "edges": [
        16538
    ]
}