{
    "id": 16531,
    "location": [
        -118.140327,
        34.498901
    ],
    "edges": [
        16532
    ]
}