{
    "id": 16555,
    "location": [
        -118.514214,
        34.42173
    ],
    "edges": []
}