{
    "id": 16575,
    "location": [
        -118.773262,
        34.407612
    ],
    "edges": [
        16576
    ]
}