{
    "id": 16586,
    "location": [
        -118.939697,
        34.406624
    ],
    "edges": [
        16587
    ]
}