{
    "id": 16594,
    "location": [
        -117.767464,
        34.409771
    ],
    "edges": [
        16595
    ]
}