{
    "id": 16608,
    "location": [
        -117.952744,
        34.502079
    ],
    "edges": [
        16609
    ]
}