{
    "id": 16629,
    "location": [
        -119.453163,
        34.396942
    ],
    "edges": [
        16630
    ]
}