{
    "id": 16621,
    "location": [
        -119.362747,
        34.391647
    ],
    "edges": [
        16622
    ]
}