{
    "id": 16624,
    "location": [
        -119.396461,
        34.382809
    ],
    "edges": [
        16625
    ]
}