{
    "id": 16649,
    "location": [
        -119.621986,
        34.436638
    ],
    "edges": [
        16650
    ]
}