{
    "id": 16657,
    "location": [
        -119.67836,
        34.443867
    ],
    "edges": [
        16658
    ]
}