{
    "id": 16675,
    "location": [
        -119.043388,
        34.366409
    ],
    "edges": [
        16676
    ]
}