{
    "id": 16688,
    "location": [
        -119.291939,
        34.406601
    ],
    "edges": []
}