{
    "id": 16689,
    "location": [
        -118.476219,
        34.39592
    ],
    "edges": [
        16690
    ]
}