{
    "id": 16704,
    "location": [
        -118.444504,
        34.330509
    ],
    "edges": [
        16705,
        16709
    ]
}