{
    "id": 16725,
    "location": [
        -117.430382,
        34.365547
    ],
    "edges": [
        16726
    ]
}