{
    "id": 16730,
    "location": [
        -117.468323,
        34.342865
    ],
    "edges": [
        16731
    ]
}