{
    "id": 16761,
    "location": [
        -117.249367,
        34.376759
    ],
    "edges": [
        16762
    ]
}