{
    "id": 1676,
    "location": [
        -123.429176,
        40.913727
    ],
    "edges": [
        1677
    ]
}