{
    "id": 16782,
    "location": [
        -117.626404,
        34.356289
    ],
    "edges": [
        16783
    ]
}