{
    "id": 16792,
    "location": [
        -118.403801,
        34.289608
    ],
    "edges": [
        16852
    ]
}