{
    "id": 168,
    "location": [
        -122.916946,
        41.906597
    ],
    "edges": [
        169
    ]
}