{
    "id": 16806,
    "location": [
        -119.285149,
        34.326431
    ],
    "edges": []
}