{
    "id": 16805,
    "location": [
        -119.285767,
        34.318619
    ],
    "edges": [
        16806
    ]
}