{
    "id": 16823,
    "location": [
        -119.48175,
        34.386795
    ],
    "edges": [
        16824
    ]
}