{
    "id": 16829,
    "location": [
        -119.560944,
        34.416824
    ],
    "edges": [
        16830
    ]
}