{
    "id": 16832,
    "location": [
        -119.582848,
        34.418362
    ],
    "edges": [
        16833
    ]
}