{
    "id": 16842,
    "location": [
        -116.854897,
        34.361084
    ],
    "edges": [
        16843
    ]
}