{
    "id": 1684,
    "location": [
        -123.576843,
        40.895519
    ],
    "edges": [
        1685
    ]
}