{
    "id": 16860,
    "location": [
        -118.916641,
        34.374363
    ],
    "edges": [
        16861
    ]
}