{
    "id": 16861,
    "location": [
        -118.922272,
        34.366943
    ],
    "edges": [
        16862
    ]
}