{
    "id": 16884,
    "location": [
        -119.14959,
        34.281372
    ],
    "edges": [
        16885,
        16979
    ]
}