{
    "id": 16943,
    "location": [
        -118.932663,
        34.273682
    ],
    "edges": [
        16944
    ]
}