{
    "id": 16977,
    "location": [
        -119.104111,
        34.263443
    ],
    "edges": [
        16978
    ]
}