{
    "id": 16982,
    "location": [
        -115.513893,
        34.525349
    ],
    "edges": [
        16983
    ]
}