{
    "id": 16995,
    "location": [
        -115.165123,
        34.276226
    ],
    "edges": [
        16996
    ]
}