{
    "id": 16990,
    "location": [
        -115.292549,
        34.366844
    ],
    "edges": [
        16991
    ]
}