{
    "id": 16996,
    "location": [
        -115.15744,
        34.274933
    ],
    "edges": [
        16997
    ]
}