{
    "id": 170,
    "location": [
        -122.92588,
        41.912991
    ],
    "edges": [
        171
    ]
}