{
    "id": 17013,
    "location": [
        -117.304092,
        34.269688
    ],
    "edges": [
        17014
    ]
}