{
    "id": 17015,
    "location": [
        -117.309593,
        34.261433
    ],
    "edges": [
        17016
    ]
}