{
    "id": 17025,
    "location": [
        -116.927711,
        34.271008
    ],
    "edges": [
        17026
    ]
}