{
    "id": 17027,
    "location": [
        -116.859367,
        34.275555
    ],
    "edges": [
        17028
    ]
}