{
    "id": 17045,
    "location": [
        -118.29213,
        34.242126
    ],
    "edges": [
        17046
    ]
}