{
    "id": 17040,
    "location": [
        -118.605324,
        34.240269
    ],
    "edges": [
        17041
    ]
}