{
    "id": 17058,
    "location": [
        -116.955643,
        34.233036
    ],
    "edges": [
        17059
    ]
}