{
    "id": 17065,
    "location": [
        -117.29744,
        34.245834
    ],
    "edges": [
        17066
    ]
}