{
    "id": 17081,
    "location": [
        -119.011887,
        34.243225
    ],
    "edges": [
        17082
    ]
}