{
    "id": 17091,
    "location": [
        -117.27401,
        34.230453
    ],
    "edges": [
        17092
    ]
}