{
    "id": 17094,
    "location": [
        -117.239861,
        34.228138
    ],
    "edges": [
        17095
    ]
}