{
    "id": 17090,
    "location": [
        -117.278969,
        34.230457
    ],
    "edges": [
        17091
    ]
}