{
    "id": 17120,
    "location": [
        -117.033012,
        34.243587
    ],
    "edges": [
        17121
    ]
}