{
    "id": 17125,
    "location": [
        -116.997749,
        34.248993
    ],
    "edges": []
}