{
    "id": 17132,
    "location": [
        -118.35762,
        34.219536
    ],
    "edges": [
        17133
    ]
}