{
    "id": 17146,
    "location": [
        -117.370773,
        34.218864
    ],
    "edges": [
        17147
    ]
}