{
    "id": 17175,
    "location": [
        -117.306343,
        34.222214
    ],
    "edges": [
        17176
    ]
}