{
    "id": 17179,
    "location": [
        -117.287903,
        34.216984
    ],
    "edges": [
        17180
    ]
}