{
    "id": 17185,
    "location": [
        -117.281433,
        34.188004
    ],
    "edges": [
        17186
    ]
}