{
    "id": 17195,
    "location": [
        -117.46376,
        34.273365
    ],
    "edges": [
        17196
    ]
}