{
    "id": 17199,
    "location": [
        -117.472054,
        34.260754
    ],
    "edges": [
        17200
    ]
}