{
    "id": 17209,
    "location": [
        -119.182114,
        34.188332
    ],
    "edges": [
        17210
    ]
}