{
    "id": 17234,
    "location": [
        -115.088997,
        34.246338
    ],
    "edges": []
}