{
    "id": 17245,
    "location": [
        -118.566704,
        34.174816
    ],
    "edges": [
        17246
    ]
}