{
    "id": 17246,
    "location": [
        -118.545013,
        34.17841
    ],
    "edges": [
        17247
    ]
}