{
    "id": 17243,
    "location": [
        -118.594231,
        34.172657
    ],
    "edges": [
        17244
    ]
}