{
    "id": 17251,
    "location": [
        -118.379051,
        34.166195
    ],
    "edges": [
        17252
    ]
}