{
    "id": 17258,
    "location": [
        -118.293297,
        34.163387
    ],
    "edges": [
        17262,
        17283,
        17287
    ]
}