{
    "id": 17268,
    "location": [
        -118.836639,
        34.160946
    ],
    "edges": [
        17343
    ]
}