{
    "id": 17261,
    "location": [
        -118.344658,
        34.162514
    ],
    "edges": [
        17262
    ]
}