{
    "id": 17263,
    "location": [
        -118.217392,
        34.197674
    ],
    "edges": [
        17264
    ]
}