{
    "id": 17279,
    "location": [
        -118.148521,
        34.169346
    ],
    "edges": [
        17280
    ]
}