{
    "id": 17286,
    "location": [
        -118.222717,
        34.158775
    ],
    "edges": []
}