{
    "id": 17283,
    "location": [
        -118.292488,
        34.163418
    ],
    "edges": [
        17284
    ]
}