{
    "id": 1729,
    "location": [
        -122.259758,
        41.243713
    ],
    "edges": [
        1730
    ]
}