{
    "id": 17291,
    "location": [
        -114.447067,
        34.186787
    ],
    "edges": [
        17292
    ]
}