{
    "id": 17300,
    "location": [
        -118.643517,
        34.155411
    ],
    "edges": [
        17301,
        17304
    ]
}