{
    "id": 17306,
    "location": [
        -118.201057,
        34.155651
    ],
    "edges": [
        17307
    ]
}