{
    "id": 17319,
    "location": [
        -117.183952,
        34.182201
    ],
    "edges": [
        17320
    ]
}