{
    "id": 17328,
    "location": [
        -117.168533,
        34.186081
    ],
    "edges": [
        17329
    ]
}