{
    "id": 17320,
    "location": [
        -117.184601,
        34.183376
    ],
    "edges": [
        17321
    ]
}