{
    "id": 17331,
    "location": [
        -117.15284,
        34.200047
    ],
    "edges": [
        17332
    ]
}