{
    "id": 17342,
    "location": [
        -118.808617,
        34.149601
    ],
    "edges": [
        17343
    ]
}