{
    "id": 17364,
    "location": [
        -115.727524,
        34.189003
    ],
    "edges": [
        17365
    ]
}