{
    "id": 17370,
    "location": [
        -115.969299,
        34.165031
    ],
    "edges": [
        17371
    ]
}