{
    "id": 17392,
    "location": [
        -116.246918,
        34.21751
    ],
    "edges": [
        17393
    ]
}