{
    "id": 17402,
    "location": [
        -116.045174,
        34.210625
    ],
    "edges": [
        17403
    ]
}