{
    "id": 17409,
    "location": [
        -117.195503,
        34.13612
    ],
    "edges": [
        17541
    ]
}