{
    "id": 1741,
    "location": [
        -122.42688,
        41.007702
    ],
    "edges": [
        1742
    ]
}