{
    "id": 17410,
    "location": [
        -116.088577,
        34.135185
    ],
    "edges": [
        17411
    ]
}