{
    "id": 1743,
    "location": [
        -122.44059,
        40.974682
    ],
    "edges": [
        1744
    ]
}