{
    "id": 17430,
    "location": [
        -116.428177,
        34.179855
    ],
    "edges": [
        17431
    ]
}