{
    "id": 1744,
    "location": [
        -122.440567,
        40.973427
    ],
    "edges": [
        1745
    ]
}