{
    "id": 17462,
    "location": [
        -117.960983,
        34.130268
    ],
    "edges": [
        17638
    ]
}