{
    "id": 17474,
    "location": [
        -115.791992,
        34.121071
    ],
    "edges": [
        17475,
        17843,
        18552
    ]
}