{
    "id": 17483,
    "location": [
        -116.034927,
        34.116478
    ],
    "edges": [
        18578
    ]
}