{
    "id": 17498,
    "location": [
        -117.621758,
        34.110718
    ],
    "edges": [
        17501
    ]
}