{
    "id": 17506,
    "location": [
        -117.654846,
        34.110596
    ],
    "edges": [
        17507
    ]
}