{
    "id": 17503,
    "location": [
        -114.932129,
        34.110619
    ],
    "edges": [
        17504,
        17530,
        17655
    ]
}