{
    "id": 17523,
    "location": [
        -117.306549,
        34.108852
    ],
    "edges": [
        17524
    ]
}