{
    "id": 17521,
    "location": [
        -117.340111,
        34.108475
    ],
    "edges": []
}