{
    "id": 17528,
    "location": [
        -117.406693,
        34.107746
    ],
    "edges": [
        17529
    ]
}