{
    "id": 17524,
    "location": [
        -117.296143,
        34.111786
    ],
    "edges": []
}