{
    "id": 17548,
    "location": [
        -118.588753,
        34.106728
    ],
    "edges": [
        17549
    ]
}