{
    "id": 17547,
    "location": [
        -118.588226,
        34.120968
    ],
    "edges": [
        17548
    ]
}