{
    "id": 17551,
    "location": [
        -117.269417,
        34.102383
    ],
    "edges": [
        17552
    ]
}