{
    "id": 17569,
    "location": [
        -116.758217,
        34.22464
    ],
    "edges": [
        17570
    ]
}