{
    "id": 17570,
    "location": [
        -116.745064,
        34.214478
    ],
    "edges": [
        17571
    ]
}