{
    "id": 17572,
    "location": [
        -116.723633,
        34.20657
    ],
    "edges": [
        17573
    ]
}