{
    "id": 17583,
    "location": [
        -116.813507,
        34.175827
    ],
    "edges": [
        17584
    ]
}