{
    "id": 17618,
    "location": [
        -118.319923,
        34.107178
    ],
    "edges": [
        17619
    ]
}