{
    "id": 17633,
    "location": [
        -117.988167,
        34.084854
    ],
    "edges": [
        17634,
        17647
    ]
}