{
    "id": 17659,
    "location": [
        -117.087852,
        34.077602
    ],
    "edges": [
        17685
    ]
}