{
    "id": 17658,
    "location": [
        -117.054192,
        34.078297
    ],
    "edges": [
        17659
    ]
}