{
    "id": 17683,
    "location": [
        -117.169281,
        34.075905
    ],
    "edges": [
        17684,
        17691
    ]
}