{
    "id": 17680,
    "location": [
        -114.618423,
        34.166817
    ],
    "edges": [
        17681
    ]
}