{
    "id": 17689,
    "location": [
        -118.066589,
        34.084843
    ],
    "edges": [
        17690
    ]
}