{
    "id": 17713,
    "location": [
        -117.406853,
        34.071732
    ],
    "edges": [
        17714
    ]
}