{
    "id": 17747,
    "location": [
        -117.317657,
        34.068054
    ],
    "edges": [
        17748
    ]
}