{
    "id": 17750,
    "location": [
        -117.293892,
        34.064766
    ],
    "edges": [
        17754,
        17755,
        17949
    ]
}