{
    "id": 1775,
    "location": [
        -120.094658,
        41.036541
    ],
    "edges": [
        1776
    ]
}