{
    "id": 17758,
    "location": [
        -118.249763,
        34.068378
    ],
    "edges": []
}