{
    "id": 17760,
    "location": [
        -117.693253,
        34.063648
    ],
    "edges": [
        17764
    ]
}