{
    "id": 1777,
    "location": [
        -120.09243,
        41.022877
    ],
    "edges": [
        1778
    ]
}