{
    "id": 17777,
    "location": [
        -117.631607,
        34.057533
    ],
    "edges": [
        17859
    ]
}