{
    "id": 17775,
    "location": [
        -117.68644,
        34.058712
    ],
    "edges": [
        17782
    ]
}