{
    "id": 17776,
    "location": [
        -117.632629,
        34.057789
    ],
    "edges": [
        17777
    ]
}