{
    "id": 17782,
    "location": [
        -117.686768,
        34.055672
    ],
    "edges": [
        17862
    ]
}