{
    "id": 17780,
    "location": [
        -117.751152,
        34.064682
    ],
    "edges": [
        17781
    ]
}