{
    "id": 17797,
    "location": [
        -117.000359,
        34.053535
    ],
    "edges": [
        17801
    ]
}