{
    "id": 17794,
    "location": [
        -116.99408,
        34.078342
    ],
    "edges": [
        17795
    ]
}