{
    "id": 17790,
    "location": [
        -117.807877,
        34.054169
    ],
    "edges": [
        17791,
        17939,
        18030
    ]
}