{
    "id": 17818,
    "location": [
        -115.218613,
        34.047138
    ],
    "edges": [
        17819,
        17824,
        18634
    ]
}