{
    "id": 17814,
    "location": [
        -117.169189,
        34.049583
    ],
    "edges": [
        17816,
        17855
    ]
}