{
    "id": 17848,
    "location": [
        -118.581177,
        34.045891
    ],
    "edges": [
        17849,
        17975
    ]
}