{
    "id": 1785,
    "location": [
        -120.110771,
        40.956646
    ],
    "edges": [
        1786
    ]
}