{
    "id": 17852,
    "location": [
        -118.256897,
        34.052593
    ],
    "edges": [
        17853
    ]
}