{
    "id": 17854,
    "location": [
        -118.268028,
        34.03756
    ],
    "edges": [
        17908,
        17942,
        18148
    ]
}