{
    "id": 1789,
    "location": [
        -120.137199,
        40.901386
    ],
    "edges": [
        1790
    ]
}