{
    "id": 17906,
    "location": [
        -118.333237,
        34.036388
    ],
    "edges": [
        17907
    ]
}