{
    "id": 17926,
    "location": [
        -118.441887,
        34.028061
    ],
    "edges": [
        17927,
        17938
    ]
}