{
    "id": 17929,
    "location": [
        -117.742287,
        34.027588
    ],
    "edges": [
        17937
    ]
}