{
    "id": 17931,
    "location": [
        -118.017403,
        34.027447
    ],
    "edges": []
}