{
    "id": 17941,
    "location": [
        -117.776482,
        34.028347
    ],
    "edges": []
}