{
    "id": 17953,
    "location": [
        -117.986794,
        34.022938
    ],
    "edges": [
        17954,
        18038
    ]
}