{
    "id": 17956,
    "location": [
        -117.100113,
        34.020885
    ],
    "edges": [
        17997
    ]
}