{
    "id": 17969,
    "location": [
        -118.693199,
        34.040207
    ],
    "edges": [
        17970
    ]
}