{
    "id": 17960,
    "location": [
        -118.816788,
        34.020481
    ],
    "edges": [
        17961,
        17985
    ]
}