{
    "id": 17966,
    "location": [
        -118.752769,
        34.037445
    ],
    "edges": [
        17967
    ]
}