{
    "id": 17970,
    "location": [
        -118.676529,
        34.045216
    ],
    "edges": [
        17971
    ]
}