{
    "id": 17986,
    "location": [
        -118.824913,
        34.019951
    ],
    "edges": []
}