{
    "id": 17985,
    "location": [
        -118.819458,
        34.019653
    ],
    "edges": [
        17986
    ]
}