{
    "id": 17992,
    "location": [
        -117.577744,
        34.020611
    ],
    "edges": [
        17993
    ]
}