{
    "id": 18024,
    "location": [
        -117.363129,
        34.012035
    ],
    "edges": [
        18025
    ]
}