{
    "id": 18049,
    "location": [
        -117.835342,
        34.003124
    ],
    "edges": [
        18050
    ]
}