{
    "id": 18043,
    "location": [
        -117.508507,
        34.006042
    ],
    "edges": [
        18051
    ]
}