{
    "id": 18051,
    "location": [
        -117.502007,
        34.002254
    ],
    "edges": [
        18056
    ]
}