{
    "id": 18069,
    "location": [
        -118.065987,
        33.995918
    ],
    "edges": [
        18070,
        18071,
        18178,
        18234
    ]
}