{
    "id": 18071,
    "location": [
        -118.068527,
        33.99762
    ],
    "edges": []
}