{
    "id": 18097,
    "location": [
        -117.440742,
        33.996101
    ],
    "edges": []
}