{
    "id": 181,
    "location": [
        -123.007004,
        41.933506
    ],
    "edges": [
        182
    ]
}