{
    "id": 18105,
    "location": [
        -116.187607,
        34.044704
    ],
    "edges": [
        18106
    ]
}