{
    "id": 18118,
    "location": [
        -117.908524,
        33.986053
    ],
    "edges": [
        18119
    ]
}