{
    "id": 18116,
    "location": [
        -117.874046,
        33.99226
    ],
    "edges": []
}