{
    "id": 18114,
    "location": [
        -116.310997,
        34.120396
    ],
    "edges": []
}