{
    "id": 18134,
    "location": [
        -118.442558,
        33.990101
    ],
    "edges": [
        18135
    ]
}