{
    "id": 18140,
    "location": [
        -118.401077,
        33.965271
    ],
    "edges": [
        18141
    ]
}