{
    "id": 18178,
    "location": [
        -118.047653,
        33.983662
    ],
    "edges": [
        18179
    ]
}