{
    "id": 18170,
    "location": [
        -117.457108,
        33.959457
    ],
    "edges": [
        18171,
        18172
    ]
}