{
    "id": 18175,
    "location": [
        -117.597473,
        33.957973
    ],
    "edges": [
        18176
    ]
}