{
    "id": 18179,
    "location": [
        -118.022186,
        33.96431
    ],
    "edges": []
}