{
    "id": 18189,
    "location": [
        -117.673576,
        33.961044
    ],
    "edges": []
}