{
    "id": 18194,
    "location": [
        -118.158707,
        33.983715
    ],
    "edges": [
        18195
    ]
}