{
    "id": 18196,
    "location": [
        -118.162308,
        33.960915
    ],
    "edges": [
        18197
    ]
}