{
    "id": 18214,
    "location": [
        -116.908081,
        34.038849
    ],
    "edges": [
        18215
    ]
}