{
    "id": 18222,
    "location": [
        -116.892151,
        33.958988
    ],
    "edges": [
        18223
    ]
}