{
    "id": 18237,
    "location": [
        -117.390549,
        33.943714
    ],
    "edges": [
        18301
    ]
}