{
    "id": 18239,
    "location": [
        -117.916031,
        33.967442
    ],
    "edges": [
        18240
    ]
}