{
    "id": 18245,
    "location": [
        -117.287277,
        33.938751
    ],
    "edges": [
        18298
    ]
}