{
    "id": 18285,
    "location": [
        -118.281288,
        33.927303
    ],
    "edges": [
        18308
    ]
}