{
    "id": 18292,
    "location": [
        -117.933517,
        33.923702
    ],
    "edges": []
}