{
    "id": 18304,
    "location": [
        -117.87468,
        33.922016
    ],
    "edges": [
        18305,
        18428
    ]
}