{
    "id": 18307,
    "location": [
        -118.36557,
        33.920605
    ],
    "edges": [
        18330
    ]
}