{
    "id": 18321,
    "location": [
        -116.848892,
        33.93198
    ],
    "edges": []
}