{
    "id": 1832,
    "location": [
        -120.752983,
        40.874027
    ],
    "edges": [
        1833
    ]
}