{
    "id": 1833,
    "location": [
        -120.749802,
        40.861778
    ],
    "edges": [
        1834
    ]
}