{
    "id": 18348,
    "location": [
        -117.557716,
        33.935593
    ],
    "edges": [
        18349
    ]
}