{
    "id": 18351,
    "location": [
        -117.445473,
        33.91497
    ],
    "edges": [
        18352
    ]
}