{
    "id": 18354,
    "location": [
        -117.970383,
        33.914204
    ],
    "edges": [
        18361
    ]
}