{
    "id": 18356,
    "location": [
        -117.45018,
        33.913349
    ],
    "edges": [
        18385
    ]
}