{
    "id": 18362,
    "location": [
        -118.067749,
        33.911377
    ],
    "edges": [
        18363
    ]
}