{
    "id": 18363,
    "location": [
        -118.060867,
        33.907909
    ],
    "edges": [
        18375
    ]
}