{
    "id": 18371,
    "location": [
        -118.397552,
        33.952541
    ],
    "edges": [
        18372
    ]
}