{
    "id": 18379,
    "location": [
        -117.980766,
        33.907257
    ],
    "edges": [
        18380
    ]
}