{
    "id": 1837,
    "location": [
        -120.718964,
        40.787563
    ],
    "edges": [
        1838
    ]
}