{
    "id": 18389,
    "location": [
        -117.546173,
        33.88192
    ],
    "edges": [
        18390,
        18393,
        18394
    ]
}