{
    "id": 18407,
    "location": [
        -117.623459,
        33.877918
    ],
    "edges": [
        18408
    ]
}