{
    "id": 18416,
    "location": [
        -118.170662,
        33.924919
    ],
    "edges": [
        18417
    ]
}