{
    "id": 18424,
    "location": [
        -117.554604,
        33.874184
    ],
    "edges": []
}