{
    "id": 18430,
    "location": [
        -117.871094,
        33.873886
    ],
    "edges": [
        18484
    ]
}