{
    "id": 18436,
    "location": [
        -117.541344,
        33.872162
    ],
    "edges": [
        18579
    ]
}