{
    "id": 18445,
    "location": [
        -118.195084,
        33.869247
    ],
    "edges": [
        18446
    ]
}