{
    "id": 18441,
    "location": [
        -116.657547,
        33.908802
    ],
    "edges": [
        18442
    ]
}