{
    "id": 18459,
    "location": [
        -117.762657,
        33.865814
    ],
    "edges": [
        18460
    ]
}