{
    "id": 18454,
    "location": [
        -117.711388,
        33.864609
    ],
    "edges": [
        18455
    ]
}