{
    "id": 18468,
    "location": [
        -117.995033,
        33.855377
    ],
    "edges": [
        18469,
        18470,
        18617
    ]
}