{
    "id": 18464,
    "location": [
        -117.986954,
        33.866722
    ],
    "edges": [
        18465
    ]
}