{
    "id": 18474,
    "location": [
        -117.88327,
        33.85532
    ],
    "edges": [
        18475,
        18495
    ]
}