{
    "id": 18485,
    "location": [
        -117.849319,
        33.852428
    ],
    "edges": [
        18486,
        18507
    ]
}