{
    "id": 18480,
    "location": [
        -117.904137,
        33.85495
    ],
    "edges": [
        18481
    ]
}