{
    "id": 18500,
    "location": [
        -118.304443,
        33.84993
    ],
    "edges": [
        18501
    ]
}