{
    "id": 18505,
    "location": [
        -117.83326,
        33.848347
    ],
    "edges": [
        18506
    ]
}