{
    "id": 18502,
    "location": [
        -117.82869,
        33.848862
    ],
    "edges": [
        18503,
        18505
    ]
}