{
    "id": 18515,
    "location": [
        -117.228851,
        33.845623
    ],
    "edges": [
        18516
    ]
}