{
    "id": 18534,
    "location": [
        -115.750427,
        33.840714
    ],
    "edges": [
        18535
    ]
}