{
    "id": 18540,
    "location": [
        -115.678223,
        33.981205
    ],
    "edges": [
        18541
    ]
}