{
    "id": 1856,
    "location": [
        -123.448624,
        40.799458
    ],
    "edges": [
        1857
    ]
}