{
    "id": 18589,
    "location": [
        -118.087227,
        33.838646
    ],
    "edges": [
        18590
    ]
}