{
    "id": 18593,
    "location": [
        -117.344513,
        33.840179
    ],
    "edges": [
        18594
    ]
}