{
    "id": 18590,
    "location": [
        -118.094727,
        33.856125
    ],
    "edges": [
        18591
    ]
}