{
    "id": 18615,
    "location": [
        -117.98613,
        33.817879
    ],
    "edges": [
        18616
    ]
}