{
    "id": 18617,
    "location": [
        -117.993179,
        33.847534
    ],
    "edges": []
}