{
    "id": 18630,
    "location": [
        -115.296623,
        33.799675
    ],
    "edges": [
        18631,
        18835,
        18868
    ]
}