{
    "id": 18647,
    "location": [
        -116.974854,
        33.812984
    ],
    "edges": [
        18648
    ]
}