{
    "id": 1864,
    "location": [
        -123.350594,
        40.804447
    ],
    "edges": [
        1865
    ]
}