{
    "id": 18645,
    "location": [
        -116.974533,
        33.828804
    ],
    "edges": [
        18646
    ]
}