{
    "id": 18642,
    "location": [
        -117.044083,
        33.868446
    ],
    "edges": [
        18643
    ]
}