{
    "id": 18652,
    "location": [
        -117.040863,
        33.824413
    ],
    "edges": [
        18653
    ]
}