{
    "id": 18661,
    "location": [
        -117.143341,
        33.844357
    ],
    "edges": [
        18662
    ]
}