{
    "id": 18677,
    "location": [
        -118.370377,
        33.811481
    ],
    "edges": [
        18678
    ]
}