{
    "id": 1867,
    "location": [
        -123.304337,
        40.789776
    ],
    "edges": [
        1868
    ]
}