{
    "id": 18675,
    "location": [
        -118.105881,
        33.797588
    ],
    "edges": []
}