{
    "id": 1869,
    "location": [
        -123.279579,
        40.772209
    ],
    "edges": [
        1870
    ]
}