{
    "id": 18699,
    "location": [
        -117.21096,
        33.797127
    ],
    "edges": [
        18700
    ]
}