{
    "id": 18708,
    "location": [
        -117.898811,
        33.779514
    ],
    "edges": [
        18740
    ]
}