{
    "id": 18702,
    "location": [
        -117.223877,
        33.791729
    ],
    "edges": []
}