{
    "id": 18705,
    "location": [
        -118.091614,
        33.781845
    ],
    "edges": [
        18706,
        18709
    ]
}