{
    "id": 18746,
    "location": [
        -116.961899,
        33.750427
    ],
    "edges": [
        18751,
        18816
    ]
}