{
    "id": 18743,
    "location": [
        -118.107079,
        33.751644
    ],
    "edges": [
        18744,
        18758
    ]
}