{
    "id": 18749,
    "location": [
        -117.188004,
        33.767151
    ],
    "edges": [
        18750
    ]
}