{
    "id": 18747,
    "location": [
        -117.206627,
        33.779564
    ],
    "edges": [
        18748
    ]
}