{
    "id": 18761,
    "location": [
        -116.460251,
        33.782585
    ],
    "edges": [
        18762
    ]
}