{
    "id": 18831,
    "location": [
        -116.22802,
        33.717373
    ],
    "edges": [
        18833,
        18861
    ]
}