{
    "id": 18840,
    "location": [
        -116.324211,
        33.883842
    ],
    "edges": [
        18841
    ]
}