{
    "id": 18859,
    "location": [
        -116.209663,
        33.713825
    ],
    "edges": [
        18913
    ]
}