{
    "id": 18855,
    "location": [
        -116.353798,
        33.723358
    ],
    "edges": []
}