{
    "id": 18860,
    "location": [
        -117.784554,
        33.713482
    ],
    "edges": [
        18916
    ]
}