{
    "id": 18868,
    "location": [
        -115.316963,
        33.808979
    ],
    "edges": [
        18869
    ]
}