{
    "id": 18871,
    "location": [
        -115.352524,
        33.848576
    ],
    "edges": [
        18872
    ]
}