{
    "id": 18880,
    "location": [
        -115.440697,
        33.865875
    ],
    "edges": [
        18881
    ]
}