{
    "id": 18884,
    "location": [
        -115.443192,
        33.812939
    ],
    "edges": [
        18885
    ]
}