{
    "id": 18920,
    "location": [
        -116.185852,
        33.686939
    ],
    "edges": [
        18933,
        18959
    ]
}