{
    "id": 18944,
    "location": [
        -117.90683,
        33.688271
    ],
    "edges": [
        18945
    ]
}