{
    "id": 18957,
    "location": [
        -116.314629,
        33.674637
    ],
    "edges": [
        18958
    ]
}