{
    "id": 18956,
    "location": [
        -116.313118,
        33.688377
    ],
    "edges": [
        18957
    ]
}