{
    "id": 18952,
    "location": [
        -116.295769,
        33.698772
    ],
    "edges": [
        18953
    ]
}