{
    "id": 1896,
    "location": [
        -122.923317,
        40.730957
    ],
    "edges": [
        1936
    ]
}