{
    "id": 18960,
    "location": [
        -116.268829,
        33.685226
    ],
    "edges": [
        18961
    ]
}