{
    "id": 18982,
    "location": [
        -115.801231,
        33.689125
    ],
    "edges": [
        18983
    ]
}