{
    "id": 18987,
    "location": [
        -115.868134,
        33.662708
    ],
    "edges": [
        18988
    ]
}