{
    "id": 19006,
    "location": [
        -117.889252,
        33.670399
    ],
    "edges": [
        19007
    ]
}