{
    "id": 1901,
    "location": [
        -121.506248,
        40.827518
    ],
    "edges": [
        1902
    ]
}