{
    "id": 19021,
    "location": [
        -117.759644,
        33.649651
    ],
    "edges": [
        19022,
        19036,
        19059
    ]
}