{
    "id": 19026,
    "location": [
        -117.801918,
        33.664268
    ],
    "edges": [
        19027
    ]
}