{
    "id": 19039,
    "location": [
        -117.728172,
        33.629982
    ],
    "edges": [
        19149
    ]
}