{
    "id": 19033,
    "location": [
        -117.997078,
        33.661182
    ],
    "edges": []
}