{
    "id": 19037,
    "location": [
        -116.143921,
        33.643566
    ],
    "edges": [
        19201
    ]
}