{
    "id": 19049,
    "location": [
        -114.780678,
        33.855293
    ],
    "edges": [
        19050
    ]
}