{
    "id": 19058,
    "location": [
        -114.858887,
        34.064808
    ],
    "edges": []
}