{
    "id": 19074,
    "location": [
        -115.322357,
        33.704033
    ],
    "edges": [
        19075
    ]
}