{
    "id": 19087,
    "location": [
        -114.582329,
        33.609772
    ],
    "edges": [
        19091
    ]
}