{
    "id": 19093,
    "location": [
        -114.561852,
        33.710121
    ],
    "edges": [
        19094
    ]
}