{
    "id": 19104,
    "location": [
        -114.540527,
        33.929138
    ],
    "edges": [
        19105
    ]
}