{
    "id": 19109,
    "location": [
        -114.48777,
        33.989338
    ],
    "edges": [
        19110
    ]
}