{
    "id": 19112,
    "location": [
        -114.484756,
        34.03056
    ],
    "edges": [
        19113
    ]
}