{
    "id": 1912,
    "location": [
        -121.420174,
        40.682915
    ],
    "edges": [
        1979,
        2163
    ]
}