{
    "id": 19144,
    "location": [
        -117.859177,
        33.590866
    ],
    "edges": [
        19145,
        19148
    ]
}