{
    "id": 19157,
    "location": [
        -116.591911,
        33.569462
    ],
    "edges": [
        19158,
        19270,
        19271
    ]
}