{
    "id": 19178,
    "location": [
        -116.762772,
        33.702595
    ],
    "edges": [
        19179
    ]
}