{
    "id": 19171,
    "location": [
        -116.741631,
        33.703102
    ],
    "edges": [
        19172
    ]
}