{
    "id": 19184,
    "location": [
        -116.778862,
        33.711452
    ],
    "edges": [
        19185
    ]
}