{
    "id": 1921,
    "location": [
        -122.79274,
        40.718544
    ],
    "edges": [
        1922
    ]
}