{
    "id": 19218,
    "location": [
        -115.887581,
        33.626495
    ],
    "edges": [
        19219
    ]
}