{
    "id": 19223,
    "location": [
        -117.221832,
        33.561073
    ],
    "edges": [
        19224
    ]
}