{
    "id": 1923,
    "location": [
        -122.80349,
        40.752342
    ],
    "edges": [
        1924
    ]
}