{
    "id": 19239,
    "location": [
        -116.404808,
        33.654995
    ],
    "edges": [
        19240
    ]
}