{
    "id": 19240,
    "location": [
        -116.403473,
        33.652691
    ],
    "edges": [
        19241
    ]
}