{
    "id": 19247,
    "location": [
        -116.40773,
        33.64333
    ],
    "edges": [
        19248
    ]
}