{
    "id": 19257,
    "location": [
        -116.422043,
        33.595516
    ],
    "edges": [
        19258
    ]
}