{
    "id": 19256,
    "location": [
        -116.419189,
        33.607643
    ],
    "edges": [
        19257
    ]
}