{
    "id": 19251,
    "location": [
        -116.403748,
        33.635029
    ],
    "edges": [
        19252
    ]
}