{
    "id": 19272,
    "location": [
        -116.606453,
        33.561527
    ],
    "edges": [
        19273
    ]
}