{
    "id": 19275,
    "location": [
        -116.637077,
        33.554386
    ],
    "edges": [
        19276
    ]
}