{
    "id": 19289,
    "location": [
        -117.285301,
        33.652302
    ],
    "edges": [
        19290
    ]
}