{
    "id": 19304,
    "location": [
        -117.773697,
        33.538239
    ],
    "edges": []
}