{
    "id": 19309,
    "location": [
        -117.085678,
        33.683052
    ],
    "edges": [
        19310
    ]
}