{
    "id": 19318,
    "location": [
        -115.922958,
        33.512062
    ],
    "edges": [
        19319,
        19459,
        19706
    ]
}