{
    "id": 19311,
    "location": [
        -117.083267,
        33.636505
    ],
    "edges": [
        19312
    ]
}