{
    "id": 19319,
    "location": [
        -115.92733,
        33.511887
    ],
    "edges": [
        19320
    ]
}