{
    "id": 19338,
    "location": [
        -117.547394,
        33.556393
    ],
    "edges": [
        19339
    ]
}