{
    "id": 19335,
    "location": [
        -117.566299,
        33.512794
    ],
    "edges": [
        19336
    ]
}