{
    "id": 19333,
    "location": [
        -117.593063,
        33.51366
    ],
    "edges": [
        19334
    ]
}