{
    "id": 19365,
    "location": [
        -117.661003,
        33.554077
    ],
    "edges": [
        19366
    ]
}