{
    "id": 19370,
    "location": [
        -114.60334,
        33.514542
    ],
    "edges": [
        19371
    ]
}