{
    "id": 19374,
    "location": [
        -114.653023,
        33.523735
    ],
    "edges": []
}