{
    "id": 19389,
    "location": [
        -117.671333,
        33.466244
    ],
    "edges": [
        19390
    ]
}