{
    "id": 19415,
    "location": [
        -117.061592,
        33.490868
    ],
    "edges": [
        19416
    ]
}