{
    "id": 19427,
    "location": [
        -114.927048,
        33.479996
    ],
    "edges": [
        19428
    ]
}