{
    "id": 19438,
    "location": [
        -116.853157,
        33.475491
    ],
    "edges": [
        19439
    ]
}