{
    "id": 19432,
    "location": [
        -114.809128,
        33.489864
    ],
    "edges": [
        19433
    ]
}