{
    "id": 19466,
    "location": [
        -115.837997,
        33.515575
    ],
    "edges": [
        19467
    ]
}