{
    "id": 1948,
    "location": [
        -122.93502,
        40.661144
    ],
    "edges": []
}