{
    "id": 19487,
    "location": [
        -115.459923,
        33.526333
    ],
    "edges": [
        19488
    ]
}