{
    "id": 19491,
    "location": [
        -115.367111,
        33.500023
    ],
    "edges": [
        19492
    ]
}