{
    "id": 19501,
    "location": [
        -115.212601,
        33.431931
    ],
    "edges": [
        19502
    ]
}