{
    "id": 19506,
    "location": [
        -115.055527,
        33.567219
    ],
    "edges": [
        19507
    ]
}