{
    "id": 19500,
    "location": [
        -115.219566,
        33.437107
    ],
    "edges": [
        19501
    ]
}