{
    "id": 19524,
    "location": [
        -115.035477,
        33.435192
    ],
    "edges": []
}