{
    "id": 19520,
    "location": [
        -115.101273,
        33.411949
    ],
    "edges": [
        19521
    ]
}