{
    "id": 19536,
    "location": [
        -117.219276,
        33.388676
    ],
    "edges": []
}