{
    "id": 1954,
    "location": [
        -121.211449,
        40.716988
    ],
    "edges": [
        1955
    ]
}