{
    "id": 19584,
    "location": [
        -116.628967,
        33.502293
    ],
    "edges": [
        19585
    ]
}