{
    "id": 19591,
    "location": [
        -117.134804,
        33.342472
    ],
    "edges": [
        19592
    ]
}