{
    "id": 19615,
    "location": [
        -116.375832,
        33.290222
    ],
    "edges": [
        19619,
        19756
    ]
}