{
    "id": 19610,
    "location": [
        -117.237762,
        33.331154
    ],
    "edges": [
        19611
    ]
}