{
    "id": 19612,
    "location": [
        -116.349388,
        33.293671
    ],
    "edges": [
        19613,
        19660,
        19741
    ]
}