{
    "id": 19627,
    "location": [
        -116.094803,
        33.460846
    ],
    "edges": [
        19628
    ]
}