{
    "id": 19624,
    "location": [
        -116.111908,
        33.488312
    ],
    "edges": [
        19625
    ]
}