{
    "id": 19631,
    "location": [
        -116.026962,
        33.376648
    ],
    "edges": [
        19632
    ]
}