{
    "id": 19640,
    "location": [
        -117.008408,
        33.341255
    ],
    "edges": [
        19641
    ]
}