{
    "id": 19641,
    "location": [
        -117.021202,
        33.34679
    ],
    "edges": [
        19642
    ]
}