{
    "id": 19648,
    "location": [
        -115.998802,
        33.268803
    ],
    "edges": [
        19649
    ]
}