{
    "id": 19658,
    "location": [
        -116.243057,
        33.307148
    ],
    "edges": [
        19659
    ]
}