{
    "id": 19651,
    "location": [
        -116.11306,
        33.273285
    ],
    "edges": [
        19652
    ]
}