{
    "id": 19650,
    "location": [
        -116.024063,
        33.272533
    ],
    "edges": [
        19651
    ]
}