{
    "id": 19664,
    "location": [
        -117.241508,
        33.254139
    ],
    "edges": [
        19665
    ]
}