{
    "id": 19668,
    "location": [
        -115.487129,
        33.239941
    ],
    "edges": [
        19669
    ]
}