{
    "id": 19683,
    "location": [
        -115.317299,
        33.373737
    ],
    "edges": []
}