{
    "id": 19688,
    "location": [
        -115.655487,
        33.361279
    ],
    "edges": [
        19689
    ]
}