{
    "id": 19681,
    "location": [
        -115.321747,
        33.357765
    ],
    "edges": [
        19682
    ]
}