{
    "id": 19725,
    "location": [
        -117.601318,
        33.423542
    ],
    "edges": [
        19726
    ]
}