{
    "id": 19722,
    "location": [
        -117.64785,
        33.453465
    ],
    "edges": [
        19723
    ]
}