{
    "id": 19747,
    "location": [
        -116.339813,
        33.218857
    ],
    "edges": [
        19748
    ]
}