{
    "id": 19781,
    "location": [
        -116.69371,
        33.305748
    ],
    "edges": [
        19782
    ]
}