{
    "id": 198,
    "location": [
        -122.88781,
        41.857262
    ],
    "edges": [
        199
    ]
}