{
    "id": 19808,
    "location": [
        -116.870506,
        33.283688
    ],
    "edges": [
        19809
    ]
}