{
    "id": 1983,
    "location": [
        -121.390823,
        40.705299
    ],
    "edges": [
        1984
    ]
}