{
    "id": 19830,
    "location": [
        -117.342972,
        33.182804
    ],
    "edges": [
        19841
    ]
}