{
    "id": 19847,
    "location": [
        -117.354141,
        33.161579
    ],
    "edges": [
        19883
    ]
}