{
    "id": 19853,
    "location": [
        -117.09874,
        33.156273
    ],
    "edges": [
        19854,
        19861
    ]
}