{
    "id": 19859,
    "location": [
        -117.146538,
        33.276016
    ],
    "edges": [
        19860
    ]
}