{
    "id": 19857,
    "location": [
        -117.147903,
        33.248055
    ],
    "edges": [
        19858
    ]
}