{
    "id": 19897,
    "location": [
        -117.09259,
        33.133144
    ],
    "edges": [
        19898,
        19933
    ]
}