{
    "id": 19909,
    "location": [
        -115.937149,
        33.241932
    ],
    "edges": [
        19910
    ]
}