{
    "id": 19938,
    "location": [
        -116.678543,
        33.160007
    ],
    "edges": []
}