{
    "id": 19935,
    "location": [
        -116.679947,
        33.123108
    ],
    "edges": [
        19936
    ]
}