{
    "id": 19946,
    "location": [
        -116.47361,
        33.093876
    ],
    "edges": [
        19947,
        20014,
        20768
    ]
}