{
    "id": 1994,
    "location": [
        -122.807861,
        40.680809
    ],
    "edges": [
        1995
    ]
}