{
    "id": 19950,
    "location": [
        -116.434013,
        33.117409
    ],
    "edges": [
        19951
    ]
}