{
    "id": 1995,
    "location": [
        -122.794312,
        40.671467
    ],
    "edges": [
        1996
    ]
}