{
    "id": 19954,
    "location": [
        -116.391212,
        33.132877
    ],
    "edges": [
        19955
    ]
}