{
    "id": 19981,
    "location": [
        -114.733971,
        33.310013
    ],
    "edges": [
        19982
    ]
}