{
    "id": 2000,
    "location": [
        -122.736053,
        40.644844
    ],
    "edges": [
        2001
    ]
}