{
    "id": 20000,
    "location": [
        -116.666183,
        33.097721
    ],
    "edges": [
        20001
    ]
}