{
    "id": 20001,
    "location": [
        -116.664528,
        33.098621
    ],
    "edges": [
        20002
    ]
}