{
    "id": 20014,
    "location": [
        -116.490211,
        33.089417
    ],
    "edges": [
        20015
    ]
}