{
    "id": 20011,
    "location": [
        -116.61203,
        33.07645
    ],
    "edges": [
        20012
    ]
}