{
    "id": 2003,
    "location": [
        -122.722237,
        40.647923
    ],
    "edges": [
        2004
    ]
}