{
    "id": 20039,
    "location": [
        -116.715233,
        33.080154
    ],
    "edges": [
        20040
    ]
}