{
    "id": 20030,
    "location": [
        -114.951286,
        33.070518
    ],
    "edges": [
        20031
    ]
}