{
    "id": 20051,
    "location": [
        -116.798073,
        33.079433
    ],
    "edges": [
        20052
    ]
}