{
    "id": 2006,
    "location": [
        -122.701317,
        40.657036
    ],
    "edges": [
        2007
    ]
}