{
    "id": 20082,
    "location": [
        -116.974693,
        33.091995
    ],
    "edges": [
        20083
    ]
}