{
    "id": 20104,
    "location": [
        -115.853706,
        33.118015
    ],
    "edges": [
        20105
    ]
}