{
    "id": 20107,
    "location": [
        -115.805618,
        33.101566
    ],
    "edges": [
        20108
    ]
}