{
    "id": 20100,
    "location": [
        -115.614693,
        33.071587
    ],
    "edges": [
        20101
    ]
}