{
    "id": 20118,
    "location": [
        -117.275673,
        33.036041
    ],
    "edges": [
        20119
    ]
}