{
    "id": 20119,
    "location": [
        -117.275238,
        33.026566
    ],
    "edges": [
        20120
    ]
}