{
    "id": 20139,
    "location": [
        -117.18895,
        33.032894
    ],
    "edges": [
        20140
    ]
}