{
    "id": 20148,
    "location": [
        -117.207123,
        33.017105
    ],
    "edges": []
}