{
    "id": 20142,
    "location": [
        -117.263863,
        33.043518
    ],
    "edges": [
        20143
    ]
}