{
    "id": 20143,
    "location": [
        -117.259789,
        33.044434
    ],
    "edges": [
        20144
    ]
}