{
    "id": 20147,
    "location": [
        -117.219063,
        33.021019
    ],
    "edges": [
        20148
    ]
}