{
    "id": 20144,
    "location": [
        -117.251106,
        33.043507
    ],
    "edges": [
        20145
    ]
}