{
    "id": 20146,
    "location": [
        -117.23317,
        33.019657
    ],
    "edges": [
        20147
    ]
}