{
    "id": 20141,
    "location": [
        -117.20414,
        33.017101
    ],
    "edges": [
        20148,
        20192
    ]
}