{
    "id": 20150,
    "location": [
        -115.523048,
        33.077972
    ],
    "edges": [
        20151
    ]
}