{
    "id": 20174,
    "location": [
        -115.369438,
        33.209103
    ],
    "edges": [
        20175
    ]
}