{
    "id": 20171,
    "location": [
        -115.404427,
        33.213593
    ],
    "edges": [
        20172
    ]
}