{
    "id": 20198,
    "location": [
        -117.255951,
        33.004547
    ],
    "edges": [
        20199
    ]
}