{
    "id": 20195,
    "location": [
        -117.21769,
        32.984573
    ],
    "edges": [
        20196
    ]
}