{
    "id": 20214,
    "location": [
        -115.606911,
        33.023563
    ],
    "edges": []
}