{
    "id": 20255,
    "location": [
        -117.108147,
        32.947731
    ],
    "edges": [
        20256
    ]
}