{
    "id": 20253,
    "location": [
        -117.080437,
        32.998775
    ],
    "edges": [
        20254
    ]
}