{
    "id": 20251,
    "location": [
        -117.107918,
        32.894562
    ],
    "edges": [
        20252
    ]
}