{
    "id": 20261,
    "location": [
        -116.947983,
        32.925743
    ],
    "edges": [
        20262
    ]
}