{
    "id": 20265,
    "location": [
        -117.170502,
        32.877945
    ],
    "edges": [
        20266
    ]
}