{
    "id": 20279,
    "location": [
        -117.226669,
        32.885574
    ],
    "edges": [
        20280
    ]
}