{
    "id": 2028,
    "location": [
        -122.168037,
        40.678738
    ],
    "edges": [
        2029
    ]
}