{
    "id": 20286,
    "location": [
        -117.241531,
        32.863468
    ],
    "edges": [
        20287
    ]
}