{
    "id": 20298,
    "location": [
        -116.577263,
        32.882156
    ],
    "edges": [
        20299
    ]
}