{
    "id": 20301,
    "location": [
        -116.575157,
        32.909416
    ],
    "edges": [
        20302
    ]
}