{
    "id": 20318,
    "location": [
        -117.238472,
        32.863708
    ],
    "edges": []
}