{
    "id": 20328,
    "location": [
        -115.407944,
        32.911743
    ],
    "edges": [
        20329
    ]
}