{
    "id": 20347,
    "location": [
        -117.13504,
        32.833801
    ],
    "edges": [
        20355
    ]
}