{
    "id": 20359,
    "location": [
        -117.119698,
        32.840954
    ],
    "edges": [
        20360
    ]
}