{
    "id": 20356,
    "location": [
        -117.165817,
        32.833111
    ],
    "edges": [
        20357
    ]
}