{
    "id": 20366,
    "location": [
        -116.692101,
        32.839329
    ],
    "edges": [
        20367
    ]
}