{
    "id": 20367,
    "location": [
        -116.703484,
        32.838242
    ],
    "edges": [
        20368
    ]
}