{
    "id": 20368,
    "location": [
        -116.725166,
        32.830345
    ],
    "edges": [
        20369
    ]
}