{
    "id": 20383,
    "location": [
        -117.251518,
        32.83831
    ],
    "edges": [
        20384
    ]
}