{
    "id": 20392,
    "location": [
        -117.221191,
        32.813534
    ],
    "edges": [
        20413
    ]
}