{
    "id": 20393,
    "location": [
        -117.145737,
        32.812416
    ],
    "edges": [
        20394,
        20510,
        20521
    ]
}