{
    "id": 204,
    "location": [
        -124.198723,
        42.005322
    ],
    "edges": [
        205
    ]
}