{
    "id": 20402,
    "location": [
        -116.558548,
        32.847557
    ],
    "edges": [
        20403
    ]
}