{
    "id": 20407,
    "location": [
        -116.527313,
        32.815769
    ],
    "edges": [
        20408
    ]
}