{
    "id": 20413,
    "location": [
        -117.218521,
        32.80632
    ],
    "edges": [
        20509
    ]
}