{
    "id": 20427,
    "location": [
        -116.445267,
        32.889221
    ],
    "edges": [
        20428
    ]
}