{
    "id": 20420,
    "location": [
        -116.503304,
        32.949699
    ],
    "edges": [
        20421
    ]
}