{
    "id": 20433,
    "location": [
        -116.437187,
        32.854324
    ],
    "edges": [
        20434
    ]
}