{
    "id": 20430,
    "location": [
        -116.413269,
        32.863987
    ],
    "edges": [
        20431
    ]
}