{
    "id": 20438,
    "location": [
        -116.465897,
        32.853859
    ],
    "edges": [
        20439
    ]
}