{
    "id": 20468,
    "location": [
        -117.111214,
        32.809246
    ],
    "edges": [
        20469
    ]
}