{
    "id": 20463,
    "location": [
        -115.623268,
        32.962379
    ],
    "edges": [
        20464
    ]
}