{
    "id": 20476,
    "location": [
        -115.400574,
        32.801376
    ],
    "edges": [
        20477
    ]
}