{
    "id": 20489,
    "location": [
        -115.325706,
        32.808338
    ],
    "edges": [
        20490
    ]
}