{
    "id": 20493,
    "location": [
        -115.727074,
        32.792999
    ],
    "edges": [
        20494,
        20637
    ]
}