{
    "id": 20504,
    "location": [
        -117.060623,
        32.808979
    ],
    "edges": [
        20505
    ]
}