{
    "id": 20506,
    "location": [
        -117.093323,
        32.790749
    ],
    "edges": [
        20513
    ]
}