{
    "id": 20522,
    "location": [
        -117.15593,
        32.781475
    ],
    "edges": [
        20523
    ]
}