{
    "id": 20529,
    "location": [
        -115.552803,
        32.775959
    ],
    "edges": [
        20534
    ]
}