{
    "id": 2057,
    "location": [
        -121.865173,
        40.882599
    ],
    "edges": [
        2058
    ]
}