{
    "id": 20573,
    "location": [
        -117.132637,
        32.760311
    ],
    "edges": []
}