{
    "id": 20603,
    "location": [
        -114.598801,
        32.775421
    ],
    "edges": [
        20604
    ]
}