{
    "id": 20612,
    "location": [
        -114.496887,
        32.830029
    ],
    "edges": [
        20613
    ]
}