{
    "id": 20620,
    "location": [
        -115.619766,
        32.760178
    ],
    "edges": [
        20621
    ]
}