{
    "id": 20634,
    "location": [
        -115.860069,
        32.78828
    ],
    "edges": [
        20635
    ]
}