{
    "id": 20649,
    "location": [
        -114.747253,
        32.751816
    ],
    "edges": [
        20650
    ]
}