{
    "id": 20640,
    "location": [
        -117.172829,
        32.749569
    ],
    "edges": [
        20641
    ]
}