{
    "id": 20654,
    "location": [
        -114.786957,
        32.810242
    ],
    "edges": [
        20655
    ]
}