{
    "id": 20666,
    "location": [
        -114.899353,
        33.014179
    ],
    "edges": [
        20667
    ]
}