{
    "id": 20668,
    "location": [
        -114.907639,
        33.038429
    ],
    "edges": [
        20669
    ]
}