{
    "id": 20676,
    "location": [
        -116.645248,
        32.79826
    ],
    "edges": [
        20677
    ]
}