{
    "id": 20671,
    "location": [
        -117.104828,
        32.754574
    ],
    "edges": [
        20672
    ]
}