{
    "id": 20704,
    "location": [
        -116.901649,
        32.758293
    ],
    "edges": [
        20705
    ]
}