{
    "id": 20708,
    "location": [
        -116.939034,
        32.740788
    ],
    "edges": [
        20709
    ]
}