{
    "id": 20723,
    "location": [
        -116.142021,
        32.810822
    ],
    "edges": [
        20724
    ]
}