{
    "id": 20724,
    "location": [
        -116.151947,
        32.818031
    ],
    "edges": [
        20725
    ]
}