{
    "id": 20722,
    "location": [
        -116.137161,
        32.809628
    ],
    "edges": [
        20723
    ]
}