{
    "id": 20739,
    "location": [
        -116.31929,
        32.968838
    ],
    "edges": [
        20740
    ]
}