{
    "id": 20743,
    "location": [
        -116.375122,
        32.971615
    ],
    "edges": [
        20744
    ]
}