{
    "id": 20773,
    "location": [
        -117.17392,
        32.733688
    ],
    "edges": [
        20805
    ]
}