{
    "id": 20775,
    "location": [
        -114.613937,
        32.741165
    ],
    "edges": []
}