{
    "id": 20789,
    "location": [
        -115.549561,
        32.726101
    ],
    "edges": [
        20790
    ]
}