{
    "id": 20806,
    "location": [
        -117.163368,
        32.727722
    ],
    "edges": []
}