{
    "id": 2081,
    "location": [
        -124.167938,
        40.625492
    ],
    "edges": [
        2082
    ]
}