{
    "id": 20826,
    "location": [
        -114.854637,
        32.752357
    ],
    "edges": [
        20827
    ]
}