{
    "id": 20825,
    "location": [
        -114.849991,
        32.754318
    ],
    "edges": [
        20826
    ]
}