{
    "id": 20827,
    "location": [
        -114.862892,
        32.74749
    ],
    "edges": [
        20828
    ]
}