{
    "id": 20833,
    "location": [
        -114.912422,
        32.717152
    ],
    "edges": [
        20834
    ]
}