{
    "id": 20843,
    "location": [
        -115.106567,
        32.706421
    ],
    "edges": [
        20844
    ]
}