{
    "id": 20854,
    "location": [
        -115.498306,
        32.67992
    ],
    "edges": [
        20855
    ]
}