{
    "id": 2085,
    "location": [
        -122.356644,
        40.60014
    ],
    "edges": [
        2087,
        2110,
        2112
    ]
}