{
    "id": 20863,
    "location": [
        -115.382698,
        32.689919
    ],
    "edges": [
        20864
    ]
}