{
    "id": 20879,
    "location": [
        -115.975739,
        32.724407
    ],
    "edges": [
        20880
    ]
}