{
    "id": 20891,
    "location": [
        -115.688942,
        32.674343
    ],
    "edges": [
        20892
    ]
}