{
    "id": 20904,
    "location": [
        -116.444641,
        32.715973
    ],
    "edges": [
        20905
    ]
}