{
    "id": 20900,
    "location": [
        -116.39814,
        32.716286
    ],
    "edges": [
        20901
    ]
}