{
    "id": 20915,
    "location": [
        -116.077271,
        32.672863
    ],
    "edges": [
        20916
    ]
}