{
    "id": 20926,
    "location": [
        -116.063057,
        32.705475
    ],
    "edges": [
        20927
    ]
}