{
    "id": 20948,
    "location": [
        -116.292152,
        32.667015
    ],
    "edges": [
        20949
    ]
}