{
    "id": 20963,
    "location": [
        -116.470558,
        32.625664
    ],
    "edges": [
        20967,
        20979
    ]
}