{
    "id": 20983,
    "location": [
        -116.479134,
        32.600758
    ],
    "edges": [
        20984
    ]
}