{
    "id": 20994,
    "location": [
        -116.66655,
        32.590797
    ],
    "edges": [
        20995
    ]
}