{
    "id": 21001,
    "location": [
        -116.76088,
        32.621101
    ],
    "edges": [
        21002
    ]
}