{
    "id": 21015,
    "location": [
        -116.854591,
        32.687069
    ],
    "edges": [
        21016
    ]
}