{
    "id": 2112,
    "location": [
        -122.295013,
        40.57233
    ],
    "edges": [
        2317
    ]
}