{
    "id": 2127,
    "location": [
        -123.229767,
        40.576786
    ],
    "edges": [
        2128
    ]
}