{
    "id": 2129,
    "location": [
        -123.211853,
        40.563393
    ],
    "edges": [
        2130
    ]
}