{
    "id": 2133,
    "location": [
        -123.163071,
        40.560287
    ],
    "edges": [
        2134
    ]
}