{
    "id": 2134,
    "location": [
        -123.148193,
        40.55909
    ],
    "edges": [
        2135
    ]
}