{
    "id": 2135,
    "location": [
        -123.13961,
        40.560509
    ],
    "edges": [
        2136
    ]
}