{
    "id": 2140,
    "location": [
        -123.06382,
        40.591705
    ],
    "edges": [
        2141
    ]
}