{
    "id": 2182,
    "location": [
        -120.956413,
        40.622753
    ],
    "edges": [
        2183
    ]
}