{
    "id": 2189,
    "location": [
        -120.958076,
        40.689991
    ],
    "edges": [
        2190
    ]
}