{
    "id": 2228,
    "location": [
        -121.85672,
        40.599174
    ],
    "edges": [
        2229
    ]
}