{
    "id": 2230,
    "location": [
        -121.853996,
        40.614185
    ],
    "edges": [
        2231
    ]
}