{
    "id": 2233,
    "location": [
        -121.891327,
        40.636738
    ],
    "edges": [
        2234
    ]
}