{
    "id": 2264,
    "location": [
        -120.378799,
        40.712593
    ],
    "edges": [
        2265
    ]
}