{
    "id": 2269,
    "location": [
        -120.430656,
        40.67131
    ],
    "edges": [
        2270
    ]
}