{
    "id": 2270,
    "location": [
        -120.436668,
        40.671112
    ],
    "edges": [
        2271
    ]
}