{
    "id": 2275,
    "location": [
        -120.485718,
        40.629208
    ],
    "edges": [
        2276
    ]
}