{
    "id": 2286,
    "location": [
        -120.668694,
        40.729595
    ],
    "edges": [
        2287
    ]
}