{
    "id": 229,
    "location": [
        -123.487267,
        41.940384
    ],
    "edges": [
        230
    ]
}