{
    "id": 23,
    "location": [
        -122.412811,
        41.983322
    ],
    "edges": [
        24
    ]
}