{
    "id": 2304,
    "location": [
        -121.631264,
        40.538578
    ],
    "edges": [
        2305
    ]
}