{
    "id": 2307,
    "location": [
        -121.572472,
        40.548252
    ],
    "edges": []
}