{
    "id": 2308,
    "location": [
        -121.926018,
        40.536861
    ],
    "edges": [
        2309
    ]
}