{
    "id": 2312,
    "location": [
        -124.147186,
        40.530041
    ],
    "edges": [
        2313
    ]
}