{
    "id": 232,
    "location": [
        -123.455261,
        41.923252
    ],
    "edges": [
        233
    ]
}