{
    "id": 2322,
    "location": [
        -122.22303,
        40.571568
    ],
    "edges": [
        2323
    ]
}