{
    "id": 2326,
    "location": [
        -122.164833,
        40.54855
    ],
    "edges": [
        2327
    ]
}