{
    "id": 2327,
    "location": [
        -122.158661,
        40.546776
    ],
    "edges": [
        2328
    ]
}