{
    "id": 2352,
    "location": [
        -122.428421,
        40.566917
    ],
    "edges": [
        2353
    ]
}