{
    "id": 2356,
    "location": [
        -124.094879,
        40.512672
    ],
    "edges": []
}