{
    "id": 2382,
    "location": [
        -121.449707,
        40.517811
    ],
    "edges": [
        2383
    ]
}