{
    "id": 2384,
    "location": [
        -121.418266,
        40.502655
    ],
    "edges": [
        2385
    ]
}