{
    "id": 2386,
    "location": [
        -121.423729,
        40.490978
    ],
    "edges": [
        2554
    ]
}