{
    "id": 2404,
    "location": [
        -120.092194,
        40.503906
    ],
    "edges": [
        2405
    ]
}