{
    "id": 2409,
    "location": [
        -120.04084,
        40.527161
    ],
    "edges": [
        2410
    ]
}