{
    "id": 2410,
    "location": [
        -120.034714,
        40.53672
    ],
    "edges": [
        2411
    ]
}