{
    "id": 242,
    "location": [
        -124.130623,
        41.812347
    ],
    "edges": [
        243
    ]
}