{
    "id": 2421,
    "location": [
        -120.247452,
        40.566891
    ],
    "edges": [
        2422
    ]
}