{
    "id": 2425,
    "location": [
        -124.132141,
        40.600365
    ],
    "edges": [
        2426
    ]
}