{
    "id": 2442,
    "location": [
        -123.951141,
        40.487564
    ],
    "edges": [
        2443
    ]
}