{
    "id": 2443,
    "location": [
        -123.935387,
        40.484009
    ],
    "edges": [
        2444
    ]
}