{
    "id": 2456,
    "location": [
        -123.74733,
        40.488968
    ],
    "edges": [
        2457
    ]
}