{
    "id": 2469,
    "location": [
        -123.620033,
        40.486332
    ],
    "edges": [
        2470
    ]
}