{
    "id": 2470,
    "location": [
        -123.609528,
        40.495018
    ],
    "edges": [
        2471
    ]
}