{
    "id": 2480,
    "location": [
        -122.275101,
        40.43259
    ],
    "edges": [
        2481,
        2493,
        2529,
        2536
    ]
}