{
    "id": 2483,
    "location": [
        -122.337433,
        40.53101
    ],
    "edges": [
        2484
    ]
}