{
    "id": 2490,
    "location": [
        -122.373894,
        40.507851
    ],
    "edges": [
        2491
    ]
}