{
    "id": 2507,
    "location": [
        -120.605133,
        40.477776
    ],
    "edges": [
        2508
    ]
}