{
    "id": 2508,
    "location": [
        -120.609161,
        40.474888
    ],
    "edges": [
        2509
    ]
}