{
    "id": 2527,
    "location": [
        -120.753181,
        40.427288
    ],
    "edges": []
}