{
    "id": 2531,
    "location": [
        -120.608521,
        40.408779
    ],
    "edges": [
        2534,
        2547
    ]
}