{
    "id": 2543,
    "location": [
        -122.479301,
        40.399086
    ],
    "edges": [
        2544
    ]
}