{
    "id": 2552,
    "location": [
        -120.301918,
        40.392891
    ],
    "edges": [
        2553
    ]
}