{
    "id": 256,
    "location": [
        -123.027328,
        41.789665
    ],
    "edges": [
        257
    ]
}