{
    "id": 2562,
    "location": [
        -121.473511,
        40.485889
    ],
    "edges": [
        2563
    ]
}