{
    "id": 2563,
    "location": [
        -121.478149,
        40.483631
    ],
    "edges": [
        2564
    ]
}