{
    "id": 2565,
    "location": [
        -121.491341,
        40.471161
    ],
    "edges": [
        2566
    ]
}