{
    "id": 2566,
    "location": [
        -121.494141,
        40.480656
    ],
    "edges": [
        2567
    ]
}