{
    "id": 2574,
    "location": [
        -121.512863,
        40.461765
    ],
    "edges": [
        2575
    ]
}