{
    "id": 2580,
    "location": [
        -121.532097,
        40.454067
    ],
    "edges": [
        2581
    ]
}