{
    "id": 2582,
    "location": [
        -121.531387,
        40.440361
    ],
    "edges": [
        2583
    ]
}