{
    "id": 2596,
    "location": [
        -123.335587,
        40.37949
    ],
    "edges": [
        2597
    ]
}