{
    "id": 2597,
    "location": [
        -123.329857,
        40.377312
    ],
    "edges": [
        2598
    ]
}