{
    "id": 2605,
    "location": [
        -123.216469,
        40.424637
    ],
    "edges": [
        2606
    ]
}