{
    "id": 2619,
    "location": [
        -120.380608,
        40.396076
    ],
    "edges": [
        2620
    ]
}