{
    "id": 2622,
    "location": [
        -122.881393,
        40.369598
    ],
    "edges": [
        2623,
        2676,
        2976
    ]
}