{
    "id": 2628,
    "location": [
        -122.842453,
        40.379787
    ],
    "edges": [
        2629
    ]
}