{
    "id": 2634,
    "location": [
        -122.757278,
        40.429188
    ],
    "edges": [
        2635
    ]
}