{
    "id": 2648,
    "location": [
        -122.610527,
        40.485435
    ],
    "edges": [
        2649
    ]
}