{
    "id": 2658,
    "location": [
        -123.149483,
        40.421688
    ],
    "edges": [
        2659
    ]
}