{
    "id": 2665,
    "location": [
        -123.050339,
        40.390972
    ],
    "edges": [
        2666
    ]
}