{
    "id": 2670,
    "location": [
        -122.961769,
        40.375393
    ],
    "edges": [
        2671
    ]
}