{
    "id": 2688,
    "location": [
        -124.022331,
        40.452114
    ],
    "edges": [
        2689
    ]
}