{
    "id": 2690,
    "location": [
        -124.04818,
        40.459805
    ],
    "edges": [
        2691
    ]
}