{
    "id": 2712,
    "location": [
        -121.861671,
        40.457405
    ],
    "edges": [
        2713
    ]
}