{
    "id": 2714,
    "location": [
        -121.852097,
        40.457848
    ],
    "edges": [
        2715
    ]
}