{
    "id": 2725,
    "location": [
        -121.724403,
        40.491379
    ],
    "edges": [
        2726
    ]
}