{
    "id": 2731,
    "location": [
        -121.553947,
        40.368637
    ],
    "edges": [
        2732
    ]
}