{
    "id": 2738,
    "location": [
        -121.623138,
        40.364002
    ],
    "edges": [
        2739
    ]
}