{
    "id": 2747,
    "location": [
        -121.76635,
        40.359192
    ],
    "edges": [
        2748
    ]
}