{
    "id": 275,
    "location": [
        -123.206093,
        41.855927
    ],
    "edges": [
        276
    ]
}