{
    "id": 2758,
    "location": [
        -121.957497,
        40.332008
    ],
    "edges": [
        2759
    ]
}