{
    "id": 2776,
    "location": [
        -120.22818,
        40.375538
    ],
    "edges": [
        2777
    ]
}