{
    "id": 2779,
    "location": [
        -120.186043,
        40.360142
    ],
    "edges": [
        2780
    ]
}