{
    "id": 2789,
    "location": [
        -121.531067,
        40.359325
    ],
    "edges": [
        2790
    ]
}