{
    "id": 2800,
    "location": [
        -121.416183,
        40.291443
    ],
    "edges": [
        2832,
        3146
    ]
}