{
    "id": 2808,
    "location": [
        -121.127083,
        40.323177
    ],
    "edges": [
        2809
    ]
}