{
    "id": 2813,
    "location": [
        -121.052483,
        40.327015
    ],
    "edges": [
        2814
    ]
}