{
    "id": 2814,
    "location": [
        -121.040901,
        40.324032
    ],
    "edges": [
        2815
    ]
}