{
    "id": 2825,
    "location": [
        -120.839767,
        40.377399
    ],
    "edges": [
        2826
    ]
}