{
    "id": 284,
    "location": [
        -123.308678,
        41.86673
    ],
    "edges": [
        285
    ]
}