{
    "id": 2852,
    "location": [
        -120.71347,
        40.345596
    ],
    "edges": [
        2853
    ]
}