{
    "id": 2869,
    "location": [
        -124.033562,
        40.331829
    ],
    "edges": [
        2870
    ]
}