{
    "id": 288,
    "location": [
        -123.309372,
        41.823544
    ],
    "edges": [
        289
    ]
}