{
    "id": 2885,
    "location": [
        -124.211777,
        40.608288
    ],
    "edges": [
        2886
    ]
}