{
    "id": 2890,
    "location": [
        -124.265587,
        40.573624
    ],
    "edges": [
        2891
    ]
}