{
    "id": 2934,
    "location": [
        -123.390701,
        40.291332
    ],
    "edges": [
        2935
    ]
}