{
    "id": 2935,
    "location": [
        -123.394791,
        40.287415
    ],
    "edges": [
        2936
    ]
}