{
    "id": 294,
    "location": [
        -123.349083,
        41.821213
    ],
    "edges": [
        295
    ]
}