{
    "id": 2941,
    "location": [
        -123.437241,
        40.280472
    ],
    "edges": [
        2942
    ]
}