{
    "id": 2945,
    "location": [
        -123.442093,
        40.249451
    ],
    "edges": [
        2946
    ]
}