{
    "id": 2948,
    "location": [
        -123.433144,
        40.229595
    ],
    "edges": [
        2949
    ]
}