{
    "id": 2976,
    "location": [
        -122.862213,
        40.363564
    ],
    "edges": [
        2977
    ]
}