{
    "id": 2979,
    "location": [
        -122.827568,
        40.336842
    ],
    "edges": [
        2980
    ]
}