{
    "id": 298,
    "location": [
        -121.897881,
        41.967625
    ],
    "edges": [
        299
    ]
}