{
    "id": 2984,
    "location": [
        -122.737877,
        40.320827
    ],
    "edges": [
        2985
    ]
}