{
    "id": 2986,
    "location": [
        -122.720543,
        40.314529
    ],
    "edges": [
        2987
    ]
}