{
    "id": 2990,
    "location": [
        -122.648323,
        40.311558
    ],
    "edges": [
        2991
    ]
}