{
    "id": 2993,
    "location": [
        -122.614883,
        40.299831
    ],
    "edges": [
        2994
    ]
}