{
    "id": 2996,
    "location": [
        -122.589203,
        40.300056
    ],
    "edges": [
        2997
    ]
}