{
    "id": 2997,
    "location": [
        -122.554443,
        40.284256
    ],
    "edges": [
        2998
    ]
}