{
    "id": 3005,
    "location": [
        -122.455452,
        40.259842
    ],
    "edges": [
        3006
    ]
}