{
    "id": 3007,
    "location": [
        -122.449608,
        40.237061
    ],
    "edges": [
        3008
    ]
}