{
    "id": 3032,
    "location": [
        -123.487679,
        40.212719
    ],
    "edges": [
        3033
    ]
}