{
    "id": 304,
    "location": [
        -121.772537,
        41.923519
    ],
    "edges": [
        305
    ]
}