{
    "id": 3040,
    "location": [
        -123.52916,
        40.202816
    ],
    "edges": [
        3041
    ]
}