{
    "id": 3042,
    "location": [
        -123.551773,
        40.204163
    ],
    "edges": [
        3043
    ]
}