{
    "id": 3053,
    "location": [
        -120.393913,
        40.204407
    ],
    "edges": [
        3054
    ]
}