{
    "id": 3069,
    "location": [
        -120.565163,
        40.201618
    ],
    "edges": [
        3070
    ]
}