{
    "id": 3075,
    "location": [
        -120.527428,
        40.169277
    ],
    "edges": [
        3076
    ]
}