{
    "id": 3083,
    "location": [
        -120.493172,
        40.243416
    ],
    "edges": [
        3084
    ]
}