{
    "id": 3116,
    "location": [
        -121.118011,
        40.206589
    ],
    "edges": [
        3117
    ]
}