{
    "id": 313,
    "location": [
        -121.740173,
        41.794785
    ],
    "edges": [
        314
    ]
}