{
    "id": 3135,
    "location": [
        -120.120758,
        40.157646
    ],
    "edges": []
}