{
    "id": 3139,
    "location": [
        -120.93457,
        40.156326
    ],
    "edges": [
        3187
    ]
}