{
    "id": 3150,
    "location": [
        -121.479927,
        40.23402
    ],
    "edges": [
        3151
    ]
}