{
    "id": 3154,
    "location": [
        -121.526962,
        40.206432
    ],
    "edges": [
        3155
    ]
}