{
    "id": 3169,
    "location": [
        -123.784843,
        40.117153
    ],
    "edges": [
        3170,
        3225,
        3279
    ]
}