{
    "id": 3170,
    "location": [
        -123.785294,
        40.121483
    ],
    "edges": []
}