{
    "id": 3187,
    "location": [
        -120.929443,
        40.160561
    ],
    "edges": [
        3188
    ]
}