{
    "id": 3201,
    "location": [
        -121.538582,
        40.101246
    ],
    "edges": []
}