{
    "id": 3206,
    "location": [
        -122.309624,
        40.130634
    ],
    "edges": [
        3207
    ]
}