{
    "id": 3246,
    "location": [
        -123.924347,
        40.102329
    ],
    "edges": [
        3247
    ]
}