{
    "id": 325,
    "location": [
        -121.763817,
        41.779503
    ],
    "edges": [
        326
    ]
}