{
    "id": 3255,
    "location": [
        -123.820297,
        40.132519
    ],
    "edges": [
        3256
    ]
}