{
    "id": 3283,
    "location": [
        -123.690483,
        40.118847
    ],
    "edges": [
        3284
    ]
}