{
    "id": 3302,
    "location": [
        -123.563927,
        40.050934
    ],
    "edges": [
        3303
    ]
}