{
    "id": 3307,
    "location": [
        -120.997688,
        40.04882
    ],
    "edges": [
        3308
    ]
}