{
    "id": 3314,
    "location": [
        -121.106956,
        40.037697
    ],
    "edges": [
        3315
    ]
}