{
    "id": 3322,
    "location": [
        -121.185043,
        40.024284
    ],
    "edges": [
        3323
    ]
}