{
    "id": 3326,
    "location": [
        -121.192459,
        40.071808
    ],
    "edges": [
        3327
    ]
}