{
    "id": 333,
    "location": [
        -121.956573,
        41.773972
    ],
    "edges": [
        334
    ]
}