{
    "id": 3346,
    "location": [
        -122.204086,
        40.059219
    ],
    "edges": [
        3347
    ]
}