{
    "id": 3369,
    "location": [
        -124.009323,
        40.044403
    ],
    "edges": [
        3370
    ]
}