{
    "id": 3376,
    "location": [
        -123.457527,
        40.176514
    ],
    "edges": [
        3377
    ]
}