{
    "id": 3378,
    "location": [
        -123.437149,
        40.153233
    ],
    "edges": [
        3379
    ]
}