{
    "id": 3389,
    "location": [
        -123.368469,
        40.035465
    ],
    "edges": [
        3390
    ]
}