{
    "id": 3395,
    "location": [
        -122.540283,
        40.063946
    ],
    "edges": [
        3396
    ]
}