{
    "id": 3404,
    "location": [
        -122.691399,
        40.067757
    ],
    "edges": [
        3405
    ]
}