{
    "id": 3410,
    "location": [
        -122.78952,
        40.056881
    ],
    "edges": [
        3411
    ]
}