{
    "id": 3413,
    "location": [
        -122.769691,
        40.036442
    ],
    "edges": [
        3414
    ]
}