{
    "id": 3417,
    "location": [
        -121.217216,
        40.024128
    ],
    "edges": [
        3418
    ]
}