{
    "id": 3419,
    "location": [
        -121.240883,
        40.017216
    ],
    "edges": [
        3420
    ]
}