{
    "id": 3421,
    "location": [
        -120.972893,
        40.052517
    ],
    "edges": [
        3422
    ]
}