{
    "id": 3442,
    "location": [
        -120.590843,
        40.044491
    ],
    "edges": [
        3443
    ]
}