{
    "id": 3444,
    "location": [
        -120.593018,
        40.035954
    ],
    "edges": [
        3445
    ]
}