{
    "id": 3455,
    "location": [
        -119.999908,
        39.963299
    ],
    "edges": []
}