{
    "id": 349,
    "location": [
        -122.580109,
        41.776627
    ],
    "edges": [
        350
    ]
}