{
    "id": 3496,
    "location": [
        -122.470512,
        39.91835
    ],
    "edges": [
        3497
    ]
}