{
    "id": 35,
    "location": [
        -122.592934,
        41.963806
    ],
    "edges": [
        36
    ]
}