{
    "id": 3513,
    "location": [
        -122.57032,
        39.891113
    ],
    "edges": [
        3514
    ]
}