{
    "id": 3521,
    "location": [
        -122.628616,
        39.876999
    ],
    "edges": [
        3522
    ]
}