{
    "id": 3525,
    "location": [
        -122.654587,
        39.911629
    ],
    "edges": [
        3526
    ]
}