{
    "id": 3527,
    "location": [
        -122.675323,
        39.911209
    ],
    "edges": [
        3528
    ]
}