{
    "id": 3530,
    "location": [
        -123.78923,
        39.99403
    ],
    "edges": [
        3531
    ]
}