{
    "id": 3537,
    "location": [
        -123.768539,
        39.939842
    ],
    "edges": [
        3538
    ]
}