{
    "id": 3553,
    "location": [
        -123.059929,
        39.986622
    ],
    "edges": [
        3554
    ]
}