{
    "id": 3573,
    "location": [
        -122.946121,
        39.905624
    ],
    "edges": [
        3574
    ]
}