{
    "id": 3575,
    "location": [
        -122.951561,
        39.872398
    ],
    "edges": [
        3576
    ]
}