{
    "id": 3603,
    "location": [
        -123.57177,
        39.926151
    ],
    "edges": [
        3604
    ]
}