{
    "id": 3604,
    "location": [
        -123.575027,
        39.91568
    ],
    "edges": [
        3605
    ]
}