{
    "id": 3607,
    "location": [
        -123.595589,
        39.909618
    ],
    "edges": [
        3608
    ]
}