{
    "id": 3609,
    "location": [
        -123.596779,
        39.888935
    ],
    "edges": [
        3610
    ]
}