{
    "id": 362,
    "location": [
        -120.343658,
        41.826115
    ],
    "edges": [
        363
    ]
}