{
    "id": 3622,
    "location": [
        -123.665161,
        39.829624
    ],
    "edges": [
        3623
    ]
}