{
    "id": 3627,
    "location": [
        -123.58783,
        39.825535
    ],
    "edges": [
        3628
    ]
}