{
    "id": 3640,
    "location": [
        -120.486153,
        39.90514
    ],
    "edges": [
        3641
    ]
}