{
    "id": 3646,
    "location": [
        -120.422592,
        39.847919
    ],
    "edges": [
        3647
    ]
}