{
    "id": 3659,
    "location": [
        -123.284973,
        39.886639
    ],
    "edges": [
        3660
    ]
}