{
    "id": 3662,
    "location": [
        -123.316093,
        39.918613
    ],
    "edges": [
        3663
    ]
}