{
    "id": 3671,
    "location": [
        -123.370811,
        39.998474
    ],
    "edges": []
}