{
    "id": 3672,
    "location": [
        -120.471123,
        39.807129
    ],
    "edges": [
        3673,
        3857
    ]
}