{
    "id": 3687,
    "location": [
        -122.906448,
        39.856537
    ],
    "edges": [
        3688
    ]
}