{
    "id": 3690,
    "location": [
        -122.857033,
        39.834438
    ],
    "edges": [
        3691
    ]
}