{
    "id": 3696,
    "location": [
        -122.795662,
        39.826576
    ],
    "edges": [
        3697
    ]
}