{
    "id": 3703,
    "location": [
        -122.715714,
        39.811699
    ],
    "edges": [
        3704
    ]
}