{
    "id": 3707,
    "location": [
        -122.686996,
        39.808109
    ],
    "edges": [
        3708
    ]
}