{
    "id": 3718,
    "location": [
        -122.614304,
        39.84737
    ],
    "edges": [
        3719
    ]
}