{
    "id": 3719,
    "location": [
        -122.606163,
        39.849541
    ],
    "edges": [
        3720
    ]
}