{
    "id": 3734,
    "location": [
        -122.961937,
        39.811005
    ],
    "edges": [
        3735
    ]
}