{
    "id": 3767,
    "location": [
        -120.784607,
        39.898457
    ],
    "edges": [
        3768
    ]
}