{
    "id": 3770,
    "location": [
        -120.743942,
        39.872566
    ],
    "edges": [
        3771
    ]
}