{
    "id": 3784,
    "location": [
        -123.827217,
        39.783302
    ],
    "edges": [
        3785
    ]
}