{
    "id": 3789,
    "location": [
        -123.811363,
        39.798328
    ],
    "edges": [
        3790
    ]
}