{
    "id": 379,
    "location": [
        -120.472816,
        41.822197
    ],
    "edges": [
        380
    ]
}