{
    "id": 381,
    "location": [
        -120.459618,
        41.795605
    ],
    "edges": [
        382
    ]
}