{
    "id": 3815,
    "location": [
        -123.899223,
        39.918228
    ],
    "edges": [
        3816
    ]
}