{
    "id": 3818,
    "location": [
        -123.952812,
        39.939262
    ],
    "edges": [
        3819
    ]
}