{
    "id": 383,
    "location": [
        -120.441833,
        41.758396
    ],
    "edges": [
        384
    ]
}