{
    "id": 3831,
    "location": [
        -121.608627,
        39.856686
    ],
    "edges": [
        3832
    ]
}