{
    "id": 3846,
    "location": [
        -121.528648,
        39.907902
    ],
    "edges": [
        3847
    ]
}