{
    "id": 3849,
    "location": [
        -121.538353,
        39.962276
    ],
    "edges": [
        3850
    ]
}