{
    "id": 3862,
    "location": [
        -120.579422,
        39.773491
    ],
    "edges": [
        3863
    ]
}