{
    "id": 3880,
    "location": [
        -120.061256,
        39.778267
    ],
    "edges": []
}