{
    "id": 3895,
    "location": [
        -121.641693,
        39.983276
    ],
    "edges": [
        3896
    ]
}