{
    "id": 3899,
    "location": [
        -121.649544,
        39.960579
    ],
    "edges": [
        3900
    ]
}