{
    "id": 3912,
    "location": [
        -121.735703,
        39.75845
    ],
    "edges": [
        3913
    ]
}