{
    "id": 3920,
    "location": [
        -121.86409,
        39.733738
    ],
    "edges": [
        3921
    ]
}