{
    "id": 3922,
    "location": [
        -121.928627,
        39.752918
    ],
    "edges": [
        3923
    ]
}