{
    "id": 3926,
    "location": [
        -121.844078,
        39.718182
    ],
    "edges": [
        4053
    ]
}