{
    "id": 3944,
    "location": [
        -123.484253,
        39.709095
    ],
    "edges": [
        3945
    ]
}