{
    "id": 3951,
    "location": [
        -123.536987,
        39.768841
    ],
    "edges": [
        3952
    ]
}