{
    "id": 3973,
    "location": [
        -123.414963,
        39.693104
    ],
    "edges": [
        3974
    ]
}