{
    "id": 3984,
    "location": [
        -123.372169,
        39.704803
    ],
    "edges": [
        3985
    ]
}