{
    "id": 3985,
    "location": [
        -123.369278,
        39.705845
    ],
    "edges": [
        3986
    ]
}