{
    "id": 4024,
    "location": [
        -123.780167,
        39.656666
    ],
    "edges": [
        4136,
        4234
    ]
}