{
    "id": 4027,
    "location": [
        -122.526627,
        39.678783
    ],
    "edges": [
        4028
    ]
}