{
    "id": 4029,
    "location": [
        -122.546371,
        39.694229
    ],
    "edges": [
        4030
    ]
}