{
    "id": 4035,
    "location": [
        -122.525131,
        39.761303
    ],
    "edges": [
        4036
    ]
}