{
    "id": 4038,
    "location": [
        -122.521851,
        39.790066
    ],
    "edges": [
        4039
    ]
}