{
    "id": 4045,
    "location": [
        -121.811737,
        39.710197
    ],
    "edges": [
        4046
    ]
}