{
    "id": 4048,
    "location": [
        -121.802597,
        39.682133
    ],
    "edges": [
        4049
    ]
}