{
    "id": 4054,
    "location": [
        -122.536293,
        39.656624
    ],
    "edges": [
        4055
    ]
}