{
    "id": 4064,
    "location": [
        -122.661377,
        39.664894
    ],
    "edges": [
        4065
    ]
}