{
    "id": 4082,
    "location": [
        -122.813164,
        39.704868
    ],
    "edges": [
        4083
    ]
}