{
    "id": 4086,
    "location": [
        -122.817139,
        39.722332
    ],
    "edges": [
        4087
    ]
}