{
    "id": 4092,
    "location": [
        -122.862717,
        39.737976
    ],
    "edges": [
        4093
    ]
}