{
    "id": 4099,
    "location": [
        -122.935966,
        39.789482
    ],
    "edges": []
}