{
    "id": 4118,
    "location": [
        -123.536926,
        39.632244
    ],
    "edges": [
        4119
    ]
}