{
    "id": 4142,
    "location": [
        -120.584732,
        39.734222
    ],
    "edges": [
        4143
    ]
}