{
    "id": 4154,
    "location": [
        -120.443604,
        39.67189
    ],
    "edges": [
        4155
    ]
}