{
    "id": 416,
    "location": [
        -122.329536,
        41.749905
    ],
    "edges": [
        417
    ]
}