{
    "id": 4189,
    "location": [
        -121.483727,
        39.756489
    ],
    "edges": [
        4190
    ]
}