{
    "id": 4210,
    "location": [
        -121.311523,
        39.944012
    ],
    "edges": [
        4211
    ]
}