{
    "id": 4214,
    "location": [
        -121.277977,
        39.970692
    ],
    "edges": [
        4215
    ]
}