{
    "id": 4224,
    "location": [
        -123.758324,
        39.539261
    ],
    "edges": [
        4225
    ]
}