{
    "id": 4226,
    "location": [
        -123.766167,
        39.568203
    ],
    "edges": [
        4227
    ]
}