{
    "id": 4230,
    "location": [
        -123.783974,
        39.602371
    ],
    "edges": [
        4231
    ]
}