{
    "id": 4231,
    "location": [
        -123.779312,
        39.61338
    ],
    "edges": [
        4232
    ]
}