{
    "id": 4242,
    "location": [
        -123.681473,
        39.559452
    ],
    "edges": [
        4243
    ]
}