{
    "id": 4249,
    "location": [
        -123.735207,
        39.542049
    ],
    "edges": [
        4250
    ]
}