{
    "id": 4259,
    "location": [
        -122.209152,
        39.522839
    ],
    "edges": [
        4260,
        4748
    ]
}