{
    "id": 4266,
    "location": [
        -122.358109,
        39.555763
    ],
    "edges": [
        4267
    ]
}