{
    "id": 4272,
    "location": [
        -122.455688,
        39.587093
    ],
    "edges": [
        4273
    ]
}