{
    "id": 4282,
    "location": [
        -123.49427,
        39.526154
    ],
    "edges": [
        4283
    ]
}