{
    "id": 429,
    "location": [
        -122.112183,
        41.775379
    ],
    "edges": [
        430
    ]
}