{
    "id": 4290,
    "location": [
        -123.556374,
        39.540966
    ],
    "edges": [
        4291
    ]
}