{
    "id": 4292,
    "location": [
        -122.006813,
        39.606911
    ],
    "edges": [
        4293
    ]
}