{
    "id": 4309,
    "location": [
        -120.225014,
        39.673233
    ],
    "edges": [
        4310
    ]
}