{
    "id": 4323,
    "location": [
        -120.092857,
        39.504345
    ],
    "edges": [
        4324
    ]
}