{
    "id": 4327,
    "location": [
        -120.040977,
        39.543015
    ],
    "edges": [
        4328
    ]
}