{
    "id": 433,
    "location": [
        -122.092659,
        41.783875
    ],
    "edges": [
        434
    ]
}