{
    "id": 4350,
    "location": [
        -123.45665,
        39.609463
    ],
    "edges": [
        4351
    ]
}