{
    "id": 4357,
    "location": [
        -123.470886,
        39.645973
    ],
    "edges": [
        4358
    ]
}