{
    "id": 4368,
    "location": [
        -121.570824,
        39.501263
    ],
    "edges": [
        4455,
        4556
    ]
}