{
    "id": 437,
    "location": [
        -120.993637,
        41.837612
    ],
    "edges": [
        438
    ]
}