{
    "id": 4370,
    "location": [
        -121.525337,
        39.500046
    ],
    "edges": [
        4371
    ]
}