{
    "id": 439,
    "location": [
        -121.062317,
        41.823566
    ],
    "edges": [
        440
    ]
}