{
    "id": 4400,
    "location": [
        -121.304443,
        39.724968
    ],
    "edges": [
        4401
    ]
}