{
    "id": 4401,
    "location": [
        -121.29232,
        39.735882
    ],
    "edges": [
        4402
    ]
}