{
    "id": 4409,
    "location": [
        -121.309311,
        39.802414
    ],
    "edges": [
        4410
    ]
}