{
    "id": 4418,
    "location": [
        -121.277061,
        39.856758
    ],
    "edges": [
        4419
    ]
}