{
    "id": 4419,
    "location": [
        -121.272179,
        39.859657
    ],
    "edges": [
        4420
    ]
}