{
    "id": 443,
    "location": [
        -121.103233,
        41.825211
    ],
    "edges": [
        444
    ]
}