{
    "id": 4435,
    "location": [
        -121.125832,
        39.893669
    ],
    "edges": [
        4436
    ]
}