{
    "id": 4449,
    "location": [
        -120.999413,
        39.942951
    ],
    "edges": [
        4450
    ]
}