{
    "id": 4458,
    "location": [
        -121.748672,
        39.496265
    ],
    "edges": [
        4459
    ]
}