{
    "id": 446,
    "location": [
        -121.143417,
        41.798916
    ],
    "edges": [
        447
    ]
}