{
    "id": 4462,
    "location": [
        -121.90892,
        39.534946
    ],
    "edges": [
        4463
    ]
}