{
    "id": 4467,
    "location": [
        -121.747917,
        39.464455
    ],
    "edges": [
        4468
    ]
}