{
    "id": 4479,
    "location": [
        -123.78447,
        39.490685
    ],
    "edges": [
        4480
    ]
}