{
    "id": 4491,
    "location": [
        -123.359756,
        39.43848
    ],
    "edges": [
        4492
    ]
}