{
    "id": 4496,
    "location": [
        -123.388092,
        39.445824
    ],
    "edges": [
        4497
    ]
}