{
    "id": 4497,
    "location": [
        -123.390251,
        39.457642
    ],
    "edges": [
        4498
    ]
}