{
    "id": 4498,
    "location": [
        -123.396507,
        39.465591
    ],
    "edges": [
        4499
    ]
}