{
    "id": 4509,
    "location": [
        -123.235901,
        39.453552
    ],
    "edges": [
        4510
    ]
}