{
    "id": 4511,
    "location": [
        -123.250397,
        39.454014
    ],
    "edges": [
        4512
    ]
}