{
    "id": 4512,
    "location": [
        -123.254799,
        39.453804
    ],
    "edges": [
        4513
    ]
}