{
    "id": 4526,
    "location": [
        -123.342506,
        39.408432
    ],
    "edges": [
        4527
    ]
}