{
    "id": 4535,
    "location": [
        -121.962662,
        39.401264
    ],
    "edges": [
        4536
    ]
}