{
    "id": 4540,
    "location": [
        -121.926193,
        39.448879
    ],
    "edges": [
        4541
    ]
}