{
    "id": 4546,
    "location": [
        -121.611938,
        39.373447
    ],
    "edges": [
        4547
    ]
}