{
    "id": 4551,
    "location": [
        -121.600243,
        39.454922
    ],
    "edges": [
        4552
    ]
}