{
    "id": 4558,
    "location": [
        -121.63195,
        39.363369
    ],
    "edges": [
        4559
    ]
}