{
    "id": 4560,
    "location": [
        -121.648743,
        39.363476
    ],
    "edges": [
        4561
    ]
}