{
    "id": 4601,
    "location": [
        -123.44075,
        39.387329
    ],
    "edges": [
        4602
    ]
}