{
    "id": 4603,
    "location": [
        -123.422089,
        39.389843
    ],
    "edges": [
        4604
    ]
}