{
    "id": 4611,
    "location": [
        -120.013062,
        39.452297
    ],
    "edges": [
        4612
    ]
}