{
    "id": 4618,
    "location": [
        -120.071983,
        39.383953
    ],
    "edges": [
        4619
    ]
}