{
    "id": 4621,
    "location": [
        -120.138107,
        39.359135
    ],
    "edges": [
        4622
    ]
}