{
    "id": 4628,
    "location": [
        -120.180687,
        39.371674
    ],
    "edges": [
        4629
    ]
}