{
    "id": 4634,
    "location": [
        -120.274078,
        39.509602
    ],
    "edges": [
        4635
    ]
}