{
    "id": 4671,
    "location": [
        -120.668861,
        39.300514
    ],
    "edges": [
        4672,
        4812,
        5397
    ]
}