{
    "id": 4673,
    "location": [
        -120.584824,
        39.334328
    ],
    "edges": [
        4674
    ]
}