{
    "id": 4684,
    "location": [
        -120.462044,
        39.318237
    ],
    "edges": [
        4685
    ]
}