{
    "id": 469,
    "location": [
        -122.63343,
        41.720177
    ],
    "edges": [
        470
    ]
}