{
    "id": 4697,
    "location": [
        -123.811836,
        39.359253
    ],
    "edges": [
        4698
    ]
}