{
    "id": 4702,
    "location": [
        -122.527069,
        39.303936
    ],
    "edges": [
        4703
    ]
}