{
    "id": 4709,
    "location": [
        -122.548912,
        39.403854
    ],
    "edges": [
        4710
    ]
}