{
    "id": 474,
    "location": [
        -124.111076,
        41.70385
    ],
    "edges": [
        475
    ]
}