{
    "id": 4759,
    "location": [
        -122.334793,
        39.301594
    ],
    "edges": [
        4760
    ]
}