{
    "id": 476,
    "location": [
        -124.099953,
        41.695396
    ],
    "edges": [
        477
    ]
}