{
    "id": 4762,
    "location": [
        -122.350327,
        39.313316
    ],
    "edges": [
        4763
    ]
}