{
    "id": 4782,
    "location": [
        -122.481461,
        39.309624
    ],
    "edges": [
        4783
    ]
}