{
    "id": 481,
    "location": [
        -124.108063,
        41.65995
    ],
    "edges": [
        544
    ]
}