{
    "id": 4827,
    "location": [
        -121.116402,
        39.339046
    ],
    "edges": [
        4828
    ]
}