{
    "id": 4834,
    "location": [
        -121.090622,
        39.380814
    ],
    "edges": [
        4835
    ]
}