{
    "id": 4875,
    "location": [
        -120.606483,
        39.576656
    ],
    "edges": [
        4876
    ]
}