{
    "id": 4878,
    "location": [
        -120.594193,
        39.611305
    ],
    "edges": [
        4879
    ]
}