{
    "id": 4889,
    "location": [
        -120.468781,
        39.619541
    ],
    "edges": [
        4890
    ]
}