{
    "id": 4910,
    "location": [
        -123.122253,
        39.247505
    ],
    "edges": [
        4911
    ]
}