{
    "id": 4911,
    "location": [
        -123.119629,
        39.255424
    ],
    "edges": [
        4912
    ]
}