{
    "id": 4918,
    "location": [
        -123.104149,
        39.327892
    ],
    "edges": [
        4919
    ]
}