{
    "id": 4929,
    "location": [
        -123.164352,
        39.425732
    ],
    "edges": [
        4930
    ]
}