{
    "id": 4930,
    "location": [
        -123.167221,
        39.424679
    ],
    "edges": [
        4931
    ]
}