{
    "id": 4936,
    "location": [
        -120.04541,
        39.258625
    ],
    "edges": [
        4937
    ]
}