{
    "id": 4955,
    "location": [
        -120.006523,
        39.23222
    ],
    "edges": [
        4956
    ]
}