{
    "id": 4966,
    "location": [
        -120.855873,
        39.918903
    ],
    "edges": [
        4967
    ]
}