{
    "id": 4967,
    "location": [
        -120.851662,
        39.917877
    ],
    "edges": [
        4968
    ]
}