{
    "id": 4988,
    "location": [
        -120.877327,
        39.795879
    ],
    "edges": [
        4989
    ]
}