{
    "id": 4999,
    "location": [
        -120.943031,
        39.707726
    ],
    "edges": [
        5000
    ]
}