{
    "id": 5022,
    "location": [
        -121.183411,
        39.51973
    ],
    "edges": [
        5023
    ]
}