{
    "id": 5041,
    "location": [
        -121.320396,
        39.383083
    ],
    "edges": [
        5042
    ]
}