{
    "id": 5044,
    "location": [
        -121.346603,
        39.335297
    ],
    "edges": [
        5045
    ]
}