{
    "id": 5069,
    "location": [
        -122.017433,
        39.214916
    ],
    "edges": [
        5073
    ]
}