{
    "id": 5071,
    "location": [
        -121.047737,
        39.212151
    ],
    "edges": [
        5072
    ]
}