{
    "id": 51,
    "location": [
        -120.997559,
        41.918797
    ],
    "edges": [
        52
    ]
}