{
    "id": 5115,
    "location": [
        -121.11438,
        39.233074
    ],
    "edges": [
        5116
    ]
}