{
    "id": 512,
    "location": [
        -120.213463,
        41.664585
    ],
    "edges": [
        513
    ]
}