{
    "id": 513,
    "location": [
        -120.210983,
        41.658478
    ],
    "edges": [
        514
    ]
}