{
    "id": 5132,
    "location": [
        -123.212021,
        39.190395
    ],
    "edges": [
        5133,
        5146,
        5444
    ]
}