{
    "id": 5136,
    "location": [
        -121.056808,
        39.190098
    ],
    "edges": [
        5727
    ]
}