{
    "id": 5155,
    "location": [
        -122.183403,
        39.265053
    ],
    "edges": [
        5156
    ]
}