{
    "id": 5156,
    "location": [
        -122.183868,
        39.272137
    ],
    "edges": []
}