{
    "id": 5160,
    "location": [
        -120.104187,
        39.191162
    ],
    "edges": [
        5161
    ]
}