{
    "id": 5169,
    "location": [
        -120.037437,
        39.242085
    ],
    "edges": []
}