{
    "id": 5172,
    "location": [
        -120.20874,
        39.279457
    ],
    "edges": [
        5173
    ]
}