{
    "id": 5184,
    "location": [
        -123.215157,
        39.164116
    ],
    "edges": []
}