{
    "id": 5202,
    "location": [
        -120.413879,
        39.217545
    ],
    "edges": [
        5203
    ]
}