{
    "id": 5210,
    "location": [
        -120.455612,
        39.170937
    ],
    "edges": [
        5211
    ]
}