{
    "id": 5219,
    "location": [
        -123.743767,
        39.281807
    ],
    "edges": [
        5220
    ]
}