{
    "id": 5224,
    "location": [
        -123.702072,
        39.27293
    ],
    "edges": [
        5225
    ]
}