{
    "id": 5231,
    "location": [
        -123.648293,
        39.28532
    ],
    "edges": [
        5232
    ]
}