{
    "id": 5237,
    "location": [
        -123.627693,
        39.260422
    ],
    "edges": [
        5238
    ]
}