{
    "id": 5250,
    "location": [
        -121.569557,
        39.15995
    ],
    "edges": [
        5251,
        5257
    ]
}