{
    "id": 5255,
    "location": [
        -121.624672,
        39.159645
    ],
    "edges": [
        5256,
        5369
    ]
}