{
    "id": 5270,
    "location": [
        -122.956039,
        39.170971
    ],
    "edges": [
        5271
    ]
}