{
    "id": 5277,
    "location": [
        -123.06575,
        39.209763
    ],
    "edges": [
        5278
    ]
}