{
    "id": 5279,
    "location": [
        -123.111488,
        39.234249
    ],
    "edges": []
}