{
    "id": 5283,
    "location": [
        -123.618149,
        39.155632
    ],
    "edges": [
        5284
    ]
}