{
    "id": 5291,
    "location": [
        -123.659431,
        39.171516
    ],
    "edges": [
        5292
    ]
}