{
    "id": 5292,
    "location": [
        -123.662857,
        39.173096
    ],
    "edges": [
        5293
    ]
}