{
    "id": 5297,
    "location": [
        -123.718491,
        39.19067
    ],
    "edges": [
        5298
    ]
}