{
    "id": 5323,
    "location": [
        -123.360947,
        39.178768
    ],
    "edges": [
        5324
    ]
}