{
    "id": 534,
    "location": [
        -121.412262,
        41.67725
    ],
    "edges": [
        535
    ]
}