{
    "id": 5357,
    "location": [
        -121.911537,
        39.150909
    ],
    "edges": [
        5358
    ]
}