{
    "id": 5363,
    "location": [
        -121.740517,
        39.143784
    ],
    "edges": [
        5364
    ]
}