{
    "id": 5365,
    "location": [
        -121.706093,
        39.144604
    ],
    "edges": [
        5366
    ]
}