{
    "id": 5376,
    "location": [
        -120.934219,
        39.138092
    ],
    "edges": [
        5377
    ]
}