{
    "id": 5396,
    "location": [
        -120.694527,
        39.289749
    ],
    "edges": [
        5397
    ]
}