{
    "id": 5404,
    "location": [
        -120.995178,
        39.188534
    ],
    "edges": [
        5405
    ]
}