{
    "id": 5418,
    "location": [
        -121.311058,
        39.149071
    ],
    "edges": [
        5419
    ]
}