{
    "id": 5420,
    "location": [
        -121.315422,
        39.132439
    ],
    "edges": [
        5421
    ]
}