{
    "id": 5422,
    "location": [
        -121.334534,
        39.116936
    ],
    "edges": [
        5423
    ]
}