{
    "id": 5425,
    "location": [
        -121.416458,
        39.10104
    ],
    "edges": [
        5426
    ]
}