{
    "id": 544,
    "location": [
        -124.101967,
        41.627724
    ],
    "edges": [
        675
    ]
}