{
    "id": 5447,
    "location": [
        -122.403999,
        39.040386
    ],
    "edges": [
        5448,
        5461,
        5508
    ]
}