{
    "id": 5459,
    "location": [
        -122.442307,
        39.160988
    ],
    "edges": [
        5460
    ]
}