{
    "id": 5460,
    "location": [
        -122.439598,
        39.172562
    ],
    "edges": []
}