{
    "id": 5461,
    "location": [
        -122.413383,
        39.039867
    ],
    "edges": []
}