{
    "id": 5466,
    "location": [
        -120.767487,
        39.056683
    ],
    "edges": [
        5467
    ]
}