{
    "id": 547,
    "location": [
        -122.684563,
        41.683765
    ],
    "edges": [
        548
    ]
}