{
    "id": 5475,
    "location": [
        -120.654037,
        39.164429
    ],
    "edges": [
        5476
    ]
}