{
    "id": 548,
    "location": [
        -122.690247,
        41.675896
    ],
    "edges": [
        549
    ]
}