{
    "id": 5486,
    "location": [
        -120.500267,
        39.171871
    ],
    "edges": []
}