{
    "id": 5501,
    "location": [
        -122.341217,
        39.027344
    ],
    "edges": [
        5502
    ]
}