{
    "id": 5508,
    "location": [
        -122.40361,
        39.039028
    ],
    "edges": []
}