{
    "id": 5511,
    "location": [
        -120.790092,
        39.020782
    ],
    "edges": [
        5512
    ]
}