{
    "id": 5535,
    "location": [
        -120.512207,
        39.130116
    ],
    "edges": [
        5536
    ]
}