{
    "id": 5541,
    "location": [
        -122.920563,
        39.03278
    ],
    "edges": [
        5542
    ]
}