{
    "id": 5548,
    "location": [
        -122.915779,
        39.139996
    ],
    "edges": [
        5549
    ]
}