{
    "id": 5549,
    "location": [
        -122.92157,
        39.154408
    ],
    "edges": []
}