{
    "id": 5561,
    "location": [
        -122.776329,
        39.045979
    ],
    "edges": [
        5562
    ]
}