{
    "id": 5566,
    "location": [
        -122.824387,
        39.116085
    ],
    "edges": [
        5567
    ]
}