{
    "id": 5582,
    "location": [
        -122.46241,
        39.020115
    ],
    "edges": [
        5583
    ]
}