{
    "id": 5583,
    "location": [
        -122.47863,
        39.021503
    ],
    "edges": [
        5584
    ]
}