{
    "id": 5599,
    "location": [
        -122.598427,
        39.015579
    ],
    "edges": []
}