{
    "id": 5601,
    "location": [
        -123.121964,
        38.979015
    ],
    "edges": [
        5602
    ]
}