{
    "id": 5606,
    "location": [
        -123.101822,
        38.976513
    ],
    "edges": [
        5607
    ]
}