{
    "id": 5613,
    "location": [
        -123.021797,
        38.972858
    ],
    "edges": [
        5614
    ]
}