{
    "id": 5615,
    "location": [
        -122.993797,
        38.986057
    ],
    "edges": [
        5616
    ]
}