{
    "id": 5623,
    "location": [
        -122.885277,
        38.993015
    ],
    "edges": []
}