{
    "id": 564,
    "location": [
        -122.913483,
        41.649612
    ],
    "edges": [
        565
    ]
}