{
    "id": 5658,
    "location": [
        -120.910713,
        39.001106
    ],
    "edges": [
        5659
    ]
}