{
    "id": 5667,
    "location": [
        -123.544724,
        39.145779
    ],
    "edges": [
        5668
    ]
}