{
    "id": 5679,
    "location": [
        -123.432854,
        39.058422
    ],
    "edges": [
        5680
    ]
}