{
    "id": 5683,
    "location": [
        -123.382156,
        39.020069
    ],
    "edges": [
        5684
    ]
}