{
    "id": 5688,
    "location": [
        -123.287193,
        38.919376
    ],
    "edges": [
        5877,
        5895
    ]
}