{
    "id": 570,
    "location": [
        -122.999107,
        41.651291
    ],
    "edges": [
        571
    ]
}