{
    "id": 5708,
    "location": [
        -120.120697,
        39.057755
    ],
    "edges": [
        5709
    ]
}