{
    "id": 571,
    "location": [
        -123.013947,
        41.655735
    ],
    "edges": [
        572
    ]
}