{
    "id": 5713,
    "location": [
        -120.119217,
        39.012672
    ],
    "edges": [
        5714
    ]
}