{
    "id": 5723,
    "location": [
        -120.031342,
        38.934689
    ],
    "edges": [
        5724
    ]
}