{
    "id": 5726,
    "location": [
        -121.058907,
        38.913082
    ],
    "edges": [
        5765
    ]
}