{
    "id": 5728,
    "location": [
        -121.056953,
        39.162197
    ],
    "edges": [
        5729
    ]
}