{
    "id": 5730,
    "location": [
        -121.083092,
        39.111477
    ],
    "edges": [
        5731
    ]
}