{
    "id": 5758,
    "location": [
        -122.748711,
        38.930023
    ],
    "edges": [
        5759
    ]
}