{
    "id": 5761,
    "location": [
        -122.693771,
        38.915668
    ],
    "edges": [
        5762
    ]
}