{
    "id": 577,
    "location": [
        -123.112534,
        41.669937
    ],
    "edges": [
        578
    ]
}