{
    "id": 5792,
    "location": [
        -123.687073,
        39.041348
    ],
    "edges": [
        5793
    ]
}