{
    "id": 5811,
    "location": [
        -122.140137,
        39.158379
    ],
    "edges": [
        5812
    ]
}