{
    "id": 5836,
    "location": [
        -123.627472,
        38.862221
    ],
    "edges": [
        5837
    ]
}