{
    "id": 5839,
    "location": [
        -123.601471,
        38.849083
    ],
    "edges": [
        5840
    ]
}