{
    "id": 585,
    "location": [
        -123.003952,
        41.740036
    ],
    "edges": [
        586
    ]
}