{
    "id": 5853,
    "location": [
        -123.508522,
        38.857872
    ],
    "edges": [
        5854
    ]
}