{
    "id": 5860,
    "location": [
        -123.436363,
        38.863274
    ],
    "edges": [
        5861
    ]
}