{
    "id": 5874,
    "location": [
        -123.309517,
        38.909359
    ],
    "edges": [
        5875
    ]
}