{
    "id": 589,
    "location": [
        -123.031708,
        41.78437
    ],
    "edges": []
}