{
    "id": 5891,
    "location": [
        -123.020576,
        38.850677
    ],
    "edges": [
        5892
    ]
}