{
    "id": 5893,
    "location": [
        -123.018631,
        38.829212
    ],
    "edges": [
        5894
    ]
}