{
    "id": 5896,
    "location": [
        -123.268448,
        38.915913
    ],
    "edges": [
        5897
    ]
}