{
    "id": 5905,
    "location": [
        -123.144203,
        38.885551
    ],
    "edges": [
        5906
    ]
}