{
    "id": 5917,
    "location": [
        -121.72113,
        38.802849
    ],
    "edges": [
        5918,
        5950,
        6225
    ]
}