{
    "id": 592,
    "location": [
        -121.900482,
        41.594322
    ],
    "edges": [
        593,
        642,
        1083
    ]
}