{
    "id": 5923,
    "location": [
        -121.788933,
        38.859966
    ],
    "edges": [
        5924
    ]
}