{
    "id": 5943,
    "location": [
        -121.671303,
        38.97253
    ],
    "edges": [
        5944
    ]
}