{
    "id": 597,
    "location": [
        -121.880463,
        41.630077
    ],
    "edges": [
        598
    ]
}