{
    "id": 598,
    "location": [
        -121.87751,
        41.635258
    ],
    "edges": [
        599
    ]
}