{
    "id": 6000,
    "location": [
        -120.099052,
        38.809513
    ],
    "edges": [
        6001
    ]
}