{
    "id": 6036,
    "location": [
        -122.579628,
        38.777004
    ],
    "edges": [
        6037
    ]
}