{
    "id": 6041,
    "location": [
        -122.570229,
        38.801022
    ],
    "edges": [
        6042
    ]
}