{
    "id": 6052,
    "location": [
        -122.611481,
        38.90337
    ],
    "edges": []
}