{
    "id": 6053,
    "location": [
        -121.291473,
        38.755619
    ],
    "edges": [
        6111
    ]
}