{
    "id": 6055,
    "location": [
        -121.106468,
        38.88443
    ],
    "edges": [
        6056
    ]
}