{
    "id": 6057,
    "location": [
        -121.12677,
        38.881058
    ],
    "edges": [
        6058
    ]
}