{
    "id": 6058,
    "location": [
        -121.130493,
        38.87957
    ],
    "edges": [
        6059
    ]
}