{
    "id": 606,
    "location": [
        -121.770348,
        41.645821
    ],
    "edges": [
        607
    ]
}