{
    "id": 6082,
    "location": [
        -121.01857,
        38.91021
    ],
    "edges": [
        6083
    ]
}