{
    "id": 6096,
    "location": [
        -120.95224,
        38.82991
    ],
    "edges": [
        6097
    ]
}