{
    "id": 6113,
    "location": [
        -120.45504,
        38.771439
    ],
    "edges": [
        6114
    ]
}