{
    "id": 6116,
    "location": [
        -120.49543,
        38.761684
    ],
    "edges": [
        6117
    ]
}