{
    "id": 6123,
    "location": [
        -120.594109,
        38.761238
    ],
    "edges": [
        6124
    ]
}