{
    "id": 6140,
    "location": [
        -120.749802,
        38.734234
    ],
    "edges": [
        6141
    ]
}