{
    "id": 6152,
    "location": [
        -121.486633,
        38.923615
    ],
    "edges": [
        6153
    ]
}