{
    "id": 616,
    "location": [
        -121.620438,
        41.685635
    ],
    "edges": [
        617
    ]
}