{
    "id": 6179,
    "location": [
        -122.920013,
        38.710293
    ],
    "edges": [
        6180
    ]
}