{
    "id": 6184,
    "location": [
        -122.964867,
        38.711246
    ],
    "edges": [
        6185
    ]
}