{
    "id": 6195,
    "location": [
        -123.625267,
        38.836407
    ],
    "edges": [
        6196
    ]
}