{
    "id": 6196,
    "location": [
        -123.599983,
        38.824608
    ],
    "edges": [
        6197
    ]
}