{
    "id": 6198,
    "location": [
        -123.58342,
        38.808697
    ],
    "edges": [
        6199
    ]
}