{
    "id": 6209,
    "location": [
        -123.467957,
        38.728878
    ],
    "edges": [
        6210
    ]
}