{
    "id": 6216,
    "location": [
        -119.976624,
        38.705902
    ],
    "edges": [
        6217
    ]
}