{
    "id": 6218,
    "location": [
        -119.969757,
        38.709488
    ],
    "edges": [
        6219
    ]
}