{
    "id": 6226,
    "location": [
        -121.773247,
        38.794521
    ],
    "edges": [
        6227
    ]
}