{
    "id": 6231,
    "location": [
        -121.763512,
        38.710743
    ],
    "edges": [
        6232
    ]
}