{
    "id": 6235,
    "location": [
        -121.783089,
        38.698017
    ],
    "edges": [
        6236
    ]
}