{
    "id": 6239,
    "location": [
        -121.808708,
        38.718552
    ],
    "edges": [
        6240
    ]
}