{
    "id": 6265,
    "location": [
        -121.950752,
        38.693577
    ],
    "edges": [
        6266
    ]
}