{
    "id": 6279,
    "location": [
        -122.134804,
        38.718685
    ],
    "edges": [
        6280
    ]
}