{
    "id": 6286,
    "location": [
        -122.179352,
        38.805447
    ],
    "edges": [
        6287
    ]
}