{
    "id": 6288,
    "location": [
        -122.188782,
        38.824333
    ],
    "edges": [
        6289
    ]
}