{
    "id": 6289,
    "location": [
        -122.189552,
        38.827053
    ],
    "edges": [
        6290
    ]
}