{
    "id": 6292,
    "location": [
        -122.219231,
        38.864403
    ],
    "edges": [
        6293
    ]
}