{
    "id": 6304,
    "location": [
        -122.327606,
        38.926571
    ],
    "edges": [
        6305
    ]
}