{
    "id": 6308,
    "location": [
        -122.343193,
        38.966061
    ],
    "edges": [
        6309
    ]
}