{
    "id": 6315,
    "location": [
        -121.742172,
        38.673458
    ],
    "edges": [
        6316,
        6330,
        6331
    ]
}