{
    "id": 6317,
    "location": [
        -121.745682,
        38.681515
    ],
    "edges": [
        6318
    ]
}