{
    "id": 6326,
    "location": [
        -121.462799,
        38.669804
    ],
    "edges": [
        6425
    ]
}