{
    "id": 6331,
    "location": [
        -121.744987,
        38.666943
    ],
    "edges": []
}