{
    "id": 6340,
    "location": [
        -123.34259,
        38.718273
    ],
    "edges": [
        6341
    ]
}