{
    "id": 6345,
    "location": [
        -123.39592,
        38.720036
    ],
    "edges": [
        6346
    ]
}