{
    "id": 6370,
    "location": [
        -120.892937,
        38.69965
    ],
    "edges": [
        6371
    ]
}