{
    "id": 6377,
    "location": [
        -123.334534,
        38.661995
    ],
    "edges": [
        6378
    ]
}