{
    "id": 638,
    "location": [
        -121.913551,
        41.683117
    ],
    "edges": [
        639
    ]
}