{
    "id": 6383,
    "location": [
        -123.073921,
        38.708767
    ],
    "edges": [
        6384
    ]
}