{
    "id": 6386,
    "location": [
        -123.105011,
        38.695393
    ],
    "edges": [
        6387
    ]
}