{
    "id": 6431,
    "location": [
        -119.548187,
        38.683846
    ],
    "edges": []
}