{
    "id": 6436,
    "location": [
        -119.587463,
        38.657955
    ],
    "edges": [
        6437
    ]
}