{
    "id": 6438,
    "location": [
        -119.582062,
        38.67157
    ],
    "edges": [
        6439
    ]
}