{
    "id": 6448,
    "location": [
        -119.662537,
        38.663204
    ],
    "edges": [
        6449
    ]
}