{
    "id": 6456,
    "location": [
        -121.337357,
        38.675571
    ],
    "edges": []
}