{
    "id": 6458,
    "location": [
        -121.387177,
        38.63678
    ],
    "edges": [
        6459,
        6656
    ]
}