{
    "id": 6465,
    "location": [
        -121.541023,
        38.663956
    ],
    "edges": [
        6466
    ]
}