{
    "id": 6468,
    "location": [
        -121.227371,
        38.631229
    ],
    "edges": [
        6469
    ]
}