{
    "id": 6479,
    "location": [
        -120.952293,
        38.660809
    ],
    "edges": []
}