{
    "id": 6481,
    "location": [
        -121.415489,
        38.627598
    ],
    "edges": [
        6484
    ]
}