{
    "id": 6484,
    "location": [
        -121.416939,
        38.627129
    ],
    "edges": []
}