{
    "id": 6488,
    "location": [
        -122.578743,
        38.908199
    ],
    "edges": [
        6489
    ]
}