{
    "id": 6492,
    "location": [
        -122.527733,
        38.878242
    ],
    "edges": [
        6493
    ]
}