{
    "id": 6493,
    "location": [
        -122.52153,
        38.881714
    ],
    "edges": [
        6494
    ]
}