{
    "id": 6500,
    "location": [
        -122.436462,
        38.870564
    ],
    "edges": [
        6501
    ]
}