{
    "id": 6501,
    "location": [
        -122.42926,
        38.863754
    ],
    "edges": [
        6502
    ]
}