{
    "id": 6504,
    "location": [
        -122.402443,
        38.860954
    ],
    "edges": [
        6505
    ]
}