{
    "id": 6517,
    "location": [
        -122.273949,
        38.747147
    ],
    "edges": [
        6518
    ]
}