{
    "id": 6529,
    "location": [
        -122.287216,
        38.623257
    ],
    "edges": [
        6547,
        6748
    ]
}