{
    "id": 6547,
    "location": [
        -122.314522,
        38.625828
    ],
    "edges": [
        6548
    ]
}