{
    "id": 6548,
    "location": [
        -122.328873,
        38.639469
    ],
    "edges": [
        6549
    ]
}