{
    "id": 6551,
    "location": [
        -122.362831,
        38.649788
    ],
    "edges": [
        6552
    ]
}