{
    "id": 6569,
    "location": [
        -122.484108,
        38.715202
    ],
    "edges": [
        6570
    ]
}