{
    "id": 6572,
    "location": [
        -122.513153,
        38.733711
    ],
    "edges": [
        6573
    ]
}