{
    "id": 658,
    "location": [
        -123.464577,
        41.634857
    ],
    "edges": [
        659
    ]
}