{
    "id": 6580,
    "location": [
        -121.763527,
        38.605984
    ],
    "edges": [
        6659
    ]
}