{
    "id": 6589,
    "location": [
        -121.583527,
        38.639961
    ],
    "edges": [
        6590
    ]
}