{
    "id": 6623,
    "location": [
        -122.81752,
        38.670155
    ],
    "edges": []
}