{
    "id": 6628,
    "location": [
        -121.280617,
        38.602612
    ],
    "edges": [
        6629
    ]
}