{
    "id": 6629,
    "location": [
        -121.274803,
        38.602894
    ],
    "edges": []
}