{
    "id": 6636,
    "location": [
        -121.308327,
        38.579227
    ],
    "edges": []
}