{
    "id": 6648,
    "location": [
        -121.352478,
        38.557804
    ],
    "edges": [
        6649,
        6670
    ]
}