{
    "id": 6655,
    "location": [
        -121.433731,
        38.606785
    ],
    "edges": [
        6656
    ]
}