{
    "id": 6673,
    "location": [
        -121.409882,
        38.543247
    ],
    "edges": [
        6674
    ]
}