{
    "id": 6686,
    "location": [
        -120.40834,
        38.534615
    ],
    "edges": [
        6687
    ]
}