{
    "id": 6697,
    "location": [
        -120.279648,
        38.562046
    ],
    "edges": [
        6698
    ]
}