{
    "id": 6698,
    "location": [
        -120.270027,
        38.568916
    ],
    "edges": [
        6699
    ]
}