{
    "id": 6717,
    "location": [
        -120.111671,
        38.705692
    ],
    "edges": [
        6718
    ]
}