{
    "id": 6730,
    "location": [
        -121.761299,
        38.523788
    ],
    "edges": [
        6732,
        7079
    ]
}