{
    "id": 6733,
    "location": [
        -121.431252,
        38.508728
    ],
    "edges": [
        6734,
        6736
    ]
}