{
    "id": 6744,
    "location": [
        -122.236633,
        38.542263
    ],
    "edges": [
        6745
    ]
}