{
    "id": 6753,
    "location": [
        -121.51368,
        38.528641
    ],
    "edges": [
        6754
    ]
}