{
    "id": 6789,
    "location": [
        -119.897667,
        38.530022
    ],
    "edges": [
        6790
    ]
}