{
    "id": 6791,
    "location": [
        -119.932693,
        38.516689
    ],
    "edges": [
        6792
    ]
}