{
    "id": 6801,
    "location": [
        -120.826347,
        38.504009
    ],
    "edges": [
        6802
    ]
}