{
    "id": 6814,
    "location": [
        -120.592697,
        38.58213
    ],
    "edges": [
        6815
    ]
}