{
    "id": 6817,
    "location": [
        -120.536324,
        38.558857
    ],
    "edges": [
        6818
    ]
}