{
    "id": 6818,
    "location": [
        -120.529114,
        38.553772
    ],
    "edges": [
        6819
    ]
}