{
    "id": 6829,
    "location": [
        -120.850883,
        38.602085
    ],
    "edges": [
        6830
    ]
}