{
    "id": 6830,
    "location": [
        -120.848007,
        38.597126
    ],
    "edges": [
        6831
    ]
}