{
    "id": 6838,
    "location": [
        -123.300697,
        38.600998
    ],
    "edges": [
        6839
    ]
}