{
    "id": 6840,
    "location": [
        -123.30661,
        38.591076
    ],
    "edges": [
        6841
    ]
}