{
    "id": 6846,
    "location": [
        -123.233719,
        38.551208
    ],
    "edges": [
        6847
    ]
}