{
    "id": 6854,
    "location": [
        -123.366852,
        38.617977
    ],
    "edges": [
        6855
    ]
}