{
    "id": 6874,
    "location": [
        -123.054878,
        38.485283
    ],
    "edges": [
        6875
    ]
}