{
    "id": 6877,
    "location": [
        -123.084541,
        38.518547
    ],
    "edges": [
        6878
    ]
}