{
    "id": 6883,
    "location": [
        -123.110443,
        38.570339
    ],
    "edges": [
        6884
    ]
}