{
    "id": 6886,
    "location": [
        -123.144096,
        38.590557
    ],
    "edges": [
        6887
    ]
}