{
    "id": 6905,
    "location": [
        -122.403664,
        38.475662
    ],
    "edges": [
        6906
    ]
}