{
    "id": 6914,
    "location": [
        -122.314651,
        38.489609
    ],
    "edges": [
        6915
    ]
}