{
    "id": 6925,
    "location": [
        -122.448196,
        38.483921
    ],
    "edges": [
        6926
    ]
}