{
    "id": 6929,
    "location": [
        -122.498901,
        38.526302
    ],
    "edges": [
        6930
    ]
}