{
    "id": 6938,
    "location": [
        -122.881866,
        38.673332
    ],
    "edges": [
        6939
    ]
}