{
    "id": 6939,
    "location": [
        -122.879227,
        38.669106
    ],
    "edges": [
        6940
    ]
}