{
    "id": 6943,
    "location": [
        -122.878151,
        38.625057
    ],
    "edges": [
        6944
    ]
}