{
    "id": 6960,
    "location": [
        -122.683968,
        38.454262
    ],
    "edges": [
        6961,
        6986
    ]
}