{
    "id": 6964,
    "location": [
        -121.125183,
        38.497482
    ],
    "edges": [
        6965
    ]
}