{
    "id": 6969,
    "location": [
        -121.057243,
        38.489235
    ],
    "edges": [
        6970
    ]
}