{
    "id": 6970,
    "location": [
        -121.050148,
        38.486931
    ],
    "edges": [
        6971
    ]
}