{
    "id": 6972,
    "location": [
        -121.010277,
        38.486748
    ],
    "edges": [
        6973
    ]
}