{
    "id": 6977,
    "location": [
        -120.933098,
        38.46175
    ],
    "edges": [
        6978
    ]
}