{
    "id": 6991,
    "location": [
        -123.087387,
        38.450043
    ],
    "edges": [
        6992
    ]
}