{
    "id": 6998,
    "location": [
        -123.154373,
        38.476273
    ],
    "edges": [
        6999
    ]
}