{
    "id": 7000,
    "location": [
        -123.147217,
        38.46307
    ],
    "edges": [
        7001
    ]
}