{
    "id": 7014,
    "location": [
        -122.109428,
        38.508034
    ],
    "edges": [
        7015
    ]
}