{
    "id": 7026,
    "location": [
        -120.589958,
        38.430496
    ],
    "edges": [
        7027
    ]
}