{
    "id": 7038,
    "location": [
        -122.714241,
        38.417942
    ],
    "edges": [
        7039
    ]
}