{
    "id": 7043,
    "location": [
        -121.428177,
        38.475479
    ],
    "edges": [
        7044
    ]
}