{
    "id": 7044,
    "location": [
        -121.427399,
        38.474232
    ],
    "edges": [
        7045
    ]
}