{
    "id": 705,
    "location": [
        -122.440239,
        41.644833
    ],
    "edges": [
        706
    ]
}