{
    "id": 7056,
    "location": [
        -121.234337,
        38.465199
    ],
    "edges": []
}