{
    "id": 708,
    "location": [
        -122.412354,
        41.630878
    ],
    "edges": [
        709
    ]
}