{
    "id": 7080,
    "location": [
        -121.943542,
        38.510471
    ],
    "edges": [
        7081
    ]
}