{
    "id": 7100,
    "location": [
        -120.663361,
        38.414555
    ],
    "edges": [
        7101
    ]
}