{
    "id": 7101,
    "location": [
        -120.667908,
        38.412369
    ],
    "edges": [
        7102
    ]
}