{
    "id": 7103,
    "location": [
        -120.717072,
        38.369541
    ],
    "edges": [
        7104
    ]
}