{
    "id": 7105,
    "location": [
        -120.755981,
        38.362968
    ],
    "edges": [
        7106
    ]
}