{
    "id": 7108,
    "location": [
        -120.78418,
        38.363556
    ],
    "edges": [
        7109
    ]
}