{
    "id": 7124,
    "location": [
        -119.50309,
        38.55891
    ],
    "edges": [
        7125
    ]
}