{
    "id": 7131,
    "location": [
        -119.460381,
        38.465038
    ],
    "edges": [
        7132
    ]
}