{
    "id": 7148,
    "location": [
        -122.910812,
        38.374405
    ],
    "edges": [
        7149
    ]
}