{
    "id": 7153,
    "location": [
        -122.715134,
        38.380611
    ],
    "edges": [
        7154
    ]
}