{
    "id": 716,
    "location": [
        -122.253502,
        41.571152
    ],
    "edges": [
        717
    ]
}