{
    "id": 7162,
    "location": [
        -122.736649,
        38.334904
    ],
    "edges": []
}