{
    "id": 7183,
    "location": [
        -123.10363,
        38.415722
    ],
    "edges": [
        7184
    ]
}