{
    "id": 7202,
    "location": [
        -122.647957,
        38.46814
    ],
    "edges": [
        7203
    ]
}