{
    "id": 721,
    "location": [
        -120.024406,
        41.56142
    ],
    "edges": [
        722
    ]
}