{
    "id": 7214,
    "location": [
        -122.292061,
        38.306492
    ],
    "edges": [
        7220
    ]
}