{
    "id": 7218,
    "location": [
        -122.454582,
        38.294197
    ],
    "edges": [
        7219
    ]
}