{
    "id": 7220,
    "location": [
        -122.274872,
        38.291691
    ],
    "edges": [
        7251
    ]
}