{
    "id": 7234,
    "location": [
        -121.043053,
        38.387432
    ],
    "edges": [
        7235
    ]
}