{
    "id": 7255,
    "location": [
        -122.032173,
        38.316891
    ],
    "edges": [
        7256
    ]
}