{
    "id": 7257,
    "location": [
        -122.039383,
        38.287113
    ],
    "edges": [
        7258
    ]
}