{
    "id": 7262,
    "location": [
        -119.176788,
        38.404789
    ],
    "edges": [
        7263
    ]
}