{
    "id": 7267,
    "location": [
        -119.206993,
        38.317955
    ],
    "edges": [
        7268
    ]
}