{
    "id": 7299,
    "location": [
        -122.635521,
        38.251362
    ],
    "edges": [
        7322
    ]
}