{
    "id": 7303,
    "location": [
        -122.937057,
        38.329163
    ],
    "edges": [
        7304
    ]
}