{
    "id": 7311,
    "location": [
        -122.902397,
        38.28553
    ],
    "edges": [
        7312
    ]
}