{
    "id": 7317,
    "location": [
        -122.937393,
        38.244934
    ],
    "edges": [
        7318
    ]
}