{
    "id": 7321,
    "location": [
        -122.960403,
        38.249851
    ],
    "edges": []
}