{
    "id": 7329,
    "location": [
        -122.883179,
        38.246014
    ],
    "edges": [
        7330
    ]
}