{
    "id": 7334,
    "location": [
        -122.762703,
        38.258041
    ],
    "edges": [
        7335
    ]
}