{
    "id": 7346,
    "location": [
        -119.564583,
        38.32114
    ],
    "edges": [
        7347
    ]
}