{
    "id": 7375,
    "location": [
        -119.922073,
        38.327648
    ],
    "edges": [
        7376
    ]
}