{
    "id": 7381,
    "location": [
        -119.990227,
        38.271652
    ],
    "edges": [
        7382
    ]
}