{
    "id": 7384,
    "location": [
        -119.992104,
        38.243652
    ],
    "edges": [
        7385
    ]
}