{
    "id": 7387,
    "location": [
        -121.469879,
        38.334217
    ],
    "edges": [
        7388
    ]
}