{
    "id": 7388,
    "location": [
        -121.467087,
        38.305191
    ],
    "edges": [
        7389
    ]
}