{
    "id": 74,
    "location": [
        -123.746162,
        41.954208
    ],
    "edges": [
        75
    ]
}