{
    "id": 7405,
    "location": [
        -121.994293,
        38.243893
    ],
    "edges": [
        7406
    ]
}