{
    "id": 7414,
    "location": [
        -120.71801,
        38.252159
    ],
    "edges": [
        7415
    ]
}