{
    "id": 7434,
    "location": [
        -120.749763,
        38.21804
    ],
    "edges": [
        7435
    ]
}