{
    "id": 7446,
    "location": [
        -119.22374,
        38.250336
    ],
    "edges": []
}