{
    "id": 7473,
    "location": [
        -119.161346,
        38.170628
    ],
    "edges": [
        7474
    ]
}