{
    "id": 7474,
    "location": [
        -119.165314,
        38.178131
    ],
    "edges": [
        7475
    ]
}