{
    "id": 7477,
    "location": [
        -121.870743,
        38.207001
    ],
    "edges": [
        7478
    ]
}