{
    "id": 7499,
    "location": [
        -122.454697,
        38.153324
    ],
    "edges": [
        7653,
        7661
    ]
}