{
    "id": 7506,
    "location": [
        -121.26178,
        38.193363
    ],
    "edges": [
        7507
    ]
}