{
    "id": 7536,
    "location": [
        -120.322968,
        38.272488
    ],
    "edges": [
        7537
    ]
}