{
    "id": 7545,
    "location": [
        -120.366737,
        38.195549
    ],
    "edges": [
        7546
    ]
}