{
    "id": 7553,
    "location": [
        -120.449059,
        38.14856
    ],
    "edges": [
        7554
    ]
}