{
    "id": 7559,
    "location": [
        -120.556839,
        38.424263
    ],
    "edges": [
        7560
    ]
}