{
    "id": 7566,
    "location": [
        -120.522614,
        38.402664
    ],
    "edges": [
        7567
    ]
}