{
    "id": 7592,
    "location": [
        -120.443398,
        38.199131
    ],
    "edges": [
        7593
    ]
}