{
    "id": 7601,
    "location": [
        -121.149887,
        38.162479
    ],
    "edges": [
        7602
    ]
}