{
    "id": 7633,
    "location": [
        -121.270287,
        38.131279
    ],
    "edges": [
        7655,
        7662
    ]
}