{
    "id": 7636,
    "location": [
        -122.218933,
        38.140083
    ],
    "edges": [
        7637
    ]
}