{
    "id": 7637,
    "location": [
        -122.209953,
        38.160709
    ],
    "edges": [
        7638
    ]
}