{
    "id": 7645,
    "location": [
        -122.147049,
        38.21003
    ],
    "edges": []
}