{
    "id": 766,
    "location": [
        -123.957603,
        41.538425
    ],
    "edges": [
        767
    ]
}