{
    "id": 7701,
    "location": [
        -122.591728,
        38.173782
    ],
    "edges": [
        7702
    ]
}