{
    "id": 7708,
    "location": [
        -122.574951,
        38.111267
    ],
    "edges": [
        7725
    ]
}