{
    "id": 7735,
    "location": [
        -121.887787,
        38.149494
    ],
    "edges": [
        7736
    ]
}