{
    "id": 7742,
    "location": [
        -122.520187,
        38.110195
    ],
    "edges": [
        7743
    ]
}