{
    "id": 7746,
    "location": [
        -120.67646,
        38.200115
    ],
    "edges": [
        7747
    ]
}