{
    "id": 7748,
    "location": [
        -120.663406,
        38.180756
    ],
    "edges": [
        7749
    ]
}