{
    "id": 777,
    "location": [
        -123.87986,
        41.524834
    ],
    "edges": [
        778
    ]
}