{
    "id": 778,
    "location": [
        -123.869148,
        41.52483
    ],
    "edges": [
        779
    ]
}