{
    "id": 7781,
    "location": [
        -122.829803,
        38.09742
    ],
    "edges": [
        7782
    ]
}