{
    "id": 7789,
    "location": [
        -122.918297,
        38.199451
    ],
    "edges": [
        7790
    ]
}