{
    "id": 7790,
    "location": [
        -122.918861,
        38.203094
    ],
    "edges": [
        7791
    ]
}