{
    "id": 7792,
    "location": [
        -122.923309,
        38.215973
    ],
    "edges": [
        7793
    ]
}