{
    "id": 7804,
    "location": [
        -120.501572,
        38.090824
    ],
    "edges": [
        7805
    ]
}