{
    "id": 7817,
    "location": [
        -122.108147,
        38.137455
    ],
    "edges": [
        7818
    ]
}