{
    "id": 7829,
    "location": [
        -119.158127,
        38.048378
    ],
    "edges": [
        7830,
        8109
    ]
}