{
    "id": 7867,
    "location": [
        -122.032143,
        38.04932
    ],
    "edges": [
        7868
    ]
}