{
    "id": 7872,
    "location": [
        -122.100754,
        38.020748
    ],
    "edges": [
        7873,
        7877,
        7957
    ]
}