{
    "id": 7873,
    "location": [
        -122.113731,
        38.029427
    ],
    "edges": [
        7874
    ]
}