{
    "id": 7874,
    "location": [
        -122.131538,
        38.050716
    ],
    "edges": []
}