{
    "id": 7890,
    "location": [
        -122.975868,
        38.051781
    ],
    "edges": [
        7891
    ]
}