{
    "id": 7907,
    "location": [
        -122.034569,
        38.008022
    ],
    "edges": [
        7919,
        7989
    ]
}