{
    "id": 7916,
    "location": [
        -121.739304,
        38.050323
    ],
    "edges": [
        7917
    ]
}