{
    "id": 7923,
    "location": [
        -122.536659,
        38.057106
    ],
    "edges": [
        7924
    ]
}