{
    "id": 793,
    "location": [
        -123.897171,
        41.695839
    ],
    "edges": [
        794
    ]
}