{
    "id": 7931,
    "location": [
        -121.815033,
        38.000648
    ],
    "edges": [
        7932,
        7991
    ]
}