{
    "id": 7948,
    "location": [
        -122.687187,
        38.020191
    ],
    "edges": [
        7949
    ]
}