{
    "id": 7967,
    "location": [
        -120.520126,
        38.045181
    ],
    "edges": [
        7968
    ]
}