{
    "id": 7970,
    "location": [
        -120.50338,
        38.032547
    ],
    "edges": [
        7971
    ]
}