{
    "id": 7982,
    "location": [
        -120.443588,
        37.993732
    ],
    "edges": [
        7983
    ]
}