{
    "id": 799,
    "location": [
        -123.878059,
        41.759613
    ],
    "edges": [
        800
    ]
}