{
    "id": 7995,
    "location": [
        -122.577827,
        37.991356
    ],
    "edges": [
        8010
    ]
}