{
    "id": 8001,
    "location": [
        -121.252853,
        38.006748
    ],
    "edges": [
        8002
    ]
}