{
    "id": 8005,
    "location": [
        -122.15033,
        37.993481
    ],
    "edges": [
        8006
    ]
}