{
    "id": 8012,
    "location": [
        -121.753998,
        37.995152
    ],
    "edges": [
        8013
    ]
}