{
    "id": 8044,
    "location": [
        -120.636513,
        37.983158
    ],
    "edges": [
        8153,
        8214
    ]
}