{
    "id": 8052,
    "location": [
        -120.356453,
        37.983307
    ],
    "edges": [
        8053
    ]
}