{
    "id": 8059,
    "location": [
        -122.304466,
        37.996605
    ],
    "edges": [
        8060
    ]
}