{
    "id": 8061,
    "location": [
        -122.317017,
        37.972748
    ],
    "edges": [
        8081
    ]
}