{
    "id": 8086,
    "location": [
        -122.055138,
        37.969234
    ],
    "edges": [
        8087
    ]
}