{
    "id": 809,
    "location": [
        -123.88578,
        41.838116
    ],
    "edges": [
        810
    ]
}