{
    "id": 8091,
    "location": [
        -122.037064,
        37.972435
    ],
    "edges": [
        8092
    ]
}