{
    "id": 8097,
    "location": [
        -121.906387,
        37.97617
    ],
    "edges": [
        8098
    ]
}