{
    "id": 8110,
    "location": [
        -119.151558,
        38.005322
    ],
    "edges": [
        8111
    ]
}