{
    "id": 8127,
    "location": [
        -120.864479,
        38.060047
    ],
    "edges": [
        8128
    ]
}