{
    "id": 8160,
    "location": [
        -120.814781,
        37.945911
    ],
    "edges": [
        8161
    ]
}