{
    "id": 8162,
    "location": [
        -122.410622,
        37.93845
    ],
    "edges": [
        8163
    ]
}