{
    "id": 8168,
    "location": [
        -120.98793,
        37.93605
    ],
    "edges": [
        8169
    ]
}