{
    "id": 8194,
    "location": [
        -122.068932,
        37.923298
    ],
    "edges": [
        8195
    ]
}