{
    "id": 8232,
    "location": [
        -121.463882,
        37.901886
    ],
    "edges": [
        8233
    ]
}