{
    "id": 8251,
    "location": [
        -122.513206,
        37.922302
    ],
    "edges": [
        8252
    ]
}