{
    "id": 8258,
    "location": [
        -122.107498,
        37.896797
    ],
    "edges": [
        8259
    ]
}