{
    "id": 8267,
    "location": [
        -122.170273,
        37.888226
    ],
    "edges": [
        8268
    ]
}