{
    "id": 827,
    "location": [
        -120.623329,
        41.515091
    ],
    "edges": [
        828
    ]
}