{
    "id": 828,
    "location": [
        -120.636101,
        41.534348
    ],
    "edges": [
        829
    ]
}