{
    "id": 8303,
    "location": [
        -122.606377,
        37.880268
    ],
    "edges": [
        8304
    ]
}