{
    "id": 8304,
    "location": [
        -122.597763,
        37.880871
    ],
    "edges": [
        8305
    ]
}