{
    "id": 8311,
    "location": [
        -122.553886,
        37.881599
    ],
    "edges": [
        8312
    ]
}