{
    "id": 8324,
    "location": [
        -122.21051,
        37.853767
    ],
    "edges": [
        8329
    ]
}