{
    "id": 8336,
    "location": [
        -120.511658,
        37.857632
    ],
    "edges": [
        8337
    ]
}