{
    "id": 8344,
    "location": [
        -122.109627,
        37.842457
    ],
    "edges": []
}