{
    "id": 8364,
    "location": [
        -118.449753,
        37.889572
    ],
    "edges": [
        8365
    ]
}