{
    "id": 8388,
    "location": [
        -120.208107,
        37.835346
    ],
    "edges": [
        8389
    ]
}