{
    "id": 8395,
    "location": [
        -120.103638,
        37.818501
    ],
    "edges": [
        8396
    ]
}