{
    "id": 8407,
    "location": [
        -120.61364,
        37.847603
    ],
    "edges": [
        8408
    ]
}