{
    "id": 8412,
    "location": [
        -122.26683,
        37.808147
    ],
    "edges": [
        8413,
        8414,
        8532
    ]
}