{
    "id": 842,
    "location": [
        -120.747658,
        41.765224
    ],
    "edges": [
        843
    ]
}