{
    "id": 8449,
    "location": [
        -118.481171,
        37.820984
    ],
    "edges": [
        8450
    ]
}