{
    "id": 8451,
    "location": [
        -118.512611,
        37.822056
    ],
    "edges": [
        8452
    ]
}