{
    "id": 8455,
    "location": [
        -118.549141,
        37.785942
    ],
    "edges": [
        8456
    ]
}