{
    "id": 8475,
    "location": [
        -122.50106,
        37.784046
    ],
    "edges": [
        8503
    ]
}