{
    "id": 8483,
    "location": [
        -120.853012,
        37.773575
    ],
    "edges": [
        8506
    ]
}