{
    "id": 8490,
    "location": [
        -120.725517,
        37.789974
    ],
    "edges": [
        8491
    ]
}