{
    "id": 8495,
    "location": [
        -120.67926,
        37.806156
    ],
    "edges": [
        8496
    ]
}