{
    "id": 8499,
    "location": [
        -122.462669,
        37.769596
    ],
    "edges": [
        8500
    ]
}