{
    "id": 8500,
    "location": [
        -122.463074,
        37.780148
    ],
    "edges": []
}