{
    "id": 8507,
    "location": [
        -122.503357,
        37.764587
    ],
    "edges": [
        8529
    ]
}