{
    "id": 852,
    "location": [
        -120.53125,
        41.495533
    ],
    "edges": [
        854
    ]
}