{
    "id": 8525,
    "location": [
        -122.168877,
        37.778931
    ],
    "edges": [
        8526
    ]
}