{
    "id": 8531,
    "location": [
        -120.839447,
        37.756157
    ],
    "edges": [
        8868
    ]
}