{
    "id": 855,
    "location": [
        -124.02079,
        41.529037
    ],
    "edges": [
        856
    ]
}