{
    "id": 8551,
    "location": [
        -119.720772,
        37.793583
    ],
    "edges": [
        8552
    ]
}