{
    "id": 8558,
    "location": [
        -119.643631,
        37.859482
    ],
    "edges": [
        8559
    ]
}