{
    "id": 8569,
    "location": [
        -119.583191,
        37.827145
    ],
    "edges": [
        8570
    ]
}