{
    "id": 8575,
    "location": [
        -119.52829,
        37.814163
    ],
    "edges": [
        8576
    ]
}