{
    "id": 858,
    "location": [
        -124.047333,
        41.491478
    ],
    "edges": [
        859
    ]
}