{
    "id": 8580,
    "location": [
        -119.483597,
        37.813812
    ],
    "edges": [
        8581
    ]
}