{
    "id": 8583,
    "location": [
        -119.456757,
        37.842018
    ],
    "edges": [
        8584
    ]
}