{
    "id": 8593,
    "location": [
        -119.315247,
        37.886345
    ],
    "edges": [
        8594
    ]
}