{
    "id": 8594,
    "location": [
        -119.305923,
        37.882603
    ],
    "edges": [
        8595
    ]
}