{
    "id": 8616,
    "location": [
        -119.926514,
        37.824226
    ],
    "edges": [
        8617
    ]
}