{
    "id": 8636,
    "location": [
        -121.358871,
        37.750336
    ],
    "edges": [
        8657,
        8790
    ]
}