{
    "id": 8640,
    "location": [
        -121.453339,
        37.763466
    ],
    "edges": [
        8641
    ]
}