{
    "id": 8686,
    "location": [
        -120.238037,
        37.746826
    ],
    "edges": [
        8687
    ]
}