{
    "id": 8688,
    "location": [
        -120.244888,
        37.759731
    ],
    "edges": [
        8689
    ]
}