{
    "id": 8700,
    "location": [
        -122.120506,
        37.711868
    ],
    "edges": [
        8716
    ]
}