{
    "id": 8714,
    "location": [
        -121.937363,
        37.707062
    ],
    "edges": [
        8715,
        8748,
        8771
    ]
}