{
    "id": 8724,
    "location": [
        -121.907417,
        37.796871
    ],
    "edges": [
        8725
    ]
}