{
    "id": 8729,
    "location": [
        -121.864906,
        37.790428
    ],
    "edges": [
        8730
    ]
}