{
    "id": 8742,
    "location": [
        -122.414452,
        37.721397
    ],
    "edges": [
        8743
    ]
}