{
    "id": 88,
    "location": [
        -122.728844,
        41.872257
    ],
    "edges": [
        89
    ]
}