{
    "id": 8820,
    "location": [
        -122.100166,
        37.693401
    ],
    "edges": [
        8821
    ]
}