{
    "id": 8830,
    "location": [
        -119.004967,
        37.773418
    ],
    "edges": [
        8831
    ]
}