{
    "id": 8837,
    "location": [
        -119.069862,
        37.834393
    ],
    "edges": [
        8838
    ]
}