{
    "id": 8841,
    "location": [
        -121.812332,
        37.67421
    ],
    "edges": [
        8842
    ]
}