{
    "id": 8845,
    "location": [
        -121.881264,
        37.652161
    ],
    "edges": [
        8848,
        9050
    ]
}