{
    "id": 8852,
    "location": [
        -122.444649,
        37.647354
    ],
    "edges": [
        8853
    ]
}