{
    "id": 8856,
    "location": [
        -122.186867,
        37.724373
    ],
    "edges": [
        8857
    ]
}