{
    "id": 8861,
    "location": [
        -122.111588,
        37.675297
    ],
    "edges": [
        8862
    ]
}