{
    "id": 8876,
    "location": [
        -120.940514,
        37.64172
    ],
    "edges": [
        8877,
        8882
    ]
}