{
    "id": 888,
    "location": [
        -122.261292,
        41.544861
    ],
    "edges": [
        889
    ]
}