{
    "id": 8887,
    "location": [
        -120.678558,
        37.651615
    ],
    "edges": [
        8888
    ]
}