{
    "id": 8891,
    "location": [
        -120.559464,
        37.639462
    ],
    "edges": [
        8892
    ]
}