{
    "id": 8903,
    "location": [
        -121.053001,
        37.640308
    ],
    "edges": [
        8904
    ]
}