{
    "id": 8914,
    "location": [
        -120.382393,
        37.636681
    ],
    "edges": [
        8915
    ]
}