{
    "id": 892,
    "location": [
        -120.834297,
        41.464611
    ],
    "edges": [
        893
    ]
}