{
    "id": 8934,
    "location": [
        -120.226967,
        37.707424
    ],
    "edges": [
        8935
    ]
}