{
    "id": 8970,
    "location": [
        -118.713387,
        37.658123
    ],
    "edges": [
        8971
    ]
}