{
    "id": 8971,
    "location": [
        -118.717339,
        37.653954
    ],
    "edges": [
        8972
    ]
}