{
    "id": 8974,
    "location": [
        -118.726067,
        37.644684
    ],
    "edges": [
        8975
    ]
}