{
    "id": 8990,
    "location": [
        -118.561523,
        37.64257
    ],
    "edges": [
        8991
    ]
}