{
    "id": 8997,
    "location": [
        -118.513969,
        37.686363
    ],
    "edges": [
        8998
    ]
}