{
    "id": 9001,
    "location": [
        -118.469917,
        37.701679
    ],
    "edges": [
        9002
    ]
}