{
    "id": 9007,
    "location": [
        -122.091522,
        37.644707
    ],
    "edges": []
}