{
    "id": 901,
    "location": [
        -120.621803,
        41.500031
    ],
    "edges": []
}