{
    "id": 9021,
    "location": [
        -122.145416,
        37.622524
    ],
    "edges": [
        9022
    ]
}