{
    "id": 9026,
    "location": [
        -120.963333,
        37.60918
    ],
    "edges": [
        9031
    ]
}