{
    "id": 9035,
    "location": [
        -121.533058,
        37.716255
    ],
    "edges": [
        9036
    ]
}