{
    "id": 9038,
    "location": [
        -122.011551,
        37.601406
    ],
    "edges": [
        9047
    ]
}