{
    "id": 9054,
    "location": [
        -121.859596,
        37.608456
    ],
    "edges": [
        9055
    ]
}