{
    "id": 9056,
    "location": [
        -121.86927,
        37.585262
    ],
    "edges": [
        9057,
        9128,
        9403
    ]
}