{
    "id": 9066,
    "location": [
        -122.386703,
        37.575161
    ],
    "edges": [
        9097
    ]
}