{
    "id": 9067,
    "location": [
        -121.954453,
        37.575092
    ],
    "edges": [
        9068,
        9094
    ]
}