{
    "id": 9081,
    "location": [
        -120.145317,
        37.651325
    ],
    "edges": [
        9082
    ]
}