{
    "id": 9087,
    "location": [
        -120.13575,
        37.611881
    ],
    "edges": [
        9088
    ]
}