{
    "id": 9089,
    "location": [
        -120.127083,
        37.595798
    ],
    "edges": [
        9090
    ]
}