{
    "id": 9093,
    "location": [
        -122.267143,
        37.568996
    ],
    "edges": [
        9096
    ]
}