{
    "id": 9103,
    "location": [
        -122.295311,
        37.55529
    ],
    "edges": [
        9104,
        9108,
        9122,
        9159
    ]
}