{
    "id": 9108,
    "location": [
        -122.304443,
        37.565979
    ],
    "edges": []
}