{
    "id": 9127,
    "location": [
        -120.942383,
        37.590881
    ],
    "edges": []
}