{
    "id": 9130,
    "location": [
        -121.908234,
        37.552029
    ],
    "edges": [
        9131
    ]
}