{
    "id": 9162,
    "location": [
        -122.258743,
        37.514927
    ],
    "edges": [
        9260
    ]
}