{
    "id": 9185,
    "location": [
        -120.069031,
        37.520302
    ],
    "edges": [
        9186
    ]
}