{
    "id": 9192,
    "location": [
        -120.861839,
        37.497238
    ],
    "edges": [
        9193,
        9194
    ]
}