{
    "id": 9193,
    "location": [
        -120.860603,
        37.497105
    ],
    "edges": [
        9197
    ]
}