{
    "id": 9223,
    "location": [
        -119.965462,
        37.499886
    ],
    "edges": [
        9224
    ]
}