{
    "id": 9225,
    "location": [
        -119.96225,
        37.514172
    ],
    "edges": [
        9226
    ]
}