{
    "id": 9252,
    "location": [
        -119.807426,
        37.665077
    ],
    "edges": [
        9253
    ]
}