{
    "id": 9256,
    "location": [
        -119.741928,
        37.685188
    ],
    "edges": [
        9257
    ]
}