{
    "id": 9273,
    "location": [
        -120.84729,
        37.485863
    ],
    "edges": [
        9305
    ]
}