{
    "id": 9281,
    "location": [
        -120.165253,
        37.564419
    ],
    "edges": [
        9282
    ]
}