{
    "id": 9296,
    "location": [
        -120.306992,
        37.494766
    ],
    "edges": [
        9297
    ]
}