{
    "id": 9297,
    "location": [
        -120.312424,
        37.501282
    ],
    "edges": [
        9298
    ]
}