{
    "id": 9299,
    "location": [
        -120.320862,
        37.525154
    ],
    "edges": [
        9300
    ]
}