{
    "id": 930,
    "location": [
        -122.830544,
        41.441292
    ],
    "edges": [
        931
    ]
}