{
    "id": 9313,
    "location": [
        -120.48774,
        37.497551
    ],
    "edges": [
        9314
    ]
}