{
    "id": 9323,
    "location": [
        -117.834793,
        37.472286
    ],
    "edges": []
}