{
    "id": 9325,
    "location": [
        -122.261833,
        37.475113
    ],
    "edges": [
        9326
    ]
}