{
    "id": 9356,
    "location": [
        -118.975197,
        37.573711
    ],
    "edges": [
        9357
    ]
}