{
    "id": 9362,
    "location": [
        -118.995781,
        37.641743
    ],
    "edges": [
        9363
    ]
}