{
    "id": 9365,
    "location": [
        -118.932732,
        37.639153
    ],
    "edges": [
        9366
    ]
}