{
    "id": 937,
    "location": [
        -122.861603,
        41.440514
    ],
    "edges": [
        938
    ]
}