{
    "id": 9373,
    "location": [
        -122.457283,
        37.497356
    ],
    "edges": [
        9374
    ]
}