{
    "id": 938,
    "location": [
        -122.850883,
        41.417934
    ],
    "edges": [
        939
    ]
}