{
    "id": 9388,
    "location": [
        -121.177841,
        37.464928
    ],
    "edges": [
        9389,
        9394,
        9723,
        10187
    ]
}