{
    "id": 9394,
    "location": [
        -121.16217,
        37.464203
    ],
    "edges": []
}