{
    "id": 9395,
    "location": [
        -120.820663,
        37.474014
    ],
    "edges": [
        9396
    ]
}