{
    "id": 9405,
    "location": [
        -121.851921,
        37.538757
    ],
    "edges": [
        9406
    ]
}