{
    "id": 9406,
    "location": [
        -121.845886,
        37.524525
    ],
    "edges": [
        9407
    ]
}