{
    "id": 9414,
    "location": [
        -121.828247,
        37.446701
    ],
    "edges": [
        9415
    ]
}