{
    "id": 9421,
    "location": [
        -122.105614,
        37.436783
    ],
    "edges": [
        9429
    ]
}