{
    "id": 9423,
    "location": [
        -121.877129,
        37.446323
    ],
    "edges": [
        9424
    ]
}