{
    "id": 9426,
    "location": [
        -121.908836,
        37.488239
    ],
    "edges": [
        9427
    ]
}