{
    "id": 9439,
    "location": [
        -121.89756,
        37.445915
    ],
    "edges": []
}