{
    "id": 9453,
    "location": [
        -122.216614,
        37.425724
    ],
    "edges": [
        9467
    ]
}