{
    "id": 9468,
    "location": [
        -122.201538,
        37.414928
    ],
    "edges": []
}