{
    "id": 9478,
    "location": [
        -122.052757,
        37.397755
    ],
    "edges": [
        9479
    ]
}