{
    "id": 9480,
    "location": [
        -122.048912,
        37.395733
    ],
    "edges": [
        9481
    ]
}