{
    "id": 9492,
    "location": [
        -122.164299,
        37.392731
    ],
    "edges": [
        9524
    ]
}