{
    "id": 9497,
    "location": [
        -122.010521,
        37.389301
    ],
    "edges": []
}