{
    "id": 9502,
    "location": [
        -118.556976,
        37.423931
    ],
    "edges": [
        9503
    ]
}