{
    "id": 9505,
    "location": [
        -118.58754,
        37.494911
    ],
    "edges": [
        9506
    ]
}