{
    "id": 952,
    "location": [
        -123.507874,
        41.493389
    ],
    "edges": [
        953
    ]
}