{
    "id": 9577,
    "location": [
        -120.700752,
        37.388626
    ],
    "edges": [
        9578
    ]
}