{
    "id": 958,
    "location": [
        -123.499168,
        41.449394
    ],
    "edges": [
        959
    ]
}