{
    "id": 959,
    "location": [
        -123.490379,
        41.441433
    ],
    "edges": [
        960
    ]
}