{
    "id": 9619,
    "location": [
        -119.688606,
        37.56908
    ],
    "edges": [
        9620
    ]
}