{
    "id": 963,
    "location": [
        -122.805237,
        41.355747
    ],
    "edges": [
        964
    ]
}