{
    "id": 9634,
    "location": [
        -119.70594,
        37.684978
    ],
    "edges": [
        9635
    ]
}