{
    "id": 9644,
    "location": [
        -119.621277,
        37.719841
    ],
    "edges": [
        9645
    ]
}