{
    "id": 9656,
    "location": [
        -119.601387,
        37.746346
    ],
    "edges": [
        9657
    ]
}