{
    "id": 9659,
    "location": [
        -119.675278,
        37.724316
    ],
    "edges": [
        9660
    ]
}