{
    "id": 9672,
    "location": [
        -119.734627,
        37.397362
    ],
    "edges": [
        9673
    ]
}