{
    "id": 9676,
    "location": [
        -119.743462,
        37.44717
    ],
    "edges": [
        9677
    ]
}