{
    "id": 9681,
    "location": [
        -119.819206,
        37.455273
    ],
    "edges": [
        9682
    ]
}