{
    "id": 9691,
    "location": [
        -119.948662,
        37.46402
    ],
    "edges": [
        9692
    ]
}