{
    "id": 9694,
    "location": [
        -122.101799,
        37.394783
    ],
    "edges": [
        9695
    ]
}