{
    "id": 9698,
    "location": [
        -122.051353,
        37.351871
    ],
    "edges": [
        9699
    ]
}