{
    "id": 9719,
    "location": [
        -120.600029,
        37.342068
    ],
    "edges": [
        9720
    ]
}