{
    "id": 9728,
    "location": [
        -121.244621,
        37.465023
    ],
    "edges": [
        9729
    ]
}