{
    "id": 9733,
    "location": [
        -121.270897,
        37.456833
    ],
    "edges": [
        9734
    ]
}