{
    "id": 9758,
    "location": [
        -121.476753,
        37.322201
    ],
    "edges": [
        9759
    ]
}