{
    "id": 9763,
    "location": [
        -121.573334,
        37.356956
    ],
    "edges": [
        9764
    ]
}