{
    "id": 9770,
    "location": [
        -121.645699,
        37.348671
    ],
    "edges": [
        9771
    ]
}