{
    "id": 9797,
    "location": [
        -122.358482,
        37.481506
    ],
    "edges": [
        9798
    ]
}