{
    "id": 9799,
    "location": [
        -122.34095,
        37.459965
    ],
    "edges": [
        9800
    ]
}