{
    "id": 9809,
    "location": [
        -122.260742,
        37.384968
    ],
    "edges": [
        9810
    ]
}