{
    "id": 9812,
    "location": [
        -122.244011,
        37.357414
    ],
    "edges": [
        9813
    ]
}