{
    "id": 9814,
    "location": [
        -122.232697,
        37.346622
    ],
    "edges": [
        9815
    ]
}