{
    "id": 9835,
    "location": [
        -121.794533,
        37.312286
    ],
    "edges": [
        9855
    ]
}