{
    "id": 9850,
    "location": [
        -120.774933,
        37.312458
    ],
    "edges": [
        9851
    ]
}