{
    "id": 9861,
    "location": [
        -120.180672,
        37.363174
    ],
    "edges": [
        9862
    ]
}