{
    "id": 9863,
    "location": [
        -120.161919,
        37.382191
    ],
    "edges": [
        9864
    ]
}