{
    "id": 9867,
    "location": [
        -120.101753,
        37.428986
    ],
    "edges": [
        9868
    ]
}