{
    "id": 9880,
    "location": [
        -120.011276,
        37.481003
    ],
    "edges": []
}