{
    "id": 9887,
    "location": [
        -120.449333,
        37.291351
    ],
    "edges": [
        10119
    ]
}