{
    "id": 9893,
    "location": [
        -122.229317,
        37.290527
    ],
    "edges": [
        9894
    ]
}