{
    "id": 9899,
    "location": [
        -122.29567,
        37.309868
    ],
    "edges": [
        9900
    ]
}