{
    "id": 9903,
    "location": [
        -122.326118,
        37.315048
    ],
    "edges": [
        9904
    ]
}