{
    "id": 9915,
    "location": [
        -119.653038,
        37.285671
    ],
    "edges": [
        9916
    ]
}