{
    "id": 9930,
    "location": [
        -121.026482,
        37.322964
    ],
    "edges": []
}