{
    "id": 9938,
    "location": [
        -121.810478,
        37.26601
    ],
    "edges": [
        9939
    ]
}