{
    "id": 9942,
    "location": [
        -122.142067,
        37.271057
    ],
    "edges": [
        9943
    ]
}