{
    "id": 9956,
    "location": [
        -122.109711,
        37.257877
    ],
    "edges": [
        9957
    ]
}