{
    "id": 9962,
    "location": [
        -122.06469,
        37.248161
    ],
    "edges": [
        9963
    ]
}