{
    "id": 9964,
    "location": [
        -122.048576,
        37.247181
    ],
    "edges": []
}