{
    "id": 9966,
    "location": [
        -118.923752,
        37.447399
    ],
    "edges": [
        9967
    ]
}