{
    "id": 9970,
    "location": [
        -118.912521,
        37.420494
    ],
    "edges": [
        9971
    ]
}