{
    "id": 9982,
    "location": [
        -118.871422,
        37.351559
    ],
    "edges": [
        9983
    ]
}