{
    "id": 100055,
    "category": 60,
    "location": [
        -118.89417,
        34.49472
    ],
    "keywords": [
        45,
        74,
        16,
        34,
        13,
        68,
        7,
        56
    ]
}