{
    "id": 100013,
    "category": 60,
    "location": [
        -118.81778,
        34.01556
    ],
    "keywords": [
        43
    ]
}