{
    "id": 10006,
    "category": 13,
    "location": [
        -122.50917,
        38.97917
    ],
    "keywords": [
        68,
        49,
        6,
        17,
        29,
        72,
        75
    ]
}