{
    "id": 100053,
    "category": 60,
    "location": [
        -118.89194,
        34.69083
    ],
    "keywords": [
        46,
        58,
        63,
        41,
        1,
        69,
        52,
        23,
        67,
        64,
        10,
        34
    ]
}