{
    "id": 100090,
    "category": 60,
    "location": [
        -118.95639,
        35.73806
    ],
    "keywords": [
        51,
        70,
        52,
        59,
        48,
        23,
        9,
        0,
        46,
        10,
        1,
        41,
        51,
        65
    ]
}