{
    "id": 100168,
    "category": 60,
    "location": [
        -119.05278,
        34.56417
    ],
    "keywords": [
        63,
        35,
        37,
        8,
        6,
        17,
        20,
        25,
        75
    ]
}