{
    "id": 100173,
    "category": 60,
    "location": [
        -119.06361,
        35.01944
    ],
    "keywords": [
        70,
        58,
        28,
        52,
        72,
        18,
        10,
        55,
        14
    ]
}