{
    "id": 100194,
    "category": 60,
    "location": [
        -119.09972,
        36.53361
    ],
    "keywords": [
        54,
        22,
        67,
        54,
        49,
        33,
        75,
        54,
        6,
        47,
        57,
        50,
        52,
        14,
        38
    ]
}