{
    "id": 100141,
    "category": 60,
    "location": [
        -119.02111,
        34.35333
    ],
    "keywords": [
        26,
        54,
        3,
        22
    ]
}