{
    "id": 100260,
    "category": 60,
    "location": [
        -119.21778,
        34.29944
    ],
    "keywords": [
        50,
        4,
        41,
        60
    ]
}