{
    "id": 100226,
    "category": 60,
    "location": [
        -119.15944,
        34.55944
    ],
    "keywords": [
        38,
        23,
        75,
        48,
        46,
        23,
        69,
        72,
        50,
        72
    ]
}