{
    "id": 100265,
    "category": 60,
    "location": [
        -119.22444,
        38.46944
    ],
    "keywords": [
        64,
        66
    ]
}