{
    "id": 100269,
    "category": 60,
    "location": [
        -119.24028,
        37.66806
    ],
    "keywords": [
        11,
        24
    ]
}