{
    "id": 100351,
    "category": 60,
    "location": [
        -119.42667,
        38.27194
    ],
    "keywords": [
        69,
        25,
        52,
        44,
        24,
        68,
        6,
        69,
        5
    ]
}