{
    "id": 1003,
    "category": 1,
    "location": [
        -118.37389,
        36.35917
    ],
    "keywords": [
        37,
        5,
        6,
        25,
        33,
        71,
        31,
        40,
        35,
        54,
        24,
        3,
        29,
        57
    ]
}