{
    "id": 100305,
    "category": 60,
    "location": [
        -119.29694,
        34.30833
    ],
    "keywords": [
        62,
        68,
        59,
        15,
        28
    ]
}