{
    "id": 100364,
    "category": 60,
    "location": [
        -119.46611,
        34.81333
    ],
    "keywords": [
        50,
        20,
        21,
        14,
        58,
        50
    ]
}