{
    "id": 100303,
    "category": 60,
    "location": [
        -119.29528,
        34.44972
    ],
    "keywords": [
        64,
        40,
        32,
        6,
        7,
        68,
        65
    ]
}