{
    "id": 100307,
    "category": 60,
    "location": [
        -119.30083,
        37.86417
    ],
    "keywords": [
        31,
        51,
        3,
        11,
        8
    ]
}