{
    "id": 100324,
    "category": 60,
    "location": [
        -119.34222,
        34.69056
    ],
    "keywords": [
        8,
        41,
        13
    ]
}