{
    "id": 10034,
    "category": 13,
    "location": [
        -122.74806,
        39.02556
    ],
    "keywords": [
        27,
        25
    ]
}