{
    "id": 100469,
    "category": 60,
    "location": [
        -119.68083,
        34.98556
    ],
    "keywords": [
        54,
        35,
        17,
        72
    ]
}