{
    "id": 100440,
    "category": 60,
    "location": [
        -119.61917,
        38.03889
    ],
    "keywords": [
        35,
        1,
        66
    ]
}