{
    "id": 100416,
    "category": 60,
    "location": [
        -119.57417,
        34.89056
    ],
    "keywords": [
        35,
        58,
        18,
        51,
        10
    ]
}