{
    "id": 100479,
    "category": 60,
    "location": [
        -119.69222,
        34.89778
    ],
    "keywords": []
}