{
    "id": 100464,
    "category": 60,
    "location": [
        -119.67361,
        34.73028
    ],
    "keywords": [
        58,
        39,
        35
    ]
}