{
    "id": 100433,
    "category": 60,
    "location": [
        -119.60778,
        38.49028
    ],
    "keywords": [
        27,
        21
    ]
}