{
    "id": 100499,
    "category": 60,
    "location": [
        -119.71944,
        35.29917
    ],
    "keywords": [
        65,
        46,
        38,
        58,
        4,
        11,
        57,
        63,
        70
    ]
}