{
    "id": 100545,
    "category": 60,
    "location": [
        -119.78694,
        37.94806
    ],
    "keywords": [
        19,
        35,
        12,
        11,
        18,
        69,
        57,
        6
    ]
}