{
    "id": 100539,
    "category": 60,
    "location": [
        -119.78083,
        34.76806
    ],
    "keywords": [
        7,
        12,
        44,
        67,
        55,
        56,
        69,
        16,
        67,
        26,
        71,
        15,
        8,
        30,
        52
    ]
}