{
    "id": 100597,
    "category": 60,
    "location": [
        -119.84639,
        38.46278
    ],
    "keywords": [
        66,
        40,
        52,
        73,
        27,
        22,
        62,
        50
    ]
}