{
    "id": 100511,
    "category": 60,
    "location": [
        -119.73667,
        38.67667
    ],
    "keywords": [
        38,
        60,
        58,
        36,
        62
    ]
}