{
    "id": 100533,
    "category": 60,
    "location": [
        -119.77361,
        37.23833
    ],
    "keywords": [
        51
    ]
}