{
    "id": 10050,
    "category": 13,
    "location": [
        -122.89944,
        39.08639
    ],
    "keywords": [
        3,
        13,
        50,
        57,
        15,
        27
    ]
}