{
    "id": 10052,
    "category": 13,
    "location": [
        -122.91417,
        38.03917
    ],
    "keywords": [
        5,
        69,
        35,
        43,
        43,
        64,
        70
    ]
}