{
    "id": 100556,
    "category": 60,
    "location": [
        -119.80583,
        37.66556
    ],
    "keywords": [
        33
    ]
}