{
    "id": 100524,
    "category": 60,
    "location": [
        -119.76278,
        34.53861
    ],
    "keywords": [
        45,
        72,
        54,
        18,
        73,
        11,
        69,
        29,
        14,
        9,
        21,
        13,
        62
    ]
}