{
    "id": 100666,
    "category": 60,
    "location": [
        -119.94333,
        34.77222
    ],
    "keywords": [
        0,
        34,
        61,
        41,
        3,
        48,
        68,
        50,
        44,
        3,
        55,
        35,
        54,
        28,
        71
    ]
}