{
    "id": 100670,
    "category": 60,
    "location": [
        -119.94778,
        37.47194
    ],
    "keywords": [
        38,
        3,
        31,
        47,
        45,
        56,
        43
    ]
}