{
    "id": 100638,
    "category": 60,
    "location": [
        -119.90056,
        35.75889
    ],
    "keywords": [
        5,
        55,
        41,
        59,
        9,
        10
    ]
}