{
    "id": 100605,
    "category": 60,
    "location": [
        -119.85556,
        38.44722
    ],
    "keywords": [
        46,
        56,
        56,
        0,
        32,
        20,
        52,
        75,
        58,
        49,
        61,
        6,
        35,
        12
    ]
}