{
    "id": 100674,
    "category": 60,
    "location": [
        -119.95194,
        35.06194
    ],
    "keywords": [
        21,
        58,
        35,
        47,
        55,
        1,
        18,
        60,
        23,
        31,
        42,
        22
    ]
}