{
    "id": 10067,
    "category": 13,
    "location": [
        -123.05694,
        38.31389
    ],
    "keywords": [
        4,
        33,
        52,
        17,
        17,
        50,
        71,
        3,
        73,
        46
    ]
}