{
    "id": 100639,
    "category": 60,
    "location": [
        -119.90056,
        37.66972
    ],
    "keywords": [
        40,
        33,
        17,
        21
    ]
}