{
    "id": 100653,
    "category": 60,
    "location": [
        -119.92222,
        34.99667
    ],
    "keywords": [
        45,
        2,
        55,
        73,
        52,
        66,
        74,
        62,
        61,
        47,
        16,
        62,
        69,
        1
    ]
}