{
    "id": 100630,
    "category": 60,
    "location": [
        -119.88806,
        34.82917
    ],
    "keywords": [
        55,
        29,
        50,
        26,
        1,
        45,
        47
    ]
}