{
    "id": 100692,
    "category": 60,
    "location": [
        -119.98361,
        37.70167
    ],
    "keywords": [
        49,
        27,
        8,
        26,
        75,
        43,
        30
    ]
}