{
    "id": 100784,
    "category": 60,
    "location": [
        -120.06722,
        34.85139
    ],
    "keywords": [
        74,
        1,
        55,
        12,
        47,
        62,
        17,
        65,
        22,
        18,
        63,
        12,
        36
    ]
}