{
    "id": 100724,
    "category": 60,
    "location": [
        -120.01778,
        34.60306
    ],
    "keywords": [
        23,
        2,
        71,
        6,
        32,
        64,
        13,
        0,
        36,
        4,
        67,
        73,
        51,
        45,
        75
    ]
}