{
    "id": 100702,
    "category": 60,
    "location": [
        -119.99944,
        34.46056
    ],
    "keywords": [
        41,
        6,
        39,
        1,
        32,
        75,
        23,
        15,
        67,
        36,
        3,
        59,
        59,
        42,
        24
    ]
}