{
    "id": 100796,
    "category": 60,
    "location": [
        -120.07611,
        34.78667
    ],
    "keywords": [
        50,
        1,
        73,
        25,
        66,
        60,
        17,
        5,
        51,
        17
    ]
}