{
    "id": 100765,
    "category": 60,
    "location": [
        -120.05194,
        34.46167
    ],
    "keywords": [
        47,
        61,
        29
    ]
}