{
    "id": 100704,
    "category": 60,
    "location": [
        -120.00139,
        39.46667
    ],
    "keywords": [
        35,
        37,
        20,
        56,
        71,
        7,
        8,
        4,
        11,
        1,
        60,
        37
    ]
}