{
    "id": 100798,
    "category": 60,
    "location": [
        -120.07944,
        39.22694
    ],
    "keywords": [
        35,
        56,
        45
    ]
}