{
    "id": 100750,
    "category": 60,
    "location": [
        -120.03611,
        41.01944
    ],
    "keywords": [
        56,
        44,
        43,
        31,
        45,
        42,
        59,
        68,
        35,
        54,
        5
    ]
}