{
    "id": 100751,
    "category": 60,
    "location": [
        -120.03639,
        38.63139
    ],
    "keywords": []
}