{
    "id": 100721,
    "category": 60,
    "location": [
        -120.01667,
        34.83667
    ],
    "keywords": [
        48,
        49,
        61,
        11,
        1,
        49,
        34
    ]
}