{
    "id": 100768,
    "category": 60,
    "location": [
        -120.05278,
        34.96889
    ],
    "keywords": [
        16,
        32,
        2,
        25,
        31,
        26,
        56
    ]
}