{
    "id": 100797,
    "category": 60,
    "location": [
        -120.07722,
        34.97194
    ],
    "keywords": [
        29,
        74,
        31,
        66,
        65,
        62,
        54,
        39,
        41
    ]
}