{
    "id": 100709,
    "category": 60,
    "location": [
        -120.00611,
        37.71278
    ],
    "keywords": [
        45,
        16,
        70,
        37
    ]
}