{
    "id": 100816,
    "category": 60,
    "location": [
        -120.09583,
        34.95944
    ],
    "keywords": [
        14,
        53,
        58,
        1,
        75,
        65,
        27,
        6,
        33,
        4,
        7
    ]
}