{
    "id": 100861,
    "category": 60,
    "location": [
        -120.11806,
        41.20722
    ],
    "keywords": [
        24,
        13,
        68,
        28,
        65,
        74,
        37,
        3,
        49,
        54,
        24,
        52
    ]
}