{
    "id": 100893,
    "category": 60,
    "location": [
        -120.14583,
        35.37083
    ],
    "keywords": [
        4,
        59
    ]
}