{
    "id": 100879,
    "category": 60,
    "location": [
        -120.13861,
        34.91944
    ],
    "keywords": [
        19,
        11,
        13,
        22,
        56,
        32,
        53
    ]
}