{
    "id": 100829,
    "category": 60,
    "location": [
        -120.10028,
        39.42806
    ],
    "keywords": [
        67,
        9,
        57,
        34,
        29,
        37,
        40,
        10,
        9,
        16,
        43,
        34
    ]
}