{
    "id": 100811,
    "category": 60,
    "location": [
        -120.09083,
        35.65639
    ],
    "keywords": [
        39,
        26,
        66,
        22
    ]
}