{
    "id": 100803,
    "category": 60,
    "location": [
        -120.08639,
        34.84389
    ],
    "keywords": [
        51
    ]
}