{
    "id": 100860,
    "category": 60,
    "location": [
        -120.11806,
        35.30417
    ],
    "keywords": [
        4
    ]
}