{
    "id": 100941,
    "category": 60,
    "location": [
        -120.17889,
        34.47111
    ],
    "keywords": [
        20,
        48,
        34,
        1,
        58
    ]
}