{
    "id": 100911,
    "category": 60,
    "location": [
        -120.15611,
        41.42861
    ],
    "keywords": [
        44,
        31,
        38,
        69,
        55,
        51,
        67,
        27,
        58,
        43,
        50,
        16,
        74,
        28,
        49
    ]
}