{
    "id": 100985,
    "category": 60,
    "location": [
        -120.20861,
        41.60833
    ],
    "keywords": [
        61,
        55,
        45,
        41,
        18,
        32
    ]
}