{
    "id": 100938,
    "category": 60,
    "location": [
        -120.17722,
        37.84083
    ],
    "keywords": [
        2,
        9,
        38,
        37,
        19,
        46,
        27,
        24,
        24
    ]
}