{
    "id": 100945,
    "category": 60,
    "location": [
        -120.18167,
        35.86167
    ],
    "keywords": []
}