{
    "id": 100921,
    "category": 60,
    "location": [
        -120.16333,
        35.94139
    ],
    "keywords": [
        62,
        0,
        5,
        59,
        37,
        11,
        62,
        27,
        67,
        47,
        48,
        72,
        33,
        19,
        54
    ]
}