{
    "id": 10109,
    "category": 13,
    "location": [
        -123.66472,
        41.09083
    ],
    "keywords": [
        72,
        60,
        45
    ]
}