{
    "id": 101029,
    "category": 60,
    "location": [
        -120.23694,
        35.54806
    ],
    "keywords": [
        72,
        67,
        37,
        23,
        72,
        40,
        26,
        55,
        20,
        62,
        22,
        29,
        19,
        16
    ]
}