{
    "id": 101023,
    "category": 60,
    "location": [
        -120.23111,
        41.50278
    ],
    "keywords": [
        59,
        50,
        35,
        25,
        66,
        72
    ]
}