{
    "id": 101021,
    "category": 60,
    "location": [
        -120.23056,
        34.76528
    ],
    "keywords": [
        45,
        38,
        5,
        17,
        36,
        8,
        65,
        18,
        24,
        50,
        48,
        4,
        16,
        48,
        26
    ]
}