{
    "id": 101003,
    "category": 60,
    "location": [
        -120.22028,
        38.71139
    ],
    "keywords": [
        0,
        22,
        8,
        15,
        56,
        67,
        57,
        11,
        14,
        42,
        24,
        12,
        2,
        32,
        63
    ]
}