{
    "id": 101020,
    "category": 60,
    "location": [
        -120.22972,
        41.19306
    ],
    "keywords": [
        39,
        73,
        51,
        16
    ]
}