{
    "id": 101040,
    "category": 60,
    "location": [
        -120.24833,
        41.07222
    ],
    "keywords": [
        12,
        10,
        74,
        43,
        60,
        64,
        15
    ]
}