{
    "id": 101071,
    "category": 60,
    "location": [
        -120.27611,
        34.85861
    ],
    "keywords": [
        26
    ]
}