{
    "id": 101072,
    "category": 60,
    "location": [
        -120.27694,
        39.11556
    ],
    "keywords": [
        72,
        39,
        32,
        68,
        72,
        61,
        18,
        5
    ]
}