{
    "id": 101064,
    "category": 60,
    "location": [
        -120.27111,
        37.44333
    ],
    "keywords": [
        16,
        49,
        73,
        10,
        73,
        40,
        52,
        38,
        73,
        74,
        62,
        41
    ]
}