{
    "id": 101084,
    "category": 60,
    "location": [
        -120.28667,
        39.32667
    ],
    "keywords": [
        11,
        40,
        73
    ]
}