{
    "id": 101000,
    "category": 60,
    "location": [
        -120.21861,
        34.92333
    ],
    "keywords": [
        3,
        9,
        14,
        53,
        14,
        14,
        30
    ]
}