{
    "id": 101103,
    "category": 60,
    "location": [
        -120.30194,
        39.58056
    ],
    "keywords": [
        33
    ]
}