{
    "id": 10119,
    "category": 13,
    "location": [
        -123.78472,
        39.25361
    ],
    "keywords": [
        24,
        60,
        11,
        38,
        2,
        3,
        51
    ]
}