{
    "id": 101170,
    "category": 60,
    "location": [
        -120.36167,
        35.99861
    ],
    "keywords": [
        32,
        69,
        27,
        46
    ]
}