{
    "id": 101144,
    "category": 60,
    "location": [
        -120.33833,
        35.59972
    ],
    "keywords": [
        48,
        64,
        74,
        44,
        70,
        16,
        65,
        63,
        17,
        45
    ]
}