{
    "id": 101104,
    "category": 60,
    "location": [
        -120.30222,
        37.81167
    ],
    "keywords": [
        63,
        65,
        71,
        8,
        27,
        39,
        24,
        42,
        42,
        50,
        31,
        67,
        34,
        65
    ]
}