{
    "id": 10117,
    "category": 13,
    "location": [
        -123.77111,
        39.20528
    ],
    "keywords": [
        54,
        11
    ]
}