{
    "id": 101111,
    "category": 60,
    "location": [
        -120.30611,
        35.37028
    ],
    "keywords": [
        13,
        75,
        2,
        41,
        70,
        70,
        20,
        37,
        12,
        8,
        65,
        69,
        45,
        70,
        63
    ]
}