{
    "id": 101258,
    "category": 60,
    "location": [
        -120.41333,
        40.19917
    ],
    "keywords": [
        16,
        1,
        23
    ]
}