{
    "id": 101278,
    "category": 60,
    "location": [
        -120.42333,
        39.60111
    ],
    "keywords": [
        23,
        14,
        53,
        36,
        61
    ]
}