{
    "id": 101268,
    "category": 60,
    "location": [
        -120.41694,
        36.05194
    ],
    "keywords": [
        45,
        24,
        41,
        5,
        13
    ]
}