{
    "id": 101226,
    "category": 60,
    "location": [
        -120.39694,
        35.12806
    ],
    "keywords": [
        6,
        11,
        40,
        40,
        34,
        68,
        71,
        31,
        35,
        69,
        58,
        9,
        35,
        1
    ]
}