{
    "id": 101285,
    "category": 60,
    "location": [
        -120.42917,
        37.68194
    ],
    "keywords": [
        5,
        2,
        10,
        4,
        61,
        65,
        50,
        17,
        2
    ]
}