{
    "id": 101212,
    "category": 60,
    "location": [
        -120.38333,
        39.46667
    ],
    "keywords": [
        64,
        67,
        38,
        27,
        40
    ]
}