{
    "id": 101244,
    "category": 60,
    "location": [
        -120.40806,
        39.92944
    ],
    "keywords": [
        27,
        68,
        49,
        38,
        50,
        68,
        61,
        31,
        38,
        30,
        41,
        40
    ]
}