{
    "id": 10121,
    "category": 13,
    "location": [
        -123.78528,
        39.62694
    ],
    "keywords": [
        30,
        23,
        71,
        25
    ]
}