{
    "id": 101247,
    "category": 60,
    "location": [
        -120.40917,
        38.10167
    ],
    "keywords": [
        69,
        31,
        1,
        62,
        60,
        71,
        31,
        50,
        0,
        46,
        33,
        13
    ]
}