{
    "id": 101318,
    "category": 60,
    "location": [
        -120.45083,
        37.66278
    ],
    "keywords": [
        18,
        17,
        34,
        75,
        21,
        68,
        36,
        62,
        35,
        30,
        15,
        22,
        64,
        72,
        17
    ]
}