{
    "id": 101360,
    "category": 60,
    "location": [
        -120.47639,
        35.95639
    ],
    "keywords": []
}