{
    "id": 10132,
    "category": 13,
    "location": [
        -123.83083,
        39.72722
    ],
    "keywords": []
}