{
    "id": 10137,
    "category": 13,
    "location": [
        -123.90278,
        39.86056
    ],
    "keywords": [
        16,
        41,
        33
    ]
}