{
    "id": 101389,
    "category": 60,
    "location": [
        -120.49778,
        39.82556
    ],
    "keywords": [
        42,
        58,
        63,
        44,
        31,
        47,
        59,
        48,
        22,
        72,
        71,
        29
    ]
}