{
    "id": 101367,
    "category": 60,
    "location": [
        -120.48222,
        40.10861
    ],
    "keywords": []
}