{
    "id": 101308,
    "category": 60,
    "location": [
        -120.44361,
        37.66528
    ],
    "keywords": [
        62,
        61,
        24,
        39,
        75,
        70,
        49,
        37,
        34,
        62,
        30,
        48,
        45,
        46
    ]
}