{
    "id": 101369,
    "category": 60,
    "location": [
        -120.48361,
        36.37167
    ],
    "keywords": [
        17,
        64,
        29,
        32
    ]
}