{
    "id": 101349,
    "category": 60,
    "location": [
        -120.47028,
        38.22111
    ],
    "keywords": []
}