{
    "id": 101368,
    "category": 60,
    "location": [
        -120.48306,
        38.04694
    ],
    "keywords": [
        16,
        4,
        25,
        10,
        9,
        74
    ]
}