{
    "id": 101337,
    "category": 60,
    "location": [
        -120.45972,
        36.21806
    ],
    "keywords": [
        66,
        28,
        24,
        42,
        69,
        59
    ]
}