{
    "id": 101319,
    "category": 60,
    "location": [
        -120.45083,
        38.11389
    ],
    "keywords": [
        19,
        63,
        29,
        57,
        6,
        64,
        14,
        42,
        17,
        23,
        36,
        1,
        30
    ]
}