{
    "id": 101329,
    "category": 60,
    "location": [
        -120.45639,
        39.94167
    ],
    "keywords": [
        22,
        18,
        59,
        9,
        1,
        47,
        33,
        16,
        31,
        47
    ]
}