{
    "id": 101471,
    "category": 60,
    "location": [
        -120.54694,
        40.32389
    ],
    "keywords": [
        3,
        66,
        5,
        28,
        12,
        41,
        59
    ]
}