{
    "id": 101478,
    "category": 60,
    "location": [
        -120.55111,
        38.97722
    ],
    "keywords": [
        56,
        30,
        39,
        71,
        66,
        35,
        26,
        37,
        64,
        25,
        58
    ]
}