{
    "id": 101430,
    "category": 60,
    "location": [
        -120.52583,
        41.20889
    ],
    "keywords": [
        62,
        42,
        74,
        36,
        52,
        1,
        54,
        48,
        38,
        75,
        74,
        75,
        30
    ]
}