{
    "id": 101457,
    "category": 60,
    "location": [
        -120.53944,
        39.07167
    ],
    "keywords": [
        68,
        43,
        72,
        75,
        11,
        20,
        39,
        36,
        42,
        33,
        8,
        60,
        67,
        44
    ]
}