{
    "id": 101413,
    "category": 60,
    "location": [
        -120.51694,
        34.52833
    ],
    "keywords": [
        3,
        3,
        29,
        4,
        12,
        68,
        67,
        27,
        19,
        6,
        5,
        58
    ]
}