{
    "id": 101459,
    "category": 60,
    "location": [
        -120.54111,
        39.70806
    ],
    "keywords": [
        51,
        70,
        37,
        38,
        18,
        73,
        13
    ]
}