{
    "id": 101533,
    "category": 60,
    "location": [
        -120.58139,
        39.17556
    ],
    "keywords": []
}