{
    "id": 101509,
    "category": 60,
    "location": [
        -120.56889,
        34.93417
    ],
    "keywords": [
        56,
        66,
        28,
        38,
        59,
        26,
        14,
        27,
        33,
        63,
        53,
        36
    ]
}