{
    "id": 101593,
    "category": 60,
    "location": [
        -120.61722,
        39.15306
    ],
    "keywords": [
        6,
        75,
        48,
        2,
        12,
        18,
        56,
        48,
        8,
        18,
        16,
        39,
        7,
        50,
        47
    ]
}