{
    "id": 101588,
    "category": 60,
    "location": [
        -120.61583,
        38.21278
    ],
    "keywords": [
        59,
        53,
        47,
        67,
        2,
        7,
        5
    ]
}