{
    "id": 101524,
    "category": 60,
    "location": [
        -120.57639,
        39.56889
    ],
    "keywords": [
        5,
        48,
        19,
        28,
        59,
        65,
        16,
        13,
        38,
        0,
        53,
        21,
        41,
        39
    ]
}