{
    "id": 101516,
    "category": 60,
    "location": [
        -120.57167,
        39.14444
    ],
    "keywords": [
        40,
        11,
        75,
        37,
        66,
        41,
        9,
        68
    ]
}