{
    "id": 101532,
    "category": 60,
    "location": [
        -120.58139,
        36.11806
    ],
    "keywords": [
        11,
        13,
        29,
        0,
        3,
        25,
        29,
        70
    ]
}