{
    "id": 101641,
    "category": 60,
    "location": [
        -120.65667,
        39.56167
    ],
    "keywords": [
        24,
        72,
        41,
        57,
        6,
        70,
        14,
        36,
        11,
        56,
        28,
        51,
        60,
        8
    ]
}