{
    "id": 101616,
    "category": 60,
    "location": [
        -120.63333,
        39.11667
    ],
    "keywords": [
        70,
        63,
        52,
        43,
        10,
        44,
        28,
        71,
        70,
        75
    ]
}