{
    "id": 101666,
    "category": 60,
    "location": [
        -120.68028,
        35.41444
    ],
    "keywords": [
        56,
        28,
        55,
        72,
        72,
        57
    ]
}