{
    "id": 101693,
    "category": 60,
    "location": [
        -120.70028,
        39.56306
    ],
    "keywords": [
        2,
        53,
        67,
        27,
        14,
        71,
        8,
        13,
        39,
        31,
        70,
        8,
        31
    ]
}