{
    "id": 101608,
    "category": 60,
    "location": [
        -120.62778,
        39.44833
    ],
    "keywords": [
        55,
        46,
        1,
        38,
        21,
        34,
        20,
        3,
        52
    ]
}