{
    "id": 101633,
    "category": 60,
    "location": [
        -120.64583,
        38.92778
    ],
    "keywords": [
        39,
        70,
        6,
        50
    ]
}