{
    "id": 101674,
    "category": 60,
    "location": [
        -120.68806,
        35.76528
    ],
    "keywords": [
        1,
        59,
        41,
        64,
        10,
        63,
        20,
        5,
        14,
        9,
        36,
        8
    ]
}