{
    "id": 101654,
    "category": 60,
    "location": [
        -120.66611,
        40.51472
    ],
    "keywords": [
        63,
        69,
        53,
        38
    ]
}