{
    "id": 101645,
    "category": 60,
    "location": [
        -120.65806,
        38.56028
    ],
    "keywords": [
        5,
        25
    ]
}