{
    "id": 101694,
    "category": 60,
    "location": [
        -120.70111,
        36.70806
    ],
    "keywords": [
        44,
        74,
        46,
        54,
        58,
        25,
        75
    ]
}