{
    "id": 101714,
    "category": 60,
    "location": [
        -120.71083,
        36.73389
    ],
    "keywords": [
        51,
        41,
        5,
        17
    ]
}