{
    "id": 101741,
    "category": 60,
    "location": [
        -120.72611,
        39.85444
    ],
    "keywords": [
        42,
        39,
        60,
        30,
        24,
        13,
        14,
        45,
        40,
        29,
        57,
        8
    ]
}