{
    "id": 101758,
    "category": 60,
    "location": [
        -120.73972,
        39.46306
    ],
    "keywords": [
        27,
        25,
        49,
        4,
        37,
        0,
        28,
        48,
        10,
        57,
        73
    ]
}