{
    "id": 101764,
    "category": 60,
    "location": [
        -120.74306,
        38.87278
    ],
    "keywords": [
        51,
        18,
        55,
        46,
        72,
        3,
        3
    ]
}