{
    "id": 101775,
    "category": 60,
    "location": [
        -120.74917,
        39.00944
    ],
    "keywords": [
        7,
        32,
        5,
        16,
        0,
        64
    ]
}