{
    "id": 101776,
    "category": 60,
    "location": [
        -120.75056,
        41.05139
    ],
    "keywords": [
        23,
        33,
        41,
        45,
        48,
        32,
        28,
        22,
        53,
        24,
        33
    ]
}