{
    "id": 101785,
    "category": 60,
    "location": [
        -120.75528,
        40.92333
    ],
    "keywords": [
        41,
        57,
        12,
        42,
        66,
        26,
        22,
        6,
        21,
        22,
        11,
        13
    ]
}