{
    "id": 101703,
    "category": 60,
    "location": [
        -120.70639,
        38.21611
    ],
    "keywords": [
        37,
        6,
        37,
        0,
        54,
        60,
        56,
        48,
        17,
        32,
        12,
        57,
        41,
        70,
        68
    ]
}