{
    "id": 101789,
    "category": 60,
    "location": [
        -120.75639,
        38.28778
    ],
    "keywords": [
        36,
        56,
        40
    ]
}