{
    "id": 10179,
    "category": 14,
    "location": [
        -115.56861,
        32.89167
    ],
    "keywords": [
        4,
        53,
        52,
        32,
        11,
        8,
        0,
        62,
        69,
        56,
        23,
        50,
        11,
        74
    ]
}