{
    "id": 101765,
    "category": 60,
    "location": [
        -120.74333,
        38.66861
    ],
    "keywords": [
        35,
        34,
        61,
        63
    ]
}