{
    "id": 101708,
    "category": 60,
    "location": [
        -120.70861,
        39.03333
    ],
    "keywords": [
        26,
        13
    ]
}