{
    "id": 101857,
    "category": 60,
    "location": [
        -120.79472,
        38.72889
    ],
    "keywords": [
        36,
        57
    ]
}