{
    "id": 101814,
    "category": 60,
    "location": [
        -120.77278,
        38.29028
    ],
    "keywords": [
        55,
        41,
        65,
        11,
        39,
        56,
        10
    ]
}