{
    "id": 101818,
    "category": 60,
    "location": [
        -120.77444,
        39.64389
    ],
    "keywords": [
        68,
        67,
        61,
        68,
        47,
        46,
        72,
        26,
        45,
        43,
        1,
        5,
        55,
        72
    ]
}