{
    "id": 101821,
    "category": 60,
    "location": [
        -120.77583,
        35.99278
    ],
    "keywords": [
        7,
        53,
        14,
        54,
        24,
        54,
        18,
        32,
        67,
        7,
        32
    ]
}