{
    "id": 101803,
    "category": 60,
    "location": [
        -120.76667,
        40.20639
    ],
    "keywords": [
        65,
        43,
        46,
        50,
        49
    ]
}