{
    "id": 101876,
    "category": 60,
    "location": [
        -120.80417,
        38.41361
    ],
    "keywords": []
}