{
    "id": 101830,
    "category": 60,
    "location": [
        -120.78028,
        38.79083
    ],
    "keywords": [
        54,
        21,
        13,
        45,
        2,
        10,
        8,
        36,
        1,
        58,
        27,
        33,
        61
    ]
}