{
    "id": 101924,
    "category": 60,
    "location": [
        -120.82306,
        39.05611
    ],
    "keywords": [
        48,
        37,
        47,
        14,
        55
    ]
}