{
    "id": 101930,
    "category": 60,
    "location": [
        -120.82472,
        41.17667
    ],
    "keywords": [
        64,
        30,
        49,
        20,
        45,
        58,
        42,
        11,
        74,
        66,
        3,
        53
    ]
}