{
    "id": 101943,
    "category": 60,
    "location": [
        -120.83194,
        38.97528
    ],
    "keywords": [
        49
    ]
}