{
    "id": 101971,
    "category": 60,
    "location": [
        -120.84389,
        39.05806
    ],
    "keywords": [
        7
    ]
}