{
    "id": 101904,
    "category": 60,
    "location": [
        -120.81556,
        39.55806
    ],
    "keywords": [
        0,
        3,
        71,
        38,
        58,
        10,
        34,
        38,
        33,
        15,
        27,
        42,
        13,
        34
    ]
}