{
    "id": 101986,
    "category": 60,
    "location": [
        -120.85056,
        39.05639
    ],
    "keywords": [
        70,
        46,
        53,
        18,
        26,
        42,
        38,
        24,
        63,
        67,
        65,
        45,
        75
    ]
}