{
    "id": 101970,
    "category": 60,
    "location": [
        -120.84333,
        39.08472
    ],
    "keywords": [
        9,
        24,
        18,
        41,
        48,
        64,
        42,
        16,
        45,
        33,
        33,
        5,
        72,
        50,
        65
    ]
}