{
    "id": 101911,
    "category": 60,
    "location": [
        -120.81889,
        40.10222
    ],
    "keywords": [
        11,
        46
    ]
}