{
    "id": 10193,
    "category": 14,
    "location": [
        -116.87778,
        33.94611
    ],
    "keywords": [
        6,
        25,
        42,
        45,
        66,
        25,
        6,
        45,
        6,
        60,
        4,
        46,
        51
    ]
}