{
    "id": 101919,
    "category": 60,
    "location": [
        -120.82139,
        39.76861
    ],
    "keywords": [
        35,
        52,
        31,
        6,
        47,
        17,
        63,
        28,
        48,
        53,
        12,
        72,
        47,
        51,
        50
    ]
}