{
    "id": 10199,
    "category": 14,
    "location": [
        -116.96417,
        33.91944
    ],
    "keywords": [
        12,
        71,
        67,
        37
    ]
}