{
    "id": 10196,
    "category": 14,
    "location": [
        -116.90778,
        32.78806
    ],
    "keywords": [
        31,
        12,
        28,
        72,
        74,
        68,
        40,
        20,
        36,
        20,
        0,
        52,
        32
    ]
}