{
    "id": 101961,
    "category": 60,
    "location": [
        -120.83861,
        36.36833
    ],
    "keywords": [
        30,
        74,
        67,
        34,
        40,
        71,
        10,
        53,
        70,
        5,
        11,
        29,
        74
    ]
}