{
    "id": 101976,
    "category": 60,
    "location": [
        -120.84528,
        39.43556
    ],
    "keywords": [
        8
    ]
}