{
    "id": 102027,
    "category": 60,
    "location": [
        -120.86556,
        35.22694
    ],
    "keywords": [
        17,
        48,
        69,
        46,
        28,
        73,
        23,
        49
    ]
}