{
    "id": 102069,
    "category": 60,
    "location": [
        -120.88778,
        40.87611
    ],
    "keywords": [
        37,
        28,
        70,
        57,
        57,
        42,
        25
    ]
}