{
    "id": 10205,
    "category": 14,
    "location": [
        -117.02556,
        32.97389
    ],
    "keywords": [
        45,
        12,
        8,
        73,
        10
    ]
}