{
    "id": 102073,
    "category": 60,
    "location": [
        -120.89056,
        38.95917
    ],
    "keywords": [
        51,
        12
    ]
}