{
    "id": 102032,
    "category": 60,
    "location": [
        -120.86778,
        41.22306
    ],
    "keywords": [
        5,
        70,
        47,
        3,
        30,
        27
    ]
}