{
    "id": 102056,
    "category": 60,
    "location": [
        -120.88167,
        41.39639
    ],
    "keywords": [
        56,
        43,
        73,
        18,
        37,
        6,
        65
    ]
}