{
    "id": 10203,
    "category": 14,
    "location": [
        -117.02028,
        33.95667
    ],
    "keywords": [
        23,
        5,
        17,
        68,
        41,
        10,
        5
    ]
}