{
    "id": 102020,
    "category": 60,
    "location": [
        -120.86222,
        39.05861
    ],
    "keywords": [
        70,
        69,
        65,
        11,
        43,
        75,
        17,
        49,
        36,
        8,
        30
    ]
}