{
    "id": 102101,
    "category": 60,
    "location": [
        -120.90667,
        38.88722
    ],
    "keywords": [
        71,
        26,
        61,
        49,
        66,
        59,
        48,
        26,
        59,
        67
    ]
}