{
    "id": 102186,
    "category": 60,
    "location": [
        -120.96611,
        36.45861
    ],
    "keywords": []
}