{
    "id": 10219,
    "category": 14,
    "location": [
        -117.22111,
        34.14917
    ],
    "keywords": [
        25,
        18,
        40,
        26,
        49,
        21,
        32,
        59,
        6,
        55,
        20,
        24,
        38
    ]
}