{
    "id": 102176,
    "category": 60,
    "location": [
        -120.96194,
        39.05111
    ],
    "keywords": [
        24,
        56,
        16,
        30,
        57,
        6,
        23,
        8,
        14,
        40,
        11,
        61,
        12
    ]
}