{
    "id": 102198,
    "category": 60,
    "location": [
        -120.97833,
        36.02722
    ],
    "keywords": [
        50,
        11,
        19,
        64,
        74,
        20,
        8,
        45,
        64,
        0,
        40,
        62
    ]
}