{
    "id": 102168,
    "category": 60,
    "location": [
        -120.95944,
        36.54167
    ],
    "keywords": [
        25,
        44,
        3,
        52,
        52,
        58,
        60,
        13,
        7,
        29,
        13,
        0,
        18
    ]
}