{
    "id": 102209,
    "category": 60,
    "location": [
        -120.98833,
        39.50167
    ],
    "keywords": [
        28,
        10,
        33,
        41,
        71,
        56,
        27,
        43,
        44
    ]
}