{
    "id": 102277,
    "category": 60,
    "location": [
        -121.04389,
        41.05972
    ],
    "keywords": [
        28,
        67,
        1
    ]
}