{
    "id": 102296,
    "category": 60,
    "location": [
        -121.05472,
        41.35639
    ],
    "keywords": [
        3
    ]
}