{
    "id": 102221,
    "category": 60,
    "location": [
        -120.99944,
        38.76056
    ],
    "keywords": [
        74,
        24,
        44
    ]
}