{
    "id": 102295,
    "category": 60,
    "location": [
        -121.05444,
        38.84222
    ],
    "keywords": [
        42,
        7,
        46,
        39,
        10,
        28,
        71,
        45,
        26,
        15,
        13
    ]
}