{
    "id": 102235,
    "category": 60,
    "location": [
        -121.00889,
        41.47528
    ],
    "keywords": []
}