{
    "id": 102248,
    "category": 60,
    "location": [
        -121.02333,
        36.50111
    ],
    "keywords": [
        38,
        22
    ]
}