{
    "id": 102255,
    "category": 60,
    "location": [
        -121.02917,
        36.49389
    ],
    "keywords": [
        57,
        1,
        55,
        42,
        57
    ]
}