{
    "id": 102297,
    "category": 60,
    "location": [
        -121.05472,
        41.37028
    ],
    "keywords": [
        50,
        37
    ]
}