{
    "id": 102344,
    "category": 60,
    "location": [
        -121.09139,
        39.90833
    ],
    "keywords": [
        60,
        68,
        8,
        70,
        31,
        34,
        17,
        44,
        36,
        0
    ]
}