{
    "id": 102362,
    "category": 60,
    "location": [
        -121.10556,
        39.54639
    ],
    "keywords": [
        64,
        36,
        70,
        46,
        43,
        21,
        28
    ]
}