{
    "id": 102342,
    "category": 60,
    "location": [
        -121.09083,
        38.74667
    ],
    "keywords": [
        28,
        69,
        71
    ]
}