{
    "id": 102339,
    "category": 60,
    "location": [
        -121.08806,
        39.51917
    ],
    "keywords": [
        38,
        33,
        58,
        10,
        39,
        39,
        57,
        25,
        59,
        40,
        72,
        22,
        75,
        44,
        35
    ]
}