{
    "id": 102327,
    "category": 60,
    "location": [
        -121.07806,
        39.92028
    ],
    "keywords": [
        4,
        5,
        68,
        56,
        59,
        60,
        36,
        54,
        27,
        33,
        20
    ]
}