{
    "id": 10238,
    "category": 14,
    "location": [
        -117.34528,
        34.07611
    ],
    "keywords": [
        34,
        19,
        14,
        24,
        35,
        73,
        32,
        19,
        49,
        61,
        32,
        22,
        43,
        23
    ]
}