{
    "id": 102337,
    "category": 60,
    "location": [
        -121.08389,
        35.90167
    ],
    "keywords": []
}