{
    "id": 10236,
    "category": 14,
    "location": [
        -117.33167,
        33.19333
    ],
    "keywords": [
        54,
        5,
        22
    ]
}