{
    "id": 102481,
    "category": 60,
    "location": [
        -121.19611,
        36.36333
    ],
    "keywords": [
        23,
        36,
        25,
        6,
        25,
        32,
        50,
        60,
        37
    ]
}