{
    "id": 102417,
    "category": 60,
    "location": [
        -121.15194,
        37.22806
    ],
    "keywords": [
        21,
        74
    ]
}