{
    "id": 10241,
    "category": 14,
    "location": [
        -117.37222,
        34.20056
    ],
    "keywords": [
        33,
        58,
        31,
        63,
        22,
        44,
        9
    ]
}