{
    "id": 102423,
    "category": 60,
    "location": [
        -121.15639,
        36.76028
    ],
    "keywords": [
        9,
        57,
        5,
        21,
        8,
        32,
        55
    ]
}