{
    "id": 102469,
    "category": 60,
    "location": [
        -121.18917,
        37.17694
    ],
    "keywords": [
        61
    ]
}