{
    "id": 102452,
    "category": 60,
    "location": [
        -121.17917,
        40.93083
    ],
    "keywords": [
        72,
        30
    ]
}