{
    "id": 102580,
    "category": 60,
    "location": [
        -121.28694,
        39.73139
    ],
    "keywords": [
        27,
        48,
        27,
        35,
        73
    ]
}