{
    "id": 102534,
    "category": 60,
    "location": [
        -121.24333,
        40.00444
    ],
    "keywords": [
        26
    ]
}