{
    "id": 102514,
    "category": 60,
    "location": [
        -121.22417,
        38.30917
    ],
    "keywords": [
        30,
        8,
        2,
        0,
        19,
        26,
        73,
        45,
        18,
        23,
        74,
        13,
        63,
        41,
        54
    ]
}