{
    "id": 102559,
    "category": 60,
    "location": [
        -121.26611,
        37.54167
    ],
    "keywords": [
        61,
        33,
        28,
        56,
        52,
        66,
        63,
        64
    ]
}