{
    "id": 102517,
    "category": 60,
    "location": [
        -121.22806,
        41.23611
    ],
    "keywords": [
        57,
        66,
        54
    ]
}