{
    "id": 102504,
    "category": 60,
    "location": [
        -121.21583,
        41.13528
    ],
    "keywords": [
        71,
        25,
        8,
        9,
        61,
        37,
        61,
        55,
        24,
        62,
        20,
        30,
        25,
        10,
        60
    ]
}