{
    "id": 102519,
    "category": 60,
    "location": [
        -121.23056,
        41.24194
    ],
    "keywords": [
        17
    ]
}