{
    "id": 102637,
    "category": 60,
    "location": [
        -121.35111,
        36.54056
    ],
    "keywords": [
        14,
        23,
        62,
        56,
        22,
        41,
        34,
        27,
        39
    ]
}