{
    "id": 102628,
    "category": 60,
    "location": [
        -121.34083,
        37.52417
    ],
    "keywords": [
        48,
        55,
        41,
        2,
        30,
        49,
        70,
        6,
        32
    ]
}