{
    "id": 10265,
    "category": 14,
    "location": [
        -117.84139,
        33.77028
    ],
    "keywords": [
        71,
        27,
        32,
        9,
        31,
        16,
        71
    ]
}