{
    "id": 102692,
    "category": 60,
    "location": [
        -121.43083,
        39.42194
    ],
    "keywords": [
        49,
        73,
        9,
        35,
        63,
        62
    ]
}