{
    "id": 102694,
    "category": 60,
    "location": [
        -121.43667,
        39.43833
    ],
    "keywords": [
        75,
        4,
        30,
        48,
        44,
        42,
        60,
        55,
        36,
        18,
        75,
        72,
        71,
        48
    ]
}