{
    "id": 102619,
    "category": 60,
    "location": [
        -121.32833,
        36.31389
    ],
    "keywords": [
        67,
        1
    ]
}