{
    "id": 102698,
    "category": 60,
    "location": [
        -121.44167,
        37.06444
    ],
    "keywords": [
        25,
        43,
        63,
        50,
        71,
        17,
        37,
        40,
        75,
        53
    ]
}