{
    "id": 102650,
    "category": 60,
    "location": [
        -121.36111,
        39.40556
    ],
    "keywords": [
        3,
        3,
        70,
        40,
        0,
        64,
        44,
        4,
        68,
        45,
        57,
        35,
        60,
        17
    ]
}