{
    "id": 102673,
    "category": 60,
    "location": [
        -121.40028,
        39.55583
    ],
    "keywords": [
        53,
        14,
        15,
        66,
        65,
        37,
        5
    ]
}