{
    "id": 102737,
    "category": 60,
    "location": [
        -121.49583,
        37.38833
    ],
    "keywords": [
        43,
        11,
        14,
        34,
        26,
        2,
        47,
        5,
        68
    ]
}