{
    "id": 102746,
    "category": 60,
    "location": [
        -121.50556,
        40.23972
    ],
    "keywords": [
        0,
        56,
        35
    ]
}