{
    "id": 102716,
    "category": 60,
    "location": [
        -121.46806,
        40.06028
    ],
    "keywords": [
        57,
        57,
        45,
        60,
        35,
        34
    ]
}