{
    "id": 102728,
    "category": 60,
    "location": [
        -121.48139,
        39.90889
    ],
    "keywords": [
        24,
        44,
        55,
        22,
        64,
        48,
        24
    ]
}