{
    "id": 102764,
    "category": 60,
    "location": [
        -121.51583,
        39.95444
    ],
    "keywords": [
        23,
        18,
        19
    ]
}