{
    "id": 102733,
    "category": 60,
    "location": [
        -121.48833,
        37.14389
    ],
    "keywords": [
        67,
        17,
        21,
        66,
        56,
        17,
        5,
        33
    ]
}