{
    "id": 102720,
    "category": 60,
    "location": [
        -121.47611,
        39.63333
    ],
    "keywords": [
        39,
        71,
        19,
        25,
        49,
        36,
        43,
        14,
        74
    ]
}