{
    "id": 102756,
    "category": 60,
    "location": [
        -121.51306,
        37.45083
    ],
    "keywords": [
        23,
        70,
        65,
        35,
        52,
        74,
        56,
        18
    ]
}