{
    "id": 102724,
    "category": 60,
    "location": [
        -121.47917,
        37.25889
    ],
    "keywords": [
        33,
        14,
        49,
        41
    ]
}