{
    "id": 102780,
    "category": 60,
    "location": [
        -121.53028,
        37.55556
    ],
    "keywords": [
        35,
        32,
        7,
        37,
        51,
        44,
        15,
        49,
        47,
        63,
        23,
        40,
        18,
        65,
        60
    ]
}