{
    "id": 102886,
    "category": 60,
    "location": [
        -121.65944,
        39.64861
    ],
    "keywords": [
        18,
        3,
        1,
        73,
        65,
        40,
        66,
        24,
        61,
        29
    ]
}