{
    "id": 102891,
    "category": 60,
    "location": [
        -121.66528,
        36.77139
    ],
    "keywords": [
        57,
        75,
        34,
        51,
        12,
        7,
        25,
        38,
        5,
        73,
        45,
        67
    ]
}