{
    "id": 102827,
    "category": 60,
    "location": [
        -121.57639,
        39.56111
    ],
    "keywords": [
        40,
        33,
        15,
        28,
        21,
        39,
        75,
        42,
        6,
        74,
        38,
        20,
        57,
        55
    ]
}