{
    "id": 102863,
    "category": 60,
    "location": [
        -121.61194,
        39.82444
    ],
    "keywords": [
        30,
        66,
        39,
        5,
        44,
        44,
        38,
        3,
        22,
        69,
        43
    ]
}