{
    "id": 102881,
    "category": 60,
    "location": [
        -121.64694,
        36.44361
    ],
    "keywords": [
        18
    ]
}