{
    "id": 102801,
    "category": 60,
    "location": [
        -121.55222,
        37.15722
    ],
    "keywords": [
        23,
        75,
        9,
        35,
        11,
        54,
        45,
        25,
        31
    ]
}