{
    "id": 1028,
    "category": 2,
    "location": [
        -116.15083,
        34.06417
    ],
    "keywords": [
        29,
        18,
        8,
        35,
        34,
        30,
        7,
        37,
        75,
        65,
        39
    ]
}