{
    "id": 102848,
    "category": 60,
    "location": [
        -121.59472,
        37.20722
    ],
    "keywords": [
        34,
        32,
        12,
        48,
        42,
        22,
        67,
        75,
        62,
        0,
        12,
        55,
        5,
        31,
        28
    ]
}