{
    "id": 102893,
    "category": 60,
    "location": [
        -121.66556,
        37.55333
    ],
    "keywords": [
        16,
        48,
        20,
        59,
        28,
        1,
        33,
        13,
        0,
        19,
        68,
        20,
        12
    ]
}