{
    "id": 102802,
    "category": 60,
    "location": [
        -121.55333,
        37.15667
    ],
    "keywords": [
        16,
        21,
        60,
        21,
        26,
        3,
        64,
        37,
        18,
        41,
        61,
        28,
        24,
        60
    ]
}