{
    "id": 102883,
    "category": 60,
    "location": [
        -121.65167,
        40.92389
    ],
    "keywords": [
        12,
        65,
        9,
        52,
        32
    ]
}