{
    "id": 102874,
    "category": 60,
    "location": [
        -121.63056,
        41.04361
    ],
    "keywords": [
        13,
        52,
        26,
        28
    ]
}