{
    "id": 102872,
    "category": 60,
    "location": [
        -121.62556,
        36.57139
    ],
    "keywords": [
        69,
        36,
        58,
        0,
        48,
        26,
        45,
        16,
        14,
        25
    ]
}