{
    "id": 102971,
    "category": 60,
    "location": [
        -121.77333,
        37.02611
    ],
    "keywords": [
        58,
        28
    ]
}