{
    "id": 102973,
    "category": 60,
    "location": [
        -121.77472,
        36.97694
    ],
    "keywords": [
        52,
        1,
        3,
        23,
        75
    ]
}