{
    "id": 102989,
    "category": 60,
    "location": [
        -121.79028,
        37.13222
    ],
    "keywords": [
        39,
        66,
        51,
        45,
        1,
        60,
        64,
        27,
        13,
        13,
        26
    ]
}