{
    "id": 102918,
    "category": 60,
    "location": [
        -121.70167,
        37.07111
    ],
    "keywords": [
        62,
        68,
        0,
        2,
        45
    ]
}