{
    "id": 102935,
    "category": 60,
    "location": [
        -121.71972,
        36.57889
    ],
    "keywords": [
        17
    ]
}