{
    "id": 102994,
    "category": 60,
    "location": [
        -121.79444,
        38.04778
    ],
    "keywords": [
        43,
        44,
        16,
        55,
        58,
        73,
        57,
        68,
        52,
        59,
        40,
        19,
        31
    ]
}