{
    "id": 102920,
    "category": 60,
    "location": [
        -121.70417,
        37.08833
    ],
    "keywords": [
        30,
        61,
        58,
        47,
        62,
        16,
        15,
        29,
        30,
        48
    ]
}