{
    "id": 102946,
    "category": 60,
    "location": [
        -121.73389,
        36.82972
    ],
    "keywords": []
}