{
    "id": 102936,
    "category": 60,
    "location": [
        -121.72389,
        36.47278
    ],
    "keywords": []
}