{
    "id": 102903,
    "category": 60,
    "location": [
        -121.67861,
        36.94639
    ],
    "keywords": [
        36,
        28,
        43,
        47,
        23,
        41,
        0,
        39,
        28,
        11,
        20,
        26
    ]
}