{
    "id": 102991,
    "category": 60,
    "location": [
        -121.79278,
        36.52472
    ],
    "keywords": [
        56,
        47,
        27,
        54
    ]
}