{
    "id": 102906,
    "category": 60,
    "location": [
        -121.68278,
        37.00444
    ],
    "keywords": [
        21,
        53,
        15,
        45,
        1,
        10,
        65,
        28,
        41,
        42,
        47,
        9
    ]
}