{
    "id": 102909,
    "category": 60,
    "location": [
        -121.69056,
        37.11528
    ],
    "keywords": [
        17
    ]
}