{
    "id": 103082,
    "category": 60,
    "location": [
        -121.88694,
        41.12694
    ],
    "keywords": [
        71,
        33,
        59,
        7,
        71,
        54,
        74,
        53,
        73,
        53,
        32
    ]
}