{
    "id": 103024,
    "category": 60,
    "location": [
        -121.81667,
        37.03917
    ],
    "keywords": [
        19,
        34,
        12,
        27,
        42,
        20,
        1,
        27,
        65,
        17,
        71,
        36
    ]
}