{
    "id": 103042,
    "category": 60,
    "location": [
        -121.83889,
        37.24889
    ],
    "keywords": [
        64,
        69,
        33
    ]
}