{
    "id": 103050,
    "category": 60,
    "location": [
        -121.85306,
        37.53444
    ],
    "keywords": [
        43,
        46,
        37,
        20,
        0,
        54,
        67,
        22,
        64,
        73,
        74,
        56,
        47,
        14
    ]
}