{
    "id": 103001,
    "category": 60,
    "location": [
        -121.80306,
        37.13444
    ],
    "keywords": [
        36,
        57,
        23,
        41,
        51,
        68,
        34,
        39,
        42,
        47,
        5,
        7
    ]
}