{
    "id": 103006,
    "category": 60,
    "location": [
        -121.80556,
        40.15944
    ],
    "keywords": [
        23,
        55,
        11,
        51,
        12,
        63,
        60,
        18,
        15
    ]
}