{
    "id": 10308,
    "category": 14,
    "location": [
        -118.17139,
        34.03389
    ],
    "keywords": []
}