{
    "id": 103067,
    "category": 60,
    "location": [
        -121.86639,
        36.53111
    ],
    "keywords": []
}