{
    "id": 103046,
    "category": 60,
    "location": [
        -121.84361,
        40.15361
    ],
    "keywords": [
        73,
        48,
        20,
        16,
        56
    ]
}