{
    "id": 103079,
    "category": 60,
    "location": [
        -121.88306,
        36.54278
    ],
    "keywords": [
        27,
        4,
        46,
        39,
        32,
        12,
        62,
        46,
        30,
        64,
        16,
        39,
        28
    ]
}