{
    "id": 103073,
    "category": 60,
    "location": [
        -121.87111,
        39.20806
    ],
    "keywords": [
        57,
        44,
        60
    ]
}