{
    "id": 103088,
    "category": 60,
    "location": [
        -121.89889,
        37.59444
    ],
    "keywords": [
        70,
        48,
        54,
        17,
        53,
        56,
        74,
        68,
        18,
        36,
        31,
        68,
        31
    ]
}