{
    "id": 103085,
    "category": 60,
    "location": [
        -121.89333,
        37.85889
    ],
    "keywords": [
        17,
        75,
        33
    ]
}