{
    "id": 103033,
    "category": 60,
    "location": [
        -121.82306,
        37.88639
    ],
    "keywords": [
        38,
        52,
        60,
        71,
        60,
        36,
        69,
        9,
        61,
        72,
        9,
        31
    ]
}