{
    "id": 103188,
    "category": 60,
    "location": [
        -122.01306,
        38.34139
    ],
    "keywords": [
        52,
        48,
        4,
        1,
        41,
        44,
        73,
        25,
        43,
        69
    ]
}