{
    "id": 10310,
    "category": 14,
    "location": [
        -118.17583,
        33.80528
    ],
    "keywords": [
        49,
        51,
        0,
        10,
        65,
        23,
        65,
        49,
        2,
        56,
        6
    ]
}