{
    "id": 103162,
    "category": 60,
    "location": [
        -121.98111,
        40.98333
    ],
    "keywords": []
}