{
    "id": 103103,
    "category": 60,
    "location": [
        -121.91583,
        37.84194
    ],
    "keywords": [
        68,
        44
    ]
}