{
    "id": 103154,
    "category": 60,
    "location": [
        -121.97278,
        41.23528
    ],
    "keywords": [
        13,
        3,
        63,
        48,
        46,
        50,
        56,
        20,
        67
    ]
}