{
    "id": 103123,
    "category": 60,
    "location": [
        -121.93528,
        38.01889
    ],
    "keywords": [
        39,
        58,
        74,
        54,
        30,
        68,
        62,
        58,
        67,
        60,
        37,
        35,
        24,
        26
    ]
}