{
    "id": 103113,
    "category": 60,
    "location": [
        -121.92694,
        36.53611
    ],
    "keywords": [
        42,
        39,
        4,
        62,
        44
    ]
}