{
    "id": 103253,
    "category": 60,
    "location": [
        -122.08917,
        36.96167
    ],
    "keywords": [
        43,
        56,
        54,
        20,
        62,
        65,
        57
    ]
}