{
    "id": 103252,
    "category": 60,
    "location": [
        -122.08861,
        40.71222
    ],
    "keywords": [
        64,
        46,
        58
    ]
}