{
    "id": 103238,
    "category": 60,
    "location": [
        -122.07028,
        37.03861
    ],
    "keywords": [
        23,
        38,
        7,
        39,
        34,
        24
    ]
}