{
    "id": 103218,
    "category": 60,
    "location": [
        -122.04472,
        39.98778
    ],
    "keywords": [
        37,
        43,
        51,
        31,
        19,
        9,
        25,
        17,
        15,
        45,
        17,
        62,
        10
    ]
}