{
    "id": 10325,
    "category": 14,
    "location": [
        -118.24667,
        34.12361
    ],
    "keywords": [
        32,
        21,
        44
    ]
}