{
    "id": 103206,
    "category": 60,
    "location": [
        -122.03139,
        40.81139
    ],
    "keywords": [
        23,
        11
    ]
}