{
    "id": 1032,
    "category": 2,
    "location": [
        -116.22667,
        32.86278
    ],
    "keywords": [
        75,
        4,
        44,
        17,
        44,
        23
    ]
}