{
    "id": 103373,
    "category": 60,
    "location": [
        -122.19222,
        38.78806
    ],
    "keywords": [
        65,
        39,
        50,
        44,
        18,
        1
    ]
}