{
    "id": 103315,
    "category": 60,
    "location": [
        -122.14583,
        37.96528
    ],
    "keywords": [
        49,
        10,
        29,
        27
    ]
}