{
    "id": 103398,
    "category": 60,
    "location": [
        -122.21861,
        40.78139
    ],
    "keywords": [
        39,
        18,
        8,
        72,
        63,
        45,
        17,
        35,
        3,
        4,
        7,
        10,
        61,
        32
    ]
}