{
    "id": 103389,
    "category": 60,
    "location": [
        -122.20694,
        37.81889
    ],
    "keywords": [
        15,
        5,
        17,
        23,
        34,
        13
    ]
}