{
    "id": 103333,
    "category": 60,
    "location": [
        -122.15417,
        38.47111
    ],
    "keywords": [
        58
    ]
}