{
    "id": 103325,
    "category": 60,
    "location": [
        -122.15167,
        37.25972
    ],
    "keywords": [
        68,
        36,
        64,
        35,
        26,
        61
    ]
}