{
    "id": 103354,
    "category": 60,
    "location": [
        -122.16861,
        38.66917
    ],
    "keywords": []
}