{
    "id": 103342,
    "category": 60,
    "location": [
        -122.15778,
        40.55833
    ],
    "keywords": [
        32
    ]
}