{
    "id": 103379,
    "category": 60,
    "location": [
        -122.19556,
        38.62861
    ],
    "keywords": [
        15,
        16
    ]
}