{
    "id": 103358,
    "category": 60,
    "location": [
        -122.17417,
        38.56667
    ],
    "keywords": [
        50,
        51,
        65,
        36,
        59,
        28,
        68,
        64,
        18
    ]
}