{
    "id": 103367,
    "category": 60,
    "location": [
        -122.18694,
        38.76944
    ],
    "keywords": [
        22,
        14,
        44,
        13,
        42,
        32,
        41,
        38
    ]
}