{
    "id": 103395,
    "category": 60,
    "location": [
        -122.21667,
        37.79944
    ],
    "keywords": [
        20,
        70,
        21,
        75
    ]
}