{
    "id": 103309,
    "category": 60,
    "location": [
        -122.13917,
        38.52583
    ],
    "keywords": [
        74,
        31,
        16,
        45,
        6,
        33,
        28,
        74,
        44,
        53,
        72,
        65,
        5,
        20,
        62
    ]
}