{
    "id": 103492,
    "category": 60,
    "location": [
        -122.33917,
        38.97444
    ],
    "keywords": [
        1
    ]
}