{
    "id": 103459,
    "category": 60,
    "location": [
        -122.29056,
        39.04833
    ],
    "keywords": [
        72
    ]
}