{
    "id": 103488,
    "category": 60,
    "location": [
        -122.33583,
        38.25194
    ],
    "keywords": [
        74,
        4,
        39
    ]
}