{
    "id": 103467,
    "category": 60,
    "location": [
        -122.30167,
        38.79667
    ],
    "keywords": []
}