{
    "id": 10349,
    "category": 14,
    "location": [
        -118.42139,
        37.32917
    ],
    "keywords": [
        39,
        4,
        43,
        44,
        28
    ]
}