{
    "id": 103476,
    "category": 60,
    "location": [
        -122.31556,
        41.26778
    ],
    "keywords": [
        21,
        73,
        20,
        0,
        41,
        23,
        53,
        15,
        39,
        43,
        71,
        2,
        33
    ]
}