{
    "id": 103423,
    "category": 60,
    "location": [
        -122.24389,
        40.65472
    ],
    "keywords": [
        59,
        6,
        28,
        10,
        35
    ]
}