{
    "id": 103523,
    "category": 60,
    "location": [
        -122.35972,
        37.25917
    ],
    "keywords": [
        73,
        30,
        34,
        35,
        57,
        30,
        62,
        2,
        47,
        2
    ]
}