{
    "id": 103551,
    "category": 60,
    "location": [
        -122.39083,
        37.48778
    ],
    "keywords": [
        57,
        6,
        18,
        23
    ]
}