{
    "id": 103564,
    "category": 60,
    "location": [
        -122.40056,
        38.55917
    ],
    "keywords": [
        47,
        54,
        2,
        31,
        28,
        46,
        18,
        27,
        49,
        75,
        8,
        8
    ]
}