{
    "id": 103528,
    "category": 60,
    "location": [
        -122.36972,
        39.22222
    ],
    "keywords": [
        64,
        40,
        52,
        58,
        47,
        56,
        34,
        75,
        18,
        2,
        20,
        56,
        52,
        56
    ]
}