{
    "id": 103586,
    "category": 60,
    "location": [
        -122.41722,
        38.39389
    ],
    "keywords": []
}