{
    "id": 10359,
    "category": 14,
    "location": [
        -118.71583,
        35.74139
    ],
    "keywords": [
        65,
        49,
        52,
        39,
        43,
        73,
        38,
        41,
        20,
        31,
        54,
        56,
        27
    ]
}