{
    "id": 103595,
    "category": 60,
    "location": [
        -122.42306,
        39.30444
    ],
    "keywords": [
        13,
        23,
        25,
        28,
        19,
        36,
        10,
        73,
        37,
        6,
        70,
        12,
        10,
        52
    ]
}