{
    "id": 103548,
    "category": 60,
    "location": [
        -122.38833,
        39.13389
    ],
    "keywords": [
        68,
        7,
        30,
        25,
        49,
        1,
        5,
        16
    ]
}