{
    "id": 103660,
    "category": 60,
    "location": [
        -122.48167,
        40.93028
    ],
    "keywords": [
        58,
        41,
        6,
        40,
        20,
        32,
        3,
        37,
        21,
        13,
        14,
        50,
        38,
        66
    ]
}