{
    "id": 103649,
    "category": 60,
    "location": [
        -122.47083,
        41.14861
    ],
    "keywords": [
        12,
        9,
        25,
        17,
        56,
        69,
        45,
        29
    ]
}