{
    "id": 103624,
    "category": 60,
    "location": [
        -122.44389,
        39.01833
    ],
    "keywords": []
}