{
    "id": 103631,
    "category": 60,
    "location": [
        -122.45361,
        40.93528
    ],
    "keywords": []
}