{
    "id": 103638,
    "category": 60,
    "location": [
        -122.45778,
        41.20972
    ],
    "keywords": [
        41,
        13
    ]
}