{
    "id": 103668,
    "category": 60,
    "location": [
        -122.48528,
        40.33861
    ],
    "keywords": [
        73,
        38,
        73,
        37,
        6,
        51,
        75
    ]
}