{
    "id": 103692,
    "category": 60,
    "location": [
        -122.50778,
        41.05167
    ],
    "keywords": [
        68,
        41,
        13,
        65,
        33,
        20,
        68,
        56,
        28,
        6,
        31,
        40,
        5,
        10,
        48
    ]
}