{
    "id": 103661,
    "category": 60,
    "location": [
        -122.48278,
        38.56222
    ],
    "keywords": [
        63,
        56,
        38,
        64
    ]
}