{
    "id": 103604,
    "category": 60,
    "location": [
        -122.42833,
        41.94444
    ],
    "keywords": [
        14,
        49,
        8,
        59
    ]
}