{
    "id": 103770,
    "category": 60,
    "location": [
        -122.55861,
        41.98278
    ],
    "keywords": [
        41,
        39,
        75,
        11,
        27,
        35,
        46,
        54,
        60,
        41,
        58,
        56,
        18,
        64,
        33
    ]
}