{
    "id": 10377,
    "category": 14,
    "location": [
        -119.07278,
        36.19694
    ],
    "keywords": [
        32,
        69,
        67,
        28,
        25,
        37,
        46,
        34
    ]
}