{
    "id": 1037,
    "category": 2,
    "location": [
        -116.76111,
        33.76861
    ],
    "keywords": [
        27,
        51,
        29,
        40,
        9,
        32,
        9,
        64,
        23,
        25
    ]
}