{
    "id": 103780,
    "category": 60,
    "location": [
        -122.56111,
        38.09778
    ],
    "keywords": [
        8,
        26,
        46,
        57,
        4,
        59,
        63,
        18,
        71,
        55,
        40
    ]
}