{
    "id": 103765,
    "category": 60,
    "location": [
        -122.55556,
        40.53361
    ],
    "keywords": [
        11,
        18
    ]
}