{
    "id": 103758,
    "category": 60,
    "location": [
        -122.55167,
        41.77222
    ],
    "keywords": [
        67,
        1
    ]
}