{
    "id": 103700,
    "category": 60,
    "location": [
        -122.51778,
        40.93972
    ],
    "keywords": []
}