{
    "id": 103822,
    "category": 60,
    "location": [
        -122.58194,
        40.35972
    ],
    "keywords": [
        51,
        54,
        65,
        64,
        69,
        69,
        25,
        18,
        56,
        33
    ]
}