{
    "id": 103809,
    "category": 60,
    "location": [
        -122.57583,
        37.88278
    ],
    "keywords": [
        13,
        11,
        33,
        48,
        75,
        30,
        29
    ]
}