{
    "id": 103854,
    "category": 60,
    "location": [
        -122.59722,
        38.09722
    ],
    "keywords": [
        38,
        61,
        0,
        41
    ]
}