{
    "id": 103828,
    "category": 60,
    "location": [
        -122.58472,
        40.02194
    ],
    "keywords": [
        19,
        22,
        49,
        24,
        66,
        1
    ]
}