{
    "id": 103859,
    "category": 60,
    "location": [
        -122.59889,
        40.65333
    ],
    "keywords": [
        9,
        51,
        31,
        16,
        46,
        57,
        41,
        21,
        54,
        41,
        34,
        29,
        16,
        59
    ]
}