{
    "id": 103877,
    "category": 60,
    "location": [
        -122.60778,
        40.35222
    ],
    "keywords": [
        72,
        32,
        70,
        61,
        37,
        28,
        57,
        41,
        56
    ]
}