{
    "id": 103848,
    "category": 60,
    "location": [
        -122.59417,
        39.60472
    ],
    "keywords": [
        46,
        54,
        17,
        64,
        42,
        12,
        1,
        15,
        5,
        51
    ]
}