{
    "id": 103868,
    "category": 60,
    "location": [
        -122.60194,
        38.76056
    ],
    "keywords": [
        52,
        33,
        0,
        65,
        63,
        9,
        70,
        21,
        2,
        0,
        66,
        11,
        19,
        1
    ]
}