{
    "id": 103890,
    "category": 60,
    "location": [
        -122.61333,
        40.78583
    ],
    "keywords": [
        69,
        5,
        8,
        5,
        25,
        70,
        27,
        36,
        21,
        1,
        6,
        73,
        65
    ]
}