{
    "id": 103927,
    "category": 60,
    "location": [
        -122.63583,
        40.68111
    ],
    "keywords": [
        15
    ]
}