{
    "id": 10390,
    "category": 14,
    "location": [
        -119.25944,
        34.44583
    ],
    "keywords": [
        17,
        68,
        39,
        75,
        21,
        3,
        48,
        0,
        64,
        28,
        21
    ]
}