{
    "id": 103955,
    "category": 60,
    "location": [
        -122.66111,
        38.89417
    ],
    "keywords": [
        54,
        59,
        15,
        57,
        65,
        14,
        61,
        47,
        15,
        41,
        41,
        41,
        46
    ]
}