{
    "id": 103912,
    "category": 60,
    "location": [
        -122.62639,
        41.75917
    ],
    "keywords": [
        66,
        16,
        20,
        13,
        33,
        41,
        40,
        20,
        52,
        54,
        51,
        8,
        8
    ]
}