{
    "id": 103924,
    "category": 60,
    "location": [
        -122.63333,
        41.04556
    ],
    "keywords": [
        70,
        20
    ]
}