{
    "id": 103970,
    "category": 60,
    "location": [
        -122.67167,
        40.71417
    ],
    "keywords": [
        28,
        13,
        2,
        49,
        47,
        54,
        14,
        74,
        38,
        11,
        11,
        9,
        75,
        29
    ]
}