{
    "id": 10408,
    "category": 14,
    "location": [
        -119.53861,
        34.41194
    ],
    "keywords": [
        29
    ]
}