{
    "id": 104021,
    "category": 60,
    "location": [
        -122.69444,
        41.57694
    ],
    "keywords": [
        0,
        52
    ]
}