{
    "id": 104081,
    "category": 60,
    "location": [
        -122.72778,
        39.17778
    ],
    "keywords": [
        55,
        25,
        52,
        19,
        17,
        38,
        60,
        49,
        42,
        58,
        42,
        29,
        68,
        34,
        36
    ]
}