{
    "id": 104095,
    "category": 60,
    "location": [
        -122.73722,
        41.77778
    ],
    "keywords": []
}