{
    "id": 104066,
    "category": 60,
    "location": [
        -122.71861,
        41.31306
    ],
    "keywords": [
        48,
        31,
        63,
        0,
        1,
        0
    ]
}