{
    "id": 104031,
    "category": 60,
    "location": [
        -122.70139,
        40.15583
    ],
    "keywords": [
        7,
        3,
        43,
        20,
        1,
        69
    ]
}