{
    "id": 104089,
    "category": 60,
    "location": [
        -122.73167,
        41.07889
    ],
    "keywords": [
        6,
        72,
        59,
        31,
        30,
        42,
        24
    ]
}