{
    "id": 104064,
    "category": 60,
    "location": [
        -122.71806,
        40.16028
    ],
    "keywords": [
        41,
        7,
        64,
        40,
        19,
        14,
        32,
        47,
        45,
        42,
        54
    ]
}