{
    "id": 104059,
    "category": 60,
    "location": [
        -122.71444,
        41.07278
    ],
    "keywords": [
        6,
        36,
        33,
        38,
        72,
        14,
        25,
        33,
        6,
        7
    ]
}