{
    "id": 104197,
    "category": 60,
    "location": [
        -122.79944,
        41.77278
    ],
    "keywords": [
        67,
        49,
        11,
        6
    ]
}