{
    "id": 104170,
    "category": 60,
    "location": [
        -122.78639,
        41.56444
    ],
    "keywords": [
        9,
        75,
        58,
        20,
        14,
        21,
        11,
        49,
        25,
        39,
        69,
        10,
        15
    ]
}