{
    "id": 104144,
    "category": 60,
    "location": [
        -122.76806,
        40.79222
    ],
    "keywords": [
        8,
        6,
        49,
        69,
        40,
        8,
        10,
        9,
        22,
        8,
        48,
        59
    ]
}