{
    "id": 104168,
    "category": 60,
    "location": [
        -122.78306,
        40.86194
    ],
    "keywords": [
        73,
        25,
        24,
        67,
        70,
        53,
        27,
        32,
        28,
        1,
        8
    ]
}