{
    "id": 10415,
    "category": 14,
    "location": [
        -119.59583,
        36.54167
    ],
    "keywords": [
        39
    ]
}