{
    "id": 10419,
    "category": 14,
    "location": [
        -119.61639,
        36.57694
    ],
    "keywords": [
        5
    ]
}