{
    "id": 104261,
    "category": 60,
    "location": [
        -122.82806,
        41.01444
    ],
    "keywords": [
        42,
        70,
        8
    ]
}