{
    "id": 10424,
    "category": 14,
    "location": [
        -119.63778,
        36.30167
    ],
    "keywords": [
        74,
        59,
        55,
        39,
        22,
        14,
        64,
        39
    ]
}