{
    "id": 104253,
    "category": 60,
    "location": [
        -122.82472,
        38.83111
    ],
    "keywords": [
        4,
        70,
        69,
        66,
        58,
        62,
        57,
        15
    ]
}