{
    "id": 104257,
    "category": 60,
    "location": [
        -122.82694,
        41.86278
    ],
    "keywords": [
        31,
        44,
        51,
        57,
        14,
        54,
        33,
        31,
        16
    ]
}