{
    "id": 104250,
    "category": 60,
    "location": [
        -122.82417,
        41.71056
    ],
    "keywords": [
        15,
        2,
        59,
        42,
        13,
        24,
        70,
        40,
        44,
        31,
        15,
        7,
        73
    ]
}