{
    "id": 104219,
    "category": 60,
    "location": [
        -122.81333,
        40.86528
    ],
    "keywords": [
        51,
        29
    ]
}