{
    "id": 104263,
    "category": 60,
    "location": [
        -122.82917,
        40.89111
    ],
    "keywords": [
        39,
        42,
        61
    ]
}