{
    "id": 104298,
    "category": 60,
    "location": [
        -122.84806,
        41.71972
    ],
    "keywords": [
        37,
        53,
        34,
        27,
        31,
        58,
        59,
        42,
        11,
        45
    ]
}