{
    "id": 104270,
    "category": 60,
    "location": [
        -122.83056,
        41.92306
    ],
    "keywords": [
        51,
        70,
        23,
        20,
        72,
        33,
        7,
        26,
        73,
        62,
        38,
        21
    ]
}