{
    "id": 104309,
    "category": 60,
    "location": [
        -122.85361,
        40.78083
    ],
    "keywords": [
        32,
        56,
        60,
        70,
        35,
        16,
        70,
        1,
        32,
        10,
        22,
        42,
        8
    ]
}