{
    "id": 104365,
    "category": 60,
    "location": [
        -122.88389,
        40.57917
    ],
    "keywords": [
        19,
        21,
        17,
        43,
        25,
        42,
        51,
        72,
        44
    ]
}