{
    "id": 104382,
    "category": 60,
    "location": [
        -122.89306,
        40.81306
    ],
    "keywords": [
        47,
        65,
        5,
        43,
        33,
        42,
        22,
        15,
        72
    ]
}