{
    "id": 104325,
    "category": 60,
    "location": [
        -122.86028,
        41.65139
    ],
    "keywords": [
        63,
        29,
        61,
        4
    ]
}