{
    "id": 104319,
    "category": 60,
    "location": [
        -122.85778,
        40.32056
    ],
    "keywords": [
        29,
        3
    ]
}