{
    "id": 104352,
    "category": 60,
    "location": [
        -122.87583,
        40.34722
    ],
    "keywords": [
        25,
        51,
        16,
        57,
        46,
        41,
        5,
        43,
        59,
        60
    ]
}