{
    "id": 104394,
    "category": 60,
    "location": [
        -122.90139,
        40.86444
    ],
    "keywords": [
        19,
        4,
        61,
        57,
        57,
        3
    ]
}