{
    "id": 104416,
    "category": 60,
    "location": [
        -122.92083,
        41.21917
    ],
    "keywords": [
        52,
        10,
        11,
        41,
        59,
        67
    ]
}