{
    "id": 104492,
    "category": 60,
    "location": [
        -122.97306,
        40.69639
    ],
    "keywords": [
        28,
        6,
        20,
        27,
        12,
        54,
        19,
        29,
        22,
        5,
        9
    ]
}