{
    "id": 104432,
    "category": 60,
    "location": [
        -122.92944,
        40.31167
    ],
    "keywords": [
        71,
        21,
        38,
        27,
        51,
        14,
        54,
        0,
        36,
        24,
        46,
        30,
        49,
        46,
        26
    ]
}