{
    "id": 104486,
    "category": 60,
    "location": [
        -122.96444,
        38.51556
    ],
    "keywords": [
        26,
        5
    ]
}