{
    "id": 104493,
    "category": 60,
    "location": [
        -122.97333,
        41.63917
    ],
    "keywords": [
        3,
        42,
        73,
        74,
        33,
        48,
        60,
        28,
        41,
        69,
        16
    ]
}