{
    "id": 104438,
    "category": 60,
    "location": [
        -122.93389,
        41.10889
    ],
    "keywords": []
}