{
    "id": 104459,
    "category": 60,
    "location": [
        -122.94444,
        40.51833
    ],
    "keywords": [
        25,
        33,
        66,
        25,
        25,
        20,
        47,
        0,
        40,
        12,
        52,
        20,
        73
    ]
}