{
    "id": 104481,
    "category": 60,
    "location": [
        -122.96222,
        38.59333
    ],
    "keywords": [
        35,
        11,
        7,
        8,
        25,
        50,
        15,
        25,
        62,
        29,
        14,
        5
    ]
}