{
    "id": 104546,
    "category": 60,
    "location": [
        -123.02222,
        40.75833
    ],
    "keywords": [
        40,
        68,
        18,
        2,
        59,
        33,
        19,
        33
    ]
}