{
    "id": 10452,
    "category": 14,
    "location": [
        -120.07167,
        36.96611
    ],
    "keywords": [
        10,
        53,
        54,
        67,
        25,
        32,
        51,
        53,
        42,
        48,
        31,
        13,
        27,
        24,
        62
    ]
}