{
    "id": 10458,
    "category": 14,
    "location": [
        -120.15917,
        39.80111
    ],
    "keywords": [
        1,
        20,
        20,
        74,
        74,
        20,
        60
    ]
}