{
    "id": 104540,
    "category": 60,
    "location": [
        -123.01861,
        40.50194
    ],
    "keywords": [
        37,
        61,
        18,
        22,
        26,
        25,
        34,
        67
    ]
}