{
    "id": 104607,
    "category": 60,
    "location": [
        -123.06722,
        38.49139
    ],
    "keywords": [
        53,
        34,
        71,
        68,
        44,
        39,
        8
    ]
}