{
    "id": 104668,
    "category": 60,
    "location": [
        -123.10306,
        40.42194
    ],
    "keywords": [
        8,
        43,
        45,
        58,
        65
    ]
}