{
    "id": 10461,
    "category": 14,
    "location": [
        -120.17722,
        39.33417
    ],
    "keywords": [
        70,
        56,
        39,
        25,
        72
    ]
}