{
    "id": 104679,
    "category": 60,
    "location": [
        -123.11139,
        41.26194
    ],
    "keywords": [
        45,
        25,
        15
    ]
}