{
    "id": 104663,
    "category": 60,
    "location": [
        -123.10083,
        41.44028
    ],
    "keywords": [
        64,
        44
    ]
}