{
    "id": 104626,
    "category": 60,
    "location": [
        -123.07972,
        41.85611
    ],
    "keywords": [
        37,
        17,
        57,
        4,
        47
    ]
}