{
    "id": 104614,
    "category": 60,
    "location": [
        -123.07278,
        41.27944
    ],
    "keywords": [
        34,
        73,
        12,
        38,
        61,
        14,
        18,
        15,
        56,
        13
    ]
}