{
    "id": 104650,
    "category": 60,
    "location": [
        -123.09083,
        40.37583
    ],
    "keywords": [
        70,
        25,
        33,
        53,
        28,
        59,
        31
    ]
}