{
    "id": 10471,
    "category": 14,
    "location": [
        -120.28306,
        37.24222
    ],
    "keywords": [
        51,
        51,
        18,
        71,
        68,
        27,
        42,
        32,
        65,
        52,
        22
    ]
}