{
    "id": 104716,
    "category": 60,
    "location": [
        -123.13306,
        40.44639
    ],
    "keywords": [
        13,
        17,
        42,
        3,
        40,
        51,
        32,
        47,
        28,
        15,
        22,
        22
    ]
}