{
    "id": 104735,
    "category": 60,
    "location": [
        -123.14222,
        39.76167
    ],
    "keywords": [
        30,
        52,
        52,
        7
    ]
}