{
    "id": 104744,
    "category": 60,
    "location": [
        -123.14972,
        40.75861
    ],
    "keywords": [
        6,
        28
    ]
}