{
    "id": 10478,
    "category": 14,
    "location": [
        -120.37722,
        37.98028
    ],
    "keywords": [
        33,
        24,
        55,
        48,
        36,
        58,
        12,
        22,
        36,
        2,
        40
    ]
}