{
    "id": 104773,
    "category": 60,
    "location": [
        -123.16889,
        39.41556
    ],
    "keywords": [
        22,
        52
    ]
}