{
    "id": 10479,
    "category": 14,
    "location": [
        -120.37806,
        35.65639
    ],
    "keywords": [
        30,
        48,
        36,
        41,
        29,
        65,
        0,
        33
    ]
}