{
    "id": 104748,
    "category": 60,
    "location": [
        -123.15111,
        40.47389
    ],
    "keywords": [
        66,
        25,
        55,
        75,
        46,
        57,
        4
    ]
}