{
    "id": 104774,
    "category": 60,
    "location": [
        -123.16917,
        41.25139
    ],
    "keywords": [
        43,
        32,
        32,
        38,
        16,
        68,
        54,
        5,
        45,
        69,
        72
    ]
}