{
    "id": 104797,
    "category": 60,
    "location": [
        -123.18472,
        41.32611
    ],
    "keywords": [
        34,
        19
    ]
}