{
    "id": 104708,
    "category": 60,
    "location": [
        -123.12806,
        41.33194
    ],
    "keywords": [
        22,
        33,
        19,
        54,
        8,
        8,
        19,
        38,
        16,
        44
    ]
}