{
    "id": 104809,
    "category": 60,
    "location": [
        -123.19639,
        41.31139
    ],
    "keywords": [
        43,
        75,
        14,
        14,
        40,
        9,
        67,
        23,
        12,
        46,
        28,
        15
    ]
}