{
    "id": 104897,
    "category": 60,
    "location": [
        -123.30694,
        39.89361
    ],
    "keywords": [
        50,
        65,
        56,
        16,
        15,
        34,
        65,
        43,
        34,
        55,
        20,
        55,
        9,
        3
    ]
}