{
    "id": 104852,
    "category": 60,
    "location": [
        -123.23917,
        38.58917
    ],
    "keywords": [
        39,
        36,
        25,
        43,
        4,
        40,
        51,
        26,
        14,
        20,
        22,
        73,
        36,
        71
    ]
}