{
    "id": 10483,
    "category": 14,
    "location": [
        -120.38667,
        39.73778
    ],
    "keywords": [
        60
    ]
}