{
    "id": 104879,
    "category": 60,
    "location": [
        -123.27917,
        41.24333
    ],
    "keywords": [
        8,
        0,
        38,
        66,
        55,
        16,
        31,
        58,
        51,
        75,
        25,
        37,
        5,
        3,
        54
    ]
}