{
    "id": 104859,
    "category": 60,
    "location": [
        -123.24806,
        39.70583
    ],
    "keywords": [
        65,
        44,
        3,
        24,
        13,
        61,
        65
    ]
}