{
    "id": 104899,
    "category": 60,
    "location": [
        -123.30861,
        40.51111
    ],
    "keywords": [
        15,
        73,
        38,
        63,
        30,
        14,
        70
    ]
}