{
    "id": 104827,
    "category": 60,
    "location": [
        -123.21583,
        40.17111
    ],
    "keywords": [
        46,
        33,
        42,
        19,
        19,
        68,
        53,
        71,
        3,
        61
    ]
}