{
    "id": 104887,
    "category": 60,
    "location": [
        -123.29167,
        41.61139
    ],
    "keywords": [
        3,
        19,
        11,
        44,
        25
    ]
}