{
    "id": 10481,
    "category": 14,
    "location": [
        -120.38139,
        37.97833
    ],
    "keywords": [
        11,
        34,
        8
    ]
}