{
    "id": 104917,
    "category": 60,
    "location": [
        -123.34417,
        41.49222
    ],
    "keywords": [
        40,
        73,
        29,
        41,
        50,
        7,
        54,
        59,
        26,
        45,
        9,
        48,
        9,
        38,
        40
    ]
}