{
    "id": 104988,
    "category": 60,
    "location": [
        -123.49972,
        39.24806
    ],
    "keywords": [
        5,
        25,
        18,
        68,
        4,
        9
    ]
}