{
    "id": 10491,
    "category": 14,
    "location": [
        -120.42222,
        37.95056
    ],
    "keywords": [
        27,
        17,
        21,
        62,
        73,
        0,
        48,
        75,
        72,
        19
    ]
}