{
    "id": 104918,
    "category": 60,
    "location": [
        -123.34556,
        40.96028
    ],
    "keywords": [
        70,
        66,
        74,
        65,
        7,
        40,
        20,
        10,
        48,
        30,
        63,
        51,
        62,
        10
    ]
}