{
    "id": 104977,
    "category": 60,
    "location": [
        -123.47389,
        38.81028
    ],
    "keywords": [
        22,
        51,
        28,
        22,
        60,
        67
    ]
}