{
    "id": 104933,
    "category": 60,
    "location": [
        -123.37889,
        38.78472
    ],
    "keywords": [
        36,
        32,
        21,
        6,
        64,
        32,
        45,
        14,
        64,
        0,
        3
    ]
}