{
    "id": 10497,
    "category": 14,
    "location": [
        -120.47528,
        38.08806
    ],
    "keywords": [
        52,
        49,
        60,
        73,
        30
    ]
}