{
    "id": 104957,
    "category": 60,
    "location": [
        -123.43028,
        39.49389
    ],
    "keywords": [
        8,
        20
    ]
}