{
    "id": 104968,
    "category": 60,
    "location": [
        -123.46139,
        41.87444
    ],
    "keywords": [
        68,
        60,
        74,
        72,
        40,
        75,
        25,
        37
    ]
}