{
    "id": 104956,
    "category": 60,
    "location": [
        -123.42556,
        41.63417
    ],
    "keywords": [
        9
    ]
}