{
    "id": 105049,
    "category": 60,
    "location": [
        -123.56806,
        41.35194
    ],
    "keywords": [
        29,
        1,
        34,
        6
    ]
}