{
    "id": 105004,
    "category": 60,
    "location": [
        -123.52472,
        39.29472
    ],
    "keywords": [
        26,
        11,
        23,
        44,
        23,
        70,
        66,
        5,
        52,
        15
    ]
}