{
    "id": 105066,
    "category": 60,
    "location": [
        -123.57944,
        41.70528
    ],
    "keywords": [
        64,
        52
    ]
}