{
    "id": 105043,
    "category": 60,
    "location": [
        -123.56417,
        41.70111
    ],
    "keywords": [
        74,
        46,
        37,
        20,
        20,
        12,
        1,
        64,
        66,
        64,
        32,
        63,
        34,
        34,
        39
    ]
}