{
    "id": 105176,
    "category": 60,
    "location": [
        -123.71833,
        39.24056
    ],
    "keywords": [
        35,
        64,
        65
    ]
}