{
    "id": 105115,
    "category": 60,
    "location": [
        -123.63444,
        41.31111
    ],
    "keywords": []
}