{
    "id": 105126,
    "category": 60,
    "location": [
        -123.64889,
        38.86944
    ],
    "keywords": [
        67
    ]
}