{
    "id": 105160,
    "category": 60,
    "location": [
        -123.68556,
        41.15722
    ],
    "keywords": [
        22,
        2,
        29,
        0,
        15,
        45,
        59,
        12
    ]
}