{
    "id": 105123,
    "category": 60,
    "location": [
        -123.64611,
        41.21806
    ],
    "keywords": [
        75,
        18,
        55,
        32,
        64,
        44,
        26
    ]
}