{
    "id": 105173,
    "category": 60,
    "location": [
        -123.71472,
        39.24611
    ],
    "keywords": [
        48,
        7,
        23,
        24,
        9
    ]
}