{
    "id": 10523,
    "category": 14,
    "location": [
        -120.65833,
        40.42917
    ],
    "keywords": [
        32,
        47,
        9,
        17,
        75,
        2
    ]
}