{
    "id": 105284,
    "category": 60,
    "location": [
        -124.34639,
        40.31972
    ],
    "keywords": [
        21,
        53,
        56,
        50,
        74,
        32,
        22,
        70,
        73,
        47,
        55,
        31,
        14,
        22
    ]
}