{
    "id": 10520,
    "category": 14,
    "location": [
        -120.64194,
        37.97694
    ],
    "keywords": [
        57,
        8,
        56,
        60,
        26,
        13,
        19,
        47,
        53,
        61,
        75,
        4,
        60
    ]
}