{
    "id": 10527,
    "category": 14,
    "location": [
        -120.67917,
        38.19333
    ],
    "keywords": [
        7,
        55
    ]
}