{
    "id": 105267,
    "category": 60,
    "location": [
        -124.14278,
        40.69194
    ],
    "keywords": [
        12,
        57,
        34,
        54,
        17,
        63,
        65,
        2,
        51,
        69,
        56,
        74,
        36
    ]
}