{
    "id": 105293,
    "category": 61,
    "location": [
        -114.45028,
        34.36306
    ],
    "keywords": [
        35,
        41,
        54,
        32,
        1
    ]
}