{
    "id": 105231,
    "category": 60,
    "location": [
        -123.90444,
        40.77222
    ],
    "keywords": [
        22,
        3,
        39,
        41,
        18,
        65
    ]
}