{
    "id": 105213,
    "category": 60,
    "location": [
        -123.79972,
        39.74444
    ],
    "keywords": [
        17,
        16,
        60,
        15,
        12,
        44
    ]
}