{
    "id": 105212,
    "category": 60,
    "location": [
        -123.79944,
        39.31528
    ],
    "keywords": [
        75,
        28,
        17,
        26,
        48,
        51,
        39,
        14
    ]
}