{
    "id": 105225,
    "category": 60,
    "location": [
        -123.87778,
        40.86222
    ],
    "keywords": [
        75,
        39,
        17,
        73,
        41,
        15,
        1,
        48,
        4,
        56,
        30,
        6,
        4,
        11
    ]
}