{
    "id": 105309,
    "category": 61,
    "location": [
        -115.12139,
        35.29833
    ],
    "keywords": [
        29,
        16,
        13,
        16,
        33,
        50,
        67,
        67,
        51,
        28,
        2,
        21,
        56
    ]
}