{
    "id": 105320,
    "category": 61,
    "location": [
        -115.30611,
        33.74111
    ],
    "keywords": [
        61,
        61,
        16,
        46,
        58,
        49,
        11,
        21,
        11,
        7,
        70,
        14,
        26,
        18,
        57
    ]
}