{
    "id": 105314,
    "category": 61,
    "location": [
        -115.21694,
        33.44306
    ],
    "keywords": []
}