{
    "id": 105306,
    "category": 61,
    "location": [
        -114.99444,
        33.58417
    ],
    "keywords": [
        8,
        39,
        22,
        53,
        53,
        9
    ]
}