{
    "id": 10531,
    "category": 14,
    "location": [
        -120.70056,
        35.57194
    ],
    "keywords": [
        52,
        27,
        25,
        61,
        19,
        29,
        54,
        70
    ]
}