{
    "id": 105305,
    "category": 61,
    "location": [
        -114.93639,
        33.61667
    ],
    "keywords": [
        75,
        53,
        16,
        40
    ]
}