{
    "id": 105373,
    "category": 61,
    "location": [
        -116.46139,
        36.42472
    ],
    "keywords": [
        51,
        5
    ]
}