{
    "id": 105358,
    "category": 61,
    "location": [
        -116.04944,
        35.85806
    ],
    "keywords": [
        41,
        29,
        14,
        5,
        43
    ]
}