{
    "id": 10537,
    "category": 14,
    "location": [
        -120.74806,
        38.67694
    ],
    "keywords": [
        9,
        63,
        0,
        45,
        29,
        47,
        69,
        32,
        47,
        21
    ]
}