{
    "id": 105351,
    "category": 61,
    "location": [
        -115.87611,
        32.71639
    ],
    "keywords": [
        42,
        3,
        75,
        41,
        34
    ]
}