{
    "id": 105380,
    "category": 61,
    "location": [
        -116.76639,
        34.71833
    ],
    "keywords": [
        6,
        40,
        6,
        58,
        19,
        29,
        17,
        38,
        38,
        23,
        12,
        39,
        27,
        12,
        45
    ]
}