{
    "id": 105329,
    "category": 61,
    "location": [
        -115.40889,
        35.53389
    ],
    "keywords": [
        64,
        21,
        13,
        2,
        8
    ]
}