{
    "id": 105434,
    "category": 61,
    "location": [
        -118.05806,
        35.44417
    ],
    "keywords": [
        33
    ]
}