{
    "id": 105426,
    "category": 61,
    "location": [
        -117.91972,
        35.49361
    ],
    "keywords": [
        31,
        5,
        43,
        38,
        61,
        44,
        29,
        11,
        3,
        55,
        23,
        56,
        26
    ]
}