{
    "id": 10544,
    "category": 14,
    "location": [
        -120.80111,
        35.30528
    ],
    "keywords": []
}