{
    "id": 105437,
    "category": 61,
    "location": [
        -118.11611,
        35.30222
    ],
    "keywords": [
        16
    ]
}