{
    "id": 105482,
    "category": 61,
    "location": [
        -120.81111,
        40.71722
    ],
    "keywords": [
        75,
        14,
        0,
        48,
        18,
        34,
        64,
        50,
        27,
        54,
        49,
        69,
        28,
        0,
        12
    ]
}