{
    "id": 105497,
    "category": 61,
    "location": [
        -121.11944,
        40.65472
    ],
    "keywords": [
        72,
        65
    ]
}