{
    "id": 105462,
    "category": 61,
    "location": [
        -120.05806,
        35.61806
    ],
    "keywords": [
        24,
        49,
        63,
        4
    ]
}