{
    "id": 105593,
    "category": 62,
    "location": [
        -118.93389,
        36.80833
    ],
    "keywords": [
        22
    ]
}