{
    "id": 10552,
    "category": 14,
    "location": [
        -120.81111,
        38.73444
    ],
    "keywords": [
        42,
        10,
        70,
        33,
        11,
        59,
        60,
        39,
        10,
        18,
        52,
        8,
        27
    ]
}