{
    "id": 105531,
    "category": 62,
    "location": [
        -116.22417,
        32.86111
    ],
    "keywords": [
        3,
        64,
        69,
        35,
        53,
        46,
        10,
        72,
        69,
        69
    ]
}