{
    "id": 10550,
    "category": 14,
    "location": [
        -120.80972,
        38.39583
    ],
    "keywords": [
        19
    ]
}