{
    "id": 105652,
    "category": 62,
    "location": [
        -122.83111,
        38.60417
    ],
    "keywords": [
        39,
        5
    ]
}