{
    "id": 105640,
    "category": 62,
    "location": [
        -122.26278,
        37.87139
    ],
    "keywords": [
        54,
        56,
        42,
        72,
        26,
        45,
        67,
        11,
        41,
        67,
        25,
        19,
        25,
        73
    ]
}