{
    "id": 105617,
    "category": 62,
    "location": [
        -121.66833,
        40.55472
    ],
    "keywords": [
        41,
        61
    ]
}