{
    "id": 105629,
    "category": 62,
    "location": [
        -121.94417,
        36.52306
    ],
    "keywords": [
        11,
        47,
        42,
        0,
        40,
        60,
        40,
        9,
        2,
        48,
        43,
        59
    ]
}