{
    "id": 105704,
    "category": 62,
    "location": [
        -123.92583,
        40.33361
    ],
    "keywords": [
        43,
        51
    ]
}