{
    "id": 10571,
    "category": 14,
    "location": [
        -120.88472,
        37.41472
    ],
    "keywords": [
        52,
        48,
        10,
        1,
        40,
        65
    ]
}