{
    "id": 10603,
    "category": 14,
    "location": [
        -121.04722,
        39.45083
    ],
    "keywords": [
        30,
        28,
        18,
        75,
        20,
        70,
        7,
        69,
        37,
        21,
        68,
        28,
        20,
        52
    ]
}