{
    "id": 10616,
    "category": 14,
    "location": [
        -121.08833,
        38.20222
    ],
    "keywords": [
        28,
        0,
        8,
        58,
        41
    ]
}