{
    "id": 10629,
    "category": 14,
    "location": [
        -121.17611,
        38.23417
    ],
    "keywords": [
        39,
        7,
        42,
        40,
        47,
        32,
        49,
        47,
        73,
        42,
        47,
        12,
        11,
        38
    ]
}