{
    "id": 10628,
    "category": 14,
    "location": [
        -121.17556,
        38.14778
    ],
    "keywords": [
        17,
        51,
        14
    ]
}