{
    "id": 10634,
    "category": 14,
    "location": [
        -121.20611,
        41.21889
    ],
    "keywords": []
}