{
    "id": 10688,
    "category": 14,
    "location": [
        -121.46722,
        38.52083
    ],
    "keywords": [
        53,
        58,
        4,
        47,
        71,
        28,
        27,
        6,
        51,
        2,
        72,
        20
    ]
}