{
    "id": 10698,
    "category": 14,
    "location": [
        -121.54528,
        39.53389
    ],
    "keywords": [
        4,
        39,
        0
    ]
}