{
    "id": 10735,
    "category": 14,
    "location": [
        -121.76889,
        39.67583
    ],
    "keywords": [
        27,
        39,
        64,
        16,
        0,
        57,
        34,
        31
    ]
}