{
    "id": 10752,
    "category": 14,
    "location": [
        -121.83611,
        39.73667
    ],
    "keywords": [
        54,
        48,
        54,
        1,
        68,
        39
    ]
}