{
    "id": 10765,
    "category": 14,
    "location": [
        -121.93083,
        40.82139
    ],
    "keywords": [
        69,
        28,
        46
    ]
}