{
    "id": 10764,
    "category": 14,
    "location": [
        -121.92972,
        36.63222
    ],
    "keywords": [
        40,
        24,
        71,
        30
    ]
}