{
    "id": 10815,
    "category": 14,
    "location": [
        -122.14472,
        38.01722
    ],
    "keywords": [
        36,
        65,
        2,
        24,
        60,
        2,
        16,
        25,
        67,
        16,
        6,
        3,
        24
    ]
}