{
    "id": 10826,
    "category": 14,
    "location": [
        -122.20806,
        39.27694
    ],
    "keywords": [
        12,
        26,
        21,
        66,
        29,
        60,
        36,
        43
    ]
}