{
    "id": 10824,
    "category": 14,
    "location": [
        -122.18778,
        40.46472
    ],
    "keywords": [
        21,
        45,
        72,
        36,
        70,
        59,
        55,
        61,
        70,
        68,
        20
    ]
}