{
    "id": 10829,
    "category": 14,
    "location": [
        -122.22222,
        37.47389
    ],
    "keywords": [
        41,
        69,
        50,
        67,
        53,
        16,
        63,
        50,
        33,
        53,
        33,
        45
    ]
}