{
    "id": 10845,
    "category": 14,
    "location": [
        -122.31472,
        37.97556
    ],
    "keywords": [
        42,
        19,
        29
    ]
}