{
    "id": 10848,
    "category": 14,
    "location": [
        -122.33583,
        37.54833
    ],
    "keywords": [
        61,
        45,
        1,
        72
    ]
}