{
    "id": 10854,
    "category": 14,
    "location": [
        -122.38194,
        41.44028
    ],
    "keywords": [
        16,
        57,
        41
    ]
}