{
    "id": 10869,
    "category": 14,
    "location": [
        -122.44972,
        38.28333
    ],
    "keywords": [
        64,
        41,
        52
    ]
}