{
    "id": 10877,
    "category": 14,
    "location": [
        -122.45639,
        37.67056
    ],
    "keywords": [
        42,
        55,
        34,
        25,
        58,
        11,
        37,
        8,
        23,
        16
    ]
}