{
    "id": 10883,
    "category": 14,
    "location": [
        -122.46333,
        37.79972
    ],
    "keywords": [
        45,
        36,
        51,
        0
    ]
}