{
    "id": 10905,
    "category": 14,
    "location": [
        -122.56944,
        39.36722
    ],
    "keywords": [
        51,
        43,
        14,
        53,
        7,
        38,
        65,
        69,
        20,
        42,
        59,
        14,
        11,
        52,
        35
    ]
}