{
    "id": 10910,
    "category": 14,
    "location": [
        -122.64694,
        38.24556
    ],
    "keywords": [
        69,
        27
    ]
}