{
    "id": 10932,
    "category": 14,
    "location": [
        -122.78528,
        38.65694
    ],
    "keywords": [
        47,
        11,
        14,
        51,
        38,
        16
    ]
}