{
    "id": 10956,
    "category": 14,
    "location": [
        -122.99111,
        38.50806
    ],
    "keywords": [
        60,
        28,
        37,
        72,
        14,
        44
    ]
}