{
    "id": 10959,
    "category": 14,
    "location": [
        -123.02694,
        41.84472
    ],
    "keywords": [
        7,
        27,
        48,
        28,
        65,
        63,
        71,
        74,
        37,
        57,
        52
    ]
}