{
    "id": 10953,
    "category": 14,
    "location": [
        -122.94194,
        39.52778
    ],
    "keywords": [
        59,
        64,
        0,
        41,
        63,
        27,
        20,
        70,
        13,
        28,
        61,
        53
    ]
}