{
    "id": 10969,
    "category": 14,
    "location": [
        -123.26361,
        38.65389
    ],
    "keywords": [
        54,
        8,
        3,
        2,
        72,
        57,
        25,
        31,
        67
    ]
}