{
    "id": 10977,
    "category": 14,
    "location": [
        -123.35917,
        38.71833
    ],
    "keywords": [
        5,
        9,
        61,
        13,
        24,
        22,
        51,
        11,
        74,
        54,
        24,
        26,
        59
    ]
}