{
    "id": 10983,
    "category": 14,
    "location": [
        -123.55417,
        38.78583
    ],
    "keywords": [
        57,
        56,
        10,
        59,
        70
    ]
}