{
    "id": 10991,
    "category": 14,
    "location": [
        -124.03167,
        40.33194
    ],
    "keywords": [
        40,
        37,
        31,
        69,
        61
    ]
}