{
    "id": 11004,
    "category": 14,
    "location": [
        -124.26083,
        40.57306
    ],
    "keywords": [
        54
    ]
}