{
    "id": 11007,
    "category": 15,
    "location": [
        -117.23472,
        32.77861
    ],
    "keywords": [
        61,
        27,
        60,
        66,
        7,
        52
    ]
}