{
    "id": 11047,
    "category": 15,
    "location": [
        -121.65167,
        38.31028
    ],
    "keywords": [
        9,
        25,
        66,
        9,
        5,
        74,
        18
    ]
}