{
    "id": 1105,
    "category": 2,
    "location": [
        -120.39778,
        38.07528
    ],
    "keywords": []
}