{
    "id": 11053,
    "category": 15,
    "location": [
        -121.88139,
        38.03944
    ],
    "keywords": [
        62,
        45,
        48
    ]
}