{
    "id": 11077,
    "category": 15,
    "location": [
        -122.36944,
        37.92083
    ],
    "keywords": [
        38,
        21,
        26,
        53,
        31,
        23,
        31,
        74,
        2
    ]
}