{
    "id": 11098,
    "category": 15,
    "location": [
        -124.17389,
        40.80556
    ],
    "keywords": []
}