{
    "id": 11092,
    "category": 15,
    "location": [
        -122.75639,
        39.03028
    ],
    "keywords": []
}