{
    "id": 11095,
    "category": 15,
    "location": [
        -123.16889,
        39.74472
    ],
    "keywords": [
        2,
        29,
        74,
        51,
        65,
        72,
        14,
        15
    ]
}