{
    "id": 11110,
    "category": 16,
    "location": [
        -114.57667,
        33.61083
    ],
    "keywords": [
        52,
        52
    ]
}