{
    "id": 11120,
    "category": 16,
    "location": [
        -114.59889,
        33.60833
    ],
    "keywords": [
        8
    ]
}