{
    "id": 11128,
    "category": 16,
    "location": [
        -114.60722,
        33.61361
    ],
    "keywords": [
        57,
        66,
        39,
        19,
        75,
        6
    ]
}