{
    "id": 11135,
    "category": 16,
    "location": [
        -115.37278,
        32.81056
    ],
    "keywords": [
        6,
        8,
        46,
        24,
        32
    ]
}