{
    "id": 11137,
    "category": 16,
    "location": [
        -115.37417,
        32.81222
    ],
    "keywords": [
        54,
        40,
        33,
        12
    ]
}