{
    "id": 11155,
    "category": 16,
    "location": [
        -115.52139,
        32.98389
    ],
    "keywords": [
        32,
        34
    ]
}