{
    "id": 11169,
    "category": 16,
    "location": [
        -115.53667,
        32.97556
    ],
    "keywords": [
        21,
        74,
        31,
        74,
        67,
        45,
        10,
        3,
        2,
        64,
        26,
        71
    ]
}