{
    "id": 11172,
    "category": 16,
    "location": [
        -115.53833,
        32.98222
    ],
    "keywords": [
        14,
        28,
        12
    ]
}