{
    "id": 11170,
    "category": 16,
    "location": [
        -115.53667,
        32.97556
    ],
    "keywords": [
        70,
        20,
        64,
        31,
        0,
        40,
        32,
        20,
        24
    ]
}