{
    "id": 1119,
    "category": 2,
    "location": [
        -120.78611,
        40.88944
    ],
    "keywords": [
        48,
        36
    ]
}