{
    "id": 11198,
    "category": 16,
    "location": [
        -115.55806,
        32.79083
    ],
    "keywords": [
        57,
        72,
        74,
        52,
        63,
        75
    ]
}