{
    "id": 11199,
    "category": 16,
    "location": [
        -115.55861,
        32.78917
    ],
    "keywords": [
        26,
        48,
        10,
        62,
        12,
        15,
        15,
        15,
        68,
        19,
        31
    ]
}