{
    "id": 11213,
    "category": 16,
    "location": [
        -115.56917,
        32.78194
    ],
    "keywords": [
        49
    ]
}