{
    "id": 11218,
    "category": 16,
    "location": [
        -116.05389,
        34.14833
    ],
    "keywords": [
        68,
        32,
        74,
        51,
        55,
        44,
        48,
        46,
        25,
        40,
        27,
        35,
        45,
        17,
        40
    ]
}