{
    "id": 11217,
    "category": 16,
    "location": [
        -116.05306,
        34.16139
    ],
    "keywords": [
        42
    ]
}