{
    "id": 11214,
    "category": 16,
    "location": [
        -115.57056,
        32.78472
    ],
    "keywords": [
        3,
        5,
        14,
        28,
        49,
        70,
        5,
        52,
        48
    ]
}