{
    "id": 11228,
    "category": 16,
    "location": [
        -116.22167,
        33.71972
    ],
    "keywords": [
        24,
        49,
        42,
        53,
        63,
        7,
        30,
        40
    ]
}