{
    "id": 11238,
    "category": 16,
    "location": [
        -116.23306,
        33.72472
    ],
    "keywords": [
        51,
        18,
        6,
        32,
        44
    ]
}