{
    "id": 11253,
    "category": 16,
    "location": [
        -116.37861,
        33.25111
    ],
    "keywords": []
}