{
    "id": 11286,
    "category": 16,
    "location": [
        -116.77444,
        32.82722
    ],
    "keywords": [
        20,
        67,
        40,
        19,
        11,
        19,
        50,
        6,
        12
    ]
}