{
    "id": 11302,
    "category": 16,
    "location": [
        -116.86444,
        33.04028
    ],
    "keywords": [
        3,
        23,
        56
    ]
}