{
    "id": 11320,
    "category": 16,
    "location": [
        -116.90389,
        33.93222
    ],
    "keywords": [
        52,
        60,
        48,
        28,
        19,
        54,
        64,
        19,
        42,
        52,
        12,
        72,
        26,
        38,
        67
    ]
}