{
    "id": 11321,
    "category": 16,
    "location": [
        -116.90444,
        33.92944
    ],
    "keywords": [
        17,
        0,
        24,
        33,
        41,
        59,
        11,
        73,
        14,
        39,
        69,
        17
    ]
}