{
    "id": 11325,
    "category": 16,
    "location": [
        -116.92333,
        33.74167
    ],
    "keywords": [
        4,
        12
    ]
}