{
    "id": 11334,
    "category": 16,
    "location": [
        -116.95417,
        33.74278
    ],
    "keywords": [
        26,
        67,
        38,
        32,
        75
    ]
}