{
    "id": 11376,
    "category": 16,
    "location": [
        -116.98111,
        33.93111
    ],
    "keywords": [
        30,
        8,
        45,
        49,
        60,
        72,
        44,
        33,
        25,
        68,
        33,
        58,
        37,
        6,
        75
    ]
}