{
    "id": 11373,
    "category": 16,
    "location": [
        -116.97833,
        33.93444
    ],
    "keywords": [
        73,
        28,
        28,
        11,
        1,
        19,
        18
    ]
}