{
    "id": 11401,
    "category": 16,
    "location": [
        -116.99944,
        32.73667
    ],
    "keywords": [
        67,
        58,
        31,
        17
    ]
}