{
    "id": 11411,
    "category": 16,
    "location": [
        -117.00417,
        32.74278
    ],
    "keywords": []
}