{
    "id": 1142,
    "category": 2,
    "location": [
        -121.37972,
        39.93333
    ],
    "keywords": [
        26,
        45,
        74,
        31,
        59,
        54,
        10,
        32,
        52,
        28,
        63,
        34,
        61
    ]
}