{
    "id": 11453,
    "category": 16,
    "location": [
        -117.02944,
        32.76889
    ],
    "keywords": [
        2,
        56,
        51,
        47,
        31,
        15,
        56,
        2,
        1,
        69,
        53
    ]
}