{
    "id": 11451,
    "category": 16,
    "location": [
        -117.02861,
        34.88667
    ],
    "keywords": [
        51,
        62,
        2,
        48,
        20,
        16,
        45,
        26,
        6,
        53
    ]
}