{
    "id": 11473,
    "category": 16,
    "location": [
        -117.04278,
        32.70278
    ],
    "keywords": [
        46,
        51,
        7,
        43,
        10,
        34,
        38,
        30,
        22,
        19,
        34,
        38,
        56,
        31
    ]
}