{
    "id": 11477,
    "category": 16,
    "location": [
        -117.04417,
        32.55806
    ],
    "keywords": [
        50,
        57,
        1,
        46,
        70,
        33,
        70,
        35,
        36,
        46,
        69
    ]
}