{
    "id": 11507,
    "category": 16,
    "location": [
        -117.05833,
        32.67139
    ],
    "keywords": [
        43,
        21,
        29,
        33,
        33,
        25
    ]
}