{
    "id": 11502,
    "category": 16,
    "location": [
        -117.05667,
        33.13444
    ],
    "keywords": [
        1,
        53,
        46,
        65,
        20,
        24
    ]
}