{
    "id": 11524,
    "category": 16,
    "location": [
        -117.06556,
        32.56306
    ],
    "keywords": [
        46,
        74,
        68,
        17,
        15,
        65,
        56,
        47,
        40,
        58,
        44,
        32,
        1,
        74,
        44
    ]
}