{
    "id": 11549,
    "category": 16,
    "location": [
        -117.07417,
        33.14833
    ],
    "keywords": [
        39,
        8,
        55,
        19,
        43,
        20,
        0,
        39,
        27,
        23
    ]
}