{
    "id": 1154,
    "category": 2,
    "location": [
        -121.59944,
        41.51694
    ],
    "keywords": [
        31,
        12,
        65,
        15,
        57,
        18,
        49,
        55,
        12
    ]
}