{
    "id": 11558,
    "category": 16,
    "location": [
        -117.07667,
        32.64083
    ],
    "keywords": [
        60,
        36,
        17,
        23,
        4,
        11
    ]
}