{
    "id": 11551,
    "category": 16,
    "location": [
        -117.07472,
        32.63111
    ],
    "keywords": [
        41,
        54,
        3,
        55,
        50,
        20,
        27,
        25,
        33,
        22,
        49,
        61,
        19,
        61,
        3
    ]
}