{
    "id": 11560,
    "category": 16,
    "location": [
        -117.07694,
        32.71528
    ],
    "keywords": [
        21,
        61,
        47,
        35,
        19,
        8,
        15,
        34
    ]
}