{
    "id": 11582,
    "category": 16,
    "location": [
        -117.08083,
        32.72444
    ],
    "keywords": []
}