{
    "id": 11588,
    "category": 16,
    "location": [
        -117.08222,
        32.79556
    ],
    "keywords": [
        18,
        21,
        45
    ]
}