{
    "id": 11608,
    "category": 16,
    "location": [
        -117.08639,
        32.73583
    ],
    "keywords": [
        55
    ]
}