{
    "id": 1164,
    "category": 2,
    "location": [
        -121.85444,
        37.86833
    ],
    "keywords": []
}