{
    "id": 11647,
    "category": 16,
    "location": [
        -117.09778,
        32.79083
    ],
    "keywords": [
        51
    ]
}