{
    "id": 11674,
    "category": 16,
    "location": [
        -117.10444,
        32.75306
    ],
    "keywords": []
}