{
    "id": 11673,
    "category": 16,
    "location": [
        -117.10444,
        32.73333
    ],
    "keywords": [
        68,
        35,
        29,
        16,
        74,
        61,
        75,
        16,
        58
    ]
}