{
    "id": 11687,
    "category": 16,
    "location": [
        -117.10833,
        32.67111
    ],
    "keywords": [
        13,
        41,
        69,
        75,
        16,
        61,
        45,
        60,
        49,
        65
    ]
}