{
    "id": 11681,
    "category": 16,
    "location": [
        -117.10639,
        32.71167
    ],
    "keywords": [
        23,
        7,
        64,
        62
    ]
}