{
    "id": 11699,
    "category": 16,
    "location": [
        -117.11056,
        33.10889
    ],
    "keywords": [
        69,
        60
    ]
}