{
    "id": 11700,
    "category": 16,
    "location": [
        -117.11139,
        32.69972
    ],
    "keywords": [
        14,
        15,
        6,
        2,
        39,
        59
    ]
}