{
    "id": 11734,
    "category": 16,
    "location": [
        -117.12444,
        32.70306
    ],
    "keywords": [
        17,
        34,
        73,
        25,
        54,
        27,
        54,
        34,
        72,
        26
    ]
}