{
    "id": 11745,
    "category": 16,
    "location": [
        -117.12667,
        32.74889
    ],
    "keywords": [
        49,
        67,
        31,
        60,
        34,
        1,
        4,
        46,
        1,
        61,
        17,
        6,
        44,
        47,
        68
    ]
}