{
    "id": 11771,
    "category": 16,
    "location": [
        -117.13333,
        32.74833
    ],
    "keywords": [
        16,
        20,
        38,
        39,
        75
    ]
}