{
    "id": 1179,
    "category": 2,
    "location": [
        -122.28694,
        37.76667
    ],
    "keywords": [
        53,
        45,
        21
    ]
}