{
    "id": 11792,
    "category": 16,
    "location": [
        -117.14278,
        33.80167
    ],
    "keywords": [
        32,
        69
    ]
}