{
    "id": 11804,
    "category": 16,
    "location": [
        -117.14556,
        32.71111
    ],
    "keywords": [
        51,
        28,
        0,
        57,
        46,
        49,
        15,
        34,
        44,
        47
    ]
}