{
    "id": 11809,
    "category": 16,
    "location": [
        -117.14833,
        32.70972
    ],
    "keywords": [
        55,
        36,
        44,
        42,
        52,
        36,
        12,
        49,
        5,
        59,
        74,
        45,
        16,
        19
    ]
}