{
    "id": 11807,
    "category": 16,
    "location": [
        -117.14667,
        32.70333
    ],
    "keywords": [
        37,
        32,
        19,
        22,
        8,
        47
    ]
}