{
    "id": 11812,
    "category": 16,
    "location": [
        -117.15417,
        34.04417
    ],
    "keywords": [
        53
    ]
}