{
    "id": 11822,
    "category": 16,
    "location": [
        -117.15889,
        32.72528
    ],
    "keywords": [
        6,
        59,
        36,
        46,
        46,
        11,
        19,
        25,
        68,
        14,
        26,
        18,
        49,
        2,
        20
    ]
}