{
    "id": 11839,
    "category": 16,
    "location": [
        -117.16583,
        32.79361
    ],
    "keywords": [
        2,
        49
    ]
}