{
    "id": 11850,
    "category": 16,
    "location": [
        -117.16944,
        32.78778
    ],
    "keywords": [
        38,
        53,
        43,
        20,
        13
    ]
}