{
    "id": 11852,
    "category": 16,
    "location": [
        -117.17056,
        32.82778
    ],
    "keywords": [
        5,
        42,
        5,
        9,
        47,
        75,
        35,
        8,
        73,
        68,
        55
    ]
}