{
    "id": 11867,
    "category": 16,
    "location": [
        -117.17472,
        32.68972
    ],
    "keywords": [
        55,
        45,
        74,
        31,
        38,
        56,
        23,
        27,
        19,
        33,
        16,
        57,
        67
    ]
}