{
    "id": 11883,
    "category": 16,
    "location": [
        -117.17861,
        34.04972
    ],
    "keywords": [
        25,
        74,
        47
    ]
}