{
    "id": 11888,
    "category": 16,
    "location": [
        -117.17972,
        32.83194
    ],
    "keywords": [
        54,
        61,
        20,
        12,
        73,
        8,
        0
    ]
}