{
    "id": 11886,
    "category": 16,
    "location": [
        -117.17917,
        34.06056
    ],
    "keywords": [
        1,
        36,
        59,
        52,
        62,
        5,
        58,
        5,
        49
    ]
}