{
    "id": 11899,
    "category": 16,
    "location": [
        -117.18167,
        34.05222
    ],
    "keywords": [
        9,
        8,
        17,
        34,
        53,
        24,
        65,
        0,
        59,
        55,
        26,
        36,
        7,
        16
    ]
}