{
    "id": 11918,
    "category": 16,
    "location": [
        -117.18917,
        32.78306
    ],
    "keywords": [
        75,
        47,
        22,
        67,
        75
    ]
}