{
    "id": 11912,
    "category": 16,
    "location": [
        -117.18417,
        34.06806
    ],
    "keywords": [
        0,
        18,
        47,
        13,
        75,
        48,
        20,
        40,
        28,
        40,
        31,
        17
    ]
}