{
    "id": 11924,
    "category": 16,
    "location": [
        -117.19056,
        34.06833
    ],
    "keywords": [
        9,
        21,
        10,
        66,
        24,
        62,
        27,
        49
    ]
}