{
    "id": 11942,
    "category": 16,
    "location": [
        -117.20333,
        32.78278
    ],
    "keywords": [
        69,
        13,
        2,
        43,
        39,
        7,
        4,
        51,
        56,
        1,
        1,
        48,
        6,
        61,
        35
    ]
}