{
    "id": 11955,
    "category": 16,
    "location": [
        -117.21528,
        32.83139
    ],
    "keywords": [
        27,
        46,
        45,
        1,
        24,
        52,
        2,
        53,
        67,
        34,
        33,
        63,
        51,
        74,
        64
    ]
}