{
    "id": 11951,
    "category": 16,
    "location": [
        -117.21417,
        33.36972
    ],
    "keywords": [
        74,
        42,
        46,
        3,
        50,
        10
    ]
}