{
    "id": 11991,
    "category": 16,
    "location": [
        -117.23306,
        32.72333
    ],
    "keywords": [
        0,
        26,
        43,
        3,
        61
    ]
}