{
    "id": 120,
    "category": 0,
    "location": [
        -117.13694,
        34.85667
    ],
    "keywords": [
        14,
        44,
        23,
        23,
        37,
        60,
        12,
        63,
        35,
        18,
        7,
        12
    ]
}