{
    "id": 12000,
    "category": 16,
    "location": [
        -117.23444,
        33.20222
    ],
    "keywords": []
}