{
    "id": 12022,
    "category": 16,
    "location": [
        -117.24278,
        33.20167
    ],
    "keywords": [
        14,
        53,
        15,
        47
    ]
}