{
    "id": 12036,
    "category": 16,
    "location": [
        -117.24611,
        32.79972
    ],
    "keywords": [
        28,
        55,
        13,
        26,
        21
    ]
}