{
    "id": 12052,
    "category": 16,
    "location": [
        -117.25194,
        32.80167
    ],
    "keywords": [
        34,
        65,
        12,
        4,
        32,
        67,
        55,
        25,
        40,
        43
    ]
}