{
    "id": 12054,
    "category": 16,
    "location": [
        -117.25194,
        33.38222
    ],
    "keywords": [
        66,
        46
    ]
}