{
    "id": 1206,
    "category": 2,
    "location": [
        -123.22806,
        40.94556
    ],
    "keywords": [
        75,
        45,
        40,
        53,
        25,
        62,
        17,
        66,
        58,
        41,
        26,
        42,
        6,
        28,
        32
    ]
}