{
    "id": 12061,
    "category": 16,
    "location": [
        -117.25389,
        32.73583
    ],
    "keywords": []
}