{
    "id": 12066,
    "category": 16,
    "location": [
        -117.25556,
        33.90056
    ],
    "keywords": [
        40,
        5,
        0,
        2,
        42,
        55,
        27,
        4,
        29
    ]
}