{
    "id": 12060,
    "category": 16,
    "location": [
        -117.25333,
        33.22083
    ],
    "keywords": [
        25
    ]
}