{
    "id": 12077,
    "category": 16,
    "location": [
        -117.25889,
        33.76444
    ],
    "keywords": [
        17,
        22,
        16,
        14,
        4,
        39,
        49,
        11,
        16,
        41,
        15,
        74
    ]
}