{
    "id": 12088,
    "category": 16,
    "location": [
        -117.26944,
        32.84722
    ],
    "keywords": [
        74,
        33,
        22,
        57,
        29,
        34,
        21,
        35,
        40,
        34,
        36,
        19
    ]
}