{
    "id": 12095,
    "category": 16,
    "location": [
        -117.27278,
        34.14111
    ],
    "keywords": [
        43,
        58
    ]
}