{
    "id": 12096,
    "category": 16,
    "location": [
        -117.27333,
        33.18306
    ],
    "keywords": [
        53,
        53,
        12,
        29,
        44
    ]
}