{
    "id": 12108,
    "category": 16,
    "location": [
        -117.27806,
        34.14639
    ],
    "keywords": [
        5,
        69
    ]
}