{
    "id": 1211,
    "category": 2,
    "location": [
        -123.28444,
        40.75833
    ],
    "keywords": [
        61,
        66,
        63,
        18,
        48,
        45,
        26,
        10,
        21,
        17
    ]
}