{
    "id": 12140,
    "category": 16,
    "location": [
        -117.28917,
        34.13639
    ],
    "keywords": [
        24,
        7,
        64,
        23,
        29,
        70,
        5,
        39,
        7,
        15,
        60
    ]
}