{
    "id": 12149,
    "category": 16,
    "location": [
        -117.29361,
        34.15722
    ],
    "keywords": [
        17,
        73,
        52,
        66,
        46,
        58,
        32,
        18,
        29
    ]
}