{
    "id": 12155,
    "category": 16,
    "location": [
        -117.29528,
        34.12056
    ],
    "keywords": [
        35,
        53,
        6,
        10,
        38,
        59,
        23,
        52,
        74
    ]
}