{
    "id": 12166,
    "category": 16,
    "location": [
        -117.29833,
        34.11806
    ],
    "keywords": [
        28,
        11,
        63,
        35,
        32,
        2,
        4,
        0,
        53,
        75,
        12,
        6,
        20,
        62,
        21
    ]
}