{
    "id": 12183,
    "category": 16,
    "location": [
        -117.31028,
        34.07361
    ],
    "keywords": [
        7,
        44,
        28,
        68,
        22,
        15,
        46,
        43
    ]
}