{
    "id": 12202,
    "category": 16,
    "location": [
        -117.31389,
        34.09944
    ],
    "keywords": [
        14
    ]
}