{
    "id": 12217,
    "category": 16,
    "location": [
        -117.31806,
        34.10778
    ],
    "keywords": [
        65
    ]
}