{
    "id": 12221,
    "category": 16,
    "location": [
        -117.31917,
        33.23306
    ],
    "keywords": [
        74,
        4,
        22,
        69
    ]
}