{
    "id": 12239,
    "category": 16,
    "location": [
        -117.32278,
        34.43139
    ],
    "keywords": [
        57,
        75,
        49,
        34,
        57,
        67,
        16
    ]
}