{
    "id": 12246,
    "category": 16,
    "location": [
        -117.32444,
        34.06806
    ],
    "keywords": []
}