{
    "id": 12255,
    "category": 16,
    "location": [
        -117.32806,
        33.66667
    ],
    "keywords": [
        30,
        32,
        5,
        41
    ]
}