{
    "id": 1226,
    "category": 2,
    "location": [
        -123.73222,
        40.41806
    ],
    "keywords": [
        71
    ]
}