{
    "id": 12274,
    "category": 16,
    "location": [
        -117.33306,
        34.46833
    ],
    "keywords": [
        20,
        71,
        46,
        31,
        13
    ]
}