{
    "id": 12281,
    "category": 16,
    "location": [
        -117.33556,
        33.66972
    ],
    "keywords": [
        72,
        25,
        11,
        5
    ]
}