{
    "id": 12288,
    "category": 16,
    "location": [
        -117.33806,
        33.16056
    ],
    "keywords": [
        48,
        39,
        73,
        51,
        33,
        66,
        8,
        12,
        4,
        14,
        72,
        35,
        15,
        62
    ]
}