{
    "id": 12303,
    "category": 16,
    "location": [
        -117.34528,
        34.16472
    ],
    "keywords": [
        31,
        47,
        53
    ]
}