{
    "id": 12317,
    "category": 16,
    "location": [
        -117.35222,
        33.16028
    ],
    "keywords": [
        3,
        66
    ]
}