{
    "id": 12318,
    "category": 16,
    "location": [
        -117.35222,
        33.97722
    ],
    "keywords": [
        28,
        31,
        15,
        30,
        55,
        34,
        15,
        56,
        72
    ]
}