{
    "id": 12343,
    "category": 16,
    "location": [
        -117.36583,
        33.97333
    ],
    "keywords": []
}