{
    "id": 12349,
    "category": 16,
    "location": [
        -117.36917,
        33.98917
    ],
    "keywords": [
        18,
        49,
        24,
        6,
        47,
        66,
        56,
        60,
        57,
        45
    ]
}