{
    "id": 12355,
    "category": 16,
    "location": [
        -117.37056,
        33.98222
    ],
    "keywords": [
        57,
        22,
        1,
        49,
        72,
        34,
        9,
        44,
        51,
        8
    ]
}