{
    "id": 12359,
    "category": 16,
    "location": [
        -117.37167,
        33.18583
    ],
    "keywords": [
        57
    ]
}