{
    "id": 12352,
    "category": 16,
    "location": [
        -117.36972,
        33.99361
    ],
    "keywords": [
        46,
        30,
        53,
        12,
        52,
        18,
        45,
        53,
        59,
        71,
        55,
        56,
        62,
        45,
        47
    ]
}