{
    "id": 12366,
    "category": 16,
    "location": [
        -117.37361,
        34.12583
    ],
    "keywords": [
        23,
        36,
        68,
        31,
        40,
        43,
        72,
        15,
        52,
        45,
        21
    ]
}