{
    "id": 1236,
    "category": 2,
    "location": [
        -123.80944,
        41.01194
    ],
    "keywords": [
        9,
        54,
        64,
        4,
        36,
        64,
        1,
        2
    ]
}