{
    "id": 12374,
    "category": 16,
    "location": [
        -117.37639,
        33.19556
    ],
    "keywords": [
        38,
        21,
        2,
        27,
        0
    ]
}