{
    "id": 12408,
    "category": 16,
    "location": [
        -117.39944,
        33.92972
    ],
    "keywords": [
        53
    ]
}