{
    "id": 12415,
    "category": 16,
    "location": [
        -117.40417,
        34.10167
    ],
    "keywords": [
        62,
        65,
        28,
        36,
        18,
        10,
        1,
        37,
        71,
        13,
        46,
        68,
        52,
        54,
        61
    ]
}