{
    "id": 12411,
    "category": 16,
    "location": [
        -117.40056,
        33.94944
    ],
    "keywords": [
        14,
        25,
        51,
        67,
        64,
        19,
        48,
        58,
        34,
        50,
        68,
        46,
        21,
        4
    ]
}