{
    "id": 12410,
    "category": 16,
    "location": [
        -117.40056,
        33.93111
    ],
    "keywords": [
        51,
        22
    ]
}