{
    "id": 12463,
    "category": 16,
    "location": [
        -117.43972,
        34.10306
    ],
    "keywords": [
        38,
        18,
        2,
        50,
        67
    ]
}