{
    "id": 12486,
    "category": 16,
    "location": [
        -117.45694,
        34.01167
    ],
    "keywords": [
        55,
        63,
        52,
        18,
        12,
        37,
        19,
        31,
        12,
        8,
        24,
        17,
        7,
        63
    ]
}