{
    "id": 12526,
    "category": 16,
    "location": [
        -117.49972,
        34.00722
    ],
    "keywords": [
        48,
        26,
        14,
        73,
        45,
        53,
        48
    ]
}