{
    "id": 12529,
    "category": 16,
    "location": [
        -117.51806,
        33.87861
    ],
    "keywords": [
        32,
        56,
        2,
        50,
        43,
        30
    ]
}