{
    "id": 1253,
    "category": 2,
    "location": [
        -123.85694,
        40.27917
    ],
    "keywords": [
        63
    ]
}