{
    "id": 12558,
    "category": 16,
    "location": [
        -117.56583,
        33.87083
    ],
    "keywords": [
        34
    ]
}