{
    "id": 12557,
    "category": 16,
    "location": [
        -117.56583,
        33.87028
    ],
    "keywords": [
        71,
        25,
        25,
        51,
        29,
        19,
        33
    ]
}