{
    "id": 12552,
    "category": 16,
    "location": [
        -117.56111,
        33.89917
    ],
    "keywords": [
        59,
        54,
        28
    ]
}