{
    "id": 12569,
    "category": 16,
    "location": [
        -117.57056,
        33.87611
    ],
    "keywords": [
        43,
        38,
        65,
        73,
        45,
        46
    ]
}