{
    "id": 1256,
    "category": 2,
    "location": [
        -123.86722,
        41.15889
    ],
    "keywords": [
        19,
        67,
        26,
        51,
        5,
        45,
        67,
        55,
        2,
        72,
        0
    ]
}