{
    "id": 12591,
    "category": 16,
    "location": [
        -117.60139,
        34.60083
    ],
    "keywords": [
        3,
        37,
        74,
        51,
        39,
        7,
        25,
        58,
        50,
        52
    ]
}