{
    "id": 12608,
    "category": 16,
    "location": [
        -117.62972,
        34.06972
    ],
    "keywords": [
        62,
        22,
        29,
        37,
        64,
        20,
        40,
        44,
        64,
        31,
        74,
        71,
        17,
        4
    ]
}