{
    "id": 1260,
    "category": 2,
    "location": [
        -123.87833,
        41.21417
    ],
    "keywords": [
        7,
        66,
        58,
        39,
        14,
        66,
        64,
        3
    ]
}