{
    "id": 12619,
    "category": 16,
    "location": [
        -117.64083,
        34.05167
    ],
    "keywords": [
        67,
        24,
        69,
        28,
        68,
        44,
        57,
        52,
        7,
        47,
        63,
        65,
        39
    ]
}