{
    "id": 12638,
    "category": 16,
    "location": [
        -117.64917,
        34.09278
    ],
    "keywords": [
        62,
        21,
        60,
        3,
        64,
        31,
        57,
        9,
        35,
        62,
        20,
        41,
        61,
        41,
        46
    ]
}