{
    "id": 12646,
    "category": 16,
    "location": [
        -117.65028,
        34.02944
    ],
    "keywords": [
        15,
        59,
        62,
        1,
        52,
        6,
        18,
        10,
        49,
        13,
        37
    ]
}