{
    "id": 12647,
    "category": 16,
    "location": [
        -117.65056,
        34.03806
    ],
    "keywords": [
        30,
        28,
        21,
        72,
        39,
        26,
        40,
        51,
        57,
        11,
        73,
        50,
        32,
        60
    ]
}