{
    "id": 12650,
    "category": 16,
    "location": [
        -117.65083,
        34.08417
    ],
    "keywords": [
        72,
        37,
        50,
        31,
        34,
        55,
        39,
        11,
        30,
        16,
        2,
        4,
        41,
        15
    ]
}