{
    "id": 12667,
    "category": 16,
    "location": [
        -117.66167,
        33.50278
    ],
    "keywords": [
        14,
        70,
        60,
        35,
        58,
        54,
        54,
        54,
        3,
        5
    ]
}