{
    "id": 12678,
    "category": 16,
    "location": [
        -117.67167,
        35.62333
    ],
    "keywords": [
        3,
        70,
        34,
        54,
        40,
        75,
        44,
        29,
        58,
        67,
        1,
        15,
        59,
        17,
        57
    ]
}