{
    "id": 12685,
    "category": 16,
    "location": [
        -117.67583,
        34.08139
    ],
    "keywords": [
        60,
        75,
        13,
        75,
        56,
        46,
        73,
        49,
        36,
        42,
        29
    ]
}