{
    "id": 12687,
    "category": 16,
    "location": [
        -117.67694,
        35.61917
    ],
    "keywords": [
        41
    ]
}