{
    "id": 12709,
    "category": 16,
    "location": [
        -117.69167,
        34.08167
    ],
    "keywords": [
        3,
        45,
        75,
        34,
        44,
        48,
        6,
        71,
        51
    ]
}