{
    "id": 12702,
    "category": 16,
    "location": [
        -117.68528,
        35.61556
    ],
    "keywords": [
        56,
        59,
        40,
        23,
        4,
        28
    ]
}