{
    "id": 12719,
    "category": 16,
    "location": [
        -117.74028,
        34.06361
    ],
    "keywords": []
}