{
    "id": 12722,
    "category": 16,
    "location": [
        -117.74694,
        34.06444
    ],
    "keywords": [
        20,
        35,
        17
    ]
}