{
    "id": 12728,
    "category": 16,
    "location": [
        -117.75139,
        34.05194
    ],
    "keywords": [
        75,
        42,
        58,
        25,
        4,
        23,
        12,
        67,
        52,
        49,
        3
    ]
}