{
    "id": 12736,
    "category": 16,
    "location": [
        -117.75833,
        34.05333
    ],
    "keywords": [
        27
    ]
}