{
    "id": 12743,
    "category": 16,
    "location": [
        -117.76639,
        34.10917
    ],
    "keywords": [
        41,
        58,
        74,
        63,
        59,
        44,
        43,
        21,
        26,
        50,
        8
    ]
}