{
    "id": 12756,
    "category": 16,
    "location": [
        -117.78417,
        34.12139
    ],
    "keywords": [
        58,
        39,
        64,
        51,
        64,
        38,
        7,
        68,
        41,
        7,
        72
    ]
}