{
    "id": 12757,
    "category": 16,
    "location": [
        -117.78528,
        34.11083
    ],
    "keywords": [
        57,
        18,
        72,
        31,
        2,
        7,
        62,
        27,
        65
    ]
}