{
    "id": 12758,
    "category": 16,
    "location": [
        -117.78833,
        34.11056
    ],
    "keywords": [
        45,
        27,
        43,
        25,
        54,
        37,
        36,
        37,
        49
    ]
}