{
    "id": 1277,
    "category": 2,
    "location": [
        -123.91583,
        41.16889
    ],
    "keywords": [
        59,
        62,
        37,
        55,
        30,
        7,
        10,
        50
    ]
}