{
    "id": 12771,
    "category": 16,
    "location": [
        -117.81306,
        35.64889
    ],
    "keywords": [
        12,
        75,
        4,
        29,
        75
    ]
}