{
    "id": 128,
    "category": 0,
    "location": [
        -117.16028,
        32.75111
    ],
    "keywords": [
        69,
        70,
        39,
        10,
        57,
        59,
        26,
        60,
        57,
        43,
        74
    ]
}