{
    "id": 1282,
    "category": 2,
    "location": [
        -123.92722,
        41.14361
    ],
    "keywords": [
        63,
        67,
        42,
        50,
        30,
        57,
        9,
        8,
        57,
        66
    ]
}