{
    "id": 12828,
    "category": 16,
    "location": [
        -118.03861,
        33.82972
    ],
    "keywords": [
        41,
        20,
        69,
        8
    ]
}