{
    "id": 12835,
    "category": 16,
    "location": [
        -118.04083,
        33.82861
    ],
    "keywords": [
        36,
        61,
        22,
        60,
        25,
        46,
        7,
        33,
        40,
        50,
        12,
        4,
        65
    ]
}