{
    "id": 12839,
    "category": 16,
    "location": [
        -118.04472,
        34.13056
    ],
    "keywords": [
        60,
        75,
        30,
        46,
        37,
        1,
        67,
        74,
        17,
        26,
        44,
        56
    ]
}