{
    "id": 12847,
    "category": 16,
    "location": [
        -118.05556,
        34.16139
    ],
    "keywords": []
}