{
    "id": 12879,
    "category": 16,
    "location": [
        -118.07944,
        34.00056
    ],
    "keywords": [
        41,
        17,
        1
    ]
}