{
    "id": 12891,
    "category": 16,
    "location": [
        -118.09972,
        34.56806
    ],
    "keywords": [
        40,
        7,
        69,
        18,
        73,
        40,
        66,
        11,
        24,
        29,
        9,
        14,
        37
    ]
}