{
    "id": 12905,
    "category": 16,
    "location": [
        -118.10778,
        34.07889
    ],
    "keywords": [
        23,
        36,
        47,
        6,
        56,
        43,
        40,
        45,
        29,
        40,
        7,
        57,
        58,
        38
    ]
}