{
    "id": 12901,
    "category": 16,
    "location": [
        -118.10611,
        34.00861
    ],
    "keywords": [
        2,
        56
    ]
}