{
    "id": 12907,
    "category": 16,
    "location": [
        -118.10778,
        34.16944
    ],
    "keywords": [
        50,
        63,
        12,
        13,
        49,
        41,
        13,
        72,
        64
    ]
}