{
    "id": 12928,
    "category": 16,
    "location": [
        -118.12083,
        34.14722
    ],
    "keywords": [
        56,
        49,
        65,
        71,
        19
    ]
}