{
    "id": 12961,
    "category": 16,
    "location": [
        -118.13139,
        34.17556
    ],
    "keywords": [
        40,
        50,
        36,
        3,
        13,
        32,
        54,
        53
    ]
}