{
    "id": 12962,
    "category": 16,
    "location": [
        -118.13139,
        34.17806
    ],
    "keywords": [
        29,
        41,
        19,
        4,
        30
    ]
}