{
    "id": 12971,
    "category": 16,
    "location": [
        -118.13417,
        34.08806
    ],
    "keywords": [
        12,
        51
    ]
}