{
    "id": 12978,
    "category": 16,
    "location": [
        -118.13694,
        34.01833
    ],
    "keywords": []
}