{
    "id": 12985,
    "category": 16,
    "location": [
        -118.13944,
        34.14528
    ],
    "keywords": [
        16,
        31,
        38,
        2,
        32
    ]
}