{
    "id": 12982,
    "category": 16,
    "location": [
        -118.13889,
        34.09028
    ],
    "keywords": [
        62,
        35,
        42,
        49,
        68,
        45,
        31,
        7,
        74,
        13
    ]
}