{
    "id": 13010,
    "category": 16,
    "location": [
        -118.14833,
        33.96556
    ],
    "keywords": [
        28,
        43,
        6,
        46,
        55,
        30,
        60,
        50,
        45,
        19,
        69
    ]
}