{
    "id": 13047,
    "category": 16,
    "location": [
        -118.15833,
        34.17167
    ],
    "keywords": [
        52,
        25,
        7,
        66,
        55,
        40,
        39,
        61,
        5,
        34,
        27,
        36,
        34,
        22,
        51
    ]
}