{
    "id": 13056,
    "category": 16,
    "location": [
        -118.16028,
        34.02333
    ],
    "keywords": [
        2,
        28,
        26,
        41,
        48,
        29,
        25,
        54,
        32,
        38
    ]
}