{
    "id": 13058,
    "category": 16,
    "location": [
        -118.16083,
        34.02389
    ],
    "keywords": [
        14,
        43,
        17,
        72,
        1
    ]
}