{
    "id": 13068,
    "category": 16,
    "location": [
        -118.16583,
        35.04528
    ],
    "keywords": [
        26,
        40,
        4
    ]
}