{
    "id": 13065,
    "category": 16,
    "location": [
        -118.16333,
        33.77083
    ],
    "keywords": [
        69,
        54,
        74,
        43,
        21,
        24,
        10,
        47,
        12,
        29,
        39,
        33,
        69,
        23,
        39
    ]
}