{
    "id": 13072,
    "category": 16,
    "location": [
        -118.16667,
        34.86083
    ],
    "keywords": [
        37,
        66,
        31,
        39,
        69,
        72,
        5,
        17,
        75,
        63,
        73,
        55
    ]
}