{
    "id": 13084,
    "category": 16,
    "location": [
        -118.17028,
        34.02194
    ],
    "keywords": [
        44,
        31,
        4,
        20,
        8,
        65,
        32,
        31,
        67
    ]
}