{
    "id": 13080,
    "category": 16,
    "location": [
        -118.16861,
        33.78222
    ],
    "keywords": [
        30,
        72,
        4,
        56
    ]
}