{
    "id": 1309,
    "category": 4,
    "location": [
        -117.68722,
        33.45417
    ],
    "keywords": [
        30,
        10,
        37,
        24,
        44,
        67,
        6,
        14,
        74,
        70,
        44,
        69,
        72,
        14,
        69
    ]
}