{
    "id": 1310,
    "category": 4,
    "location": [
        -118.39167,
        35.67111
    ],
    "keywords": [
        16,
        56,
        12
    ]
}