{
    "id": 1312,
    "category": 4,
    "location": [
        -118.40972,
        33.79611
    ],
    "keywords": [
        56,
        45,
        61,
        5,
        63,
        45,
        13,
        60,
        25,
        25,
        75,
        4,
        47,
        27,
        1
    ]
}