{
    "id": 13141,
    "category": 16,
    "location": [
        -118.18417,
        33.77806
    ],
    "keywords": [
        60,
        21,
        61,
        38,
        71,
        51,
        5,
        34
    ]
}