{
    "id": 1314,
    "category": 4,
    "location": [
        -118.48778,
        33.44889
    ],
    "keywords": [
        63,
        49,
        33,
        39,
        42,
        26,
        33,
        49,
        68,
        65,
        24,
        62,
        30,
        37
    ]
}