{
    "id": 13162,
    "category": 16,
    "location": [
        -118.18667,
        33.98333
    ],
    "keywords": [
        20
    ]
}