{
    "id": 1318,
    "category": 4,
    "location": [
        -118.51722,
        33.34333
    ],
    "keywords": [
        30,
        41,
        72,
        29,
        43,
        65,
        52
    ]
}