{
    "id": 13192,
    "category": 16,
    "location": [
        -118.19306,
        33.78389
    ],
    "keywords": [
        26,
        46,
        8,
        48,
        36,
        35,
        0
    ]
}