{
    "id": 13198,
    "category": 16,
    "location": [
        -118.19389,
        34.04556
    ],
    "keywords": [
        74,
        63,
        73,
        66,
        51
    ]
}