{
    "id": 13208,
    "category": 16,
    "location": [
        -118.19639,
        34.05361
    ],
    "keywords": [
        60,
        50,
        35,
        10,
        48,
        74,
        10,
        72,
        58
    ]
}