{
    "id": 13209,
    "category": 16,
    "location": [
        -118.19639,
        34.05722
    ],
    "keywords": [
        25,
        50,
        47
    ]
}