{
    "id": 13243,
    "category": 16,
    "location": [
        -118.20917,
        34.03222
    ],
    "keywords": [
        36,
        13,
        58,
        2,
        72,
        44,
        11,
        16
    ]
}