{
    "id": 13256,
    "category": 16,
    "location": [
        -118.21194,
        34.07528
    ],
    "keywords": [
        2,
        54,
        7,
        23,
        67,
        23,
        53,
        50,
        23,
        72,
        34,
        22,
        14,
        0,
        56
    ]
}