{
    "id": 13267,
    "category": 16,
    "location": [
        -118.21361,
        33.94361
    ],
    "keywords": [
        50,
        75,
        9,
        42,
        36,
        48,
        66,
        68,
        67
    ]
}