{
    "id": 13280,
    "category": 16,
    "location": [
        -118.21694,
        34.06722
    ],
    "keywords": [
        47,
        4
    ]
}