{
    "id": 13281,
    "category": 16,
    "location": [
        -118.21694,
        34.06917
    ],
    "keywords": [
        11,
        7,
        43,
        45,
        2,
        55,
        29,
        7,
        16
    ]
}