{
    "id": 13294,
    "category": 16,
    "location": [
        -118.22028,
        33.98333
    ],
    "keywords": []
}