{
    "id": 13292,
    "category": 16,
    "location": [
        -118.21972,
        34.05278
    ],
    "keywords": [
        59,
        4,
        11,
        11,
        4,
        33,
        19,
        42
    ]
}