{
    "id": 13315,
    "category": 16,
    "location": [
        -118.22917,
        33.93361
    ],
    "keywords": [
        29,
        62,
        28,
        64,
        62,
        49,
        60,
        74,
        62,
        73,
        40
    ]
}