{
    "id": 13310,
    "category": 16,
    "location": [
        -118.22583,
        33.89944
    ],
    "keywords": [
        67,
        32,
        47,
        14,
        39,
        57
    ]
}