{
    "id": 13361,
    "category": 16,
    "location": [
        -118.24667,
        33.97028
    ],
    "keywords": [
        10,
        25,
        61,
        13,
        4,
        45,
        71,
        32
    ]
}