{
    "id": 13365,
    "category": 16,
    "location": [
        -118.24778,
        34.02278
    ],
    "keywords": [
        8,
        71,
        66,
        18,
        25,
        61,
        28,
        40,
        19,
        33,
        38,
        5,
        60,
        50
    ]
}