{
    "id": 13360,
    "category": 16,
    "location": [
        -118.24667,
        33.95278
    ],
    "keywords": [
        43,
        53,
        20,
        60,
        55,
        8
    ]
}