{
    "id": 1337,
    "category": 4,
    "location": [
        -120.52806,
        37.97556
    ],
    "keywords": [
        23,
        71,
        73,
        72,
        7,
        20,
        14,
        32,
        42,
        74,
        67,
        26,
        18,
        28,
        16
    ]
}