{
    "id": 13415,
    "category": 16,
    "location": [
        -118.26028,
        33.93861
    ],
    "keywords": [
        52,
        70,
        10,
        2,
        29,
        18,
        52,
        27,
        72,
        41,
        28,
        16,
        50,
        20,
        62
    ]
}