{
    "id": 13423,
    "category": 16,
    "location": [
        -118.26306,
        33.78639
    ],
    "keywords": [
        56,
        60,
        13,
        42,
        31,
        61,
        60,
        11,
        73,
        71
    ]
}