{
    "id": 1343,
    "category": 4,
    "location": [
        -120.69972,
        38.65528
    ],
    "keywords": [
        36,
        29,
        73
    ]
}