{
    "id": 13448,
    "category": 16,
    "location": [
        -118.27028,
        34.06833
    ],
    "keywords": [
        32
    ]
}