{
    "id": 13450,
    "category": 16,
    "location": [
        -118.27111,
        34.05083
    ],
    "keywords": [
        39,
        69,
        38,
        67,
        14,
        69
    ]
}