{
    "id": 13472,
    "category": 16,
    "location": [
        -118.27694,
        33.95806
    ],
    "keywords": [
        72,
        38,
        30,
        74,
        18,
        14,
        65,
        2,
        26,
        20,
        75,
        46
    ]
}