{
    "id": 13483,
    "category": 16,
    "location": [
        -118.27944,
        34.00528
    ],
    "keywords": [
        72,
        4,
        70,
        64,
        49,
        8
    ]
}