{
    "id": 135,
    "category": 0,
    "location": [
        -117.20472,
        32.90139
    ],
    "keywords": []
}