{
    "id": 13507,
    "category": 16,
    "location": [
        -118.28278,
        34.04528
    ],
    "keywords": [
        65,
        26,
        20,
        60,
        35,
        32,
        20,
        55,
        69,
        71
    ]
}