{
    "id": 13503,
    "category": 16,
    "location": [
        -118.28222,
        34.03556
    ],
    "keywords": []
}