{
    "id": 13514,
    "category": 16,
    "location": [
        -118.28389,
        34.06444
    ],
    "keywords": [
        15,
        39,
        10,
        72,
        52,
        34,
        17,
        21,
        63,
        68,
        0,
        65
    ]
}