{
    "id": 13519,
    "category": 16,
    "location": [
        -118.28528,
        34.03389
    ],
    "keywords": [
        14,
        45,
        15,
        29,
        63,
        12,
        60,
        50,
        2,
        42,
        56,
        23,
        63
    ]
}