{
    "id": 13521,
    "category": 16,
    "location": [
        -118.28583,
        33.96694
    ],
    "keywords": [
        9,
        20,
        13,
        58,
        47
    ]
}