{
    "id": 13520,
    "category": 16,
    "location": [
        -118.28583,
        33.96139
    ],
    "keywords": [
        63,
        72
    ]
}