{
    "id": 13546,
    "category": 16,
    "location": [
        -118.28833,
        34.04472
    ],
    "keywords": [
        51,
        51,
        46,
        31,
        61,
        63
    ]
}