{
    "id": 13557,
    "category": 16,
    "location": [
        -118.28972,
        33.99611
    ],
    "keywords": [
        52,
        7,
        70,
        70
    ]
}