{
    "id": 13566,
    "category": 16,
    "location": [
        -118.29056,
        34.10944
    ],
    "keywords": [
        17,
        75,
        59,
        43
    ]
}