{
    "id": 13561,
    "category": 16,
    "location": [
        -118.29028,
        33.99083
    ],
    "keywords": [
        45,
        47,
        51,
        23,
        3,
        70,
        35,
        47,
        10,
        50,
        61,
        37
    ]
}