{
    "id": 13568,
    "category": 16,
    "location": [
        -118.29111,
        34.04778
    ],
    "keywords": [
        73,
        51,
        4,
        12,
        31,
        34,
        67
    ]
}