{
    "id": 13575,
    "category": 16,
    "location": [
        -118.29222,
        34.04639
    ],
    "keywords": []
}