{
    "id": 13582,
    "category": 16,
    "location": [
        -118.29306,
        34.06333
    ],
    "keywords": [
        69,
        22,
        25,
        39,
        52,
        38,
        68,
        31,
        51,
        70,
        43
    ]
}