{
    "id": 13603,
    "category": 16,
    "location": [
        -118.29583,
        33.73667
    ],
    "keywords": [
        2,
        35,
        26
    ]
}