{
    "id": 13605,
    "category": 16,
    "location": [
        -118.29583,
        34.05417
    ],
    "keywords": [
        20,
        60,
        73,
        73,
        23,
        40,
        55,
        70,
        53,
        41,
        8,
        56,
        64
    ]
}