{
    "id": 13625,
    "category": 16,
    "location": [
        -118.29972,
        33.94833
    ],
    "keywords": [
        22
    ]
}