{
    "id": 13629,
    "category": 16,
    "location": [
        -118.29972,
        34.00167
    ],
    "keywords": [
        23,
        66,
        42,
        51,
        65,
        35,
        13,
        23,
        74,
        56,
        35,
        12,
        37,
        40,
        2
    ]
}