{
    "id": 13638,
    "category": 16,
    "location": [
        -118.30306,
        34.06194
    ],
    "keywords": [
        31,
        64,
        43,
        52
    ]
}