{
    "id": 13633,
    "category": 16,
    "location": [
        -118.30056,
        33.72417
    ],
    "keywords": [
        73,
        10,
        39,
        6,
        36,
        1,
        41,
        60
    ]
}