{
    "id": 13642,
    "category": 16,
    "location": [
        -118.30417,
        34.18472
    ],
    "keywords": [
        14,
        16,
        46,
        39,
        64,
        45,
        71,
        5,
        70,
        36,
        17
    ]
}