{
    "id": 13647,
    "category": 16,
    "location": [
        -118.30667,
        34.03944
    ],
    "keywords": [
        2,
        42,
        26,
        8,
        45,
        39,
        38,
        1,
        42,
        59,
        3,
        58,
        21
    ]
}