{
    "id": 13650,
    "category": 16,
    "location": [
        -118.30778,
        33.73778
    ],
    "keywords": [
        19,
        18,
        65,
        48,
        51,
        34,
        5,
        68,
        32,
        24,
        69,
        14
    ]
}