{
    "id": 13668,
    "category": 16,
    "location": [
        -118.31083,
        34.02167
    ],
    "keywords": [
        56
    ]
}