{
    "id": 13666,
    "category": 16,
    "location": [
        -118.31056,
        34.06139
    ],
    "keywords": []
}