{
    "id": 13683,
    "category": 16,
    "location": [
        -118.31417,
        33.79222
    ],
    "keywords": [
        18,
        42,
        9,
        37,
        52,
        26,
        57,
        54
    ]
}