{
    "id": 13702,
    "category": 16,
    "location": [
        -118.31917,
        34.03222
    ],
    "keywords": [
        55,
        57,
        16,
        55,
        62,
        55,
        37,
        0,
        9,
        14,
        68,
        75,
        34
    ]
}