{
    "id": 13714,
    "category": 16,
    "location": [
        -118.32167,
        34.03278
    ],
    "keywords": [
        15
    ]
}