{
    "id": 13722,
    "category": 16,
    "location": [
        -118.32333,
        34.10333
    ],
    "keywords": [
        15,
        30,
        66,
        10,
        75,
        27,
        36,
        54,
        7,
        52
    ]
}