{
    "id": 13724,
    "category": 16,
    "location": [
        -118.32389,
        34.03278
    ],
    "keywords": [
        51,
        50,
        72
    ]
}