{
    "id": 13734,
    "category": 16,
    "location": [
        -118.32722,
        33.96778
    ],
    "keywords": [
        70,
        10,
        4,
        43,
        60,
        50,
        49,
        6,
        54
    ]
}