{
    "id": 13745,
    "category": 16,
    "location": [
        -118.33028,
        33.98028
    ],
    "keywords": [
        16,
        50,
        4,
        17,
        33,
        56,
        21,
        6,
        45,
        29,
        24,
        68,
        35,
        53,
        23
    ]
}