{
    "id": 13755,
    "category": 16,
    "location": [
        -118.33667,
        34.02528
    ],
    "keywords": [
        57,
        50,
        46,
        62,
        23,
        39,
        55,
        52,
        18,
        58
    ]
}