{
    "id": 13753,
    "category": 16,
    "location": [
        -118.33639,
        34.04056
    ],
    "keywords": [
        53,
        0,
        47,
        49,
        74
    ]
}