{
    "id": 13759,
    "category": 16,
    "location": [
        -118.33944,
        33.87722
    ],
    "keywords": [
        21,
        14,
        64,
        45,
        13,
        36,
        71,
        66,
        62,
        13
    ]
}