{
    "id": 13762,
    "category": 16,
    "location": [
        -118.34056,
        33.99278
    ],
    "keywords": [
        45,
        13,
        5,
        51,
        55
    ]
}