{
    "id": 13764,
    "category": 16,
    "location": [
        -118.34167,
        34.03222
    ],
    "keywords": [
        15,
        8,
        71,
        60,
        58
    ]
}