{
    "id": 13819,
    "category": 16,
    "location": [
        -118.35722,
        33.89417
    ],
    "keywords": [
        19,
        49,
        42,
        27,
        56,
        15,
        49,
        65,
        58,
        66
    ]
}