{
    "id": 13811,
    "category": 16,
    "location": [
        -118.35472,
        33.89833
    ],
    "keywords": [
        25,
        30,
        53,
        24,
        21,
        17,
        30,
        3,
        64,
        64
    ]
}