{
    "id": 13813,
    "category": 16,
    "location": [
        -118.35583,
        33.93806
    ],
    "keywords": [
        43
    ]
}