{
    "id": 13823,
    "category": 16,
    "location": [
        -118.35972,
        33.90917
    ],
    "keywords": []
}