{
    "id": 13834,
    "category": 16,
    "location": [
        -118.36722,
        34.03222
    ],
    "keywords": [
        11
    ]
}