{
    "id": 13858,
    "category": 16,
    "location": [
        -118.38417,
        34.08694
    ],
    "keywords": [
        17,
        35
    ]
}