{
    "id": 13885,
    "category": 16,
    "location": [
        -118.39472,
        37.36528
    ],
    "keywords": [
        1,
        41,
        42,
        12,
        64,
        34,
        49,
        5,
        53,
        74,
        60,
        43,
        16,
        48,
        14
    ]
}