{
    "id": 13891,
    "category": 16,
    "location": [
        -118.39833,
        33.86722
    ],
    "keywords": [
        49,
        41,
        46,
        46
    ]
}