{
    "id": 13899,
    "category": 16,
    "location": [
        -118.40194,
        33.92389
    ],
    "keywords": [
        52,
        42,
        31,
        8,
        74,
        2,
        54,
        17
    ]
}