{
    "id": 13901,
    "category": 16,
    "location": [
        -118.40278,
        33.88917
    ],
    "keywords": [
        50,
        24,
        32,
        33,
        4
    ]
}