{
    "id": 13915,
    "category": 16,
    "location": [
        -118.41056,
        37.36083
    ],
    "keywords": [
        8,
        20,
        45,
        33,
        1,
        54,
        64,
        30
    ]
}