{
    "id": 13928,
    "category": 16,
    "location": [
        -118.43611,
        34.05583
    ],
    "keywords": [
        70,
        7,
        49
    ]
}