{
    "id": 13937,
    "category": 16,
    "location": [
        -118.44556,
        34.14972
    ],
    "keywords": [
        26,
        51,
        61,
        50,
        42,
        39,
        48
    ]
}