{
    "id": 13934,
    "category": 16,
    "location": [
        -118.44389,
        34.18694
    ],
    "keywords": [
        13,
        18,
        13,
        42,
        5,
        65,
        1,
        48,
        51,
        69,
        52,
        38,
        53,
        37
    ]
}