{
    "id": 13944,
    "category": 16,
    "location": [
        -118.44944,
        35.12833
    ],
    "keywords": [
        39,
        66,
        39,
        21,
        44,
        29
    ]
}