{
    "id": 13940,
    "category": 16,
    "location": [
        -118.44639,
        35.13111
    ],
    "keywords": [
        48
    ]
}