{
    "id": 13956,
    "category": 16,
    "location": [
        -118.45611,
        34.15167
    ],
    "keywords": []
}