{
    "id": 13959,
    "category": 16,
    "location": [
        -118.46139,
        34.15222
    ],
    "keywords": [
        65,
        31
    ]
}