{
    "id": 13970,
    "category": 16,
    "location": [
        -118.47111,
        34.02222
    ],
    "keywords": [
        25,
        52,
        41
    ]
}