{
    "id": 13972,
    "category": 16,
    "location": [
        -118.47333,
        34.08778
    ],
    "keywords": [
        0
    ]
}