{
    "id": 13980,
    "category": 16,
    "location": [
        -118.48111,
        34.00167
    ],
    "keywords": [
        47,
        67,
        50,
        65,
        51,
        51,
        24,
        12,
        24,
        64,
        14,
        56,
        46,
        22,
        40
    ]
}