{
    "id": 13981,
    "category": 16,
    "location": [
        -118.48222,
        34.02917
    ],
    "keywords": [
        4,
        61,
        29,
        11,
        60,
        34,
        65,
        17,
        29,
        62,
        56,
        66,
        64,
        34,
        65
    ]
}