{
    "id": 13994,
    "category": 16,
    "location": [
        -118.49389,
        34.02667
    ],
    "keywords": []
}