{
    "id": 14,
    "category": 0,
    "location": [
        -115.11889,
        34.13417
    ],
    "keywords": [
        53,
        49,
        32,
        58,
        10,
        75
    ]
}