{
    "id": 14003,
    "category": 16,
    "location": [
        -118.51361,
        34.17194
    ],
    "keywords": [
        3,
        17,
        30,
        0,
        10,
        62,
        16,
        48,
        39,
        51,
        60,
        8,
        42,
        43
    ]
}