{
    "id": 14004,
    "category": 16,
    "location": [
        -118.51722,
        34.16694
    ],
    "keywords": [
        41,
        8,
        6,
        60,
        24,
        18,
        50
    ]
}