{
    "id": 14013,
    "category": 16,
    "location": [
        -118.69472,
        34.27861
    ],
    "keywords": [
        4,
        32,
        49,
        31,
        57,
        22,
        66,
        28,
        39,
        75,
        9,
        4,
        18,
        31
    ]
}