{
    "id": 14014,
    "category": 16,
    "location": [
        -118.70028,
        34.27889
    ],
    "keywords": [
        8
    ]
}