{
    "id": 14057,
    "category": 16,
    "location": [
        -118.83611,
        34.17528
    ],
    "keywords": []
}