{
    "id": 1406,
    "category": 4,
    "location": [
        -121.08972,
        39.79361
    ],
    "keywords": [
        34,
        22,
        56,
        61,
        46,
        25,
        2,
        53
    ]
}