{
    "id": 14066,
    "category": 16,
    "location": [
        -118.84722,
        34.17806
    ],
    "keywords": [
        61,
        8,
        3
    ]
}