{
    "id": 14076,
    "category": 16,
    "location": [
        -118.90917,
        34.40111
    ],
    "keywords": [
        18
    ]
}