{
    "id": 14081,
    "category": 16,
    "location": [
        -118.91111,
        34.40028
    ],
    "keywords": [
        8,
        39,
        69,
        19,
        10,
        74
    ]
}