{
    "id": 14132,
    "category": 16,
    "location": [
        -118.96472,
        35.41056
    ],
    "keywords": [
        56
    ]
}