{
    "id": 14156,
    "category": 16,
    "location": [
        -118.98333,
        35.37278
    ],
    "keywords": [
        73,
        35
    ]
}