{
    "id": 14186,
    "category": 16,
    "location": [
        -118.99278,
        35.36944
    ],
    "keywords": [
        15,
        53,
        43,
        2,
        46,
        67,
        17,
        38,
        45,
        72,
        50,
        33,
        44
    ]
}