{
    "id": 14187,
    "category": 16,
    "location": [
        -118.99306,
        35.33944
    ],
    "keywords": [
        30,
        62,
        24,
        71,
        32,
        31,
        3
    ]
}