{
    "id": 14196,
    "category": 16,
    "location": [
        -118.99778,
        35.39778
    ],
    "keywords": [
        60,
        43,
        57,
        1,
        11,
        48
    ]
}