{
    "id": 142,
    "category": 0,
    "location": [
        -117.23972,
        33.56556
    ],
    "keywords": [
        53,
        49,
        40,
        56,
        36,
        66,
        41,
        52,
        30
    ]
}