{
    "id": 14226,
    "category": 16,
    "location": [
        -119.01222,
        36.06861
    ],
    "keywords": [
        1,
        17,
        6,
        49,
        68,
        12,
        7,
        34,
        0,
        70,
        19,
        13,
        75,
        22
    ]
}