{
    "id": 1424,
    "category": 4,
    "location": [
        -121.15111,
        39.45444
    ],
    "keywords": [
        8,
        3,
        26,
        4,
        15,
        65
    ]
}