{
    "id": 14249,
    "category": 16,
    "location": [
        -119.01556,
        35.36028
    ],
    "keywords": [
        47,
        68,
        52,
        53,
        28,
        0,
        56
    ]
}