{
    "id": 14247,
    "category": 16,
    "location": [
        -119.01472,
        36.06222
    ],
    "keywords": [
        10,
        41,
        60,
        4,
        28,
        62,
        11,
        47,
        41,
        75,
        19,
        33,
        34,
        20
    ]
}