{
    "id": 14259,
    "category": 16,
    "location": [
        -119.01833,
        36.06861
    ],
    "keywords": [
        48
    ]
}