{
    "id": 14269,
    "category": 16,
    "location": [
        -119.02056,
        35.27889
    ],
    "keywords": [
        35,
        0,
        23,
        53,
        53,
        18,
        74
    ]
}