{
    "id": 14261,
    "category": 16,
    "location": [
        -119.01889,
        35.35944
    ],
    "keywords": [
        48,
        33,
        11,
        63,
        51,
        20,
        54,
        55,
        20,
        55,
        52,
        72,
        55,
        68,
        69
    ]
}