{
    "id": 14265,
    "category": 16,
    "location": [
        -119.01972,
        36.08083
    ],
    "keywords": [
        7,
        37,
        7,
        35,
        20,
        28,
        0,
        47
    ]
}