{
    "id": 14298,
    "category": 16,
    "location": [
        -119.02889,
        35.41889
    ],
    "keywords": [
        35,
        51,
        50,
        68,
        45,
        33,
        50,
        49,
        41,
        27,
        49,
        71,
        53
    ]
}