{
    "id": 14290,
    "category": 16,
    "location": [
        -119.02806,
        35.36028
    ],
    "keywords": [
        48,
        33,
        18,
        42,
        57,
        6,
        59,
        73,
        67
    ]
}