{
    "id": 14299,
    "category": 16,
    "location": [
        -119.02944,
        35.32917
    ],
    "keywords": [
        46,
        49,
        31,
        8,
        15,
        37,
        11,
        22,
        25,
        8,
        46,
        46,
        20
    ]
}