{
    "id": 1430,
    "category": 4,
    "location": [
        -121.19639,
        40.01167
    ],
    "keywords": [
        36,
        18,
        2,
        72
    ]
}