{
    "id": 14316,
    "category": 16,
    "location": [
        -119.03611,
        36.06806
    ],
    "keywords": [
        33,
        10,
        23,
        48,
        9,
        49
    ]
}