{
    "id": 14348,
    "category": 16,
    "location": [
        -119.05639,
        34.36111
    ],
    "keywords": [
        26
    ]
}