{
    "id": 14350,
    "category": 16,
    "location": [
        -119.05667,
        34.36472
    ],
    "keywords": [
        17,
        5,
        10,
        40,
        40,
        52,
        30,
        50,
        60,
        42,
        2,
        31,
        4
    ]
}