{
    "id": 14364,
    "category": 16,
    "location": [
        -119.06028,
        36.08056
    ],
    "keywords": [
        74,
        67,
        22,
        11,
        43
    ]
}