{
    "id": 14392,
    "category": 16,
    "location": [
        -119.08417,
        36.19972
    ],
    "keywords": [
        74,
        59,
        59,
        11,
        17,
        70,
        27
    ]
}