{
    "id": 14409,
    "category": 16,
    "location": [
        -119.10944,
        35.38861
    ],
    "keywords": [
        59,
        61,
        72,
        2,
        45,
        1,
        7,
        32
    ]
}