{
    "id": 14402,
    "category": 16,
    "location": [
        -119.09028,
        36.20972
    ],
    "keywords": [
        59,
        55,
        68,
        62,
        56,
        31
    ]
}