{
    "id": 14415,
    "category": 16,
    "location": [
        -119.13583,
        34.22389
    ],
    "keywords": [
        37,
        63,
        0,
        13,
        44,
        44,
        26,
        13,
        8,
        25,
        12,
        28
    ]
}