{
    "id": 14437,
    "category": 16,
    "location": [
        -119.15611,
        34.28778
    ],
    "keywords": [
        54,
        60,
        65,
        34,
        59,
        60,
        0,
        47,
        41,
        23,
        61,
        3,
        48,
        29,
        58
    ]
}