{
    "id": 14469,
    "category": 16,
    "location": [
        -119.17667,
        34.18972
    ],
    "keywords": [
        36,
        38,
        39,
        41,
        25,
        55,
        56,
        30,
        68,
        36,
        74,
        57,
        32,
        27,
        34
    ]
}