{
    "id": 14483,
    "category": 16,
    "location": [
        -119.17972,
        34.19611
    ],
    "keywords": [
        7,
        61,
        71,
        65,
        50,
        34,
        44,
        1,
        35,
        1,
        49
    ]
}