{
    "id": 14489,
    "category": 16,
    "location": [
        -119.18083,
        34.15639
    ],
    "keywords": [
        1,
        4,
        36,
        56,
        8
    ]
}