{
    "id": 14500,
    "category": 16,
    "location": [
        -119.18444,
        34.18972
    ],
    "keywords": [
        62,
        39,
        23
    ]
}