{
    "id": 14501,
    "category": 16,
    "location": [
        -119.18444,
        34.20833
    ],
    "keywords": [
        58,
        5,
        58,
        22,
        12,
        15,
        35
    ]
}