{
    "id": 14511,
    "category": 16,
    "location": [
        -119.19333,
        34.15194
    ],
    "keywords": [
        53,
        75,
        71,
        70,
        68,
        22,
        45,
        11,
        7
    ]
}