{
    "id": 14513,
    "category": 16,
    "location": [
        -119.19417,
        34.15028
    ],
    "keywords": [
        55,
        18,
        57,
        40,
        30,
        59,
        34,
        2,
        51,
        3,
        62
    ]
}