{
    "id": 14521,
    "category": 16,
    "location": [
        -119.20583,
        34.26583
    ],
    "keywords": [
        47,
        0,
        58,
        11,
        62,
        35,
        57,
        15,
        7
    ]
}