{
    "id": 14541,
    "category": 16,
    "location": [
        -119.23556,
        34.27444
    ],
    "keywords": [
        6,
        26,
        69,
        42,
        69,
        25,
        57
    ]
}