{
    "id": 14543,
    "category": 16,
    "location": [
        -119.23833,
        34.27722
    ],
    "keywords": [
        46
    ]
}