{
    "id": 14573,
    "category": 16,
    "location": [
        -119.25639,
        35.76861
    ],
    "keywords": [
        73,
        38,
        23,
        61,
        8,
        57,
        11,
        42,
        27,
        34,
        14,
        5
    ]
}