{
    "id": 14583,
    "category": 16,
    "location": [
        -119.26583,
        34.44472
    ],
    "keywords": [
        55,
        64,
        32,
        22,
        54
    ]
}