{
    "id": 14595,
    "category": 16,
    "location": [
        -119.26944,
        34.27611
    ],
    "keywords": [
        53,
        34,
        38
    ]
}