{
    "id": 14591,
    "category": 16,
    "location": [
        -119.26833,
        35.50389
    ],
    "keywords": []
}