{
    "id": 14606,
    "category": 16,
    "location": [
        -119.27639,
        34.27889
    ],
    "keywords": []
}