{
    "id": 1463,
    "category": 4,
    "location": [
        -121.53778,
        39.85861
    ],
    "keywords": [
        71,
        17,
        50,
        70,
        43,
        23,
        73,
        19,
        51,
        57,
        46,
        5,
        7
    ]
}