{
    "id": 14635,
    "category": 16,
    "location": [
        -119.29167,
        36.34389
    ],
    "keywords": [
        68,
        25,
        1,
        32,
        10,
        44,
        50,
        58,
        54,
        55,
        3,
        75,
        63
    ]
}