{
    "id": 14673,
    "category": 16,
    "location": [
        -119.33417,
        35.59278
    ],
    "keywords": [
        72,
        19,
        0
    ]
}