{
    "id": 147,
    "category": 0,
    "location": [
        -117.26667,
        34.58361
    ],
    "keywords": []
}