{
    "id": 14707,
    "category": 16,
    "location": [
        -119.35444,
        36.20583
    ],
    "keywords": [
        17,
        68,
        60,
        75,
        64,
        39,
        43,
        32,
        59,
        28,
        69,
        4,
        35,
        65,
        33
    ]
}