{
    "id": 14706,
    "category": 16,
    "location": [
        -119.35306,
        36.20528
    ],
    "keywords": [
        52,
        75,
        0,
        15,
        62
    ]
}