{
    "id": 14718,
    "category": 16,
    "location": [
        -119.38472,
        36.53556
    ],
    "keywords": [
        52,
        41,
        16
    ]
}