{
    "id": 14742,
    "category": 16,
    "location": [
        -119.44778,
        36.59806
    ],
    "keywords": [
        33,
        32
    ]
}