{
    "id": 14762,
    "category": 16,
    "location": [
        -119.45611,
        35.14583
    ],
    "keywords": []
}