{
    "id": 14763,
    "category": 16,
    "location": [
        -119.45611,
        36.58694
    ],
    "keywords": [
        69,
        70,
        26,
        43,
        1,
        68,
        60,
        60
    ]
}