{
    "id": 14766,
    "category": 16,
    "location": [
        -119.45722,
        35.14944
    ],
    "keywords": [
        42,
        49,
        50,
        19,
        53,
        68,
        28,
        10,
        68,
        75,
        0
    ]
}