{
    "id": 14774,
    "category": 16,
    "location": [
        -119.46083,
        35.15583
    ],
    "keywords": [
        12
    ]
}