{
    "id": 14775,
    "category": 16,
    "location": [
        -119.46139,
        35.14333
    ],
    "keywords": [
        7,
        59,
        73,
        8,
        10,
        40,
        56,
        53
    ]
}