{
    "id": 1478,
    "category": 4,
    "location": [
        -122.06639,
        39.88667
    ],
    "keywords": [
        16
    ]
}