{
    "id": 1480,
    "category": 4,
    "location": [
        -122.12694,
        40.09278
    ],
    "keywords": [
        12,
        38,
        62,
        29,
        0,
        37,
        27,
        32,
        64
    ]
}