{
    "id": 14824,
    "category": 16,
    "location": [
        -119.56639,
        36.09778
    ],
    "keywords": [
        67,
        28,
        26,
        13
    ]
}