{
    "id": 14823,
    "category": 16,
    "location": [
        -119.56639,
        36.09667
    ],
    "keywords": [
        67,
        24,
        13,
        26,
        62,
        74,
        6,
        16,
        12,
        38
    ]
}