{
    "id": 14821,
    "category": 16,
    "location": [
        -119.56361,
        36.10111
    ],
    "keywords": [
        75,
        56,
        43,
        13,
        57,
        45,
        31,
        19,
        44,
        10,
        37
    ]
}