{
    "id": 14835,
    "category": 16,
    "location": [
        -119.60722,
        36.56694
    ],
    "keywords": [
        48,
        50,
        54,
        74,
        17,
        19,
        44,
        4
    ]
}