{
    "id": 1483,
    "category": 4,
    "location": [
        -122.31222,
        38.04583
    ],
    "keywords": [
        10,
        58,
        71,
        30,
        18,
        4,
        64,
        58,
        70,
        59,
        62
    ]
}