{
    "id": 14834,
    "category": 16,
    "location": [
        -119.60556,
        36.56667
    ],
    "keywords": [
        13,
        63,
        28,
        32,
        59,
        44,
        35,
        32,
        22,
        61,
        18,
        53,
        1
    ]
}