{
    "id": 14850,
    "category": 16,
    "location": [
        -119.61472,
        36.56056
    ],
    "keywords": [
        46,
        14,
        49,
        23,
        8,
        24,
        74,
        67,
        31,
        71
    ]
}