{
    "id": 14867,
    "category": 16,
    "location": [
        -119.63833,
        36.33222
    ],
    "keywords": []
}