{
    "id": 14878,
    "category": 16,
    "location": [
        -119.64194,
        36.32306
    ],
    "keywords": []
}