{
    "id": 14873,
    "category": 16,
    "location": [
        -119.64111,
        36.33111
    ],
    "keywords": []
}