{
    "id": 14886,
    "category": 16,
    "location": [
        -119.64528,
        36.32139
    ],
    "keywords": [
        52,
        3,
        73,
        65,
        24,
        41,
        16,
        2,
        32,
        59,
        9,
        20,
        17,
        60
    ]
}