{
    "id": 14888,
    "category": 16,
    "location": [
        -119.64639,
        36.33306
    ],
    "keywords": [
        3,
        55,
        42,
        41
    ]
}