{
    "id": 14900,
    "category": 16,
    "location": [
        -119.65139,
        36.33389
    ],
    "keywords": [
        72,
        27,
        44,
        9,
        50,
        7,
        53
    ]
}