{
    "id": 14919,
    "category": 16,
    "location": [
        -119.67917,
        34.42306
    ],
    "keywords": [
        31,
        25,
        56,
        16,
        47,
        26,
        66,
        60
    ]
}