{
    "id": 14915,
    "category": 16,
    "location": [
        -119.67639,
        36.80083
    ],
    "keywords": [
        32,
        61,
        50,
        70,
        48,
        74,
        21,
        25,
        52,
        32,
        74,
        75
    ]
}