{
    "id": 14936,
    "category": 16,
    "location": [
        -119.69417,
        34.41889
    ],
    "keywords": []
}