{
    "id": 14945,
    "category": 16,
    "location": [
        -119.70028,
        34.42694
    ],
    "keywords": [
        40,
        3,
        15,
        47,
        73,
        39,
        2,
        36,
        59,
        18,
        21,
        16,
        35,
        40
    ]
}