{
    "id": 14947,
    "category": 16,
    "location": [
        -119.70222,
        36.82778
    ],
    "keywords": [
        59,
        43,
        28
    ]
}