{
    "id": 14957,
    "category": 16,
    "location": [
        -119.70528,
        34.42611
    ],
    "keywords": [
        59,
        57,
        14,
        72,
        6,
        48,
        58,
        69,
        26,
        74
    ]
}