{
    "id": 14962,
    "category": 16,
    "location": [
        -119.70722,
        34.42667
    ],
    "keywords": [
        71,
        66,
        44,
        3
    ]
}