{
    "id": 14980,
    "category": 16,
    "location": [
        -119.71833,
        34.42833
    ],
    "keywords": [
        30,
        11,
        10,
        54,
        32,
        26
    ]
}