{
    "id": 15008,
    "category": 16,
    "location": [
        -119.73611,
        36.71083
    ],
    "keywords": [
        3,
        19,
        60,
        41,
        1,
        72,
        71,
        15
    ]
}