{
    "id": 15026,
    "category": 16,
    "location": [
        -119.74556,
        34.44861
    ],
    "keywords": [
        58,
        1,
        50,
        47,
        73,
        65
    ]
}