{
    "id": 15047,
    "category": 16,
    "location": [
        -119.75417,
        36.78556
    ],
    "keywords": [
        10,
        36,
        21,
        58,
        72,
        2,
        15,
        75,
        68,
        13,
        57,
        58,
        73
    ]
}