{
    "id": 15042,
    "category": 16,
    "location": [
        -119.75389,
        36.72694
    ],
    "keywords": [
        44,
        20,
        36,
        37,
        4,
        70,
        24,
        67,
        39,
        57,
        65,
        64,
        28,
        63,
        4
    ]
}