{
    "id": 15055,
    "category": 16,
    "location": [
        -119.75778,
        34.45611
    ],
    "keywords": [
        39,
        70,
        33,
        32,
        66,
        63,
        68,
        49,
        17,
        17,
        8,
        10,
        16,
        33,
        48
    ]
}