{
    "id": 15053,
    "category": 16,
    "location": [
        -119.75722,
        36.73667
    ],
    "keywords": [
        18,
        37,
        21,
        5
    ]
}