{
    "id": 15064,
    "category": 16,
    "location": [
        -119.76167,
        36.79389
    ],
    "keywords": [
        43,
        20,
        53,
        63,
        64,
        70
    ]
}