{
    "id": 15065,
    "category": 16,
    "location": [
        -119.76222,
        36.75806
    ],
    "keywords": []
}