{
    "id": 15075,
    "category": 16,
    "location": [
        -119.76278,
        36.75389
    ],
    "keywords": [
        66,
        50,
        37,
        31,
        35,
        30,
        41,
        35,
        60,
        64
    ]
}