{
    "id": 15097,
    "category": 16,
    "location": [
        -119.77056,
        36.73278
    ],
    "keywords": [
        40,
        11,
        62,
        50,
        36,
        23,
        39,
        6,
        30
    ]
}