{
    "id": 15092,
    "category": 16,
    "location": [
        -119.76667,
        36.79333
    ],
    "keywords": [
        34,
        74,
        23,
        48,
        65,
        30,
        18,
        64,
        62,
        2,
        41
    ]
}