{
    "id": 15096,
    "category": 16,
    "location": [
        -119.77028,
        34.43972
    ],
    "keywords": [
        14,
        43,
        48,
        68,
        16,
        51,
        21,
        50
    ]
}