{
    "id": 15108,
    "category": 16,
    "location": [
        -119.77222,
        36.79833
    ],
    "keywords": [
        75,
        39,
        38
    ]
}