{
    "id": 15112,
    "category": 16,
    "location": [
        -119.77278,
        34.43917
    ],
    "keywords": [
        72
    ]
}