{
    "id": 15118,
    "category": 16,
    "location": [
        -119.77528,
        36.82361
    ],
    "keywords": [
        44,
        0,
        54,
        11,
        9,
        57
    ]
}