{
    "id": 15129,
    "category": 16,
    "location": [
        -119.78111,
        36.75611
    ],
    "keywords": [
        6,
        38,
        34,
        55
    ]
}