{
    "id": 15136,
    "category": 16,
    "location": [
        -119.78194,
        36.30111
    ],
    "keywords": [
        43,
        52,
        42,
        33,
        54,
        56,
        23,
        60,
        40
    ]
}