{
    "id": 1513,
    "category": 4,
    "location": [
        -122.66472,
        41.83583
    ],
    "keywords": [
        59,
        34,
        63,
        42,
        17
    ]
}