{
    "id": 15153,
    "category": 16,
    "location": [
        -119.78722,
        36.71472
    ],
    "keywords": [
        25,
        14,
        65,
        26,
        51,
        33,
        26,
        16,
        48,
        57,
        59
    ]
}