{
    "id": 15184,
    "category": 16,
    "location": [
        -119.79667,
        36.71417
    ],
    "keywords": [
        21,
        52,
        24,
        40,
        9,
        27,
        72,
        7,
        9,
        71,
        0,
        21,
        8,
        8
    ]
}