{
    "id": 15210,
    "category": 16,
    "location": [
        -119.80111,
        36.72583
    ],
    "keywords": [
        13,
        4,
        50,
        20,
        57,
        19
    ]
}