{
    "id": 15224,
    "category": 16,
    "location": [
        -119.80722,
        36.72917
    ],
    "keywords": [
        72,
        52,
        6,
        3,
        32,
        25,
        73,
        2,
        13,
        73,
        40
    ]
}