{
    "id": 1522,
    "category": 4,
    "location": [
        -122.83667,
        41.84444
    ],
    "keywords": [
        73,
        75,
        69,
        2,
        58
    ]
}