{
    "id": 15236,
    "category": 16,
    "location": [
        -119.80972,
        36.77917
    ],
    "keywords": [
        11,
        65
    ]
}