{
    "id": 15233,
    "category": 16,
    "location": [
        -119.80833,
        36.80056
    ],
    "keywords": [
        62,
        55,
        46,
        9,
        58,
        7
    ]
}