{
    "id": 15245,
    "category": 16,
    "location": [
        -119.81444,
        36.72417
    ],
    "keywords": [
        37,
        66,
        6,
        0,
        38,
        33,
        44,
        14
    ]
}