{
    "id": 1524,
    "category": 4,
    "location": [
        -122.90444,
        38.02889
    ],
    "keywords": [
        71,
        69,
        29,
        48,
        25,
        37,
        31,
        35,
        8,
        36,
        40
    ]
}