{
    "id": 15251,
    "category": 16,
    "location": [
        -119.81972,
        36.77194
    ],
    "keywords": [
        32,
        69,
        72,
        41,
        1,
        48,
        3,
        40,
        21,
        70,
        34
    ]
}