{
    "id": 15271,
    "category": 16,
    "location": [
        -119.83861,
        36.80861
    ],
    "keywords": [
        50,
        12,
        9,
        58,
        43,
        39
    ]
}