{
    "id": 15277,
    "category": 16,
    "location": [
        -119.85222,
        36.71139
    ],
    "keywords": [
        39,
        52,
        44,
        53,
        22
    ]
}