{
    "id": 15294,
    "category": 16,
    "location": [
        -119.88611,
        36.81194
    ],
    "keywords": [
        56,
        2,
        66,
        49,
        57,
        33,
        15,
        3,
        22,
        62,
        53,
        6
    ]
}