{
    "id": 1530,
    "category": 4,
    "location": [
        -123.07167,
        38.36583
    ],
    "keywords": [
        69,
        55,
        62,
        72,
        62,
        40,
        37,
        9,
        31,
        14,
        62
    ]
}