{
    "id": 15310,
    "category": 16,
    "location": [
        -119.97444,
        38.94389
    ],
    "keywords": [
        54,
        48
    ]
}