{
    "id": 15339,
    "category": 16,
    "location": [
        -120.05833,
        36.97417
    ],
    "keywords": [
        50,
        39,
        30,
        74,
        68,
        45,
        51,
        10
    ]
}