{
    "id": 1538,
    "category": 4,
    "location": [
        -123.24167,
        41.29333
    ],
    "keywords": [
        33,
        75,
        46,
        54,
        6,
        52,
        21,
        55,
        38,
        2
    ]
}