{
    "id": 15399,
    "category": 16,
    "location": [
        -120.40778,
        34.96056
    ],
    "keywords": [
        25,
        7,
        63,
        60,
        9,
        51,
        48,
        73,
        29,
        20,
        20,
        60,
        4
    ]
}