{
    "id": 15417,
    "category": 16,
    "location": [
        -120.42556,
        34.95167
    ],
    "keywords": [
        67,
        34,
        20,
        32,
        69,
        15
    ]
}