{
    "id": 15434,
    "category": 16,
    "location": [
        -120.43583,
        34.95722
    ],
    "keywords": [
        22,
        53,
        25,
        50,
        28,
        30,
        25,
        19,
        32,
        46,
        4,
        18,
        27
    ]
}