{
    "id": 15455,
    "category": 16,
    "location": [
        -120.44444,
        34.64889
    ],
    "keywords": [
        12,
        36,
        42,
        41,
        16,
        56,
        43,
        19,
        26,
        28,
        73
    ]
}