{
    "id": 15459,
    "category": 16,
    "location": [
        -120.44694,
        34.64417
    ],
    "keywords": [
        13,
        4,
        39,
        69,
        51,
        53
    ]
}