{
    "id": 15463,
    "category": 16,
    "location": [
        -120.44917,
        34.64444
    ],
    "keywords": [
        34,
        8,
        1,
        51,
        8,
        19,
        57,
        59,
        27
    ]
}