{
    "id": 15466,
    "category": 16,
    "location": [
        -120.45028,
        34.64667
    ],
    "keywords": [
        62,
        6,
        3,
        4,
        69,
        51
    ]
}