{
    "id": 15467,
    "category": 16,
    "location": [
        -120.45028,
        34.65056
    ],
    "keywords": [
        14,
        20,
        11,
        14,
        70,
        35,
        40,
        58,
        13,
        72,
        35
    ]
}