{
    "id": 15476,
    "category": 16,
    "location": [
        -120.45611,
        34.63222
    ],
    "keywords": [
        16,
        65
    ]
}