{
    "id": 15474,
    "category": 16,
    "location": [
        -120.45444,
        34.65278
    ],
    "keywords": [
        43,
        10,
        47,
        58,
        4,
        1,
        53,
        6,
        24,
        8,
        31,
        8,
        14
    ]
}