{
    "id": 15489,
    "category": 16,
    "location": [
        -120.45972,
        34.64139
    ],
    "keywords": [
        40,
        66,
        57,
        32,
        22,
        0,
        2,
        61,
        74,
        49,
        23,
        30,
        63,
        64,
        60
    ]
}