{
    "id": 15503,
    "category": 16,
    "location": [
        -120.46861,
        39.81389
    ],
    "keywords": [
        52,
        26,
        50,
        67,
        27,
        35,
        31,
        44,
        57,
        23,
        4,
        43
    ]
}