{
    "id": 1551,
    "category": 4,
    "location": [
        -123.43639,
        41.72389
    ],
    "keywords": [
        71,
        63,
        58,
        56,
        21
    ]
}