{
    "id": 15524,
    "category": 16,
    "location": [
        -120.47861,
        37.30222
    ],
    "keywords": [
        40,
        2,
        35,
        64,
        67,
        48,
        0,
        70,
        55,
        2,
        16,
        45,
        63,
        12,
        2
    ]
}