{
    "id": 15529,
    "category": 16,
    "location": [
        -120.48111,
        37.30444
    ],
    "keywords": [
        28,
        45,
        75,
        66,
        34,
        16,
        34,
        67,
        32,
        12,
        69,
        16
    ]
}