{
    "id": 15533,
    "category": 16,
    "location": [
        -120.48417,
        37.30139
    ],
    "keywords": [
        15,
        48,
        66,
        19
    ]
}