{
    "id": 15549,
    "category": 16,
    "location": [
        -120.49806,
        37.29389
    ],
    "keywords": [
        18,
        56,
        69
    ]
}