{
    "id": 15541,
    "category": 16,
    "location": [
        -120.48889,
        37.30389
    ],
    "keywords": [
        69,
        31,
        48,
        44,
        19
    ]
}