{
    "id": 15561,
    "category": 16,
    "location": [
        -120.54083,
        38.22833
    ],
    "keywords": [
        5,
        23,
        64,
        0,
        15,
        61,
        71,
        14,
        23,
        39,
        35
    ]
}