{
    "id": 15563,
    "category": 16,
    "location": [
        -120.54167,
        38.07333
    ],
    "keywords": [
        40,
        18,
        6,
        53,
        52,
        64,
        5,
        59
    ]
}