{
    "id": 15576,
    "category": 16,
    "location": [
        -120.56861,
        38.08667
    ],
    "keywords": [
        27,
        49,
        65,
        15,
        66
    ]
}