{
    "id": 1558,
    "category": 4,
    "location": [
        -123.52556,
        41.50528
    ],
    "keywords": [
        35
    ]
}