{
    "id": 15583,
    "category": 16,
    "location": [
        -120.59417,
        37.34222
    ],
    "keywords": [
        37,
        67,
        53,
        43,
        14
    ]
}