{
    "id": 15593,
    "category": 16,
    "location": [
        -120.60472,
        35.41778
    ],
    "keywords": [
        49,
        36,
        52,
        11
    ]
}