{
    "id": 15616,
    "category": 16,
    "location": [
        -120.61639,
        35.12639
    ],
    "keywords": [
        19,
        56,
        18,
        73,
        6,
        32,
        31,
        49,
        31,
        23,
        75,
        1,
        68,
        49,
        35
    ]
}