{
    "id": 15629,
    "category": 16,
    "location": [
        -120.63694,
        35.14167
    ],
    "keywords": [
        54,
        34,
        69,
        57,
        75,
        22
    ]
}