{
    "id": 15624,
    "category": 16,
    "location": [
        -120.62722,
        35.12667
    ],
    "keywords": [
        19,
        34,
        1,
        47,
        50,
        48,
        46,
        35,
        52,
        0,
        64,
        3,
        28,
        22
    ]
}