{
    "id": 15625,
    "category": 16,
    "location": [
        -120.62944,
        38.44472
    ],
    "keywords": [
        10
    ]
}