{
    "id": 15647,
    "category": 16,
    "location": [
        -120.65389,
        40.41944
    ],
    "keywords": [
        15,
        19,
        64,
        30,
        54
    ]
}