{
    "id": 15645,
    "category": 16,
    "location": [
        -120.65361,
        35.29278
    ],
    "keywords": [
        62,
        40,
        19,
        2,
        1,
        14,
        52,
        29,
        49,
        50,
        18,
        15,
        46,
        65
    ]
}