{
    "id": 15679,
    "category": 16,
    "location": [
        -120.66528,
        35.27639
    ],
    "keywords": [
        31,
        19,
        56,
        75,
        8,
        39,
        1,
        40,
        45,
        54,
        44,
        15,
        72,
        1
    ]
}