{
    "id": 15678,
    "category": 16,
    "location": [
        -120.66472,
        35.49028
    ],
    "keywords": [
        67,
        37
    ]
}