{
    "id": 15702,
    "category": 16,
    "location": [
        -120.68139,
        35.29472
    ],
    "keywords": [
        12,
        65,
        18,
        30,
        50,
        21
    ]
}