{
    "id": 15708,
    "category": 16,
    "location": [
        -120.68667,
        35.63611
    ],
    "keywords": [
        32,
        47,
        44,
        73,
        43,
        53,
        40,
        25,
        44
    ]
}