{
    "id": 15716,
    "category": 16,
    "location": [
        -120.69167,
        35.63167
    ],
    "keywords": [
        27,
        56,
        19,
        28,
        49,
        67,
        48
    ]
}