{
    "id": 15719,
    "category": 16,
    "location": [
        -120.69194,
        35.62861
    ],
    "keywords": [
        22
    ]
}