{
    "id": 15721,
    "category": 16,
    "location": [
        -120.69222,
        35.62444
    ],
    "keywords": [
        30,
        63,
        51,
        20,
        18,
        43,
        69,
        48,
        57,
        54,
        26,
        32,
        21,
        32,
        37
    ]
}