{
    "id": 15723,
    "category": 16,
    "location": [
        -120.69222,
        35.65167
    ],
    "keywords": []
}