{
    "id": 15755,
    "category": 16,
    "location": [
        -120.80139,
        38.39194
    ],
    "keywords": [
        66,
        14,
        50,
        15,
        17,
        40,
        40,
        9,
        47,
        50
    ]
}