{
    "id": 15766,
    "category": 16,
    "location": [
        -120.82889,
        37.50528
    ],
    "keywords": [
        28,
        15,
        67,
        53,
        71,
        48,
        47,
        33,
        62,
        4,
        42
    ]
}