{
    "id": 15781,
    "category": 16,
    "location": [
        -120.84083,
        37.50083
    ],
    "keywords": [
        58,
        0,
        59,
        11,
        53,
        34,
        29,
        15,
        68,
        13,
        27,
        56,
        41,
        20,
        59
    ]
}