{
    "id": 15782,
    "category": 16,
    "location": [
        -120.84139,
        37.50083
    ],
    "keywords": [
        47
    ]
}