{
    "id": 15808,
    "category": 16,
    "location": [
        -120.84889,
        37.77028
    ],
    "keywords": [
        60,
        54,
        30
    ]
}