{
    "id": 15827,
    "category": 16,
    "location": [
        -120.85667,
        37.48667
    ],
    "keywords": [
        8,
        60
    ]
}