{
    "id": 15847,
    "category": 16,
    "location": [
        -120.98917,
        37.64472
    ],
    "keywords": []
}