{
    "id": 15842,
    "category": 16,
    "location": [
        -120.93972,
        40.13944
    ],
    "keywords": [
        23,
        42,
        33,
        18,
        25,
        43,
        38,
        20,
        64,
        50
    ]
}