{
    "id": 15851,
    "category": 16,
    "location": [
        -120.99139,
        37.64111
    ],
    "keywords": [
        13,
        47
    ]
}