{
    "id": 15865,
    "category": 16,
    "location": [
        -121.00222,
        37.63861
    ],
    "keywords": [
        11,
        24,
        42,
        0,
        27
    ]
}