{
    "id": 15880,
    "category": 16,
    "location": [
        -121.01667,
        39.26389
    ],
    "keywords": [
        31,
        64,
        35,
        65,
        44
    ]
}