{
    "id": 15881,
    "category": 16,
    "location": [
        -121.01972,
        39.26306
    ],
    "keywords": [
        64,
        67,
        58,
        40,
        54,
        20,
        6,
        31,
        14
    ]
}