{
    "id": 15903,
    "category": 16,
    "location": [
        -121.12667,
        37.74639
    ],
    "keywords": [
        21,
        23,
        53,
        63,
        23,
        48
    ]
}