{
    "id": 15911,
    "category": 16,
    "location": [
        -121.12917,
        37.73556
    ],
    "keywords": [
        74,
        74,
        48,
        44,
        53,
        28,
        71
    ]
}