{
    "id": 15913,
    "category": 16,
    "location": [
        -121.12944,
        37.46861
    ],
    "keywords": [
        69,
        55
    ]
}