{
    "id": 15930,
    "category": 16,
    "location": [
        -121.15056,
        38.16194
    ],
    "keywords": [
        54
    ]
}