{
    "id": 15955,
    "category": 16,
    "location": [
        -121.21278,
        37.80778
    ],
    "keywords": [
        75,
        11,
        32,
        2,
        25
    ]
}