{
    "id": 15954,
    "category": 16,
    "location": [
        -121.21083,
        37.83389
    ],
    "keywords": [
        3,
        64,
        1,
        6,
        34,
        6,
        37,
        6,
        49,
        71,
        58
    ]
}