{
    "id": 15972,
    "category": 16,
    "location": [
        -121.22306,
        37.96917
    ],
    "keywords": []
}