{
    "id": 15983,
    "category": 16,
    "location": [
        -121.22917,
        37.96472
    ],
    "keywords": [
        31,
        29,
        60,
        40,
        19,
        16
    ]
}