{
    "id": 16010,
    "category": 16,
    "location": [
        -121.25083,
        37.95167
    ],
    "keywords": [
        19,
        36,
        20,
        75,
        60,
        2,
        58,
        9,
        13,
        2,
        13,
        24
    ]
}