{
    "id": 16017,
    "category": 16,
    "location": [
        -121.25472,
        37.96972
    ],
    "keywords": [
        50,
        14,
        55,
        9,
        26,
        31,
        57,
        53,
        21
    ]
}