{
    "id": 16030,
    "category": 16,
    "location": [
        -121.25778,
        37.91972
    ],
    "keywords": [
        40,
        10
    ]
}