{
    "id": 16058,
    "category": 16,
    "location": [
        -121.26722,
        38.13167
    ],
    "keywords": []
}