{
    "id": 16063,
    "category": 16,
    "location": [
        -121.26861,
        37.92861
    ],
    "keywords": [
        5,
        58,
        43,
        68,
        36,
        53,
        59,
        32
    ]
}