{
    "id": 16089,
    "category": 16,
    "location": [
        -121.27833,
        37.94222
    ],
    "keywords": [
        18,
        66,
        61,
        46,
        49,
        4
    ]
}