{
    "id": 1609,
    "category": 5,
    "location": [
        -116.66472,
        36.41333
    ],
    "keywords": [
        9
    ]
}