{
    "id": 16116,
    "category": 16,
    "location": [
        -121.28444,
        37.82667
    ],
    "keywords": [
        2,
        38,
        36,
        8,
        53,
        40,
        59,
        25
    ]
}