{
    "id": 16110,
    "category": 16,
    "location": [
        -121.28278,
        37.96028
    ],
    "keywords": [
        10,
        3,
        34,
        29,
        41,
        8,
        4,
        32
    ]
}