{
    "id": 16127,
    "category": 16,
    "location": [
        -121.28611,
        38.61333
    ],
    "keywords": [
        53,
        39,
        44,
        74
    ]
}