{
    "id": 16120,
    "category": 16,
    "location": [
        -121.28556,
        37.93222
    ],
    "keywords": [
        32,
        33,
        60,
        13,
        13,
        33,
        50,
        4,
        11,
        66,
        75,
        13,
        14
    ]
}