{
    "id": 16132,
    "category": 16,
    "location": [
        -121.28694,
        37.94111
    ],
    "keywords": [
        3,
        4,
        9,
        8,
        50,
        8
    ]
}