{
    "id": 1614,
    "category": 5,
    "location": [
        -116.74833,
        34.02389
    ],
    "keywords": [
        30,
        62,
        36,
        47,
        72,
        7,
        11
    ]
}