{
    "id": 16151,
    "category": 16,
    "location": [
        -121.29056,
        38.63667
    ],
    "keywords": [
        45,
        10,
        42,
        75,
        14,
        36,
        42,
        57,
        1,
        32,
        6,
        37,
        22,
        16,
        36
    ]
}