{
    "id": 16150,
    "category": 16,
    "location": [
        -121.28972,
        38.70361
    ],
    "keywords": [
        64
    ]
}