{
    "id": 16167,
    "category": 16,
    "location": [
        -121.29556,
        37.96583
    ],
    "keywords": [
        4,
        7,
        62,
        72,
        43,
        55,
        71,
        19,
        21
    ]
}