{
    "id": 16166,
    "category": 16,
    "location": [
        -121.29556,
        37.94306
    ],
    "keywords": [
        4,
        27,
        43,
        42,
        14,
        43,
        51,
        65,
        53
    ]
}