{
    "id": 16163,
    "category": 16,
    "location": [
        -121.29278,
        37.96583
    ],
    "keywords": []
}