{
    "id": 16176,
    "category": 16,
    "location": [
        -121.29889,
        37.96306
    ],
    "keywords": [
        42,
        16,
        62,
        28,
        38,
        75,
        39,
        16,
        8,
        53,
        66,
        44,
        70,
        58
    ]
}