{
    "id": 16184,
    "category": 16,
    "location": [
        -121.30056,
        38.70806
    ],
    "keywords": []
}