{
    "id": 16199,
    "category": 16,
    "location": [
        -121.30806,
        37.98167
    ],
    "keywords": [
        31,
        1,
        18,
        38,
        19,
        25,
        44
    ]
}