{
    "id": 16200,
    "category": 16,
    "location": [
        -121.30806,
        37.99528
    ],
    "keywords": [
        52,
        30,
        53,
        41,
        51,
        14,
        55,
        28,
        8,
        64,
        8,
        19,
        26,
        54,
        70
    ]
}