{
    "id": 16227,
    "category": 16,
    "location": [
        -121.32889,
        38.56389
    ],
    "keywords": [
        44,
        24,
        56,
        40,
        31,
        25,
        45,
        72,
        53,
        69,
        64,
        74,
        52
    ]
}