{
    "id": 1623,
    "category": 5,
    "location": [
        -116.84778,
        34.26083
    ],
    "keywords": [
        13,
        74,
        63,
        62,
        36,
        74
    ]
}