{
    "id": 16248,
    "category": 16,
    "location": [
        -121.33556,
        38.64667
    ],
    "keywords": [
        40,
        58,
        32,
        16,
        46,
        4
    ]
}