{
    "id": 16268,
    "category": 16,
    "location": [
        -121.34444,
        38.03111
    ],
    "keywords": [
        56,
        1
    ]
}