{
    "id": 16286,
    "category": 16,
    "location": [
        -121.35722,
        38.48222
    ],
    "keywords": [
        37,
        62,
        7,
        63,
        16,
        23,
        43,
        43,
        54,
        35,
        45,
        28
    ]
}