{
    "id": 16280,
    "category": 16,
    "location": [
        -121.35444,
        38.58944
    ],
    "keywords": [
        1,
        10,
        74,
        32,
        6,
        11,
        27,
        6,
        39,
        52,
        18
    ]
}