{
    "id": 16299,
    "category": 16,
    "location": [
        -121.36667,
        38.40778
    ],
    "keywords": [
        32,
        12,
        25,
        36,
        28,
        70,
        51,
        1,
        69
    ]
}