{
    "id": 16303,
    "category": 16,
    "location": [
        -121.36917,
        38.61806
    ],
    "keywords": [
        8,
        35,
        24,
        59,
        39,
        7,
        61,
        52,
        67,
        44,
        20,
        40,
        9,
        46,
        4
    ]
}