{
    "id": 16317,
    "category": 16,
    "location": [
        -121.37694,
        38.65444
    ],
    "keywords": [
        6,
        56,
        8,
        73,
        9,
        70,
        6,
        0,
        64,
        62
    ]
}