{
    "id": 16334,
    "category": 16,
    "location": [
        -121.38667,
        38.60306
    ],
    "keywords": [
        38
    ]
}