{
    "id": 16332,
    "category": 16,
    "location": [
        -121.38583,
        38.68306
    ],
    "keywords": [
        30,
        61,
        35,
        54
    ]
}