{
    "id": 16347,
    "category": 16,
    "location": [
        -121.39083,
        38.45944
    ],
    "keywords": [
        36,
        8,
        18,
        58,
        58,
        36,
        25,
        30,
        52,
        66
    ]
}