{
    "id": 16348,
    "category": 16,
    "location": [
        -121.39111,
        38.59639
    ],
    "keywords": [
        37,
        71,
        50,
        65,
        71
    ]
}