{
    "id": 16360,
    "category": 16,
    "location": [
        -121.40056,
        36.83028
    ],
    "keywords": [
        60,
        69,
        55,
        52,
        63,
        30,
        18,
        13,
        24,
        20,
        44,
        6,
        37,
        49
    ]
}