{
    "id": 16374,
    "category": 16,
    "location": [
        -121.40806,
        38.54167
    ],
    "keywords": []
}