{
    "id": 16403,
    "category": 16,
    "location": [
        -121.41806,
        38.49639
    ],
    "keywords": [
        71,
        40,
        38,
        26,
        42,
        19,
        32,
        0,
        13,
        44,
        17,
        19,
        52,
        13,
        4
    ]
}