{
    "id": 16411,
    "category": 16,
    "location": [
        -121.42083,
        38.51889
    ],
    "keywords": [
        24,
        60,
        40,
        42,
        57,
        74,
        7,
        64,
        28,
        56,
        32,
        72,
        15
    ]
}