{
    "id": 16434,
    "category": 16,
    "location": [
        -121.42861,
        37.74806
    ],
    "keywords": [
        19,
        58,
        1,
        50,
        36,
        64,
        48,
        39,
        3,
        1
    ]
}