{
    "id": 16443,
    "category": 16,
    "location": [
        -121.42917,
        38.63306
    ],
    "keywords": [
        35,
        66
    ]
}