{
    "id": 16460,
    "category": 16,
    "location": [
        -121.43333,
        38.55972
    ],
    "keywords": [
        38
    ]
}