{
    "id": 16470,
    "category": 16,
    "location": [
        -121.43583,
        38.49583
    ],
    "keywords": [
        41,
        65,
        18,
        27,
        11,
        44,
        43,
        7,
        16,
        69,
        25,
        30,
        23,
        65,
        73
    ]
}