{
    "id": 16471,
    "category": 16,
    "location": [
        -121.43583,
        38.54722
    ],
    "keywords": [
        25,
        30,
        41,
        52,
        7,
        33,
        61,
        6,
        0,
        65
    ]
}