{
    "id": 16482,
    "category": 16,
    "location": [
        -121.43806,
        38.48194
    ],
    "keywords": [
        27,
        21,
        66,
        31,
        46,
        8,
        65,
        49,
        68,
        72,
        25,
        75,
        28,
        33,
        6
    ]
}