{
    "id": 16501,
    "category": 16,
    "location": [
        -121.44306,
        38.48333
    ],
    "keywords": [
        6,
        3,
        55,
        6,
        72,
        58,
        16,
        49
    ]
}