{
    "id": 16500,
    "category": 16,
    "location": [
        -121.44278,
        38.57806
    ],
    "keywords": [
        26,
        32,
        28,
        69,
        23,
        52,
        8,
        13,
        34,
        50,
        7,
        61
    ]
}