{
    "id": 16524,
    "category": 16,
    "location": [
        -121.44722,
        38.69444
    ],
    "keywords": [
        30,
        51,
        65,
        13
    ]
}