{
    "id": 16533,
    "category": 16,
    "location": [
        -121.45056,
        38.61083
    ],
    "keywords": [
        22,
        60,
        27
    ]
}