{
    "id": 16563,
    "category": 16,
    "location": [
        -121.45667,
        38.64333
    ],
    "keywords": [
        39,
        2,
        47,
        4,
        74,
        0,
        30,
        1,
        14,
        6,
        21,
        19,
        41
    ]
}