{
    "id": 16569,
    "category": 16,
    "location": [
        -121.45833,
        38.53333
    ],
    "keywords": [
        60,
        11,
        53,
        38,
        2,
        12,
        38,
        56,
        20
    ]
}