{
    "id": 16572,
    "category": 16,
    "location": [
        -121.45861,
        38.61833
    ],
    "keywords": [
        58
    ]
}