{
    "id": 1658,
    "category": 5,
    "location": [
        -117.83472,
        34.32389
    ],
    "keywords": [
        44,
        70,
        59,
        36,
        73,
        46,
        36,
        29,
        12,
        57,
        44,
        12
    ]
}