{
    "id": 16599,
    "category": 16,
    "location": [
        -121.46778,
        38.54833
    ],
    "keywords": [
        14,
        53,
        54,
        22,
        65,
        18,
        74
    ]
}