{
    "id": 16590,
    "category": 16,
    "location": [
        -121.46528,
        38.54833
    ],
    "keywords": [
        30,
        29,
        23,
        16,
        38,
        65,
        26,
        45,
        34,
        45,
        60,
        9,
        5,
        16
    ]
}