{
    "id": 16608,
    "category": 16,
    "location": [
        -121.47167,
        38.57083
    ],
    "keywords": [
        31,
        38,
        40,
        19,
        27,
        74,
        48
    ]
}