{
    "id": 16600,
    "category": 16,
    "location": [
        -121.46806,
        38.51722
    ],
    "keywords": []
}