{
    "id": 16619,
    "category": 16,
    "location": [
        -121.47472,
        38.57583
    ],
    "keywords": [
        24,
        33,
        25,
        24,
        34,
        72,
        46,
        53,
        75,
        51,
        58,
        57
    ]
}