{
    "id": 16625,
    "category": 16,
    "location": [
        -121.47583,
        38.52694
    ],
    "keywords": [
        12
    ]
}