{
    "id": 16626,
    "category": 16,
    "location": [
        -121.47583,
        38.57306
    ],
    "keywords": [
        45,
        75,
        7,
        28,
        74,
        18,
        60
    ]
}