{
    "id": 16643,
    "category": 16,
    "location": [
        -121.48056,
        38.50611
    ],
    "keywords": [
        67,
        48,
        70,
        40
    ]
}