{
    "id": 16656,
    "category": 16,
    "location": [
        -121.48472,
        38.53472
    ],
    "keywords": [
        4,
        10,
        31,
        42,
        7,
        36
    ]
}