{
    "id": 16661,
    "category": 16,
    "location": [
        -121.48667,
        38.52889
    ],
    "keywords": [
        37,
        30,
        46,
        18,
        36,
        18
    ]
}