{
    "id": 16699,
    "category": 16,
    "location": [
        -121.52528,
        38.65639
    ],
    "keywords": [
        43,
        29,
        14,
        45,
        20,
        61,
        49,
        52,
        11,
        68,
        27,
        5,
        15,
        45,
        23
    ]
}