{
    "id": 1669,
    "category": 5,
    "location": [
        -118.04139,
        34.17694
    ],
    "keywords": [
        26,
        56,
        48,
        9,
        14,
        46,
        1
    ]
}