{
    "id": 16700,
    "category": 16,
    "location": [
        -121.52722,
        38.57056
    ],
    "keywords": [
        6,
        58,
        5
    ]
}