{
    "id": 16713,
    "category": 16,
    "location": [
        -121.53694,
        38.57722
    ],
    "keywords": [
        53,
        32,
        28,
        35,
        33,
        33,
        74,
        75,
        60
    ]
}