{
    "id": 16734,
    "category": 16,
    "location": [
        -121.55639,
        39.50778
    ],
    "keywords": [
        7,
        75,
        53,
        55,
        31
    ]
}