{
    "id": 16730,
    "category": 16,
    "location": [
        -121.54806,
        38.50667
    ],
    "keywords": [
        64,
        60,
        9,
        13,
        43,
        29,
        68,
        26,
        53
    ]
}