{
    "id": 1674,
    "category": 5,
    "location": [
        -118.09306,
        33.75611
    ],
    "keywords": [
        23,
        60,
        52,
        63,
        13,
        30,
        64,
        48,
        19,
        38,
        34,
        61,
        62
    ]
}