{
    "id": 16753,
    "category": 16,
    "location": [
        -121.57278,
        37.00528
    ],
    "keywords": [
        44,
        69,
        26,
        68,
        69,
        23,
        51
    ]
}