{
    "id": 16764,
    "category": 16,
    "location": [
        -121.57917,
        39.78694
    ],
    "keywords": [
        10,
        32,
        53,
        24,
        45,
        53,
        37,
        52,
        61,
        65,
        30,
        72,
        59
    ]
}