{
    "id": 16768,
    "category": 16,
    "location": [
        -121.58417,
        39.13722
    ],
    "keywords": [
        50
    ]
}