{
    "id": 16771,
    "category": 16,
    "location": [
        -121.58639,
        39.50778
    ],
    "keywords": [
        55,
        47,
        6,
        69,
        44,
        64,
        70,
        69,
        17,
        46,
        12
    ]
}