{
    "id": 16797,
    "category": 16,
    "location": [
        -121.60861,
        37.11306
    ],
    "keywords": [
        45,
        28,
        54,
        4
    ]
}