{
    "id": 16829,
    "category": 16,
    "location": [
        -121.65778,
        36.67833
    ],
    "keywords": [
        7,
        51,
        58,
        35,
        24,
        73,
        63,
        71
    ]
}