{
    "id": 16828,
    "category": 16,
    "location": [
        -121.65583,
        36.67167
    ],
    "keywords": [
        46,
        44,
        71,
        24,
        14,
        5,
        13,
        23,
        52,
        3,
        8,
        70
    ]
}