{
    "id": 16833,
    "category": 16,
    "location": [
        -121.65972,
        37.12806
    ],
    "keywords": [
        31,
        62,
        40,
        42
    ]
}