{
    "id": 16832,
    "category": 16,
    "location": [
        -121.65972,
        37.12722
    ],
    "keywords": [
        46,
        15
    ]
}