{
    "id": 16843,
    "category": 16,
    "location": [
        -121.68861,
        39.36111
    ],
    "keywords": [
        60,
        1,
        18,
        12,
        67,
        71,
        42,
        28,
        71,
        8,
        32,
        38,
        26,
        52
    ]
}