{
    "id": 16879,
    "category": 16,
    "location": [
        -121.74889,
        39.49472
    ],
    "keywords": [
        9,
        25,
        36,
        8,
        32,
        8,
        45,
        35,
        22,
        15,
        58,
        69
    ]
}