{
    "id": 16871,
    "category": 16,
    "location": [
        -121.74444,
        36.91556
    ],
    "keywords": [
        31,
        41,
        70,
        75
    ]
}