{
    "id": 1688,
    "category": 5,
    "location": [
        -118.32472,
        36.65972
    ],
    "keywords": [
        17
    ]
}