{
    "id": 16906,
    "category": 16,
    "location": [
        -121.76278,
        37.22278
    ],
    "keywords": [
        39,
        27
    ]
}