{
    "id": 16918,
    "category": 16,
    "location": [
        -121.76694,
        36.92722
    ],
    "keywords": [
        43,
        40,
        22,
        70,
        8,
        39,
        4,
        6,
        52,
        15,
        73,
        48,
        51,
        65,
        19
    ]
}