{
    "id": 16951,
    "category": 16,
    "location": [
        -121.79722,
        36.68139
    ],
    "keywords": [
        31,
        45,
        28,
        39,
        6,
        74,
        53,
        41,
        65,
        42,
        34,
        17,
        43
    ]
}