{
    "id": 16997,
    "category": 16,
    "location": [
        -121.82833,
        39.71972
    ],
    "keywords": [
        19,
        0,
        59,
        58,
        68,
        62,
        75,
        64,
        0,
        68,
        53,
        72,
        42
    ]
}