{
    "id": 16999,
    "category": 16,
    "location": [
        -121.82944,
        36.60917
    ],
    "keywords": [
        19,
        26,
        30
    ]
}