{
    "id": 17001,
    "category": 16,
    "location": [
        -121.83056,
        36.60444
    ],
    "keywords": [
        72,
        32,
        20,
        74,
        68,
        15,
        29,
        34,
        75,
        74,
        63,
        54,
        59,
        18,
        32
    ]
}