{
    "id": 17016,
    "category": 16,
    "location": [
        -121.83583,
        38.44722
    ],
    "keywords": [
        30,
        57,
        8
    ]
}