{
    "id": 17028,
    "category": 16,
    "location": [
        -121.83861,
        39.74639
    ],
    "keywords": [
        10,
        33,
        21,
        69,
        66,
        12,
        1,
        74,
        31,
        60,
        66
    ]
}