{
    "id": 1706,
    "category": 5,
    "location": [
        -118.48056,
        36.54528
    ],
    "keywords": [
        8,
        32,
        4,
        9,
        11
    ]
}