{
    "id": 17068,
    "category": 16,
    "location": [
        -121.87444,
        38.00306
    ],
    "keywords": [
        45
    ]
}