{
    "id": 17076,
    "category": 16,
    "location": [
        -121.87806,
        37.33889
    ],
    "keywords": [
        60,
        33,
        21,
        25,
        31,
        71,
        64,
        45,
        26,
        3,
        9,
        50,
        27
    ]
}