{
    "id": 17098,
    "category": 16,
    "location": [
        -121.88444,
        38.03111
    ],
    "keywords": [
        32
    ]
}