{
    "id": 17095,
    "category": 16,
    "location": [
        -121.88306,
        37.34083
    ],
    "keywords": [
        65,
        61
    ]
}