{
    "id": 17107,
    "category": 16,
    "location": [
        -121.88639,
        37.33944
    ],
    "keywords": []
}