{
    "id": 17122,
    "category": 16,
    "location": [
        -121.89083,
        37.29528
    ],
    "keywords": [
        5,
        37,
        62
    ]
}