{
    "id": 17133,
    "category": 16,
    "location": [
        -121.89361,
        37.35028
    ],
    "keywords": [
        70,
        61,
        34,
        66,
        48
    ]
}