{
    "id": 17132,
    "category": 16,
    "location": [
        -121.89333,
        37.34861
    ],
    "keywords": [
        36,
        44,
        17,
        24,
        69,
        20,
        69,
        30
    ]
}