{
    "id": 17156,
    "category": 16,
    "location": [
        -121.90306,
        36.61361
    ],
    "keywords": [
        25,
        61,
        21,
        4,
        17,
        51,
        41,
        30,
        41,
        47,
        66,
        40,
        30,
        11,
        42
    ]
}