{
    "id": 17173,
    "category": 16,
    "location": [
        -121.90917,
        36.97667
    ],
    "keywords": [
        9,
        62,
        19,
        41,
        65,
        50,
        32
    ]
}