{
    "id": 17184,
    "category": 16,
    "location": [
        -121.91167,
        36.61972
    ],
    "keywords": []
}