{
    "id": 17197,
    "category": 16,
    "location": [
        -121.91583,
        36.58583
    ],
    "keywords": [
        51,
        20
    ]
}