{
    "id": 172,
    "category": 0,
    "location": [
        -117.43639,
        34.54778
    ],
    "keywords": [
        53,
        35,
        38,
        16,
        19,
        16,
        37,
        45,
        62,
        18
    ]
}