{
    "id": 1720,
    "category": 5,
    "location": [
        -118.59194,
        37.01583
    ],
    "keywords": [
        20,
        29,
        69,
        6,
        73,
        24,
        24,
        41,
        66,
        25,
        17,
        48,
        39
    ]
}