{
    "id": 17213,
    "category": 16,
    "location": [
        -121.92083,
        37.26667
    ],
    "keywords": [
        1,
        37,
        53,
        66,
        3
    ]
}