{
    "id": 17214,
    "category": 16,
    "location": [
        -121.92083,
        37.29361
    ],
    "keywords": [
        68,
        70,
        28,
        32,
        55,
        14,
        54,
        49,
        28,
        44,
        66
    ]
}