{
    "id": 17226,
    "category": 16,
    "location": [
        -121.92222,
        37.31611
    ],
    "keywords": [
        69,
        52,
        16,
        38,
        31,
        51,
        32
    ]
}