{
    "id": 1722,
    "category": 5,
    "location": [
        -118.59806,
        36.42944
    ],
    "keywords": [
        52,
        58,
        9,
        45,
        4,
        18,
        73,
        48
    ]
}