{
    "id": 17230,
    "category": 16,
    "location": [
        -121.92306,
        37.26194
    ],
    "keywords": [
        47,
        11,
        25,
        58,
        33
    ]
}