{
    "id": 17242,
    "category": 16,
    "location": [
        -121.93139,
        37.26139
    ],
    "keywords": [
        29,
        26,
        19,
        6,
        69,
        20,
        56,
        38,
        69,
        40,
        2,
        2
    ]
}