{
    "id": 1726,
    "category": 5,
    "location": [
        -118.63917,
        35.76194
    ],
    "keywords": [
        20,
        65,
        53,
        10,
        37,
        54,
        54,
        17
    ]
}