{
    "id": 17262,
    "category": 16,
    "location": [
        -121.94639,
        36.97472
    ],
    "keywords": [
        72,
        1,
        2,
        50
    ]
}