{
    "id": 17298,
    "category": 16,
    "location": [
        -121.96861,
        37.42806
    ],
    "keywords": [
        74,
        33,
        68,
        25,
        73,
        72,
        41,
        22,
        53,
        5
    ]
}