{
    "id": 17323,
    "category": 16,
    "location": [
        -121.98083,
        36.98056
    ],
    "keywords": [
        49
    ]
}