{
    "id": 17328,
    "category": 16,
    "location": [
        -121.98278,
        37.31111
    ],
    "keywords": [
        35
    ]
}