{
    "id": 17338,
    "category": 16,
    "location": [
        -121.98556,
        38.35778
    ],
    "keywords": []
}