{
    "id": 1734,
    "category": 5,
    "location": [
        -118.73333,
        34.27417
    ],
    "keywords": [
        74,
        25,
        51,
        68,
        11,
        8,
        74,
        38,
        75,
        5
    ]
}