{
    "id": 17343,
    "category": 16,
    "location": [
        -121.98667,
        38.35389
    ],
    "keywords": [
        44
    ]
}