{
    "id": 17353,
    "category": 16,
    "location": [
        -121.99167,
        38.35833
    ],
    "keywords": [
        39,
        51,
        38
    ]
}