{
    "id": 17366,
    "category": 16,
    "location": [
        -122.00083,
        37.39222
    ],
    "keywords": [
        30,
        73,
        52,
        5,
        28,
        64,
        58,
        44,
        32,
        24,
        42
    ]
}