{
    "id": 17376,
    "category": 16,
    "location": [
        -122.00389,
        38.36472
    ],
    "keywords": [
        8,
        58,
        34,
        72,
        19,
        34
    ]
}