{
    "id": 17382,
    "category": 16,
    "location": [
        -122.00778,
        36.97556
    ],
    "keywords": [
        10,
        27,
        41,
        72,
        49,
        59,
        8,
        11,
        1,
        36,
        45,
        15
    ]
}