{
    "id": 1739,
    "category": 5,
    "location": [
        -118.77083,
        37.03028
    ],
    "keywords": []
}