{
    "id": 17403,
    "category": 16,
    "location": [
        -122.02444,
        36.95528
    ],
    "keywords": [
        73,
        25,
        45,
        33
    ]
}