{
    "id": 17400,
    "category": 16,
    "location": [
        -122.01972,
        37.30056
    ],
    "keywords": [
        52,
        44,
        52,
        8,
        47,
        24,
        40,
        55,
        49,
        51,
        27,
        42,
        42
    ]
}