{
    "id": 17415,
    "category": 16,
    "location": [
        -122.02889,
        36.97889
    ],
    "keywords": [
        5
    ]
}