{
    "id": 17428,
    "category": 16,
    "location": [
        -122.03806,
        37.35194
    ],
    "keywords": [
        45,
        34,
        15,
        4,
        42,
        53
    ]
}