{
    "id": 17460,
    "category": 16,
    "location": [
        -122.07389,
        37.39722
    ],
    "keywords": [
        64,
        75,
        75,
        11,
        66,
        0,
        18,
        31
    ]
}