{
    "id": 17478,
    "category": 16,
    "location": [
        -122.08611,
        37.36667
    ],
    "keywords": [
        20,
        52,
        42,
        19
    ]
}