{
    "id": 17480,
    "category": 16,
    "location": [
        -122.08722,
        37.67972
    ],
    "keywords": [
        36,
        43,
        3,
        8,
        70,
        40,
        42,
        64,
        1,
        4,
        46
    ]
}