{
    "id": 17485,
    "category": 16,
    "location": [
        -122.08972,
        37.40667
    ],
    "keywords": [
        2,
        19,
        46,
        66,
        40,
        27,
        28,
        52,
        58
    ]
}