{
    "id": 17491,
    "category": 16,
    "location": [
        -122.09278,
        37.68139
    ],
    "keywords": [
        38,
        6,
        53,
        5,
        69,
        68,
        26,
        44,
        71,
        73,
        48,
        6,
        15,
        16
    ]
}