{
    "id": 17509,
    "category": 16,
    "location": [
        -122.13361,
        37.68111
    ],
    "keywords": [
        41,
        72,
        25,
        41,
        21,
        13,
        56
    ]
}