{
    "id": 1750,
    "category": 5,
    "location": [
        -118.81694,
        37.13472
    ],
    "keywords": [
        54,
        67
    ]
}