{
    "id": 17514,
    "category": 16,
    "location": [
        -122.13722,
        37.68167
    ],
    "keywords": []
}