{
    "id": 17528,
    "category": 16,
    "location": [
        -122.14639,
        37.73611
    ],
    "keywords": [
        45,
        2,
        49,
        71,
        72,
        62,
        12,
        21,
        41,
        55,
        68,
        58,
        13
    ]
}