{
    "id": 17544,
    "category": 16,
    "location": [
        -122.15222,
        38.05417
    ],
    "keywords": []
}