{
    "id": 17552,
    "category": 16,
    "location": [
        -122.15556,
        37.44528
    ],
    "keywords": [
        37,
        70,
        45,
        12,
        60,
        61,
        33,
        28,
        4,
        65,
        12,
        48,
        48,
        48
    ]
}