{
    "id": 17577,
    "category": 16,
    "location": [
        -122.16778,
        37.74278
    ],
    "keywords": [
        49,
        72,
        38,
        29,
        29,
        23,
        32
    ]
}