{
    "id": 17583,
    "category": 16,
    "location": [
        -122.16944,
        37.42694
    ],
    "keywords": [
        73,
        16,
        38,
        61,
        68,
        50
    ]
}