{
    "id": 17617,
    "category": 16,
    "location": [
        -122.18139,
        37.77361
    ],
    "keywords": [
        11,
        38,
        39,
        48,
        57,
        7
    ]
}