{
    "id": 17610,
    "category": 16,
    "location": [
        -122.17972,
        39.92611
    ],
    "keywords": [
        39
    ]
}