{
    "id": 1762,
    "category": 5,
    "location": [
        -118.93972,
        36.60333
    ],
    "keywords": [
        50,
        62,
        44,
        68
    ]
}