{
    "id": 1764,
    "category": 5,
    "location": [
        -118.94333,
        36.79833
    ],
    "keywords": [
        49,
        2,
        60,
        67,
        58,
        8,
        41,
        65
    ]
}