{
    "id": 17659,
    "category": 16,
    "location": [
        -122.19444,
        39.74139
    ],
    "keywords": [
        8,
        72,
        41,
        9,
        34,
        40
    ]
}