{
    "id": 17658,
    "category": 16,
    "location": [
        -122.19444,
        37.75583
    ],
    "keywords": [
        2,
        0,
        19,
        24,
        53,
        15,
        73,
        26,
        25,
        44,
        66,
        66,
        22
    ]
}