{
    "id": 17666,
    "category": 16,
    "location": [
        -122.19556,
        38.82778
    ],
    "keywords": [
        26,
        8,
        18,
        14,
        3,
        11,
        27,
        51,
        35,
        60,
        58,
        8
    ]
}