{
    "id": 17665,
    "category": 16,
    "location": [
        -122.19556,
        37.79583
    ],
    "keywords": [
        2,
        69
    ]
}