{
    "id": 17673,
    "category": 16,
    "location": [
        -122.19667,
        39.51917
    ],
    "keywords": [
        46,
        67,
        47,
        49,
        22,
        74,
        49,
        56
    ]
}