{
    "id": 17689,
    "category": 16,
    "location": [
        -122.20472,
        37.78944
    ],
    "keywords": [
        52,
        41,
        1,
        46,
        19,
        60,
        50,
        49,
        1,
        12,
        2,
        30
    ]
}