{
    "id": 17699,
    "category": 16,
    "location": [
        -122.21139,
        37.37583
    ],
    "keywords": [
        3,
        44,
        14
    ]
}