{
    "id": 17701,
    "category": 16,
    "location": [
        -122.21361,
        37.77861
    ],
    "keywords": [
        58,
        22,
        48,
        10,
        41
    ]
}