{
    "id": 17791,
    "category": 16,
    "location": [
        -122.24722,
        37.82167
    ],
    "keywords": [
        18,
        19,
        20,
        32,
        35,
        37,
        33
    ]
}