{
    "id": 17812,
    "category": 16,
    "location": [
        -122.25194,
        37.82917
    ],
    "keywords": [
        7
    ]
}