{
    "id": 17829,
    "category": 16,
    "location": [
        -122.25667,
        37.85111
    ],
    "keywords": [
        21,
        24
    ]
}