{
    "id": 17844,
    "category": 16,
    "location": [
        -122.26028,
        37.81389
    ],
    "keywords": [
        29,
        53,
        43
    ]
}