{
    "id": 17854,
    "category": 16,
    "location": [
        -122.26222,
        37.86806
    ],
    "keywords": [
        61,
        12,
        75,
        61,
        48,
        43,
        75,
        53,
        37,
        45
    ]
}