{
    "id": 17859,
    "category": 16,
    "location": [
        -122.26333,
        37.82861
    ],
    "keywords": [
        68,
        14,
        63,
        6,
        16,
        53
    ]
}