{
    "id": 17860,
    "category": 16,
    "location": [
        -122.26333,
        37.83028
    ],
    "keywords": [
        8,
        44,
        32,
        67,
        66,
        37
    ]
}