{
    "id": 17866,
    "category": 16,
    "location": [
        -122.26417,
        37.81306
    ],
    "keywords": [
        69,
        33,
        17,
        54,
        29,
        4,
        74,
        34,
        42,
        58
    ]
}