{
    "id": 17876,
    "category": 16,
    "location": [
        -122.26667,
        37.77528
    ],
    "keywords": [
        53,
        65,
        74,
        44,
        72,
        61,
        5,
        69,
        8,
        1,
        59,
        13
    ]
}