{
    "id": 17913,
    "category": 16,
    "location": [
        -122.27472,
        37.82722
    ],
    "keywords": [
        56,
        33,
        60
    ]
}