{
    "id": 17925,
    "category": 16,
    "location": [
        -122.27667,
        37.80167
    ],
    "keywords": [
        20,
        25,
        57,
        8,
        39,
        27,
        33,
        22,
        3
    ]
}