{
    "id": 17921,
    "category": 16,
    "location": [
        -122.27611,
        37.82361
    ],
    "keywords": [
        34,
        53,
        8,
        49,
        64,
        53,
        14,
        36,
        32
    ]
}