{
    "id": 17924,
    "category": 16,
    "location": [
        -122.27639,
        37.82278
    ],
    "keywords": [
        18,
        9,
        33,
        36,
        20,
        73,
        72,
        67,
        0,
        17,
        74,
        31,
        53
    ]
}