{
    "id": 17940,
    "category": 16,
    "location": [
        -122.27944,
        37.84417
    ],
    "keywords": [
        55,
        21,
        58,
        22,
        1,
        38,
        36,
        13,
        19,
        37
    ]
}