{
    "id": 17954,
    "category": 16,
    "location": [
        -122.28528,
        37.50583
    ],
    "keywords": [
        39,
        7,
        50,
        28,
        3,
        63,
        16,
        1,
        5,
        66,
        25,
        22
    ]
}