{
    "id": 17986,
    "category": 16,
    "location": [
        -122.29472,
        37.80722
    ],
    "keywords": [
        63,
        44,
        71,
        43,
        33,
        28,
        66,
        64,
        69,
        22,
        22,
        27
    ]
}