{
    "id": 18,
    "category": 0,
    "location": [
        -115.32278,
        33.74861
    ],
    "keywords": [
        67,
        68,
        58,
        18,
        16,
        34,
        25,
        18,
        47,
        29,
        0,
        43,
        43
    ]
}