{
    "id": 18008,
    "category": 16,
    "location": [
        -122.30694,
        37.92306
    ],
    "keywords": [
        2,
        31,
        39,
        24,
        69,
        55,
        58,
        1,
        42,
        73,
        14,
        6,
        19,
        31,
        20
    ]
}