{
    "id": 18010,
    "category": 16,
    "location": [
        -122.30833,
        37.97694
    ],
    "keywords": [
        45,
        72,
        62,
        26,
        49
    ]
}