{
    "id": 18021,
    "category": 16,
    "location": [
        -122.31361,
        37.97694
    ],
    "keywords": [
        3
    ]
}