{
    "id": 18032,
    "category": 16,
    "location": [
        -122.32056,
        37.92306
    ],
    "keywords": [
        8,
        13,
        57,
        75,
        4
    ]
}