{
    "id": 18044,
    "category": 16,
    "location": [
        -122.32694,
        37.92083
    ],
    "keywords": [
        50,
        1,
        40,
        51,
        20,
        19,
        12,
        7,
        59,
        31,
        50,
        6,
        48,
        33
    ]
}