{
    "id": 18045,
    "category": 16,
    "location": [
        -122.32694,
        37.97583
    ],
    "keywords": [
        8,
        58,
        49,
        55,
        28,
        19,
        54,
        71,
        46,
        27
    ]
}