{
    "id": 1806,
    "category": 5,
    "location": [
        -119.74306,
        38.46444
    ],
    "keywords": [
        6,
        0
    ]
}