{
    "id": 18064,
    "category": 16,
    "location": [
        -122.33889,
        41.31806
    ],
    "keywords": [
        58,
        10,
        55,
        31,
        68,
        12,
        68
    ]
}