{
    "id": 18069,
    "category": 16,
    "location": [
        -122.34222,
        37.57694
    ],
    "keywords": [
        5,
        35,
        18,
        10,
        33,
        13,
        15,
        66,
        8,
        38,
        7,
        62
    ]
}