{
    "id": 18062,
    "category": 16,
    "location": [
        -122.33667,
        37.93694
    ],
    "keywords": [
        30,
        49,
        21,
        64,
        36,
        2
    ]
}