{
    "id": 1808,
    "category": 5,
    "location": [
        -119.77056,
        37.32389
    ],
    "keywords": [
        9,
        58,
        64,
        25,
        71,
        6,
        13,
        48,
        14,
        37,
        29,
        29,
        4,
        50,
        5
    ]
}