{
    "id": 18082,
    "category": 16,
    "location": [
        -122.34667,
        37.95306
    ],
    "keywords": [
        70,
        26,
        0,
        39,
        61,
        34,
        5,
        31,
        26
    ]
}