{
    "id": 18091,
    "category": 16,
    "location": [
        -122.35111,
        37.57667
    ],
    "keywords": [
        26,
        50,
        55,
        66
    ]
}