{
    "id": 18095,
    "category": 16,
    "location": [
        -122.35222,
        37.93278
    ],
    "keywords": [
        30,
        16,
        66,
        58,
        57,
        17,
        9,
        74,
        42,
        27,
        1,
        36
    ]
}