{
    "id": 18103,
    "category": 16,
    "location": [
        -122.35417,
        37.92972
    ],
    "keywords": [
        66,
        38,
        11,
        43,
        8,
        33,
        8,
        55,
        11
    ]
}