{
    "id": 18119,
    "category": 16,
    "location": [
        -122.36306,
        37.93611
    ],
    "keywords": [
        24,
        39,
        69,
        38,
        75,
        50,
        21,
        13,
        54,
        2,
        57,
        55
    ]
}