{
    "id": 18130,
    "category": 16,
    "location": [
        -122.36694,
        37.58472
    ],
    "keywords": [
        3,
        53,
        21,
        50,
        65,
        45,
        29
    ]
}