{
    "id": 18141,
    "category": 16,
    "location": [
        -122.37972,
        37.72806
    ],
    "keywords": [
        41,
        6,
        73,
        41,
        19,
        21,
        30
    ]
}