{
    "id": 18143,
    "category": 16,
    "location": [
        -122.38222,
        37.25444
    ],
    "keywords": [
        70,
        7,
        26,
        74,
        29,
        55,
        70
    ]
}