{
    "id": 18168,
    "category": 16,
    "location": [
        -122.39333,
        40.58861
    ],
    "keywords": [
        10,
        15,
        25,
        3,
        9,
        10,
        21,
        30,
        12,
        43,
        25,
        57,
        62
    ]
}