{
    "id": 18166,
    "category": 16,
    "location": [
        -122.39306,
        37.58056
    ],
    "keywords": [
        65,
        44,
        45,
        21,
        73,
        8,
        44,
        10,
        55,
        16,
        65,
        20
    ]
}