{
    "id": 18179,
    "category": 16,
    "location": [
        -122.40111,
        37.75833
    ],
    "keywords": [
        3,
        46,
        33,
        23,
        69,
        60,
        69,
        26,
        52,
        4,
        0,
        21,
        37,
        46
    ]
}