{
    "id": 18187,
    "category": 16,
    "location": [
        -122.40417,
        37.79556
    ],
    "keywords": [
        47,
        69,
        68,
        61,
        74,
        21,
        50,
        56,
        31,
        56,
        14,
        31,
        13,
        70
    ]
}