{
    "id": 18185,
    "category": 16,
    "location": [
        -122.40278,
        37.79389
    ],
    "keywords": [
        73,
        17,
        15,
        74,
        46,
        52
    ]
}