{
    "id": 18197,
    "category": 16,
    "location": [
        -122.40694,
        37.79389
    ],
    "keywords": [
        51,
        23,
        3,
        29,
        13
    ]
}