{
    "id": 18204,
    "category": 16,
    "location": [
        -122.40833,
        37.78778
    ],
    "keywords": [
        33,
        74,
        4,
        18,
        19,
        55
    ]
}