{
    "id": 18229,
    "category": 16,
    "location": [
        -122.41306,
        37.63333
    ],
    "keywords": [
        19
    ]
}