{
    "id": 18231,
    "category": 16,
    "location": [
        -122.41306,
        37.78111
    ],
    "keywords": [
        26,
        53,
        8,
        39,
        10,
        69,
        64,
        50,
        15,
        6,
        3,
        16,
        37,
        32,
        11
    ]
}