{
    "id": 1823,
    "category": 5,
    "location": [
        -119.93194,
        38.77722
    ],
    "keywords": [
        4,
        17,
        7,
        51,
        56,
        20,
        25
    ]
}