{
    "id": 18235,
    "category": 16,
    "location": [
        -122.41361,
        37.77333
    ],
    "keywords": [
        59,
        15,
        49,
        47
    ]
}