{
    "id": 1825,
    "category": 5,
    "location": [
        -119.95806,
        38.23917
    ],
    "keywords": []
}