{
    "id": 18258,
    "category": 16,
    "location": [
        -122.42056,
        37.77583
    ],
    "keywords": [
        70,
        42,
        22,
        37,
        9,
        34,
        54,
        41,
        58,
        11,
        4,
        61,
        59,
        66
    ]
}