{
    "id": 1826,
    "category": 5,
    "location": [
        -119.95833,
        35.90833
    ],
    "keywords": [
        4,
        48,
        36,
        27,
        52,
        26,
        45,
        48,
        49,
        16,
        72,
        11,
        27
    ]
}