{
    "id": 18286,
    "category": 16,
    "location": [
        -122.42583,
        37.65917
    ],
    "keywords": [
        20
    ]
}