{
    "id": 1828,
    "category": 5,
    "location": [
        -119.98306,
        38.64056
    ],
    "keywords": [
        60,
        57,
        33,
        59,
        15,
        75
    ]
}