{
    "id": 18308,
    "category": 16,
    "location": [
        -122.42944,
        37.75167
    ],
    "keywords": []
}