{
    "id": 18316,
    "category": 16,
    "location": [
        -122.43222,
        37.65306
    ],
    "keywords": [
        20,
        10,
        46,
        40,
        25,
        28,
        6
    ]
}