{
    "id": 18352,
    "category": 16,
    "location": [
        -122.44028,
        37.77472
    ],
    "keywords": [
        9
    ]
}