{
    "id": 18362,
    "category": 16,
    "location": [
        -122.44361,
        37.78444
    ],
    "keywords": [
        55,
        5,
        34,
        8
    ]
}