{
    "id": 18367,
    "category": 16,
    "location": [
        -122.44528,
        37.71472
    ],
    "keywords": []
}