{
    "id": 18373,
    "category": 16,
    "location": [
        -122.44778,
        37.77278
    ],
    "keywords": [
        53,
        17,
        32,
        16,
        55,
        57,
        73,
        17,
        19,
        35,
        63,
        57
    ]
}