{
    "id": 18376,
    "category": 16,
    "location": [
        -122.45194,
        37.74528
    ],
    "keywords": [
        12
    ]
}