{
    "id": 18384,
    "category": 16,
    "location": [
        -122.45528,
        37.87889
    ],
    "keywords": [
        43,
        4,
        58,
        26,
        26,
        16,
        16,
        9,
        28,
        54,
        48,
        67,
        22
    ]
}