{
    "id": 1838,
    "category": 5,
    "location": [
        -120.07333,
        35.80583
    ],
    "keywords": [
        50
    ]
}