{
    "id": 18380,
    "category": 16,
    "location": [
        -122.45444,
        38.28611
    ],
    "keywords": [
        21,
        71,
        28,
        14,
        57,
        31,
        65,
        8,
        50,
        41,
        40
    ]
}