{
    "id": 18389,
    "category": 16,
    "location": [
        -122.45694,
        37.70472
    ],
    "keywords": [
        35,
        7,
        12,
        38,
        61,
        38,
        14,
        36,
        8,
        4,
        8,
        21,
        0,
        9,
        73
    ]
}