{
    "id": 18409,
    "category": 16,
    "location": [
        -122.46667,
        37.77528
    ],
    "keywords": [
        8,
        29,
        20,
        11,
        41,
        37,
        13,
        62,
        39,
        53,
        18
    ]
}