{
    "id": 18452,
    "category": 16,
    "location": [
        -122.48722,
        38.30639
    ],
    "keywords": []
}