{
    "id": 18480,
    "category": 16,
    "location": [
        -122.50417,
        37.75333
    ],
    "keywords": [
        39,
        13,
        44,
        75,
        44,
        19,
        62
    ]
}