{
    "id": 18516,
    "category": 16,
    "location": [
        -122.58139,
        38.57833
    ],
    "keywords": [
        4,
        55,
        10,
        16,
        45,
        5,
        11,
        3,
        3,
        52,
        5,
        64,
        65
    ]
}