{
    "id": 18528,
    "category": 16,
    "location": [
        -122.61944,
        38.96361
    ],
    "keywords": [
        64,
        35,
        16,
        26,
        17,
        21,
        0,
        71
    ]
}