{
    "id": 18534,
    "category": 16,
    "location": [
        -122.63694,
        38.23139
    ],
    "keywords": [
        46,
        51,
        65,
        25,
        31,
        54,
        7,
        25,
        72,
        2,
        19,
        30,
        48
    ]
}