{
    "id": 18549,
    "category": 16,
    "location": [
        -122.64083,
        38.95528
    ],
    "keywords": [
        3,
        14,
        66,
        61,
        62,
        18,
        40
    ]
}