{
    "id": 1855,
    "category": 5,
    "location": [
        -120.23722,
        41.36194
    ],
    "keywords": []
}