{
    "id": 18562,
    "category": 16,
    "location": [
        -122.65083,
        41.73472
    ],
    "keywords": [
        26,
        43,
        23,
        7,
        29,
        23,
        16,
        53,
        49,
        65,
        48,
        67,
        11,
        58,
        24
    ]
}