{
    "id": 18587,
    "category": 16,
    "location": [
        -122.71333,
        38.43583
    ],
    "keywords": [
        50,
        57,
        62,
        21,
        35,
        7,
        27,
        16,
        46,
        41,
        8
    ]
}