{
    "id": 18596,
    "category": 16,
    "location": [
        -122.76917,
        38.49694
    ],
    "keywords": [
        60,
        61,
        59,
        64,
        36,
        37,
        20,
        34,
        32
    ]
}