{
    "id": 18604,
    "category": 16,
    "location": [
        -122.80528,
        38.43833
    ],
    "keywords": [
        44,
        34,
        25,
        40,
        66,
        3,
        29
    ]
}