{
    "id": 18609,
    "category": 16,
    "location": [
        -122.81611,
        38.66889
    ],
    "keywords": [
        13,
        41
    ]
}