{
    "id": 18617,
    "category": 16,
    "location": [
        -122.83083,
        38.39806
    ],
    "keywords": [
        49,
        70,
        9,
        9,
        74,
        8,
        57,
        62,
        70
    ]
}