{
    "id": 18614,
    "category": 16,
    "location": [
        -122.82556,
        38.40556
    ],
    "keywords": [
        51,
        45,
        61,
        15,
        14,
        67,
        27,
        50,
        8
    ]
}