{
    "id": 18655,
    "category": 16,
    "location": [
        -122.94556,
        38.40694
    ],
    "keywords": [
        23,
        73,
        27,
        9,
        59,
        12,
        34,
        34,
        54,
        41,
        66,
        62,
        48,
        74,
        64
    ]
}