{
    "id": 18662,
    "category": 16,
    "location": [
        -122.99611,
        38.50333
    ],
    "keywords": [
        20,
        14,
        75,
        10,
        25
    ]
}