{
    "id": 18668,
    "category": 16,
    "location": [
        -123.02194,
        38.81556
    ],
    "keywords": [
        29,
        55,
        55,
        53,
        39,
        32,
        74,
        30,
        32,
        58,
        11,
        39,
        22,
        46
    ]
}