{
    "id": 18677,
    "category": 16,
    "location": [
        -123.21111,
        39.14917
    ],
    "keywords": [
        17
    ]
}