{
    "id": 18705,
    "category": 16,
    "location": [
        -123.82139,
        40.12028
    ],
    "keywords": [
        11,
        36,
        62,
        38,
        60,
        35
    ]
}