{
    "id": 18718,
    "category": 16,
    "location": [
        -124.08083,
        40.87056
    ],
    "keywords": [
        27,
        13,
        27,
        36,
        50,
        21,
        50,
        11,
        75,
        10,
        32,
        3,
        72
    ]
}