{
    "id": 1872,
    "category": 5,
    "location": [
        -120.50833,
        40.23194
    ],
    "keywords": []
}