{
    "id": 18728,
    "category": 16,
    "location": [
        -124.09528,
        40.87278
    ],
    "keywords": []
}