{
    "id": 18730,
    "category": 16,
    "location": [
        -124.10361,
        40.94611
    ],
    "keywords": [
        41,
        74,
        14,
        19,
        15,
        0,
        29,
        33,
        70,
        10,
        5,
        75,
        59,
        29,
        58
    ]
}