{
    "id": 18744,
    "category": 16,
    "location": [
        -124.14944,
        41.92694
    ],
    "keywords": []
}