{
    "id": 18759,
    "category": 16,
    "location": [
        -124.16194,
        40.79028
    ],
    "keywords": [
        53,
        3,
        65,
        61,
        5,
        67,
        16,
        16
    ]
}