{
    "id": 18760,
    "category": 16,
    "location": [
        -124.16222,
        40.80139
    ],
    "keywords": [
        6,
        35,
        21,
        74
    ]
}