{
    "id": 18780,
    "category": 16,
    "location": [
        -124.20333,
        41.75806
    ],
    "keywords": [
        29,
        6,
        16,
        21
    ]
}