{
    "id": 18788,
    "category": 16,
    "location": [
        -124.26028,
        40.57667
    ],
    "keywords": [
        44,
        27,
        70,
        7
    ]
}