{
    "id": 1878,
    "category": 5,
    "location": [
        -120.60222,
        39.70833
    ],
    "keywords": [
        3,
        47,
        30,
        8,
        68,
        7,
        55
    ]
}