{
    "id": 18793,
    "category": 17,
    "location": [
        -116.51389,
        33.10083
    ],
    "keywords": [
        14,
        36,
        23,
        59,
        9,
        58,
        74,
        49,
        41
    ]
}