{
    "id": 1880,
    "category": 5,
    "location": [
        -120.62722,
        38.23611
    ],
    "keywords": [
        34,
        74,
        59,
        74,
        48,
        71,
        17,
        68,
        75,
        6,
        10,
        28,
        27,
        16
    ]
}