{
    "id": 18815,
    "category": 17,
    "location": [
        -117.06833,
        32.66889
    ],
    "keywords": [
        62
    ]
}