{
    "id": 1882,
    "category": 5,
    "location": [
        -120.65972,
        39.09222
    ],
    "keywords": [
        17,
        21,
        51,
        36,
        67,
        22,
        50,
        11,
        65,
        72,
        69,
        34,
        59,
        73,
        36
    ]
}