{
    "id": 18835,
    "category": 17,
    "location": [
        -117.29861,
        33.15306
    ],
    "keywords": [
        37
    ]
}