{
    "id": 18836,
    "category": 17,
    "location": [
        -117.31306,
        34.15444
    ],
    "keywords": [
        49,
        53,
        61,
        71,
        46,
        62,
        68,
        15
    ]
}