{
    "id": 1883,
    "category": 5,
    "location": [
        -120.66139,
        39.10111
    ],
    "keywords": [
        20,
        19,
        66,
        17,
        25,
        69,
        23,
        54,
        20,
        34,
        34,
        24,
        32,
        53,
        7
    ]
}