{
    "id": 18841,
    "category": 17,
    "location": [
        -117.41528,
        33.84528
    ],
    "keywords": [
        19,
        45,
        75,
        60,
        12,
        38,
        14
    ]
}