{
    "id": 18845,
    "category": 17,
    "location": [
        -117.52083,
        33.92611
    ],
    "keywords": [
        19,
        1,
        39,
        63,
        7,
        8,
        63,
        58
    ]
}