{
    "id": 18884,
    "category": 17,
    "location": [
        -118.07472,
        33.96861
    ],
    "keywords": [
        32,
        38,
        32,
        14,
        70
    ]
}