{
    "id": 1889,
    "category": 5,
    "location": [
        -120.72917,
        40.28306
    ],
    "keywords": [
        50,
        11
    ]
}