{
    "id": 18891,
    "category": 17,
    "location": [
        -118.10083,
        33.97556
    ],
    "keywords": [
        69,
        15,
        14,
        13,
        63
    ]
}