{
    "id": 18890,
    "category": 17,
    "location": [
        -118.09944,
        34.10833
    ],
    "keywords": [
        30,
        73,
        51,
        58,
        48,
        35,
        31,
        74,
        67,
        68,
        24,
        3
    ]
}