{
    "id": 18893,
    "category": 17,
    "location": [
        -118.10389,
        34.12583
    ],
    "keywords": [
        35,
        53,
        36,
        75,
        14,
        32
    ]
}