{
    "id": 18935,
    "category": 17,
    "location": [
        -118.71611,
        35.28833
    ],
    "keywords": [
        32,
        62,
        17,
        34,
        49
    ]
}