{
    "id": 18933,
    "category": 17,
    "location": [
        -118.64444,
        34.19028
    ],
    "keywords": [
        66,
        67,
        12
    ]
}