{
    "id": 18944,
    "category": 17,
    "location": [
        -118.88306,
        34.18972
    ],
    "keywords": [
        2,
        7,
        10,
        68,
        55,
        45,
        73
    ]
}