{
    "id": 18949,
    "category": 17,
    "location": [
        -119.01667,
        34.46667
    ],
    "keywords": [
        57
    ]
}