{
    "id": 18959,
    "category": 17,
    "location": [
        -119.27028,
        34.35222
    ],
    "keywords": [
        9,
        68,
        75,
        60,
        22
    ]
}