{
    "id": 18958,
    "category": 17,
    "location": [
        -119.24306,
        34.25778
    ],
    "keywords": [
        2,
        23,
        7,
        23,
        3,
        12,
        75,
        34,
        30
    ]
}