{
    "id": 18957,
    "category": 17,
    "location": [
        -119.21472,
        34.43722
    ],
    "keywords": [
        73,
        13,
        18,
        37,
        49,
        62,
        70,
        65,
        20,
        69,
        63,
        32
    ]
}