{
    "id": 18985,
    "category": 17,
    "location": [
        -120.04472,
        34.57361
    ],
    "keywords": [
        0,
        61,
        75,
        67,
        0,
        66
    ]
}