{
    "id": 18994,
    "category": 17,
    "location": [
        -120.19556,
        34.80667
    ],
    "keywords": [
        50,
        16,
        40,
        69,
        58,
        65,
        48,
        41,
        4,
        41
    ]
}