{
    "id": 18995,
    "category": 17,
    "location": [
        -120.23472,
        34.52861
    ],
    "keywords": [
        60
    ]
}