{
    "id": 18998,
    "category": 17,
    "location": [
        -120.28389,
        34.60333
    ],
    "keywords": [
        20,
        4,
        55,
        35,
        20,
        42,
        75,
        28,
        22,
        46
    ]
}