{
    "id": 18990,
    "category": 17,
    "location": [
        -120.15889,
        34.57472
    ],
    "keywords": [
        11,
        47,
        73,
        21,
        14,
        74,
        54,
        15,
        2,
        12,
        11,
        74
    ]
}