{
    "id": 18996,
    "category": 17,
    "location": [
        -120.26833,
        35.36611
    ],
    "keywords": [
        39,
        13,
        19,
        73,
        75,
        75,
        11,
        34
    ]
}