{
    "id": 19007,
    "category": 17,
    "location": [
        -120.43333,
        35.19611
    ],
    "keywords": [
        64,
        21,
        55,
        27,
        26,
        41,
        32,
        55,
        32
    ]
}