{
    "id": 1900,
    "category": 5,
    "location": [
        -121.02278,
        39.88861
    ],
    "keywords": [
        50,
        75,
        45,
        46,
        28
    ]
}