{
    "id": 1902,
    "category": 5,
    "location": [
        -121.06056,
        39.93778
    ],
    "keywords": [
        53,
        3,
        54,
        24,
        45,
        21,
        4,
        38,
        67,
        20,
        69
    ]
}