{
    "id": 19039,
    "category": 17,
    "location": [
        -120.70972,
        35.33556
    ],
    "keywords": [
        43,
        0,
        68,
        48,
        1,
        8,
        44,
        16,
        8,
        71,
        68,
        59
    ]
}