{
    "id": 19041,
    "category": 17,
    "location": [
        -120.73333,
        41.56667
    ],
    "keywords": [
        60,
        56,
        66
    ]
}