{
    "id": 19075,
    "category": 17,
    "location": [
        -121.19167,
        37.06583
    ],
    "keywords": [
        2,
        25,
        58,
        24,
        38,
        35,
        8,
        38
    ]
}