{
    "id": 19083,
    "category": 17,
    "location": [
        -121.26972,
        35.95667
    ],
    "keywords": [
        19,
        66
    ]
}