{
    "id": 19091,
    "category": 17,
    "location": [
        -121.31444,
        38.31444
    ],
    "keywords": [
        20,
        20,
        68,
        52,
        67,
        30,
        21,
        24,
        3,
        21,
        65,
        23,
        62
    ]
}