{
    "id": 19107,
    "category": 17,
    "location": [
        -121.41194,
        36.90444
    ],
    "keywords": [
        42,
        18,
        65,
        3,
        36,
        9,
        66,
        34,
        28,
        53,
        52,
        2,
        53,
        9
    ]
}