{
    "id": 19102,
    "category": 17,
    "location": [
        -121.38861,
        37.99889
    ],
    "keywords": [
        34,
        42,
        64,
        11,
        7,
        46,
        68,
        70
    ]
}