{
    "id": 19110,
    "category": 17,
    "location": [
        -121.42389,
        38.67111
    ],
    "keywords": [
        66,
        25,
        12,
        39,
        7,
        35,
        4
    ]
}