{
    "id": 19143,
    "category": 17,
    "location": [
        -121.56861,
        36.84583
    ],
    "keywords": []
}