{
    "id": 19154,
    "category": 17,
    "location": [
        -121.60917,
        36.83083
    ],
    "keywords": [
        26,
        45,
        48,
        67,
        13,
        43,
        10,
        4,
        68,
        1,
        10,
        50
    ]
}