{
    "id": 19151,
    "category": 17,
    "location": [
        -121.59139,
        36.43194
    ],
    "keywords": [
        1,
        32,
        61,
        17,
        52,
        26,
        17,
        73
    ]
}