{
    "id": 19157,
    "category": 17,
    "location": [
        -121.62139,
        37.96639
    ],
    "keywords": [
        22,
        21,
        34,
        65,
        12,
        56,
        18,
        12,
        23,
        45,
        9
    ]
}