{
    "id": 19188,
    "category": 17,
    "location": [
        -121.72528,
        36.60444
    ],
    "keywords": [
        51,
        62,
        2,
        0,
        48,
        61,
        22,
        10,
        74,
        22,
        72,
        33
    ]
}