{
    "id": 19189,
    "category": 17,
    "location": [
        -121.72806,
        38.27194
    ],
    "keywords": [
        19,
        72,
        11,
        63,
        30,
        57,
        31,
        22,
        14,
        16,
        45,
        34,
        3
    ]
}