{
    "id": 19198,
    "category": 17,
    "location": [
        -121.76667,
        37.23333
    ],
    "keywords": [
        56
    ]
}