{
    "id": 19197,
    "category": 17,
    "location": [
        -121.76222,
        37.72639
    ],
    "keywords": [
        1,
        37
    ]
}