{
    "id": 1919,
    "category": 5,
    "location": [
        -121.41139,
        36.31861
    ],
    "keywords": [
        63,
        64,
        68,
        69,
        41,
        29,
        18
    ]
}