{
    "id": 19220,
    "category": 17,
    "location": [
        -121.83889,
        36.97472
    ],
    "keywords": [
        11,
        17,
        46,
        33,
        62,
        45,
        32,
        11,
        20,
        20,
        51,
        27,
        50,
        11,
        58
    ]
}