{
    "id": 1922,
    "category": 5,
    "location": [
        -121.48278,
        39.83083
    ],
    "keywords": [
        60,
        66,
        7,
        24,
        39,
        9,
        19,
        46,
        39,
        0,
        25,
        57,
        73
    ]
}