{
    "id": 19249,
    "category": 17,
    "location": [
        -121.92083,
        38.52167
    ],
    "keywords": [
        31,
        67,
        59,
        5,
        66,
        44,
        21,
        15
    ]
}