{
    "id": 19266,
    "category": 17,
    "location": [
        -121.97167,
        37.24472
    ],
    "keywords": [
        5,
        16,
        8,
        71,
        60,
        32,
        12,
        4,
        30,
        23,
        69,
        66,
        29,
        22,
        30
    ]
}