{
    "id": 19285,
    "category": 17,
    "location": [
        -122.05083,
        37.61472
    ],
    "keywords": [
        41,
        67,
        17,
        29,
        16,
        63
    ]
}