{
    "id": 19292,
    "category": 17,
    "location": [
        -122.07889,
        38.26222
    ],
    "keywords": [
        62,
        39,
        40,
        69,
        30,
        70,
        24,
        43,
        36,
        3,
        14,
        42,
        10,
        46
    ]
}