{
    "id": 19295,
    "category": 17,
    "location": [
        -122.09361,
        37.34083
    ],
    "keywords": [
        15,
        14,
        11,
        44,
        59,
        29,
        58,
        2,
        1,
        75,
        36,
        53
    ]
}