{
    "id": 19290,
    "category": 17,
    "location": [
        -122.06667,
        39.76667
    ],
    "keywords": [
        48,
        9,
        71,
        62,
        22,
        63,
        55,
        60,
        31,
        54
    ]
}