{
    "id": 19308,
    "category": 17,
    "location": [
        -122.15361,
        37.01111
    ],
    "keywords": [
        17,
        30,
        20,
        0,
        54,
        22,
        58,
        42,
        24,
        10,
        9,
        41,
        32,
        50,
        33
    ]
}