{
    "id": 19316,
    "category": 17,
    "location": [
        -122.20306,
        37.46417
    ],
    "keywords": [
        51
    ]
}