{
    "id": 19326,
    "category": 17,
    "location": [
        -122.25778,
        38.29306
    ],
    "keywords": [
        56,
        34,
        70,
        42,
        52
    ]
}