{
    "id": 19334,
    "category": 17,
    "location": [
        -122.30583,
        38.24556
    ],
    "keywords": [
        30,
        17,
        48,
        66,
        54,
        73,
        72,
        38,
        13,
        42
    ]
}