{
    "id": 19364,
    "category": 17,
    "location": [
        -122.47278,
        37.60556
    ],
    "keywords": [
        47,
        44,
        12
    ]
}