{
    "id": 19367,
    "category": 17,
    "location": [
        -122.50639,
        37.90889
    ],
    "keywords": [
        46,
        5,
        26,
        9,
        13,
        48,
        33
    ]
}