{
    "id": 19373,
    "category": 17,
    "location": [
        -122.56222,
        38.06667
    ],
    "keywords": [
        47,
        2,
        36,
        42,
        23,
        43,
        72,
        35,
        33,
        47
    ]
}