{
    "id": 19370,
    "category": 17,
    "location": [
        -122.53583,
        38.26139
    ],
    "keywords": [
        14,
        71
    ]
}