{
    "id": 19384,
    "category": 17,
    "location": [
        -122.66972,
        37.92639
    ],
    "keywords": [
        66,
        33,
        47,
        35,
        51,
        6,
        7,
        18
    ]
}