{
    "id": 19396,
    "category": 17,
    "location": [
        -122.75167,
        38.38833
    ],
    "keywords": [
        11,
        50,
        19,
        0,
        15
    ]
}