{
    "id": 19414,
    "category": 17,
    "location": [
        -122.95306,
        38.34778
    ],
    "keywords": [
        45,
        55,
        30,
        29,
        5,
        59,
        43,
        42
    ]
}