{
    "id": 19410,
    "category": 17,
    "location": [
        -122.87917,
        38.33111
    ],
    "keywords": []
}