{
    "id": 19428,
    "category": 18,
    "location": [
        -116.24333,
        33.00444
    ],
    "keywords": [
        42,
        59,
        0,
        36,
        5,
        55,
        66,
        52,
        71
    ]
}