{
    "id": 19432,
    "category": 18,
    "location": [
        -116.80056,
        33.72417
    ],
    "keywords": []
}