{
    "id": 19433,
    "category": 18,
    "location": [
        -117.01472,
        32.54861
    ],
    "keywords": []
}