{
    "id": 19436,
    "category": 18,
    "location": [
        -117.53944,
        33.36056
    ],
    "keywords": [
        40,
        29,
        48,
        72,
        58,
        28,
        74,
        9,
        16,
        2,
        20,
        38,
        24,
        34,
        54
    ]
}