{
    "id": 19440,
    "category": 18,
    "location": [
        -118.37417,
        36.39333
    ],
    "keywords": [
        71,
        46,
        29
    ]
}