{
    "id": 19475,
    "category": 18,
    "location": [
        -119.60389,
        37.71333
    ],
    "keywords": []
}