{
    "id": 19485,
    "category": 18,
    "location": [
        -119.81944,
        35.00861
    ],
    "keywords": [
        19,
        36,
        66,
        4,
        35,
        50,
        12,
        49,
        40,
        50,
        28,
        50,
        18,
        6
    ]
}