{
    "id": 19490,
    "category": 18,
    "location": [
        -120.08556,
        38.64833
    ],
    "keywords": [
        63,
        22,
        68,
        43,
        35,
        62
    ]
}