{
    "id": 19542,
    "category": 18,
    "location": [
        -121.53611,
        39.87361
    ],
    "keywords": [
        19,
        1,
        35,
        10,
        57,
        47,
        64,
        41,
        4,
        48,
        75
    ]
}