{
    "id": 19565,
    "category": 18,
    "location": [
        -122.34278,
        41.18528
    ],
    "keywords": [
        42,
        54,
        13,
        67,
        53,
        4,
        13,
        11,
        8,
        9,
        54,
        57
    ]
}