{
    "id": 19596,
    "category": 18,
    "location": [
        -123.86833,
        40.33917
    ],
    "keywords": [
        73,
        4,
        27,
        54,
        14
    ]
}