{
    "id": 19601,
    "category": 18,
    "location": [
        -124.06917,
        40.05583
    ],
    "keywords": [
        23,
        54,
        21
    ]
}