{
    "id": 19609,
    "category": 18,
    "location": [
        -124.20889,
        41.75028
    ],
    "keywords": [
        20,
        5,
        35,
        18,
        61,
        1,
        56,
        12,
        32,
        22,
        5,
        60,
        65,
        74
    ]
}