{
    "id": 19618,
    "category": 19,
    "location": [
        -121.49028,
        41.17222
    ],
    "keywords": [
        2,
        47,
        61,
        29,
        51,
        30
    ]
}