{
    "id": 19620,
    "category": 19,
    "location": [
        -121.52444,
        40.53444
    ],
    "keywords": [
        1,
        38,
        14,
        24,
        74,
        1,
        26,
        48,
        63,
        18,
        35,
        54,
        75,
        46,
        39
    ]
}