{
    "id": 19634,
    "category": 19,
    "location": [
        -121.64167,
        41.60722
    ],
    "keywords": [
        66,
        54,
        71,
        65,
        62,
        12,
        42,
        29,
        52,
        2
    ]
}