{
    "id": 19635,
    "category": 19,
    "location": [
        -121.70806,
        41.55028
    ],
    "keywords": [
        22,
        27,
        7,
        36,
        46,
        47
    ]
}