{
    "id": 19642,
    "category": 20,
    "location": [
        -118.72028,
        35.73667
    ],
    "keywords": [
        29,
        10,
        21,
        59,
        12,
        3,
        48,
        37,
        27,
        15,
        5
    ]
}