{
    "id": 19643,
    "category": 20,
    "location": [
        -119.01167,
        37.53361
    ],
    "keywords": [
        72,
        66,
        43
    ]
}