{
    "id": 19649,
    "category": 20,
    "location": [
        -119.19972,
        37.51056
    ],
    "keywords": [
        17,
        9,
        60,
        29,
        12,
        33
    ]
}