{
    "id": 19656,
    "category": 20,
    "location": [
        -120.17556,
        37.64389
    ],
    "keywords": []
}