{
    "id": 19654,
    "category": 20,
    "location": [
        -119.65583,
        38.59194
    ],
    "keywords": [
        52,
        48,
        7,
        27,
        64,
        61
    ]
}