{
    "id": 19676,
    "category": 20,
    "location": [
        -120.93889,
        37.74222
    ],
    "keywords": [
        11,
        67,
        32,
        64,
        42,
        62,
        54
    ]
}