{
    "id": 19680,
    "category": 20,
    "location": [
        -120.98361,
        39.11028
    ],
    "keywords": []
}