{
    "id": 19681,
    "category": 20,
    "location": [
        -120.99333,
        39.08028
    ],
    "keywords": [
        14,
        30,
        51
    ]
}