{
    "id": 19693,
    "category": 20,
    "location": [
        -121.36278,
        39.93861
    ],
    "keywords": []
}