{
    "id": 19700,
    "category": 20,
    "location": [
        -121.62361,
        39.38917
    ],
    "keywords": [
        69
    ]
}