{
    "id": 19711,
    "category": 20,
    "location": [
        -121.89583,
        40.16944
    ],
    "keywords": [
        65,
        3,
        25,
        5,
        14,
        47
    ]
}