{
    "id": 19715,
    "category": 20,
    "location": [
        -122.15861,
        41.92806
    ],
    "keywords": [
        69,
        44
    ]
}