{
    "id": 19774,
    "category": 21,
    "location": [
        -116.72361,
        33.61528
    ],
    "keywords": [
        56,
        56,
        1,
        23,
        33,
        31,
        15
    ]
}