{
    "id": 19776,
    "category": 21,
    "location": [
        -116.72667,
        32.81167
    ],
    "keywords": [
        64,
        36
    ]
}