{
    "id": 19802,
    "category": 21,
    "location": [
        -116.99889,
        33.79611
    ],
    "keywords": [
        2,
        61,
        23,
        58,
        4,
        41,
        13,
        3,
        54,
        25,
        5,
        60
    ]
}