{
    "id": 19841,
    "category": 21,
    "location": [
        -117.25889,
        33.15083
    ],
    "keywords": [
        15,
        48,
        2,
        8,
        36,
        4
    ]
}