{
    "id": 19840,
    "category": 21,
    "location": [
        -117.25167,
        33.69833
    ],
    "keywords": []
}