{
    "id": 1988,
    "category": 5,
    "location": [
        -122.66667,
        38.47917
    ],
    "keywords": [
        23,
        52,
        50,
        9,
        9,
        61,
        9,
        32,
        29,
        29,
        62,
        43,
        71,
        18,
        52
    ]
}