{
    "id": 19897,
    "category": 21,
    "location": [
        -117.74444,
        34.13333
    ],
    "keywords": [
        34,
        3,
        61,
        34,
        29,
        60,
        15
    ]
}