{
    "id": 19896,
    "category": 21,
    "location": [
        -117.74333,
        33.86333
    ],
    "keywords": [
        19,
        36,
        61,
        7,
        20,
        21,
        75,
        72,
        6,
        42,
        7,
        45,
        23,
        4
    ]
}