{
    "id": 19939,
    "category": 21,
    "location": [
        -117.97167,
        34.11583
    ],
    "keywords": [
        66,
        7,
        4,
        36,
        17
    ]
}