{
    "id": 19930,
    "category": 21,
    "location": [
        -117.90833,
        33.92667
    ],
    "keywords": [
        51,
        71,
        56,
        63,
        43,
        64,
        75,
        41,
        59,
        52,
        29,
        45,
        64,
        30
    ]
}