{
    "id": 19974,
    "category": 21,
    "location": [
        -118.22833,
        34.07833
    ],
    "keywords": [
        32
    ]
}