{
    "id": 20006,
    "category": 21,
    "location": [
        -118.40833,
        34.30389
    ],
    "keywords": [
        61,
        30,
        73,
        21,
        3,
        0,
        13,
        41,
        9,
        36,
        49,
        47,
        75,
        37,
        42
    ]
}