{
    "id": 20010,
    "category": 21,
    "location": [
        -118.44417,
        33.35528
    ],
    "keywords": [
        13,
        23,
        72,
        12,
        56,
        37,
        28,
        25,
        70,
        74,
        15,
        0
    ]
}