{
    "id": 2002,
    "category": 5,
    "location": [
        -122.79222,
        39.91972
    ],
    "keywords": [
        21,
        43,
        29,
        15,
        33
    ]
}