{
    "id": 20053,
    "category": 21,
    "location": [
        -118.74583,
        35.03556
    ],
    "keywords": [
        21,
        9,
        4,
        12,
        46,
        67,
        74,
        4
    ]
}