{
    "id": 20060,
    "category": 21,
    "location": [
        -118.81694,
        34.23861
    ],
    "keywords": [
        30,
        46,
        3,
        16,
        44,
        24,
        42,
        19,
        53,
        5
    ]
}