{
    "id": 20086,
    "category": 21,
    "location": [
        -119.02611,
        35.39944
    ],
    "keywords": [
        25,
        19,
        74,
        46,
        7,
        3,
        34,
        1,
        0,
        25,
        1,
        72
    ]
}