{
    "id": 20089,
    "category": 21,
    "location": [
        -119.09611,
        36.40778
    ],
    "keywords": [
        67,
        9,
        24,
        75,
        22,
        63,
        68,
        24,
        72,
        30,
        44,
        69,
        17,
        18
    ]
}