{
    "id": 20093,
    "category": 21,
    "location": [
        -119.14167,
        37.75167
    ],
    "keywords": [
        20,
        69,
        15,
        30,
        30,
        37,
        48,
        12,
        50
    ]
}