{
    "id": 20116,
    "category": 21,
    "location": [
        -119.31528,
        37.32306
    ],
    "keywords": [
        40,
        1,
        14,
        26,
        52,
        56,
        12,
        10,
        20,
        6,
        32,
        55,
        49,
        25
    ]
}