{
    "id": 20117,
    "category": 21,
    "location": [
        -119.32167,
        34.40333
    ],
    "keywords": [
        50,
        70
    ]
}