{
    "id": 20132,
    "category": 21,
    "location": [
        -119.49167,
        37.15833
    ],
    "keywords": [
        6,
        72,
        36,
        7,
        15,
        5,
        33
    ]
}