{
    "id": 20133,
    "category": 21,
    "location": [
        -119.50667,
        34.48333
    ],
    "keywords": [
        36,
        42,
        18,
        58,
        27,
        2,
        58,
        51,
        44,
        14,
        34,
        21,
        74,
        75
    ]
}