{
    "id": 20134,
    "category": 21,
    "location": [
        -119.50694,
        34.49222
    ],
    "keywords": [
        75,
        34,
        25,
        68,
        25
    ]
}