{
    "id": 20148,
    "category": 21,
    "location": [
        -119.60611,
        35.97028
    ],
    "keywords": [
        0,
        11,
        61,
        28,
        3,
        9,
        56,
        15,
        5
    ]
}