{
    "id": 20160,
    "category": 21,
    "location": [
        -119.68611,
        34.52694
    ],
    "keywords": [
        34,
        10,
        19,
        40,
        57,
        47,
        51,
        8,
        43,
        62
    ]
}