{
    "id": 20161,
    "category": 21,
    "location": [
        -119.69028,
        34.44528
    ],
    "keywords": [
        26,
        60,
        5,
        69,
        22,
        24,
        63
    ]
}