{
    "id": 20198,
    "category": 21,
    "location": [
        -119.89833,
        38.61333
    ],
    "keywords": [
        43,
        8
    ]
}