{
    "id": 2021,
    "category": 5,
    "location": [
        -122.91222,
        38.54778
    ],
    "keywords": [
        40,
        52,
        61,
        64,
        46,
        51,
        18,
        4,
        55,
        28,
        55,
        7,
        46,
        69,
        21
    ]
}