{
    "id": 20227,
    "category": 21,
    "location": [
        -120.00306,
        38.47139
    ],
    "keywords": [
        38,
        63,
        1,
        20,
        51,
        5,
        30,
        48,
        2,
        16,
        29,
        26
    ]
}