{
    "id": 20232,
    "category": 21,
    "location": [
        -120.02444,
        41.81806
    ],
    "keywords": [
        16,
        22,
        27,
        51,
        32,
        72
    ]
}