{
    "id": 20249,
    "category": 21,
    "location": [
        -120.10833,
        37.71667
    ],
    "keywords": [
        75,
        47,
        21,
        33,
        15,
        46,
        6,
        35,
        25
    ]
}