{
    "id": 20253,
    "category": 21,
    "location": [
        -120.12167,
        38.66833
    ],
    "keywords": []
}