{
    "id": 2027,
    "category": 5,
    "location": [
        -122.97167,
        39.39472
    ],
    "keywords": [
        27,
        11,
        46,
        25,
        37
    ]
}