{
    "id": 20270,
    "category": 21,
    "location": [
        -120.18667,
        39.89167
    ],
    "keywords": [
        66,
        1,
        15,
        19,
        23,
        71,
        7,
        34,
        50,
        5,
        39,
        73,
        21,
        21
    ]
}