{
    "id": 20294,
    "category": 21,
    "location": [
        -120.28944,
        39.45167
    ],
    "keywords": [
        58,
        26,
        45,
        70,
        10,
        65,
        20,
        68
    ]
}