{
    "id": 20290,
    "category": 21,
    "location": [
        -120.26833,
        37.58611
    ],
    "keywords": [
        65,
        62,
        51,
        51,
        20,
        34,
        50,
        42,
        26,
        36
    ]
}