{
    "id": 20308,
    "category": 21,
    "location": [
        -120.34333,
        38.26833
    ],
    "keywords": [
        4,
        36,
        37,
        39,
        24,
        63,
        75,
        43,
        75,
        71,
        14
    ]
}