{
    "id": 20326,
    "category": 21,
    "location": [
        -120.39167,
        39.41667
    ],
    "keywords": [
        21,
        5,
        5,
        47,
        5,
        20,
        35,
        43,
        30,
        27,
        28,
        25,
        9,
        67
    ]
}