{
    "id": 20351,
    "category": 21,
    "location": [
        -120.44667,
        38.14667
    ],
    "keywords": [
        63,
        14,
        68,
        2,
        28
    ]
}