{
    "id": 20354,
    "category": 21,
    "location": [
        -120.45167,
        38.47667
    ],
    "keywords": [
        63,
        39,
        74,
        39,
        51,
        13,
        61,
        37,
        8,
        23,
        65,
        54,
        63,
        63
    ]
}