{
    "id": 20359,
    "category": 21,
    "location": [
        -120.46639,
        41.65806
    ],
    "keywords": [
        4,
        65,
        33,
        1,
        57,
        47,
        19,
        15,
        9,
        27,
        16,
        51,
        63,
        8,
        35
    ]
}