{
    "id": 20363,
    "category": 21,
    "location": [
        -120.47028,
        39.11111
    ],
    "keywords": [
        3,
        9,
        72,
        31,
        56,
        39,
        1,
        12,
        47,
        0,
        8,
        36,
        17,
        75
    ]
}