{
    "id": 2036,
    "category": 5,
    "location": [
        -123.00972,
        39.03806
    ],
    "keywords": [
        20,
        64
    ]
}