{
    "id": 20360,
    "category": 21,
    "location": [
        -120.46667,
        41.05667
    ],
    "keywords": [
        17
    ]
}