{
    "id": 20365,
    "category": 21,
    "location": [
        -120.47361,
        37.26167
    ],
    "keywords": [
        58,
        22
    ]
}