{
    "id": 20380,
    "category": 21,
    "location": [
        -120.49528,
        39.37972
    ],
    "keywords": [
        16,
        56,
        73,
        51,
        12,
        17,
        43,
        3,
        28,
        13,
        27,
        42,
        75,
        67
    ]
}