{
    "id": 2041,
    "category": 5,
    "location": [
        -123.09583,
        39.76222
    ],
    "keywords": [
        64,
        37,
        3,
        71,
        54,
        66,
        11,
        6,
        23,
        36,
        6,
        30,
        73
    ]
}