{
    "id": 20443,
    "category": 21,
    "location": [
        -120.62917,
        37.86278
    ],
    "keywords": [
        69,
        43,
        11,
        58,
        35,
        44,
        32,
        31,
        45
    ]
}