{
    "id": 2045,
    "category": 5,
    "location": [
        -123.11667,
        41.09639
    ],
    "keywords": [
        35,
        71,
        10,
        64
    ]
}