{
    "id": 20457,
    "category": 21,
    "location": [
        -120.64833,
        37.98333
    ],
    "keywords": [
        56,
        59,
        65,
        63,
        32,
        43,
        23,
        19,
        38,
        45
    ]
}