{
    "id": 20452,
    "category": 21,
    "location": [
        -120.64167,
        39.39833
    ],
    "keywords": [
        35,
        64
    ]
}