{
    "id": 2046,
    "category": 5,
    "location": [
        -123.11722,
        41.09778
    ],
    "keywords": [
        75,
        23,
        3,
        55,
        38,
        51,
        63,
        62,
        32,
        68
    ]
}