{
    "id": 20502,
    "category": 21,
    "location": [
        -120.74667,
        41.51167
    ],
    "keywords": []
}