{
    "id": 20515,
    "category": 21,
    "location": [
        -120.78444,
        41.57583
    ],
    "keywords": [
        46
    ]
}