{
    "id": 20519,
    "category": 21,
    "location": [
        -120.79833,
        41.78083
    ],
    "keywords": [
        63,
        73
    ]
}