{
    "id": 20535,
    "category": 21,
    "location": [
        -120.84583,
        38.25278
    ],
    "keywords": [
        26,
        27
    ]
}