{
    "id": 20578,
    "category": 21,
    "location": [
        -120.94222,
        40.45389
    ],
    "keywords": [
        7,
        23
    ]
}