{
    "id": 20611,
    "category": 21,
    "location": [
        -121.02361,
        40.28389
    ],
    "keywords": [
        18,
        10,
        0,
        42,
        66,
        52,
        39,
        33,
        55
    ]
}