{
    "id": 20619,
    "category": 21,
    "location": [
        -121.03833,
        41.11667
    ],
    "keywords": [
        38,
        72,
        75,
        8,
        74,
        42,
        59,
        10,
        25,
        42,
        60,
        48,
        67
    ]
}