{
    "id": 20620,
    "category": 21,
    "location": [
        -121.03889,
        38.77306
    ],
    "keywords": [
        25,
        62,
        33,
        17,
        0,
        20,
        52,
        18
    ]
}