{
    "id": 20638,
    "category": 21,
    "location": [
        -121.07167,
        38.96167
    ],
    "keywords": [
        45,
        19,
        64,
        26
    ]
}