{
    "id": 20640,
    "category": 21,
    "location": [
        -121.07694,
        41.92722
    ],
    "keywords": [
        52,
        63,
        11,
        48
    ]
}