{
    "id": 20656,
    "category": 21,
    "location": [
        -121.13333,
        38.69333
    ],
    "keywords": [
        13,
        50,
        60
    ]
}