{
    "id": 20652,
    "category": 21,
    "location": [
        -121.11972,
        38.98028
    ],
    "keywords": [
        67,
        65,
        36,
        28,
        69,
        10,
        2,
        50,
        34,
        18
    ]
}