{
    "id": 20662,
    "category": 21,
    "location": [
        -121.13833,
        41.20833
    ],
    "keywords": [
        42,
        8,
        71,
        54
    ]
}