{
    "id": 20663,
    "category": 21,
    "location": [
        -121.13917,
        41.55833
    ],
    "keywords": [
        31,
        61,
        49,
        69,
        43,
        21,
        29,
        60,
        20,
        14,
        52,
        43
    ]
}