{
    "id": 20668,
    "category": 21,
    "location": [
        -121.14361,
        39.40917
    ],
    "keywords": [
        67,
        1,
        5,
        40,
        17,
        62,
        20,
        11,
        59
    ]
}