{
    "id": 20682,
    "category": 21,
    "location": [
        -121.16833,
        38.72833
    ],
    "keywords": [
        20,
        24,
        8
    ]
}