{
    "id": 20695,
    "category": 21,
    "location": [
        -121.20167,
        39.89667
    ],
    "keywords": [
        21,
        44
    ]
}