{
    "id": 20711,
    "category": 21,
    "location": [
        -121.26889,
        40.68028
    ],
    "keywords": [
        73,
        63,
        6,
        60,
        4,
        37,
        61,
        70,
        57,
        32,
        31,
        75,
        60
    ]
}