{
    "id": 20730,
    "category": 21,
    "location": [
        -121.33167,
        39.04167
    ],
    "keywords": [
        13,
        28,
        5,
        36,
        1,
        18,
        48,
        54,
        66,
        63,
        53,
        40,
        74
    ]
}