{
    "id": 20749,
    "category": 21,
    "location": [
        -121.45639,
        39.51194
    ],
    "keywords": [
        1,
        42,
        31,
        17,
        38,
        34,
        28,
        68,
        19,
        54,
        72,
        69,
        6,
        1
    ]
}