{
    "id": 20775,
    "category": 21,
    "location": [
        -121.57306,
        39.85361
    ],
    "keywords": [
        53,
        23,
        40,
        10,
        59
    ]
}