{
    "id": 20779,
    "category": 21,
    "location": [
        -121.60667,
        36.90667
    ],
    "keywords": [
        5,
        42,
        25,
        53,
        3,
        42,
        11,
        37,
        65,
        1,
        56,
        15,
        66
    ]
}