{
    "id": 20783,
    "category": 21,
    "location": [
        -121.62333,
        37.04833
    ],
    "keywords": [
        73,
        38,
        54,
        12,
        67,
        32,
        29
    ]
}