{
    "id": 2080,
    "category": 5,
    "location": [
        -123.59167,
        41.78111
    ],
    "keywords": [
        61,
        46,
        40,
        51,
        47,
        0,
        67,
        15
    ]
}