{
    "id": 20819,
    "category": 21,
    "location": [
        -121.79083,
        37.18306
    ],
    "keywords": [
        29,
        38,
        6,
        60,
        74,
        68
    ]
}