{
    "id": 20835,
    "category": 21,
    "location": [
        -121.89167,
        37.45833
    ],
    "keywords": []
}