{
    "id": 2084,
    "category": 5,
    "location": [
        -123.68167,
        41.55167
    ],
    "keywords": [
        23,
        13,
        49,
        32,
        7,
        56,
        10,
        38,
        71,
        52,
        18,
        28,
        34,
        69
    ]
}