{
    "id": 20853,
    "category": 21,
    "location": [
        -121.96722,
        40.40167
    ],
    "keywords": [
        19,
        44,
        3,
        58,
        50,
        73,
        38,
        35,
        30,
        29,
        53,
        16,
        4,
        0,
        3
    ]
}