{
    "id": 20859,
    "category": 21,
    "location": [
        -121.98917,
        40.84833
    ],
    "keywords": [
        0
    ]
}