{
    "id": 20850,
    "category": 21,
    "location": [
        -121.95972,
        40.42083
    ],
    "keywords": [
        39,
        55,
        20,
        35,
        26,
        69,
        35,
        22,
        70,
        2,
        36,
        37
    ]
}