{
    "id": 20861,
    "category": 21,
    "location": [
        -121.99222,
        40.92333
    ],
    "keywords": [
        62,
        4,
        53
    ]
}