{
    "id": 20862,
    "category": 21,
    "location": [
        -121.99417,
        39.23444
    ],
    "keywords": [
        66,
        70,
        55,
        0,
        18,
        22,
        36
    ]
}