{
    "id": 20872,
    "category": 21,
    "location": [
        -122.02833,
        38.28667
    ],
    "keywords": [
        60,
        24,
        48,
        40,
        6,
        33,
        40,
        13,
        32,
        29
    ]
}