{
    "id": 20898,
    "category": 21,
    "location": [
        -122.11667,
        37.84833
    ],
    "keywords": [
        69,
        17,
        47,
        59,
        59,
        1,
        10,
        63,
        27,
        69,
        30
    ]
}