{
    "id": 20906,
    "category": 21,
    "location": [
        -122.13833,
        38.32833
    ],
    "keywords": []
}