{
    "id": 2090,
    "category": 5,
    "location": [
        -123.74389,
        39.17028
    ],
    "keywords": [
        51,
        0,
        21,
        7,
        69,
        52,
        74
    ]
}