{
    "id": 20927,
    "category": 21,
    "location": [
        -122.20722,
        37.91389
    ],
    "keywords": [
        56
    ]
}