{
    "id": 20935,
    "category": 21,
    "location": [
        -122.22333,
        37.82667
    ],
    "keywords": [
        1,
        41,
        13,
        28,
        44,
        55,
        51,
        9,
        73,
        25,
        59,
        14,
        41,
        47
    ]
}