{
    "id": 20959,
    "category": 21,
    "location": [
        -122.27667,
        38.51333
    ],
    "keywords": [
        48,
        36,
        57,
        26,
        32,
        24,
        37,
        33,
        64,
        8,
        65,
        29,
        3,
        17,
        67
    ]
}