{
    "id": 20955,
    "category": 21,
    "location": [
        -122.26667,
        38.30333
    ],
    "keywords": [
        48,
        59,
        15,
        22,
        0,
        18,
        10,
        70,
        30,
        49,
        66
    ]
}