{
    "id": 20967,
    "category": 21,
    "location": [
        -122.30167,
        37.11667
    ],
    "keywords": [
        60,
        71,
        70,
        60,
        33,
        65,
        52,
        33,
        29,
        5,
        53,
        54
    ]
}