{
    "id": 20966,
    "category": 21,
    "location": [
        -122.29778,
        37.99833
    ],
    "keywords": [
        48,
        63,
        48,
        50,
        16,
        5,
        32,
        59,
        35,
        13,
        62,
        4,
        25
    ]
}