{
    "id": 20983,
    "category": 21,
    "location": [
        -122.33528,
        39.81667
    ],
    "keywords": [
        39,
        57,
        75,
        8,
        53,
        15
    ]
}