{
    "id": 21030,
    "category": 21,
    "location": [
        -122.45167,
        37.74167
    ],
    "keywords": [
        33,
        22,
        54,
        15,
        49,
        65,
        52,
        3,
        19,
        44,
        60,
        14,
        38
    ]
}