{
    "id": 21040,
    "category": 21,
    "location": [
        -122.46944,
        40.49333
    ],
    "keywords": [
        23,
        33,
        9,
        72,
        13
    ]
}