{
    "id": 2105,
    "category": 6,
    "location": [
        -116.99472,
        32.69944
    ],
    "keywords": [
        28,
        46,
        5,
        34,
        8,
        54,
        56,
        71,
        38,
        9
    ]
}