{
    "id": 21069,
    "category": 21,
    "location": [
        -122.53167,
        38.23667
    ],
    "keywords": [
        70,
        59,
        32,
        45
    ]
}