{
    "id": 21113,
    "category": 21,
    "location": [
        -122.69556,
        40.50083
    ],
    "keywords": [
        53,
        8,
        33,
        45,
        20,
        46,
        21,
        25,
        68,
        52,
        60
    ]
}