{
    "id": 21159,
    "category": 21,
    "location": [
        -122.94167,
        38.16667
    ],
    "keywords": [
        52,
        48,
        61,
        2,
        5,
        4,
        27,
        38,
        69
    ]
}