{
    "id": 21204,
    "category": 22,
    "location": [
        -114.68806,
        33.02083
    ],
    "keywords": [
        14,
        15,
        62,
        56,
        19,
        69,
        30,
        46,
        65,
        45,
        17,
        49
    ]
}