{
    "id": 21224,
    "category": 22,
    "location": [
        -117.52361,
        36.32083
    ],
    "keywords": [
        5,
        68,
        44,
        29,
        47,
        26,
        52,
        58
    ]
}