{
    "id": 21237,
    "category": 22,
    "location": [
        -118.59528,
        36.44361
    ],
    "keywords": [
        4
    ]
}