{
    "id": 21251,
    "category": 22,
    "location": [
        -119.08806,
        37.59444
    ],
    "keywords": [
        43,
        20,
        56,
        29,
        28,
        55
    ]
}