{
    "id": 21256,
    "category": 22,
    "location": [
        -119.41778,
        37.42056
    ],
    "keywords": [
        74,
        12,
        33,
        23,
        63,
        66
    ]
}