{
    "id": 21269,
    "category": 22,
    "location": [
        -119.55694,
        38.20389
    ],
    "keywords": [
        39,
        53,
        48
    ]
}