{
    "id": 21283,
    "category": 22,
    "location": [
        -119.62361,
        37.41611
    ],
    "keywords": [
        33,
        33,
        10,
        47,
        54,
        72,
        70,
        13,
        63,
        62,
        37,
        26,
        51
    ]
}