{
    "id": 21295,
    "category": 22,
    "location": [
        -119.76444,
        37.96639
    ],
    "keywords": [
        45
    ]
}