{
    "id": 21308,
    "category": 22,
    "location": [
        -120.64139,
        39.70694
    ],
    "keywords": []
}