{
    "id": 21301,
    "category": 22,
    "location": [
        -120.11028,
        38.95194
    ],
    "keywords": [
        12,
        52,
        58,
        59,
        68,
        29,
        67,
        73,
        29,
        56,
        47,
        9,
        73,
        61,
        39
    ]
}