{
    "id": 21309,
    "category": 22,
    "location": [
        -120.66528,
        39.71389
    ],
    "keywords": [
        56,
        74,
        2,
        8,
        7,
        37,
        47,
        31
    ]
}