{
    "id": 21307,
    "category": 22,
    "location": [
        -120.62472,
        39.55917
    ],
    "keywords": [
        25,
        8,
        45,
        75,
        54
    ]
}