{
    "id": 21316,
    "category": 22,
    "location": [
        -121.30306,
        39.66306
    ],
    "keywords": [
        19,
        49,
        38,
        27,
        38,
        69,
        18,
        68,
        65,
        44,
        55,
        32,
        9
    ]
}