{
    "id": 21310,
    "category": 22,
    "location": [
        -120.86361,
        35.27056
    ],
    "keywords": [
        10,
        66,
        54,
        49,
        15,
        57,
        44,
        10
    ]
}