{
    "id": 21334,
    "category": 22,
    "location": [
        -121.88972,
        37.05111
    ],
    "keywords": [
        53,
        41,
        25,
        7,
        18,
        5,
        53,
        32,
        64
    ]
}