{
    "id": 21338,
    "category": 22,
    "location": [
        -121.94056,
        40.87528
    ],
    "keywords": [
        2,
        60,
        74,
        42,
        17,
        50,
        5
    ]
}