{
    "id": 21341,
    "category": 22,
    "location": [
        -122.00861,
        41.24389
    ],
    "keywords": [
        65,
        10,
        1,
        34,
        58,
        75,
        46,
        21,
        4,
        61,
        60,
        26
    ]
}