{
    "id": 21355,
    "category": 22,
    "location": [
        -122.33417,
        41.26139
    ],
    "keywords": [
        19,
        14,
        48,
        26,
        16
    ]
}