{
    "id": 21376,
    "category": 22,
    "location": [
        -123.85472,
        40.46417
    ],
    "keywords": [
        61,
        67,
        18
    ]
}