{
    "id": 21375,
    "category": 22,
    "location": [
        -123.74444,
        39.88139
    ],
    "keywords": [
        24,
        60,
        8
    ]
}