{
    "id": 21416,
    "category": 23,
    "location": [
        -116.35639,
        35.26528
    ],
    "keywords": [
        45,
        59,
        49,
        70,
        20,
        8,
        63
    ]
}