{
    "id": 21413,
    "category": 23,
    "location": [
        -116.32417,
        35.14417
    ],
    "keywords": [
        30,
        14
    ]
}