{
    "id": 2142,
    "category": 6,
    "location": [
        -117.24861,
        32.78028
    ],
    "keywords": [
        13,
        67
    ]
}