{
    "id": 21425,
    "category": 23,
    "location": [
        -116.42194,
        32.83861
    ],
    "keywords": [
        10,
        51,
        29
    ]
}