{
    "id": 2143,
    "category": 6,
    "location": [
        -117.24972,
        32.78444
    ],
    "keywords": [
        22,
        8,
        50,
        28
    ]
}