{
    "id": 21431,
    "category": 23,
    "location": [
        -116.44528,
        32.77833
    ],
    "keywords": [
        10,
        50
    ]
}