{
    "id": 21456,
    "category": 23,
    "location": [
        -116.56583,
        32.69528
    ],
    "keywords": [
        49,
        30,
        70,
        29,
        61,
        14,
        27,
        52
    ]
}