{
    "id": 21460,
    "category": 23,
    "location": [
        -116.58111,
        33.71389
    ],
    "keywords": [
        30,
        15,
        41
    ]
}