{
    "id": 21488,
    "category": 23,
    "location": [
        -116.67028,
        33.03167
    ],
    "keywords": [
        70,
        17,
        47,
        50
    ]
}