{
    "id": 21491,
    "category": 23,
    "location": [
        -116.67917,
        35.59306
    ],
    "keywords": [
        39,
        15,
        36,
        26,
        41
    ]
}