{
    "id": 21505,
    "category": 23,
    "location": [
        -116.75389,
        35.07028
    ],
    "keywords": [
        48,
        9,
        62,
        28,
        29,
        42,
        49
    ]
}