{
    "id": 2151,
    "category": 6,
    "location": [
        -117.28722,
        33.08972
    ],
    "keywords": [
        72,
        4,
        72,
        16,
        28
    ]
}