{
    "id": 21524,
    "category": 23,
    "location": [
        -116.82833,
        34.17861
    ],
    "keywords": [
        2,
        30,
        6,
        29,
        68,
        42,
        63,
        43,
        53,
        2,
        11,
        28,
        27
    ]
}