{
    "id": 21523,
    "category": 23,
    "location": [
        -116.82806,
        34.63278
    ],
    "keywords": [
        40,
        73
    ]
}