{
    "id": 21532,
    "category": 23,
    "location": [
        -116.85194,
        33.23944
    ],
    "keywords": [
        7,
        62,
        10,
        61,
        48,
        37
    ]
}