{
    "id": 21558,
    "category": 23,
    "location": [
        -116.92056,
        34.14278
    ],
    "keywords": [
        72,
        44
    ]
}