{
    "id": 21578,
    "category": 23,
    "location": [
        -117.09222,
        34.57444
    ],
    "keywords": [
        16,
        73
    ]
}