{
    "id": 21598,
    "category": 23,
    "location": [
        -117.28306,
        34.24222
    ],
    "keywords": [
        19,
        43,
        36,
        7,
        29,
        68,
        13,
        42,
        73,
        73,
        54,
        11,
        72,
        61,
        34
    ]
}