{
    "id": 21593,
    "category": 23,
    "location": [
        -117.20472,
        34.20861
    ],
    "keywords": [
        18,
        43,
        45,
        25,
        47,
        58,
        4,
        39,
        5,
        13,
        11,
        49,
        7,
        62
    ]
}