{
    "id": 21609,
    "category": 23,
    "location": [
        -117.45111,
        33.55444
    ],
    "keywords": []
}