{
    "id": 21620,
    "category": 23,
    "location": [
        -117.61361,
        35.72361
    ],
    "keywords": [
        18,
        37,
        3,
        74,
        2
    ]
}