{
    "id": 21643,
    "category": 23,
    "location": [
        -117.76222,
        34.24056
    ],
    "keywords": [
        47,
        33,
        37,
        74,
        20
    ]
}