{
    "id": 21642,
    "category": 23,
    "location": [
        -117.75972,
        34.20389
    ],
    "keywords": [
        10,
        45,
        60
    ]
}