{
    "id": 21640,
    "category": 23,
    "location": [
        -117.74583,
        35.80806
    ],
    "keywords": [
        65,
        59,
        69,
        33,
        4,
        65
    ]
}