{
    "id": 21653,
    "category": 23,
    "location": [
        -117.82667,
        34.92194
    ],
    "keywords": []
}