{
    "id": 21667,
    "category": 23,
    "location": [
        -117.97889,
        37.05528
    ],
    "keywords": [
        17
    ]
}