{
    "id": 21666,
    "category": 23,
    "location": [
        -117.96361,
        34.19417
    ],
    "keywords": [
        75,
        6,
        53
    ]
}