{
    "id": 21695,
    "category": 23,
    "location": [
        -118.10917,
        36.92278
    ],
    "keywords": [
        40,
        57,
        73,
        17,
        27
    ]
}