{
    "id": 21717,
    "category": 23,
    "location": [
        -118.15139,
        36.16417
    ],
    "keywords": [
        31,
        44,
        70,
        2,
        15,
        44,
        23,
        29,
        35,
        75,
        0,
        49,
        75,
        0,
        21
    ]
}