{
    "id": 2171,
    "category": 6,
    "location": [
        -118.05278,
        33.70306
    ],
    "keywords": [
        39,
        64,
        74,
        7,
        38,
        39,
        49,
        38,
        9,
        17
    ]
}