{
    "id": 21725,
    "category": 23,
    "location": [
        -118.17222,
        36.14056
    ],
    "keywords": [
        13,
        62,
        33,
        63,
        58,
        72,
        58,
        57,
        54,
        59,
        40,
        27,
        60
    ]
}