{
    "id": 21746,
    "category": 23,
    "location": [
        -118.20528,
        36.37333
    ],
    "keywords": [
        37,
        19,
        50,
        41
    ]
}