{
    "id": 21770,
    "category": 23,
    "location": [
        -118.24806,
        36.15444
    ],
    "keywords": [
        74,
        23,
        59,
        59
    ]
}