{
    "id": 21804,
    "category": 23,
    "location": [
        -118.32278,
        35.44222
    ],
    "keywords": [
        70,
        4,
        61,
        72
    ]
}