{
    "id": 2182,
    "category": 6,
    "location": [
        -118.32583,
        33.35056
    ],
    "keywords": [
        58,
        53,
        0,
        43,
        52
    ]
}