{
    "id": 21843,
    "category": 23,
    "location": [
        -118.36528,
        35.96361
    ],
    "keywords": [
        67,
        7,
        23,
        11,
        4,
        68,
        14,
        35,
        30
    ]
}