{
    "id": 21861,
    "category": 23,
    "location": [
        -118.40667,
        36.44944
    ],
    "keywords": [
        22,
        66,
        4,
        31,
        72
    ]
}