{
    "id": 21868,
    "category": 23,
    "location": [
        -118.41861,
        35.41361
    ],
    "keywords": [
        51,
        52,
        43,
        3,
        59,
        66,
        67,
        26,
        4,
        16,
        4,
        29,
        59
    ]
}