{
    "id": 21882,
    "category": 23,
    "location": [
        -118.47111,
        37.23944
    ],
    "keywords": [
        51,
        63,
        70,
        22,
        74,
        23,
        64,
        68,
        73,
        23,
        10,
        48,
        22,
        65,
        32
    ]
}