{
    "id": 21887,
    "category": 23,
    "location": [
        -118.49139,
        35.67556
    ],
    "keywords": []
}