{
    "id": 21890,
    "category": 23,
    "location": [
        -118.49722,
        34.71389
    ],
    "keywords": [
        61,
        20,
        31,
        41,
        28,
        10,
        53,
        68,
        0,
        42,
        31,
        36
    ]
}