{
    "id": 21911,
    "category": 23,
    "location": [
        -118.54028,
        35.87028
    ],
    "keywords": [
        55,
        13
    ]
}