{
    "id": 21947,
    "category": 23,
    "location": [
        -118.57611,
        36.83556
    ],
    "keywords": [
        0,
        28,
        69,
        68,
        69,
        32,
        68,
        73,
        31,
        15,
        66,
        39,
        37,
        42
    ]
}