{
    "id": 21966,
    "category": 23,
    "location": [
        -118.58944,
        36.92472
    ],
    "keywords": [
        53,
        19,
        20
    ]
}