{
    "id": 21992,
    "category": 23,
    "location": [
        -118.60806,
        35.46611
    ],
    "keywords": [
        13,
        45,
        45,
        18,
        15
    ]
}