{
    "id": 21994,
    "category": 23,
    "location": [
        -118.60944,
        36.65361
    ],
    "keywords": [
        1,
        17,
        47,
        35,
        35,
        2
    ]
}