{
    "id": 2200,
    "category": 6,
    "location": [
        -118.41472,
        35.64944
    ],
    "keywords": [
        25,
        46,
        30,
        4,
        73,
        29,
        11,
        57,
        52,
        47,
        38,
        10,
        67
    ]
}