{
    "id": 22008,
    "category": 23,
    "location": [
        -118.63111,
        34.93917
    ],
    "keywords": [
        28,
        33,
        51,
        54,
        36,
        3,
        33,
        13,
        53,
        53,
        16,
        56,
        74
    ]
}