{
    "id": 22013,
    "category": 23,
    "location": [
        -118.63389,
        36.52944
    ],
    "keywords": [
        49,
        54,
        73,
        1,
        54,
        56
    ]
}