{
    "id": 22038,
    "category": 23,
    "location": [
        -118.66472,
        37.52611
    ],
    "keywords": [
        50,
        40,
        52,
        64,
        28,
        21,
        72,
        4
    ]
}