{
    "id": 22054,
    "category": 23,
    "location": [
        -118.69444,
        36.84972
    ],
    "keywords": []
}