{
    "id": 22069,
    "category": 23,
    "location": [
        -118.72833,
        34.60444
    ],
    "keywords": [
        8,
        61,
        23,
        69,
        14,
        31,
        46,
        1,
        3,
        33,
        28
    ]
}