{
    "id": 22068,
    "category": 23,
    "location": [
        -118.72333,
        36.58583
    ],
    "keywords": [
        64,
        9,
        54,
        56,
        39,
        36,
        22,
        28,
        11,
        35,
        26,
        48,
        47
    ]
}