{
    "id": 2207,
    "category": 6,
    "location": [
        -118.47556,
        33.38389
    ],
    "keywords": [
        33,
        54,
        0,
        12
    ]
}