{
    "id": 22073,
    "category": 23,
    "location": [
        -118.73333,
        36.61667
    ],
    "keywords": [
        66,
        47,
        47,
        71,
        43,
        59,
        45,
        29,
        59,
        41,
        18,
        40
    ]
}