{
    "id": 22079,
    "category": 23,
    "location": [
        -118.74083,
        36.71611
    ],
    "keywords": [
        74,
        13,
        2,
        34,
        71,
        31,
        66,
        66,
        24,
        30,
        6,
        18,
        70,
        45,
        48
    ]
}