{
    "id": 22084,
    "category": 23,
    "location": [
        -118.74556,
        37.18778
    ],
    "keywords": [
        51,
        70,
        66,
        11,
        68,
        38,
        10,
        43,
        63,
        51,
        38,
        71
    ]
}