{
    "id": 22096,
    "category": 23,
    "location": [
        -118.76778,
        36.02028
    ],
    "keywords": [
        72,
        60,
        16,
        17
    ]
}