{
    "id": 221,
    "category": 0,
    "location": [
        -117.90194,
        33.82722
    ],
    "keywords": [
        36,
        55,
        43,
        16,
        49,
        61,
        64,
        41,
        40,
        68,
        18,
        48,
        9,
        48
    ]
}