{
    "id": 22105,
    "category": 23,
    "location": [
        -118.78306,
        37.81139
    ],
    "keywords": [
        24,
        29,
        49
    ]
}