{
    "id": 22101,
    "category": 23,
    "location": [
        -118.77583,
        37.19528
    ],
    "keywords": [
        44
    ]
}