{
    "id": 22115,
    "category": 23,
    "location": [
        -118.80917,
        36.65333
    ],
    "keywords": [
        34,
        27,
        39,
        61,
        31,
        51
    ]
}