{
    "id": 2213,
    "category": 6,
    "location": [
        -118.52444,
        33.46556
    ],
    "keywords": [
        54,
        31,
        60
    ]
}