{
    "id": 22149,
    "category": 23,
    "location": [
        -118.89833,
        36.39222
    ],
    "keywords": [
        15,
        50,
        75,
        74,
        31,
        5,
        58,
        69,
        36
    ]
}