{
    "id": 2214,
    "category": 6,
    "location": [
        -118.52472,
        33.42944
    ],
    "keywords": []
}