{
    "id": 22164,
    "category": 23,
    "location": [
        -118.92417,
        36.92111
    ],
    "keywords": [
        30,
        70,
        44,
        12,
        50,
        33,
        56,
        56,
        42,
        59,
        8
    ]
}