{
    "id": 22168,
    "category": 23,
    "location": [
        -118.92917,
        36.36861
    ],
    "keywords": [
        47,
        9,
        29,
        43,
        46,
        0
    ]
}