{
    "id": 22172,
    "category": 23,
    "location": [
        -118.93639,
        37.68611
    ],
    "keywords": [
        42,
        52,
        73,
        71,
        56,
        61,
        56,
        45,
        9,
        60,
        75,
        19,
        70
    ]
}