{
    "id": 22186,
    "category": 23,
    "location": [
        -118.96056,
        36.49167
    ],
    "keywords": [
        53,
        28,
        23,
        7,
        75,
        46
    ]
}