{
    "id": 22192,
    "category": 23,
    "location": [
        -118.97028,
        34.08806
    ],
    "keywords": [
        9,
        13,
        62,
        14,
        43,
        63,
        57,
        25,
        54,
        46,
        7,
        18,
        40
    ]
}