{
    "id": 22209,
    "category": 23,
    "location": [
        -119.00472,
        37.03667
    ],
    "keywords": [
        49,
        11,
        49,
        13,
        56,
        49,
        30,
        69,
        41
    ]
}