{
    "id": 22223,
    "category": 23,
    "location": [
        -119.02722,
        37.04806
    ],
    "keywords": [
        16,
        21,
        13,
        25,
        68,
        45,
        65,
        60,
        33,
        22,
        34,
        28,
        6
    ]
}