{
    "id": 22236,
    "category": 23,
    "location": [
        -119.04694,
        34.56944
    ],
    "keywords": [
        31,
        50,
        15,
        39,
        58,
        50,
        28,
        40,
        54,
        1,
        20,
        54,
        38
    ]
}