{
    "id": 22244,
    "category": 23,
    "location": [
        -119.06056,
        37.00583
    ],
    "keywords": []
}