{
    "id": 22257,
    "category": 23,
    "location": [
        -119.07722,
        37.64972
    ],
    "keywords": [
        64,
        34,
        27,
        38
    ]
}