{
    "id": 22260,
    "category": 23,
    "location": [
        -119.07972,
        37.01306
    ],
    "keywords": [
        63,
        45,
        74,
        11,
        22,
        46,
        17,
        74
    ]
}