{
    "id": 22280,
    "category": 23,
    "location": [
        -119.11528,
        37.26833
    ],
    "keywords": [
        34,
        66,
        10,
        36,
        34,
        52,
        16
    ]
}