{
    "id": 22293,
    "category": 23,
    "location": [
        -119.13444,
        36.51528
    ],
    "keywords": [
        64,
        53,
        62,
        31,
        25,
        30,
        71,
        59,
        64,
        6,
        35,
        72,
        21
    ]
}