{
    "id": 2231,
    "category": 6,
    "location": [
        -119.28806,
        34.26889
    ],
    "keywords": [
        73,
        30,
        57
    ]
}