{
    "id": 22320,
    "category": 23,
    "location": [
        -119.18889,
        37.07667
    ],
    "keywords": [
        74,
        55,
        45,
        18,
        61,
        69,
        72,
        29,
        59,
        59,
        28,
        36,
        42
    ]
}