{
    "id": 22324,
    "category": 23,
    "location": [
        -119.19222,
        37.57694
    ],
    "keywords": [
        72,
        6,
        45,
        68,
        41,
        26,
        9
    ]
}