{
    "id": 22339,
    "category": 23,
    "location": [
        -119.24778,
        37.59722
    ],
    "keywords": [
        28,
        19,
        44,
        2,
        48,
        54,
        66
    ]
}