{
    "id": 22352,
    "category": 23,
    "location": [
        -119.27389,
        37.40083
    ],
    "keywords": [
        25,
        48,
        56,
        45,
        16,
        24,
        23,
        16,
        64
    ]
}