{
    "id": 22357,
    "category": 23,
    "location": [
        -119.28639,
        34.87056
    ],
    "keywords": []
}