{
    "id": 22361,
    "category": 23,
    "location": [
        -119.29139,
        38.40361
    ],
    "keywords": [
        23,
        51,
        26,
        24,
        57,
        57,
        74,
        38
    ]
}