{
    "id": 22364,
    "category": 23,
    "location": [
        -119.29472,
        36.99472
    ],
    "keywords": [
        2,
        23,
        58,
        24,
        49,
        33,
        5,
        8,
        58,
        69,
        67,
        50,
        29,
        47
    ]
}