{
    "id": 22378,
    "category": 23,
    "location": [
        -119.33389,
        37.17944
    ],
    "keywords": []
}