{
    "id": 22386,
    "category": 23,
    "location": [
        -119.37667,
        37.87722
    ],
    "keywords": [
        9,
        28,
        33,
        5,
        41,
        31,
        15,
        38
    ]
}