{
    "id": 22395,
    "category": 23,
    "location": [
        -119.41194,
        37.53222
    ],
    "keywords": []
}