{
    "id": 22407,
    "category": 23,
    "location": [
        -119.42833,
        37.81222
    ],
    "keywords": [
        10,
        59,
        39,
        26,
        42,
        18,
        33,
        38,
        39,
        53,
        44,
        64
    ]
}