{
    "id": 22408,
    "category": 23,
    "location": [
        -119.42861,
        37.31306
    ],
    "keywords": [
        69,
        44,
        15,
        10,
        27,
        61,
        33,
        36,
        49,
        37,
        53
    ]
}