{
    "id": 22409,
    "category": 23,
    "location": [
        -119.42917,
        38.56306
    ],
    "keywords": [
        73,
        38,
        20,
        14
    ]
}