{
    "id": 22425,
    "category": 23,
    "location": [
        -119.47444,
        37.57889
    ],
    "keywords": [
        62,
        1,
        7,
        57,
        64,
        2,
        13
    ]
}