{
    "id": 22429,
    "category": 23,
    "location": [
        -119.48306,
        38.40472
    ],
    "keywords": [
        17,
        52,
        48,
        36,
        63,
        71,
        16,
        49,
        33,
        31,
        39,
        61
    ]
}