{
    "id": 22430,
    "category": 23,
    "location": [
        -119.48417,
        34.48944
    ],
    "keywords": [
        18,
        61,
        10,
        71,
        25,
        74,
        75,
        15,
        39,
        52,
        66
    ]
}