{
    "id": 22446,
    "category": 23,
    "location": [
        -119.54417,
        35.56083
    ],
    "keywords": [
        34,
        42,
        26,
        62,
        47,
        70,
        18,
        64,
        63,
        32
    ]
}