{
    "id": 22442,
    "category": 23,
    "location": [
        -119.52056,
        38.35139
    ],
    "keywords": [
        17,
        72,
        25,
        53
    ]
}