{
    "id": 22445,
    "category": 23,
    "location": [
        -119.54222,
        37.44167
    ],
    "keywords": [
        37,
        38,
        28,
        32,
        49,
        49,
        26,
        45,
        66,
        47,
        26,
        23,
        39,
        35
    ]
}