{
    "id": 22458,
    "category": 23,
    "location": [
        -119.56722,
        37.50278
    ],
    "keywords": [
        42,
        21,
        11,
        47
    ]
}