{
    "id": 22451,
    "category": 23,
    "location": [
        -119.55139,
        38.22306
    ],
    "keywords": [
        54,
        24,
        50,
        36,
        69,
        40,
        74
    ]
}