{
    "id": 22457,
    "category": 23,
    "location": [
        -119.56472,
        38.37667
    ],
    "keywords": [
        36,
        1,
        72,
        40,
        74,
        48,
        4,
        19,
        9,
        51,
        38,
        12,
        74,
        38,
        9
    ]
}