{
    "id": 22450,
    "category": 23,
    "location": [
        -119.55111,
        37.50222
    ],
    "keywords": [
        7,
        35,
        75,
        12,
        10,
        4
    ]
}