{
    "id": 22464,
    "category": 23,
    "location": [
        -119.57833,
        37.17694
    ],
    "keywords": [
        5
    ]
}