{
    "id": 22471,
    "category": 23,
    "location": [
        -119.58861,
        37.70472
    ],
    "keywords": [
        71,
        40,
        10,
        73,
        65,
        38,
        47,
        49,
        54,
        26,
        13,
        68,
        50,
        75
    ]
}