{
    "id": 22487,
    "category": 23,
    "location": [
        -119.62944,
        38.19417
    ],
    "keywords": [
        4,
        31,
        60,
        61,
        47,
        71,
        34
    ]
}