{
    "id": 2249,
    "category": 6,
    "location": [
        -119.60972,
        34.02639
    ],
    "keywords": [
        15,
        19,
        57,
        40
    ]
}