{
    "id": 22496,
    "category": 23,
    "location": [
        -119.64722,
        38.20611
    ],
    "keywords": [
        5,
        72
    ]
}