{
    "id": 22506,
    "category": 23,
    "location": [
        -119.67028,
        34.77111
    ],
    "keywords": [
        30,
        61,
        37,
        12,
        39,
        2,
        28,
        75
    ]
}