{
    "id": 22561,
    "category": 23,
    "location": [
        -119.81944,
        38.53306
    ],
    "keywords": [
        15,
        66,
        64,
        33,
        40,
        13
    ]
}