{
    "id": 22572,
    "category": 23,
    "location": [
        -119.84306,
        38.20111
    ],
    "keywords": [
        61,
        16,
        70,
        50,
        45,
        30
    ]
}