{
    "id": 22598,
    "category": 23,
    "location": [
        -119.89417,
        37.41056
    ],
    "keywords": [
        25,
        16,
        41,
        69,
        65,
        12,
        26,
        0,
        49,
        33,
        60
    ]
}