{
    "id": 22594,
    "category": 23,
    "location": [
        -119.88389,
        38.24222
    ],
    "keywords": [
        42,
        29,
        0,
        45,
        24,
        43,
        72,
        61
    ]
}