{
    "id": 22601,
    "category": 23,
    "location": [
        -119.89722,
        37.96111
    ],
    "keywords": [
        61
    ]
}