{
    "id": 22600,
    "category": 23,
    "location": [
        -119.89639,
        38.24556
    ],
    "keywords": []
}