{
    "id": 22638,
    "category": 23,
    "location": [
        -119.97917,
        37.86528
    ],
    "keywords": [
        71,
        38,
        51,
        68
    ]
}