{
    "id": 22639,
    "category": 23,
    "location": [
        -119.98611,
        38.13806
    ],
    "keywords": [
        58,
        9,
        37,
        25,
        35,
        52,
        53,
        35,
        50,
        16,
        53,
        50
    ]
}