{
    "id": 22648,
    "category": 23,
    "location": [
        -120.00611,
        38.40889
    ],
    "keywords": [
        9,
        47,
        62,
        63,
        75,
        65,
        66,
        24,
        56,
        52
    ]
}