{
    "id": 22656,
    "category": 23,
    "location": [
        -120.02778,
        38.36111
    ],
    "keywords": [
        39,
        57,
        55
    ]
}