{
    "id": 22660,
    "category": 23,
    "location": [
        -120.03806,
        38.36833
    ],
    "keywords": [
        46,
        56,
        68
    ]
}