{
    "id": 22690,
    "category": 23,
    "location": [
        -120.07778,
        38.34889
    ],
    "keywords": [
        55,
        31,
        35,
        0,
        61,
        44,
        59,
        43,
        38,
        68,
        9,
        66,
        46
    ]
}