{
    "id": 227,
    "category": 0,
    "location": [
        -117.92944,
        33.62417
    ],
    "keywords": [
        13
    ]
}