{
    "id": 22708,
    "category": 23,
    "location": [
        -120.10639,
        39.00083
    ],
    "keywords": [
        62,
        65,
        72,
        51,
        43,
        22
    ]
}