{
    "id": 22716,
    "category": 23,
    "location": [
        -120.11694,
        38.80333
    ],
    "keywords": [
        29
    ]
}