{
    "id": 22711,
    "category": 23,
    "location": [
        -120.10806,
        39.25361
    ],
    "keywords": []
}