{
    "id": 22726,
    "category": 23,
    "location": [
        -120.13111,
        38.41472
    ],
    "keywords": [
        9,
        35,
        9,
        31
    ]
}