{
    "id": 22734,
    "category": 23,
    "location": [
        -120.14694,
        35.88139
    ],
    "keywords": []
}