{
    "id": 22737,
    "category": 23,
    "location": [
        -120.14778,
        39.55833
    ],
    "keywords": [
        27,
        38,
        40,
        33,
        42,
        2,
        52,
        46,
        51,
        61,
        73,
        61,
        56
    ]
}