{
    "id": 22758,
    "category": 23,
    "location": [
        -120.18389,
        41.94028
    ],
    "keywords": [
        43,
        42,
        66,
        65,
        42,
        71,
        60,
        20,
        39,
        49,
        14
    ]
}