{
    "id": 22771,
    "category": 23,
    "location": [
        -120.21472,
        37.67833
    ],
    "keywords": [
        69,
        53,
        32,
        42,
        39,
        68
    ]
}