{
    "id": 22785,
    "category": 23,
    "location": [
        -120.23806,
        38.80306
    ],
    "keywords": [
        34,
        63
    ]
}