{
    "id": 22791,
    "category": 23,
    "location": [
        -120.26333,
        39.60861
    ],
    "keywords": [
        66,
        41,
        32,
        44
    ]
}