{
    "id": 22795,
    "category": 23,
    "location": [
        -120.26889,
        41.76417
    ],
    "keywords": [
        70,
        38,
        61
    ]
}