{
    "id": 22817,
    "category": 23,
    "location": [
        -120.31278,
        39.04889
    ],
    "keywords": [
        63,
        28,
        67,
        9,
        30,
        47,
        55,
        5
    ]
}