{
    "id": 22824,
    "category": 23,
    "location": [
        -120.32583,
        41.27306
    ],
    "keywords": [
        18,
        68
    ]
}