{
    "id": 22840,
    "category": 23,
    "location": [
        -120.35778,
        39.01417
    ],
    "keywords": [
        54,
        74,
        24,
        62,
        31
    ]
}