{
    "id": 22864,
    "category": 23,
    "location": [
        -120.39278,
        39.15944
    ],
    "keywords": [
        56,
        11,
        15,
        18,
        47,
        52,
        20,
        37,
        70
    ]
}