{
    "id": 22878,
    "category": 23,
    "location": [
        -120.42722,
        39.07278
    ],
    "keywords": [
        56,
        7,
        22,
        29
    ]
}