{
    "id": 22877,
    "category": 23,
    "location": [
        -120.42389,
        39.49444
    ],
    "keywords": [
        16,
        0,
        57,
        10,
        5,
        50,
        30,
        61,
        72,
        70,
        36,
        65,
        56
    ]
}