{
    "id": 22888,
    "category": 23,
    "location": [
        -120.45389,
        36.00639
    ],
    "keywords": [
        58,
        0,
        1,
        33,
        31,
        33,
        28,
        58,
        28,
        66
    ]
}