{
    "id": 22892,
    "category": 23,
    "location": [
        -120.46417,
        39.49889
    ],
    "keywords": [
        65,
        70,
        9,
        63,
        19,
        65,
        1,
        58,
        61,
        20,
        63,
        27,
        40,
        14
    ]
}