{
    "id": 22901,
    "category": 23,
    "location": [
        -120.47722,
        38.47611
    ],
    "keywords": [
        73,
        54,
        8,
        70,
        72,
        69,
        32,
        58,
        23,
        3,
        65,
        58
    ]
}