{
    "id": 22914,
    "category": 23,
    "location": [
        -120.50417,
        38.60861
    ],
    "keywords": [
        70,
        49,
        28,
        63,
        21,
        11,
        45,
        29,
        53,
        22,
        69
    ]
}