{
    "id": 22910,
    "category": 23,
    "location": [
        -120.49667,
        37.90333
    ],
    "keywords": [
        44,
        2,
        7,
        20
    ]
}