{
    "id": 22935,
    "category": 23,
    "location": [
        -120.55278,
        39.50056
    ],
    "keywords": [
        48,
        61,
        6,
        16,
        48,
        62,
        30,
        1,
        6,
        34,
        12,
        17,
        62
    ]
}