{
    "id": 22932,
    "category": 23,
    "location": [
        -120.54222,
        39.77694
    ],
    "keywords": [
        3
    ]
}