{
    "id": 22951,
    "category": 23,
    "location": [
        -120.59222,
        36.17444
    ],
    "keywords": [
        43,
        13,
        71,
        61,
        21,
        13,
        44,
        16,
        48,
        39,
        14,
        68
    ]
}