{
    "id": 22960,
    "category": 23,
    "location": [
        -120.60278,
        38.12583
    ],
    "keywords": [
        20,
        14,
        27,
        54,
        61,
        26,
        35,
        36,
        56
    ]
}