{
    "id": 22970,
    "category": 23,
    "location": [
        -120.62667,
        38.16861
    ],
    "keywords": [
        16
    ]
}