{
    "id": 2297,
    "category": 6,
    "location": [
        -120.72556,
        35.16611
    ],
    "keywords": [
        11,
        54
    ]
}