{
    "id": 23003,
    "category": 23,
    "location": [
        -120.73972,
        38.96611
    ],
    "keywords": [
        52
    ]
}