{
    "id": 23017,
    "category": 23,
    "location": [
        -120.77972,
        41.04222
    ],
    "keywords": [
        41
    ]
}