{
    "id": 23010,
    "category": 23,
    "location": [
        -120.75389,
        39.75944
    ],
    "keywords": [
        48,
        33,
        63,
        24,
        10,
        74,
        45,
        16
    ]
}