{
    "id": 23028,
    "category": 23,
    "location": [
        -120.80361,
        39.12056
    ],
    "keywords": [
        17,
        39,
        14,
        42,
        74,
        60,
        44,
        49,
        28,
        75,
        72,
        61,
        3,
        24,
        42
    ]
}