{
    "id": 23024,
    "category": 23,
    "location": [
        -120.78806,
        38.84083
    ],
    "keywords": [
        17,
        27,
        47,
        4,
        26,
        22,
        58,
        51,
        34,
        4
    ]
}