{
    "id": 23021,
    "category": 23,
    "location": [
        -120.78306,
        41.67083
    ],
    "keywords": [
        5,
        57,
        45,
        42,
        45,
        69,
        65,
        43,
        71,
        22,
        49
    ]
}