{
    "id": 23027,
    "category": 23,
    "location": [
        -120.79361,
        40.65861
    ],
    "keywords": [
        30,
        52,
        58,
        29
    ]
}