{
    "id": 23051,
    "category": 23,
    "location": [
        -120.84639,
        39.19972
    ],
    "keywords": [
        69,
        11,
        42,
        22,
        66,
        60,
        11,
        64,
        74,
        59,
        31,
        40,
        71
    ]
}