{
    "id": 23085,
    "category": 23,
    "location": [
        -120.93111,
        38.95528
    ],
    "keywords": [
        63
    ]
}