{
    "id": 23084,
    "category": 23,
    "location": [
        -120.93056,
        39.10472
    ],
    "keywords": [
        25,
        36,
        3,
        26,
        56,
        38,
        42,
        9,
        32,
        0,
        17,
        45,
        28
    ]
}