{
    "id": 23092,
    "category": 23,
    "location": [
        -120.94306,
        40.17333
    ],
    "keywords": [
        6,
        58,
        7,
        31,
        70,
        44,
        39,
        53,
        38,
        45,
        35,
        41,
        23
    ]
}