{
    "id": 23093,
    "category": 23,
    "location": [
        -120.94333,
        40.76917
    ],
    "keywords": [
        60,
        23,
        66,
        69,
        55,
        15,
        54,
        50,
        20,
        8,
        32,
        44,
        4
    ]
}