{
    "id": 23111,
    "category": 23,
    "location": [
        -120.97833,
        36.89361
    ],
    "keywords": [
        4,
        58,
        2,
        56,
        34,
        37,
        19,
        31
    ]
}