{
    "id": 23127,
    "category": 23,
    "location": [
        -121.02806,
        39.29111
    ],
    "keywords": [
        15,
        55,
        20,
        55
    ]
}