{
    "id": 23129,
    "category": 23,
    "location": [
        -121.03139,
        36.70028
    ],
    "keywords": [
        72,
        6,
        11,
        5,
        26,
        29,
        10,
        57,
        58,
        74,
        4,
        12
    ]
}