{
    "id": 23146,
    "category": 23,
    "location": [
        -121.07361,
        40.01833
    ],
    "keywords": [
        12,
        0,
        39,
        19,
        5,
        31,
        30,
        51,
        48,
        75,
        57,
        7,
        47,
        46,
        75
    ]
}