{
    "id": 23159,
    "category": 23,
    "location": [
        -121.10917,
        41.48333
    ],
    "keywords": [
        4,
        45,
        70,
        57,
        16,
        61
    ]
}