{
    "id": 23156,
    "category": 23,
    "location": [
        -121.09667,
        37.28333
    ],
    "keywords": [
        75
    ]
}