{
    "id": 23165,
    "category": 23,
    "location": [
        -121.12278,
        39.58972
    ],
    "keywords": [
        0,
        23,
        2,
        34,
        18,
        68,
        15,
        49
    ]
}