{
    "id": 23181,
    "category": 23,
    "location": [
        -121.18444,
        40.69583
    ],
    "keywords": [
        3,
        12,
        10,
        43,
        38,
        72,
        13,
        9,
        33,
        31,
        51
    ]
}