{
    "id": 23206,
    "category": 23,
    "location": [
        -121.27306,
        40.25611
    ],
    "keywords": [
        43,
        24,
        54,
        61,
        26,
        12,
        31,
        66,
        68,
        26,
        12,
        73
    ]
}