{
    "id": 23205,
    "category": 23,
    "location": [
        -121.26694,
        37.28083
    ],
    "keywords": [
        48,
        18,
        7,
        36,
        54,
        35,
        20,
        46,
        56,
        11,
        37,
        17,
        4,
        54,
        73
    ]
}