{
    "id": 23221,
    "category": 23,
    "location": [
        -121.31667,
        41.31028
    ],
    "keywords": [
        51,
        47,
        4,
        27,
        46,
        54,
        59,
        31,
        50,
        61,
        53,
        50,
        19
    ]
}