{
    "id": 2324,
    "category": 6,
    "location": [
        -121.14111,
        38.75417
    ],
    "keywords": [
        18,
        16,
        61,
        58,
        44,
        68,
        33,
        3,
        24,
        28,
        72,
        49,
        17,
        62,
        44
    ]
}