{
    "id": 23258,
    "category": 23,
    "location": [
        -121.44889,
        39.98833
    ],
    "keywords": [
        49,
        30,
        49,
        36,
        35,
        23,
        53,
        68,
        2,
        2,
        39,
        15
    ]
}