{
    "id": 23255,
    "category": 23,
    "location": [
        -121.43833,
        40.35583
    ],
    "keywords": [
        11,
        42
    ]
}