{
    "id": 23266,
    "category": 23,
    "location": [
        -121.48167,
        40.72722
    ],
    "keywords": [
        7,
        75,
        64,
        42,
        72,
        54,
        26,
        19,
        56
    ]
}