{
    "id": 23279,
    "category": 23,
    "location": [
        -121.51139,
        37.22611
    ],
    "keywords": [
        49,
        35,
        18,
        13,
        18,
        3,
        37,
        37,
        28,
        57,
        38,
        47,
        43,
        25
    ]
}