{
    "id": 23283,
    "category": 23,
    "location": [
        -121.52944,
        39.63139
    ],
    "keywords": [
        66,
        6,
        7,
        69,
        24,
        11,
        49,
        50,
        52,
        52,
        32,
        22,
        50
    ]
}