{
    "id": 23299,
    "category": 23,
    "location": [
        -121.57056,
        40.37806
    ],
    "keywords": []
}