{
    "id": 23304,
    "category": 23,
    "location": [
        -121.58889,
        40.47722
    ],
    "keywords": [
        14,
        65,
        57,
        71,
        25
    ]
}