{
    "id": 23310,
    "category": 23,
    "location": [
        -121.60778,
        37.19139
    ],
    "keywords": [
        25,
        0
    ]
}