{
    "id": 23327,
    "category": 23,
    "location": [
        -121.69722,
        40.14333
    ],
    "keywords": [
        14
    ]
}