{
    "id": 23334,
    "category": 23,
    "location": [
        -121.70083,
        37.51472
    ],
    "keywords": [
        68,
        14,
        0,
        65,
        1,
        56,
        73,
        14
    ]
}