{
    "id": 23332,
    "category": 23,
    "location": [
        -121.70028,
        41.12778
    ],
    "keywords": [
        57,
        31,
        72,
        68,
        12,
        37,
        7,
        47,
        14,
        51,
        13,
        25,
        30,
        47
    ]
}