{
    "id": 23333,
    "category": 23,
    "location": [
        -121.70028,
        41.22861
    ],
    "keywords": []
}