{
    "id": 23343,
    "category": 23,
    "location": [
        -121.72972,
        41.85056
    ],
    "keywords": [
        43,
        64,
        34
    ]
}