{
    "id": 23348,
    "category": 23,
    "location": [
        -121.74472,
        41.14167
    ],
    "keywords": [
        74,
        68,
        71,
        72,
        42,
        5,
        32,
        38,
        63,
        7
    ]
}