{
    "id": 23354,
    "category": 23,
    "location": [
        -121.76111,
        37.22917
    ],
    "keywords": [
        5,
        21,
        14
    ]
}