{
    "id": 23362,
    "category": 23,
    "location": [
        -121.78194,
        41.90944
    ],
    "keywords": [
        49,
        61,
        64,
        61,
        36,
        58
    ]
}