{
    "id": 23366,
    "category": 23,
    "location": [
        -121.79111,
        41.30306
    ],
    "keywords": [
        12,
        27,
        53,
        69,
        35,
        64,
        71,
        0,
        43,
        71,
        61,
        50
    ]
}