{
    "id": 23371,
    "category": 23,
    "location": [
        -121.80472,
        36.45694
    ],
    "keywords": [
        1,
        39
    ]
}