{
    "id": 23379,
    "category": 23,
    "location": [
        -121.84694,
        36.28389
    ],
    "keywords": [
        0,
        38,
        17,
        33,
        8,
        29,
        58,
        40
    ]
}