{
    "id": 23370,
    "category": 23,
    "location": [
        -121.80111,
        40.23056
    ],
    "keywords": [
        32,
        22,
        23
    ]
}