{
    "id": 23386,
    "category": 23,
    "location": [
        -121.89056,
        40.02806
    ],
    "keywords": [
        21,
        13,
        0,
        0,
        53,
        51,
        26,
        7,
        15,
        62,
        21,
        38,
        35,
        65
    ]
}