{
    "id": 23381,
    "category": 23,
    "location": [
        -121.85889,
        40.99083
    ],
    "keywords": [
        1,
        58
    ]
}