{
    "id": 23398,
    "category": 23,
    "location": [
        -121.95417,
        41.61111
    ],
    "keywords": [
        19,
        5,
        27,
        32,
        41
    ]
}