{
    "id": 23401,
    "category": 23,
    "location": [
        -121.95778,
        41.61389
    ],
    "keywords": [
        52,
        0,
        25,
        71,
        14,
        65,
        7,
        13,
        49,
        0,
        63
    ]
}