{
    "id": 2345,
    "category": 6,
    "location": [
        -121.92806,
        38.06528
    ],
    "keywords": [
        28,
        47,
        3,
        6,
        46
    ]
}