{
    "id": 23504,
    "category": 23,
    "location": [
        -122.48917,
        39.13944
    ],
    "keywords": [
        41,
        7,
        37,
        70,
        12,
        19,
        37,
        31,
        52,
        34,
        72,
        35
    ]
}