{
    "id": 23506,
    "category": 23,
    "location": [
        -122.49361,
        38.00778
    ],
    "keywords": [
        61,
        16,
        60
    ]
}