{
    "id": 23520,
    "category": 23,
    "location": [
        -122.53083,
        41.37167
    ],
    "keywords": [
        58,
        18,
        6,
        28
    ]
}