{
    "id": 23532,
    "category": 23,
    "location": [
        -122.57889,
        39.20722
    ],
    "keywords": [
        56,
        36,
        53,
        39,
        64,
        26,
        9,
        16
    ]
}