{
    "id": 23538,
    "category": 23,
    "location": [
        -122.60472,
        37.93083
    ],
    "keywords": [
        45,
        29,
        14,
        47,
        38,
        11,
        61,
        34,
        58
    ]
}