{
    "id": 23548,
    "category": 23,
    "location": [
        -122.61556,
        40.19278
    ],
    "keywords": [
        52,
        28,
        28,
        34,
        42,
        22,
        33
    ]
}