{
    "id": 23542,
    "category": 23,
    "location": [
        -122.60833,
        39.40278
    ],
    "keywords": [
        60
    ]
}