{
    "id": 23551,
    "category": 23,
    "location": [
        -122.61944,
        38.92194
    ],
    "keywords": [
        8,
        24,
        68,
        7,
        50,
        28,
        71,
        45,
        33,
        75,
        68
    ]
}