{
    "id": 23578,
    "category": 23,
    "location": [
        -122.66917,
        40.33361
    ],
    "keywords": [
        70,
        41,
        4,
        5,
        69,
        15,
        22
    ]
}