{
    "id": 23575,
    "category": 23,
    "location": [
        -122.66611,
        39.13056
    ],
    "keywords": [
        19,
        22,
        0,
        73,
        33,
        42,
        41,
        46,
        50,
        35,
        60,
        21
    ]
}