{
    "id": 23588,
    "category": 23,
    "location": [
        -122.69806,
        37.90556
    ],
    "keywords": [
        6,
        13,
        68,
        29,
        61,
        30,
        21
    ]
}