{
    "id": 23610,
    "category": 23,
    "location": [
        -122.73556,
        39.88361
    ],
    "keywords": [
        32,
        34,
        74,
        14,
        74,
        33,
        65,
        17,
        75,
        62,
        74
    ]
}