{
    "id": 23628,
    "category": 23,
    "location": [
        -122.77806,
        39.88139
    ],
    "keywords": [
        27,
        3,
        47,
        5,
        5,
        30
    ]
}