{
    "id": 23624,
    "category": 23,
    "location": [
        -122.76667,
        40.16611
    ],
    "keywords": [
        71,
        21,
        20,
        44
    ]
}