{
    "id": 23641,
    "category": 23,
    "location": [
        -122.80056,
        39.81389
    ],
    "keywords": [
        10,
        26
    ]
}