{
    "id": 23659,
    "category": 23,
    "location": [
        -122.84306,
        39.16417
    ],
    "keywords": [
        30,
        73,
        0,
        39,
        51,
        23,
        44,
        34,
        26,
        41,
        47,
        6,
        20,
        56,
        20
    ]
}