{
    "id": 23664,
    "category": 23,
    "location": [
        -122.85028,
        41.00917
    ],
    "keywords": []
}