{
    "id": 23676,
    "category": 23,
    "location": [
        -122.88028,
        41.15417
    ],
    "keywords": [
        24,
        43,
        64,
        53,
        4
    ]
}