{
    "id": 23677,
    "category": 23,
    "location": [
        -122.88056,
        39.40583
    ],
    "keywords": [
        3,
        49,
        75,
        12,
        46,
        66,
        32,
        64
    ]
}