{
    "id": 23696,
    "category": 23,
    "location": [
        -122.92944,
        40.18694
    ],
    "keywords": [
        18,
        73,
        50,
        52,
        30,
        15
    ]
}