{
    "id": 23695,
    "category": 23,
    "location": [
        -122.92778,
        40.88556
    ],
    "keywords": [
        71,
        20,
        12,
        33,
        33,
        37,
        14,
        52
    ]
}