{
    "id": 23701,
    "category": 23,
    "location": [
        -122.93806,
        41.07667
    ],
    "keywords": [
        42,
        1,
        61,
        30,
        57,
        65,
        57,
        50,
        55,
        49
    ]
}