{
    "id": 23716,
    "category": 23,
    "location": [
        -122.97028,
        39.22528
    ],
    "keywords": [
        74,
        31,
        33,
        47,
        23,
        37
    ]
}