{
    "id": 2372,
    "category": 6,
    "location": [
        -122.18667,
        37.69278
    ],
    "keywords": [
        10,
        46,
        25,
        22,
        62,
        56,
        40,
        66,
        54
    ]
}