{
    "id": 23756,
    "category": 23,
    "location": [
        -123.05694,
        41.58806
    ],
    "keywords": [
        18,
        65,
        36,
        36,
        20,
        34,
        44,
        41,
        48
    ]
}