{
    "id": 2376,
    "category": 6,
    "location": [
        -122.20111,
        37.92028
    ],
    "keywords": [
        4,
        36,
        22,
        30,
        16,
        31,
        58,
        52,
        14,
        7
    ]
}