{
    "id": 23767,
    "category": 23,
    "location": [
        -123.07639,
        41.95528
    ],
    "keywords": [
        3,
        19,
        41,
        20,
        13
    ]
}