{
    "id": 23782,
    "category": 23,
    "location": [
        -123.10611,
        41.58528
    ],
    "keywords": [
        2,
        66,
        44,
        19,
        37,
        57
    ]
}