{
    "id": 23799,
    "category": 23,
    "location": [
        -123.16278,
        39.78972
    ],
    "keywords": [
        26,
        26,
        5,
        49,
        27,
        10,
        7,
        37,
        65,
        25,
        12,
        41,
        74,
        47,
        44
    ]
}