{
    "id": 23809,
    "category": 23,
    "location": [
        -123.21222,
        41.07389
    ],
    "keywords": [
        44,
        10
    ]
}