{
    "id": 23833,
    "category": 23,
    "location": [
        -123.27167,
        41.07333
    ],
    "keywords": [
        5,
        71,
        69,
        60,
        26
    ]
}