{
    "id": 2385,
    "category": 6,
    "location": [
        -122.25833,
        37.52667
    ],
    "keywords": [
        41,
        63
    ]
}