{
    "id": 23880,
    "category": 23,
    "location": [
        -123.38556,
        41.49861
    ],
    "keywords": [
        19,
        62,
        7,
        31,
        14,
        20,
        58
    ]
}