{
    "id": 23881,
    "category": 23,
    "location": [
        -123.39222,
        39.23139
    ],
    "keywords": [
        66,
        60,
        71,
        17,
        3,
        58,
        34,
        35,
        26,
        43,
        42,
        34,
        13,
        10,
        31
    ]
}