{
    "id": 23892,
    "category": 23,
    "location": [
        -123.41472,
        38.92583
    ],
    "keywords": [
        35
    ]
}