{
    "id": 23908,
    "category": 23,
    "location": [
        -123.44778,
        38.79444
    ],
    "keywords": [
        63,
        75,
        63
    ]
}