{
    "id": 23929,
    "category": 23,
    "location": [
        -123.51278,
        39.30444
    ],
    "keywords": [
        0,
        71,
        62,
        7,
        5,
        40,
        12,
        40,
        72
    ]
}