{
    "id": 23940,
    "category": 23,
    "location": [
        -123.54556,
        39.29778
    ],
    "keywords": [
        40,
        25,
        8,
        65,
        1
    ]
}