{
    "id": 23951,
    "category": 23,
    "location": [
        -123.58806,
        40.63472
    ],
    "keywords": [
        38
    ]
}