{
    "id": 23950,
    "category": 23,
    "location": [
        -123.58306,
        40.34472
    ],
    "keywords": [
        22,
        1,
        59,
        10,
        45,
        59,
        72,
        54,
        37,
        34,
        67,
        11,
        46,
        23
    ]
}