{
    "id": 23954,
    "category": 23,
    "location": [
        -123.61194,
        40.62083
    ],
    "keywords": [
        10,
        32,
        67,
        23,
        59,
        35
    ]
}