{
    "id": 23956,
    "category": 23,
    "location": [
        -123.61611,
        40.92194
    ],
    "keywords": [
        20,
        27,
        50,
        8,
        57,
        23,
        23,
        39,
        51,
        61,
        15,
        68,
        15,
        74
    ]
}