{
    "id": 23964,
    "category": 23,
    "location": [
        -123.64333,
        39.26944
    ],
    "keywords": [
        53,
        34,
        38,
        29,
        10,
        3,
        68
    ]
}