{
    "id": 23963,
    "category": 23,
    "location": [
        -123.63861,
        41.87889
    ],
    "keywords": [
        17,
        8,
        6,
        39,
        22,
        21,
        48,
        9,
        56,
        74
    ]
}