{
    "id": 23981,
    "category": 23,
    "location": [
        -123.72694,
        39.84167
    ],
    "keywords": [
        33,
        10,
        13
    ]
}