{
    "id": 23988,
    "category": 23,
    "location": [
        -123.73667,
        41.38306
    ],
    "keywords": [
        6,
        3,
        74,
        45,
        67,
        58,
        37,
        0
    ]
}