{
    "id": 23993,
    "category": 23,
    "location": [
        -123.77806,
        40.24889
    ],
    "keywords": [
        49,
        40,
        9,
        69,
        62,
        53,
        18,
        71,
        47,
        38,
        36,
        69,
        51,
        18,
        12
    ]
}