{
    "id": 23991,
    "category": 23,
    "location": [
        -123.76833,
        41.90472
    ],
    "keywords": [
        67,
        23,
        29,
        8,
        31,
        64,
        60
    ]
}