{
    "id": 24041,
    "category": 23,
    "location": [
        -124.00306,
        40.17889
    ],
    "keywords": [
        4,
        30,
        36,
        47,
        62,
        28,
        10,
        4,
        69,
        30,
        65
    ]
}