{
    "id": 24047,
    "category": 23,
    "location": [
        -124.03194,
        41.53472
    ],
    "keywords": [
        6,
        22,
        58,
        19,
        37,
        19,
        13,
        41,
        62,
        18,
        65,
        74,
        56,
        59,
        20
    ]
}