{
    "id": 24051,
    "category": 23,
    "location": [
        -124.04278,
        40.38333
    ],
    "keywords": [
        39,
        72,
        23
    ]
}