{
    "id": 24050,
    "category": 23,
    "location": [
        -124.04056,
        40.19389
    ],
    "keywords": [
        8,
        53,
        44,
        50,
        19,
        31,
        38,
        22,
        22,
        27,
        17
    ]
}