{
    "id": 24070,
    "category": 23,
    "location": [
        -124.18139,
        40.41972
    ],
    "keywords": [
        31,
        37,
        30,
        3,
        55,
        64,
        25,
        55,
        47,
        53,
        72,
        23
    ]
}