{
    "id": 24073,
    "category": 23,
    "location": [
        -124.19861,
        40.33222
    ],
    "keywords": [
        33,
        18,
        34,
        26,
        25,
        27,
        75,
        39,
        45,
        49
    ]
}