{
    "id": 24082,
    "category": 24,
    "location": [
        -118.14167,
        37.44889
    ],
    "keywords": [
        10,
        35,
        66,
        27,
        4,
        58
    ]
}