{
    "id": 24113,
    "category": 24,
    "location": [
        -123.50028,
        41.00028
    ],
    "keywords": [
        12,
        58,
        25,
        38,
        46,
        69,
        71,
        60,
        56
    ]
}