{
    "id": 24122,
    "category": 25,
    "location": [
        -114.74917,
        34.77056
    ],
    "keywords": [
        32,
        26,
        11,
        21,
        45,
        6,
        46,
        50,
        72,
        60,
        64,
        0,
        11,
        20,
        5
    ]
}