{
    "id": 24143,
    "category": 25,
    "location": [
        -115.60972,
        34.81194
    ],
    "keywords": [
        34,
        38,
        22,
        72,
        26,
        24
    ]
}