{
    "id": 2418,
    "category": 6,
    "location": [
        -122.41722,
        37.96389
    ],
    "keywords": [
        20,
        33,
        53,
        54,
        37,
        4,
        7,
        72,
        59,
        31,
        6,
        34,
        58,
        71
    ]
}