{
    "id": 24181,
    "category": 25,
    "location": [
        -116.72333,
        36.41472
    ],
    "keywords": [
        70,
        3,
        37,
        33,
        70,
        52,
        62,
        25,
        45,
        2,
        26,
        4
    ]
}