{
    "id": 24191,
    "category": 25,
    "location": [
        -116.85944,
        34.11778
    ],
    "keywords": [
        38,
        14,
        0,
        5,
        29
    ]
}