{
    "id": 24208,
    "category": 25,
    "location": [
        -117.28389,
        34.53278
    ],
    "keywords": [
        53,
        68,
        30,
        46,
        67,
        74,
        61,
        47,
        25,
        4,
        16,
        20,
        11
    ]
}