{
    "id": 24212,
    "category": 25,
    "location": [
        -117.33417,
        35.96028
    ],
    "keywords": [
        32,
        50,
        26,
        64,
        51,
        19,
        59,
        74,
        24,
        10,
        15
    ]
}