{
    "id": 24249,
    "category": 25,
    "location": [
        -118.11139,
        34.50667
    ],
    "keywords": [
        61,
        56,
        32,
        37
    ]
}