{
    "id": 2428,
    "category": 6,
    "location": [
        -122.45972,
        37.87056
    ],
    "keywords": [
        67,
        30,
        73,
        11,
        69,
        26,
        17
    ]
}