{
    "id": 24285,
    "category": 25,
    "location": [
        -118.34833,
        36.32361
    ],
    "keywords": [
        41,
        23,
        25,
        63,
        9,
        14,
        11,
        16,
        4,
        45,
        35,
        71,
        7
    ]
}