{
    "id": 24305,
    "category": 25,
    "location": [
        -118.44944,
        34.35611
    ],
    "keywords": [
        6,
        41,
        46,
        2
    ]
}