{
    "id": 24306,
    "category": 25,
    "location": [
        -118.45222,
        37.06833
    ],
    "keywords": [
        0,
        29,
        75,
        7,
        74,
        30
    ]
}