{
    "id": 2432,
    "category": 6,
    "location": [
        -122.47639,
        37.96389
    ],
    "keywords": [
        71,
        23,
        26,
        3,
        17,
        7,
        61,
        4,
        37,
        60
    ]
}