{
    "id": 24325,
    "category": 25,
    "location": [
        -118.54472,
        36.41222
    ],
    "keywords": [
        20,
        31,
        63,
        65,
        14,
        29,
        55,
        38,
        9
    ]
}