{
    "id": 24330,
    "category": 25,
    "location": [
        -118.55639,
        35.73833
    ],
    "keywords": [
        4,
        37,
        3,
        28,
        6,
        52,
        4,
        24,
        43,
        19,
        26,
        49,
        17
    ]
}