{
    "id": 24344,
    "category": 25,
    "location": [
        -118.62778,
        35.65667
    ],
    "keywords": [
        47,
        14,
        67,
        9,
        26,
        9,
        39,
        5,
        33,
        15
    ]
}