{
    "id": 24346,
    "category": 25,
    "location": [
        -118.63111,
        35.85778
    ],
    "keywords": [
        22
    ]
}