{
    "id": 24358,
    "category": 25,
    "location": [
        -118.68611,
        37.21444
    ],
    "keywords": [
        58,
        9,
        36,
        70,
        15,
        48,
        44,
        5,
        45,
        45
    ]
}