{
    "id": 24368,
    "category": 25,
    "location": [
        -118.72194,
        37.27833
    ],
    "keywords": [
        22,
        27,
        28,
        51,
        1,
        24,
        59,
        56
    ]
}