{
    "id": 2436,
    "category": 6,
    "location": [
        -122.51472,
        37.56528
    ],
    "keywords": [
        60,
        0,
        12,
        36,
        59
    ]
}