{
    "id": 24385,
    "category": 25,
    "location": [
        -118.83167,
        34.75528
    ],
    "keywords": [
        34,
        62,
        10,
        63,
        43,
        39,
        30,
        2,
        40,
        66,
        51
    ]
}