{
    "id": 24390,
    "category": 25,
    "location": [
        -118.85028,
        36.75389
    ],
    "keywords": [
        41,
        12,
        51,
        65
    ]
}