{
    "id": 24393,
    "category": 25,
    "location": [
        -118.85806,
        37.00889
    ],
    "keywords": []
}