{
    "id": 2440,
    "category": 6,
    "location": [
        -122.52583,
        38.15972
    ],
    "keywords": [
        37,
        47,
        8,
        67,
        34,
        13,
        27,
        48,
        56,
        20,
        2,
        36
    ]
}