{
    "id": 24409,
    "category": 25,
    "location": [
        -119.03306,
        37.60944
    ],
    "keywords": [
        32,
        3,
        53,
        75,
        49,
        39,
        59,
        16,
        46,
        68
    ]
}