{
    "id": 24437,
    "category": 25,
    "location": [
        -119.27389,
        34.50833
    ],
    "keywords": [
        45
    ]
}