{
    "id": 24441,
    "category": 25,
    "location": [
        -119.33556,
        38.06667
    ],
    "keywords": [
        64,
        44,
        25,
        34
    ]
}