{
    "id": 24448,
    "category": 25,
    "location": [
        -119.40333,
        37.65056
    ],
    "keywords": [
        44,
        66,
        30,
        74,
        67,
        66,
        25,
        24,
        0
    ]
}