{
    "id": 24452,
    "category": 25,
    "location": [
        -119.43528,
        37.37861
    ],
    "keywords": [
        46,
        75,
        42,
        0,
        67,
        59,
        11,
        68,
        22,
        3,
        32,
        1
    ]
}