{
    "id": 24461,
    "category": 25,
    "location": [
        -119.50861,
        37.60083
    ],
    "keywords": [
        43,
        16,
        63
    ]
}