{
    "id": 24462,
    "category": 25,
    "location": [
        -119.50972,
        38.24111
    ],
    "keywords": [
        62,
        22,
        35,
        32,
        23,
        44,
        43
    ]
}