{
    "id": 24472,
    "category": 25,
    "location": [
        -119.60944,
        38.17361
    ],
    "keywords": [
        35
    ]
}