{
    "id": 24512,
    "category": 25,
    "location": [
        -120.10778,
        39.79167
    ],
    "keywords": [
        30,
        51,
        18,
        16,
        6,
        27,
        11
    ]
}