{
    "id": 24517,
    "category": 25,
    "location": [
        -120.15639,
        37.98167
    ],
    "keywords": [
        66,
        35,
        51,
        19,
        64,
        54,
        42,
        38,
        29,
        14,
        30,
        73,
        73
    ]
}