{
    "id": 24520,
    "category": 25,
    "location": [
        -120.19222,
        35.72361
    ],
    "keywords": [
        38,
        27,
        7
    ]
}