{
    "id": 24522,
    "category": 25,
    "location": [
        -120.19583,
        34.52833
    ],
    "keywords": [
        62,
        53,
        12,
        5,
        34,
        5,
        20,
        55,
        53,
        12,
        39,
        49,
        23,
        12
    ]
}