{
    "id": 24530,
    "category": 25,
    "location": [
        -120.23278,
        39.07639
    ],
    "keywords": [
        11,
        49,
        17,
        5,
        32,
        19,
        0,
        64,
        35,
        26,
        7,
        36
    ]
}