{
    "id": 24555,
    "category": 25,
    "location": [
        -120.60278,
        39.83333
    ],
    "keywords": [
        65,
        39,
        14,
        70,
        4,
        52,
        43,
        38,
        68,
        29,
        3,
        16
    ]
}