{
    "id": 24554,
    "category": 25,
    "location": [
        -120.59528,
        39.68722
    ],
    "keywords": [
        31,
        23,
        65,
        69,
        69,
        33,
        33,
        5,
        20,
        16,
        3,
        19,
        71,
        11,
        75
    ]
}