{
    "id": 2456,
    "category": 6,
    "location": [
        -122.75028,
        37.75028
    ],
    "keywords": [
        23,
        35,
        29,
        39,
        65,
        72,
        3,
        41,
        19,
        38,
        28
    ]
}