{
    "id": 24571,
    "category": 25,
    "location": [
        -120.80861,
        39.58528
    ],
    "keywords": []
}