{
    "id": 2458,
    "category": 6,
    "location": [
        -122.79167,
        39.00556
    ],
    "keywords": [
        21,
        63
    ]
}