{
    "id": 24609,
    "category": 25,
    "location": [
        -121.60167,
        36.34028
    ],
    "keywords": [
        62,
        24,
        24,
        6,
        57,
        52,
        51
    ]
}