{
    "id": 2460,
    "category": 6,
    "location": [
        -122.89972,
        38.14389
    ],
    "keywords": [
        42,
        17,
        51,
        44,
        51,
        58,
        26,
        41,
        0,
        2
    ]
}