{
    "id": 24603,
    "category": 25,
    "location": [
        -121.52972,
        40.36222
    ],
    "keywords": [
        65,
        26,
        74,
        50,
        51,
        46,
        54,
        10,
        38,
        25
    ]
}