{
    "id": 24610,
    "category": 25,
    "location": [
        -121.61056,
        36.29083
    ],
    "keywords": [
        20,
        42,
        1,
        63,
        33,
        29,
        7,
        37,
        4,
        73,
        69,
        19,
        27,
        25
    ]
}