{
    "id": 24617,
    "category": 25,
    "location": [
        -121.66583,
        40.17444
    ],
    "keywords": [
        30,
        44,
        56,
        33,
        34
    ]
}