{
    "id": 24637,
    "category": 25,
    "location": [
        -121.96806,
        37.69722
    ],
    "keywords": [
        13,
        14,
        54,
        66,
        62,
        9,
        20,
        12,
        64,
        50,
        38
    ]
}