{
    "id": 24640,
    "category": 25,
    "location": [
        -122.04028,
        41.69944
    ],
    "keywords": [
        49,
        55,
        62,
        57,
        26,
        62,
        5,
        60,
        46,
        46,
        72
    ]
}