{
    "id": 24645,
    "category": 25,
    "location": [
        -122.12028,
        38.56667
    ],
    "keywords": [
        69,
        60,
        72,
        61,
        14,
        40,
        69
    ]
}