{
    "id": 24652,
    "category": 25,
    "location": [
        -122.21278,
        41.26861
    ],
    "keywords": [
        5,
        17,
        3,
        72,
        38,
        57,
        40,
        52,
        75,
        14,
        32
    ]
}