{
    "id": 24677,
    "category": 25,
    "location": [
        -122.70444,
        39.89333
    ],
    "keywords": [
        63,
        55,
        35,
        37,
        69,
        21
    ]
}