{
    "id": 24685,
    "category": 25,
    "location": [
        -122.81722,
        40.30056
    ],
    "keywords": [
        62,
        61,
        11,
        47,
        16,
        10,
        5
    ]
}