{
    "id": 247,
    "category": 0,
    "location": [
        -118.05278,
        34.01389
    ],
    "keywords": [
        17,
        19,
        42,
        19,
        53,
        48
    ]
}