{
    "id": 24707,
    "category": 25,
    "location": [
        -122.98194,
        40.73861
    ],
    "keywords": [
        60,
        30,
        23,
        73,
        28,
        46,
        20,
        14,
        6,
        4,
        37,
        13,
        3,
        41
    ]
}