{
    "id": 24714,
    "category": 25,
    "location": [
        -123.03806,
        38.48306
    ],
    "keywords": [
        64,
        9,
        12,
        49,
        61,
        62
    ]
}