{
    "id": 24722,
    "category": 25,
    "location": [
        -123.09389,
        38.57778
    ],
    "keywords": [
        18,
        23,
        52,
        48,
        52,
        12,
        60,
        38,
        8,
        53,
        12,
        46
    ]
}