{
    "id": 24721,
    "category": 25,
    "location": [
        -123.08833,
        39.88722
    ],
    "keywords": [
        31,
        34,
        27,
        67
    ]
}