{
    "id": 24739,
    "category": 25,
    "location": [
        -123.22306,
        40.62056
    ],
    "keywords": [
        44,
        36,
        58,
        13,
        2,
        14,
        49
    ]
}