{
    "id": 24746,
    "category": 25,
    "location": [
        -123.34083,
        39.55667
    ],
    "keywords": [
        13,
        52,
        70
    ]
}