{
    "id": 24740,
    "category": 25,
    "location": [
        -123.22528,
        40.23972
    ],
    "keywords": [
        17,
        43,
        56,
        32,
        48,
        9,
        8,
        65,
        45,
        6,
        15,
        12,
        50,
        52,
        4
    ]
}