{
    "id": 24787,
    "category": 25,
    "location": [
        -124.02639,
        41.54778
    ],
    "keywords": [
        11,
        3,
        24,
        13,
        61,
        18
    ]
}