{
    "id": 248,
    "category": 0,
    "location": [
        -118.05917,
        34.69972
    ],
    "keywords": [
        51,
        28,
        29,
        19,
        69,
        4,
        19,
        50,
        25,
        39,
        69,
        36,
        30,
        48
    ]
}