{
    "id": 24809,
    "category": 27,
    "location": [
        -122.18639,
        41.41833
    ],
    "keywords": [
        28,
        5,
        20,
        75,
        71,
        14,
        4,
        39,
        24,
        35,
        67,
        25,
        74
    ]
}