{
    "id": 24814,
    "category": 28,
    "location": [
        -114.51361,
        33.73528
    ],
    "keywords": [
        51,
        41,
        13,
        14,
        60,
        18,
        23,
        7,
        18,
        62,
        33
    ]
}