{
    "id": 24857,
    "category": 28,
    "location": [
        -120.81028,
        37.20583
    ],
    "keywords": [
        41,
        47,
        17,
        73,
        55
    ]
}