{
    "id": 2486,
    "category": 6,
    "location": [
        -123.39139,
        40.31611
    ],
    "keywords": [
        68,
        47,
        39,
        66,
        66,
        23,
        1,
        50,
        65,
        23,
        66,
        27,
        66,
        65,
        22
    ]
}