{
    "id": 24875,
    "category": 28,
    "location": [
        -121.41972,
        37.98083
    ],
    "keywords": [
        2,
        30,
        67,
        66,
        42,
        25
    ]
}