{
    "id": 2489,
    "category": 6,
    "location": [
        -123.58472,
        38.80083
    ],
    "keywords": [
        17,
        41,
        33,
        36,
        17
    ]
}