{
    "id": 24905,
    "category": 28,
    "location": [
        -121.58139,
        37.91806
    ],
    "keywords": [
        41,
        60,
        67,
        64,
        13,
        32,
        68,
        35,
        1,
        65,
        20,
        44
    ]
}