{
    "id": 24912,
    "category": 28,
    "location": [
        -121.62417,
        38.12944
    ],
    "keywords": [
        41,
        25,
        48,
        45,
        1,
        23,
        30,
        19,
        69,
        25,
        56,
        53
    ]
}