{
    "id": 24927,
    "category": 28,
    "location": [
        -121.69417,
        38.05417
    ],
    "keywords": [
        20,
        44,
        73,
        45,
        45,
        61,
        59,
        49,
        25
    ]
}