{
    "id": 24951,
    "category": 28,
    "location": [
        -121.97389,
        38.09194
    ],
    "keywords": [
        64,
        41,
        28,
        15,
        64,
        61,
        52,
        74,
        43,
        15,
        9,
        55,
        28,
        17,
        69
    ]
}