{
    "id": 24977,
    "category": 28,
    "location": [
        -122.08333,
        37.44194
    ],
    "keywords": [
        68,
        55,
        70,
        29,
        13,
        50,
        6,
        47,
        51,
        35,
        22
    ]
}