{
    "id": 24970,
    "category": 28,
    "location": [
        -122.04639,
        37.43472
    ],
    "keywords": [
        27,
        66,
        58,
        6,
        68,
        36,
        55,
        65,
        39,
        22
    ]
}