{
    "id": 24994,
    "category": 28,
    "location": [
        -122.30528,
        37.52278
    ],
    "keywords": [
        29,
        32,
        37,
        6,
        31,
        21,
        32,
        54,
        43,
        26,
        32,
        17
    ]
}