{
    "id": 250,
    "category": 0,
    "location": [
        -118.06972,
        33.91333
    ],
    "keywords": [
        18,
        64,
        48
    ]
}