{
    "id": 25005,
    "category": 28,
    "location": [
        -122.40278,
        38.20722
    ],
    "keywords": [
        59,
        51,
        32,
        52,
        21,
        65,
        7,
        58,
        4,
        4,
        48,
        9,
        34,
        18
    ]
}