{
    "id": 25040,
    "category": 29,
    "location": [
        -117.39917,
        33.21667
    ],
    "keywords": [
        5,
        66,
        24,
        33,
        48,
        26,
        54,
        14,
        60,
        75,
        60
    ]
}