{
    "id": 2505,
    "category": 6,
    "location": [
        -123.93694,
        39.91306
    ],
    "keywords": [
        74
    ]
}