{
    "id": 25052,
    "category": 29,
    "location": [
        -118.21556,
        33.75417
    ],
    "keywords": [
        58,
        68,
        74,
        40,
        8
    ]
}