{
    "id": 25066,
    "category": 29,
    "location": [
        -118.28361,
        33.75444
    ],
    "keywords": [
        65,
        43,
        26,
        59,
        20,
        12,
        22,
        53,
        0
    ]
}