{
    "id": 25075,
    "category": 29,
    "location": [
        -118.45389,
        33.97778
    ],
    "keywords": [
        65,
        7,
        51,
        63,
        32,
        61,
        50,
        68,
        44,
        70,
        23,
        42,
        11,
        15
    ]
}