{
    "id": 25077,
    "category": 29,
    "location": [
        -119.20778,
        34.14917
    ],
    "keywords": [
        41,
        49,
        58,
        41,
        41,
        19,
        21,
        3,
        4,
        66,
        8,
        70,
        57
    ]
}