{
    "id": 25074,
    "category": 29,
    "location": [
        -118.45333,
        33.98028
    ],
    "keywords": [
        29,
        74,
        38,
        56,
        73,
        19,
        69,
        30
    ]
}