{
    "id": 25094,
    "category": 29,
    "location": [
        -122.01944,
        38.05417
    ],
    "keywords": [
        60,
        22,
        52,
        25,
        5,
        25
    ]
}