{
    "id": 251,
    "category": 0,
    "location": [
        -118.07167,
        34.07083
    ],
    "keywords": [
        31,
        58,
        6,
        10,
        71,
        52
    ]
}