{
    "id": 25113,
    "category": 29,
    "location": [
        -122.38306,
        37.76444
    ],
    "keywords": [
        11,
        20,
        74,
        15,
        10,
        27,
        17,
        75,
        6,
        70,
        48,
        19
    ]
}