{
    "id": 25114,
    "category": 29,
    "location": [
        -122.38472,
        37.78028
    ],
    "keywords": [
        28,
        59,
        65,
        4,
        72,
        4,
        70,
        54,
        30,
        67,
        40,
        35,
        31,
        52,
        0
    ]
}