{
    "id": 2511,
    "category": 6,
    "location": [
        -124.13972,
        41.05444
    ],
    "keywords": [
        52,
        67,
        42,
        35,
        37,
        23,
        56,
        38
    ]
}