{
    "id": 25118,
    "category": 29,
    "location": [
        -122.44444,
        37.80667
    ],
    "keywords": [
        19,
        59,
        49,
        61,
        8
    ]
}