{
    "id": 25147,
    "category": 30,
    "location": [
        -116.91917,
        32.81139
    ],
    "keywords": [
        21,
        11,
        5,
        14,
        33,
        33
    ]
}