{
    "id": 25167,
    "category": 30,
    "location": [
        -117.08167,
        32.68528
    ],
    "keywords": [
        59,
        60,
        4,
        23,
        62
    ]
}