{
    "id": 25165,
    "category": 30,
    "location": [
        -117.07583,
        32.75056
    ],
    "keywords": [
        74,
        48,
        55,
        6,
        43,
        19,
        44,
        57,
        42,
        2,
        40
    ]
}