{
    "id": 25176,
    "category": 30,
    "location": [
        -117.15333,
        32.79917
    ],
    "keywords": [
        27,
        49
    ]
}