{
    "id": 25174,
    "category": 30,
    "location": [
        -117.14361,
        32.75583
    ],
    "keywords": [
        25,
        38,
        14
    ]
}