{
    "id": 25201,
    "category": 30,
    "location": [
        -117.24361,
        33.38083
    ],
    "keywords": [
        74,
        65,
        6,
        5,
        62,
        73,
        22,
        18,
        50
    ]
}