{
    "id": 2521,
    "category": 7,
    "location": [
        -115.90611,
        33.49278
    ],
    "keywords": [
        17,
        65,
        53,
        12,
        69,
        64,
        5,
        74,
        75,
        51,
        26,
        44
    ]
}