{
    "id": 25216,
    "category": 30,
    "location": [
        -117.29361,
        34.14111
    ],
    "keywords": [
        9
    ]
}