{
    "id": 25214,
    "category": 30,
    "location": [
        -117.28944,
        33.18556
    ],
    "keywords": [
        5,
        61,
        17,
        8,
        57,
        54,
        1,
        72,
        62,
        44,
        39,
        37,
        21,
        61
    ]
}