{
    "id": 25227,
    "category": 30,
    "location": [
        -117.55278,
        33.85806
    ],
    "keywords": [
        68,
        9,
        22,
        72,
        56
    ]
}