{
    "id": 2525,
    "category": 7,
    "location": [
        -117.17361,
        32.67639
    ],
    "keywords": [
        14,
        11
    ]
}