{
    "id": 25269,
    "category": 30,
    "location": [
        -117.93361,
        33.71472
    ],
    "keywords": [
        8,
        52
    ]
}