{
    "id": 25266,
    "category": 30,
    "location": [
        -117.92778,
        34.10944
    ],
    "keywords": [
        49,
        70,
        29,
        41,
        27,
        45,
        22,
        44,
        27,
        74,
        53
    ]
}