{
    "id": 25274,
    "category": 30,
    "location": [
        -117.95972,
        33.92639
    ],
    "keywords": [
        49,
        41,
        46,
        10,
        39,
        38,
        73,
        12,
        28,
        37,
        24,
        38,
        0,
        47,
        0
    ]
}