{
    "id": 2530,
    "category": 7,
    "location": [
        -117.23111,
        32.78528
    ],
    "keywords": [
        49,
        38,
        73,
        33,
        9,
        19
    ]
}