{
    "id": 25321,
    "category": 30,
    "location": [
        -118.11472,
        33.87222
    ],
    "keywords": [
        47,
        52,
        2,
        32,
        43,
        72,
        65,
        39,
        12,
        23,
        65,
        33,
        15
    ]
}