{
    "id": 2532,
    "category": 7,
    "location": [
        -117.23611,
        32.70917
    ],
    "keywords": [
        62,
        56
    ]
}