{
    "id": 25361,
    "category": 30,
    "location": [
        -118.18667,
        33.98694
    ],
    "keywords": [
        39,
        14,
        12,
        22,
        34,
        42,
        48,
        18
    ]
}