{
    "id": 25377,
    "category": 30,
    "location": [
        -118.21083,
        33.97333
    ],
    "keywords": [
        67,
        57,
        64,
        13,
        10,
        66,
        13,
        74,
        34,
        35,
        18,
        61
    ]
}