{
    "id": 2538,
    "category": 7,
    "location": [
        -117.26056,
        32.93611
    ],
    "keywords": [
        0,
        46,
        5,
        30,
        34,
        54,
        3,
        59,
        28,
        38,
        43,
        14,
        42,
        74,
        14
    ]
}