{
    "id": 254,
    "category": 0,
    "location": [
        -118.08361,
        33.82611
    ],
    "keywords": [
        2,
        51,
        32,
        59
    ]
}