{
    "id": 25401,
    "category": 30,
    "location": [
        -118.26167,
        34.25111
    ],
    "keywords": [
        39,
        35,
        16,
        11,
        34,
        68,
        26,
        63,
        24,
        40,
        57,
        27,
        20,
        66
    ]
}