{
    "id": 25417,
    "category": 30,
    "location": [
        -118.27861,
        34.07194
    ],
    "keywords": [
        8,
        14,
        45,
        27,
        67,
        12,
        1,
        7,
        13,
        42,
        7,
        20,
        54,
        58,
        12
    ]
}