{
    "id": 2545,
    "category": 7,
    "location": [
        -117.35972,
        33.16694
    ],
    "keywords": [
        21,
        16,
        40
    ]
}