{
    "id": 25476,
    "category": 30,
    "location": [
        -118.36444,
        33.96472
    ],
    "keywords": [
        15,
        68,
        37
    ]
}