{
    "id": 25483,
    "category": 30,
    "location": [
        -118.39417,
        33.86861
    ],
    "keywords": []
}