{
    "id": 25480,
    "category": 30,
    "location": [
        -118.37806,
        33.85361
    ],
    "keywords": [
        69,
        64,
        20,
        66,
        71,
        27,
        63,
        48,
        58,
        51,
        56,
        3,
        52,
        35
    ]
}