{
    "id": 25489,
    "category": 30,
    "location": [
        -118.40833,
        34.15806
    ],
    "keywords": [
        64,
        51,
        74,
        29,
        35,
        61,
        18
    ]
}