{
    "id": 2549,
    "category": 7,
    "location": [
        -117.56472,
        33.37278
    ],
    "keywords": [
        50,
        3,
        4,
        5,
        65,
        72,
        32,
        9,
        64
    ]
}