{
    "id": 25494,
    "category": 30,
    "location": [
        -118.42472,
        33.99778
    ],
    "keywords": [
        56,
        44,
        30,
        33,
        68,
        31
    ]
}