{
    "id": 25501,
    "category": 30,
    "location": [
        -118.44333,
        34.27667
    ],
    "keywords": [
        57,
        1,
        17,
        9,
        11
    ]
}