{
    "id": 25508,
    "category": 30,
    "location": [
        -118.45611,
        34.22028
    ],
    "keywords": [
        51,
        42,
        30,
        28,
        58,
        7,
        9,
        66,
        19,
        64,
        67,
        29,
        72,
        3,
        23
    ]
}