{
    "id": 2550,
    "category": 7,
    "location": [
        -117.59306,
        33.38528
    ],
    "keywords": [
        28,
        35,
        12
    ]
}