{
    "id": 25516,
    "category": 30,
    "location": [
        -118.48194,
        34.24667
    ],
    "keywords": [
        64,
        0,
        65,
        9,
        54,
        69,
        11
    ]
}