{
    "id": 25510,
    "category": 30,
    "location": [
        -118.46167,
        34.05833
    ],
    "keywords": [
        75,
        65,
        71,
        18,
        12,
        12,
        8,
        66,
        48,
        15,
        9,
        17,
        8,
        16
    ]
}