{
    "id": 25524,
    "category": 30,
    "location": [
        -118.50278,
        34.25972
    ],
    "keywords": [
        49,
        48,
        45,
        11,
        51,
        3,
        57,
        21,
        11
    ]
}