{
    "id": 25533,
    "category": 30,
    "location": [
        -118.58806,
        34.17278
    ],
    "keywords": [
        25,
        34,
        0,
        62,
        12,
        7,
        67,
        59,
        27,
        65,
        74,
        35,
        73,
        37
    ]
}