{
    "id": 25561,
    "category": 30,
    "location": [
        -119.18583,
        34.19722
    ],
    "keywords": [
        9,
        58,
        10,
        39,
        26,
        8,
        16,
        46,
        34,
        4,
        67,
        32,
        60
    ]
}