{
    "id": 25563,
    "category": 30,
    "location": [
        -119.19583,
        34.15167
    ],
    "keywords": [
        23,
        22,
        30,
        1,
        64
    ]
}