{
    "id": 25565,
    "category": 30,
    "location": [
        -119.23889,
        35.76194
    ],
    "keywords": [
        6,
        2,
        45,
        10,
        5,
        28,
        40,
        11,
        52,
        34,
        42,
        11,
        46
    ]
}