{
    "id": 25560,
    "category": 30,
    "location": [
        -119.18444,
        34.20556
    ],
    "keywords": [
        48,
        46,
        31,
        67,
        46,
        51,
        73,
        67,
        17
    ]
}