{
    "id": 2556,
    "category": 7,
    "location": [
        -117.76389,
        33.52167
    ],
    "keywords": [
        9,
        20,
        25,
        58,
        65,
        71
    ]
}