{
    "id": 25571,
    "category": 30,
    "location": [
        -119.27056,
        36.34083
    ],
    "keywords": [
        18,
        45,
        11,
        4,
        37,
        14,
        57
    ]
}