{
    "id": 2558,
    "category": 7,
    "location": [
        -117.86861,
        33.59028
    ],
    "keywords": [
        39,
        38,
        53,
        44,
        65,
        29
    ]
}