{
    "id": 2561,
    "category": 7,
    "location": [
        -117.90056,
        33.58306
    ],
    "keywords": []
}