{
    "id": 25618,
    "category": 30,
    "location": [
        -119.79111,
        36.59139
    ],
    "keywords": [
        27,
        47,
        51,
        67,
        57,
        66,
        52,
        58,
        40
    ]
}