{
    "id": 25633,
    "category": 30,
    "location": [
        -120.35167,
        36.14944
    ],
    "keywords": [
        12,
        67,
        60,
        20,
        60
    ]
}