{
    "id": 25634,
    "category": 30,
    "location": [
        -120.36306,
        36.14444
    ],
    "keywords": [
        69,
        60,
        43,
        21,
        19,
        39,
        40,
        18,
        28,
        31,
        9,
        29,
        38,
        44
    ]
}