{
    "id": 2564,
    "category": 7,
    "location": [
        -118.08167,
        33.72556
    ],
    "keywords": [
        1,
        57
    ]
}