{
    "id": 25675,
    "category": 30,
    "location": [
        -120.97583,
        39.03694
    ],
    "keywords": [
        34,
        37,
        59,
        7,
        62
    ]
}