{
    "id": 25673,
    "category": 30,
    "location": [
        -120.96222,
        37.60028
    ],
    "keywords": [
        68,
        12,
        62
    ]
}