{
    "id": 25708,
    "category": 30,
    "location": [
        -121.30472,
        38.12417
    ],
    "keywords": [
        44,
        12,
        10,
        4,
        69,
        75,
        41,
        17,
        20,
        47,
        41,
        23,
        46
    ]
}