{
    "id": 2571,
    "category": 7,
    "location": [
        -118.36694,
        33.38889
    ],
    "keywords": []
}