{
    "id": 25712,
    "category": 30,
    "location": [
        -121.35917,
        38.41306
    ],
    "keywords": [
        33,
        13,
        3,
        56,
        69,
        70,
        45,
        68
    ]
}