{
    "id": 25732,
    "category": 30,
    "location": [
        -121.59833,
        39.14917
    ],
    "keywords": []
}