{
    "id": 25744,
    "category": 30,
    "location": [
        -121.75306,
        38.54444
    ],
    "keywords": [
        37,
        64
    ]
}