{
    "id": 25757,
    "category": 30,
    "location": [
        -121.80056,
        36.65139
    ],
    "keywords": [
        5,
        0,
        68,
        56,
        74,
        33,
        31
    ]
}