{
    "id": 25777,
    "category": 30,
    "location": [
        -121.94528,
        37.25194
    ],
    "keywords": [
        13,
        46,
        55,
        49
    ]
}