{
    "id": 2579,
    "category": 7,
    "location": [
        -118.49278,
        34.00722
    ],
    "keywords": [
        54,
        40,
        8,
        67
    ]
}