{
    "id": 25818,
    "category": 30,
    "location": [
        -122.15611,
        37.44361
    ],
    "keywords": [
        31,
        16,
        4,
        0,
        73,
        4,
        2,
        14,
        75,
        1,
        37,
        28
    ]
}