{
    "id": 25819,
    "category": 30,
    "location": [
        -122.15639,
        37.44972
    ],
    "keywords": [
        59,
        69,
        49,
        51,
        73,
        11,
        64,
        63,
        14,
        4,
        70,
        23,
        17
    ]
}