{
    "id": 25831,
    "category": 30,
    "location": [
        -122.20333,
        37.78056
    ],
    "keywords": [
        27,
        68,
        56,
        63,
        44,
        19,
        41
    ]
}