{
    "id": 25863,
    "category": 30,
    "location": [
        -122.29861,
        37.53111
    ],
    "keywords": [
        30
    ]
}