{
    "id": 25875,
    "category": 30,
    "location": [
        -122.38361,
        41.42694
    ],
    "keywords": [
        35,
        69,
        3,
        53,
        24,
        33,
        49,
        72,
        25,
        14,
        15,
        13,
        61
    ]
}