{
    "id": 25887,
    "category": 30,
    "location": [
        -122.42361,
        37.46194
    ],
    "keywords": [
        54,
        13,
        51,
        56,
        9
    ]
}