{
    "id": 25901,
    "category": 30,
    "location": [
        -122.43861,
        37.65944
    ],
    "keywords": []
}