{
    "id": 25923,
    "category": 30,
    "location": [
        -122.47611,
        37.75667
    ],
    "keywords": [
        36,
        38,
        25,
        58,
        6,
        73,
        63,
        0
    ]
}