{
    "id": 25949,
    "category": 30,
    "location": [
        -122.89444,
        41.45694
    ],
    "keywords": [
        35,
        49,
        34,
        27,
        75,
        75
    ]
}