{
    "id": 25946,
    "category": 30,
    "location": [
        -122.81861,
        38.39778
    ],
    "keywords": [
        30,
        47
    ]
}