{
    "id": 25954,
    "category": 30,
    "location": [
        -123.21056,
        39.12778
    ],
    "keywords": []
}