{
    "id": 25961,
    "category": 30,
    "location": [
        -124.08972,
        40.89639
    ],
    "keywords": [
        4,
        55,
        61,
        29,
        46,
        16,
        10
    ]
}