{
    "id": 25969,
    "category": 31,
    "location": [
        -114.36917,
        34.11861
    ],
    "keywords": [
        55,
        37,
        17,
        33
    ]
}