{
    "id": 25973,
    "category": 31,
    "location": [
        -115.60722,
        33.22528
    ],
    "keywords": [
        24,
        6,
        61,
        27,
        55,
        74,
        31,
        12,
        73,
        19,
        31,
        42,
        19
    ]
}