{
    "id": 25998,
    "category": 31,
    "location": [
        -117.90194,
        33.60028
    ],
    "keywords": [
        40
    ]
}