{
    "id": 260,
    "category": 0,
    "location": [
        -118.11583,
        34.48583
    ],
    "keywords": [
        63
    ]
}