{
    "id": 26017,
    "category": 31,
    "location": [
        -118.35361,
        32.81611
    ],
    "keywords": [
        31,
        23,
        70,
        40,
        36
    ]
}