{
    "id": 26031,
    "category": 31,
    "location": [
        -118.60861,
        34.03583
    ],
    "keywords": [
        56,
        57,
        57,
        59,
        26,
        67,
        36
    ]
}