{
    "id": 26045,
    "category": 31,
    "location": [
        -119.39861,
        34.00444
    ],
    "keywords": [
        31,
        45,
        23,
        56,
        53,
        56
    ]
}