{
    "id": 26055,
    "category": 31,
    "location": [
        -119.72028,
        35.95139
    ],
    "keywords": [
        74,
        31,
        41,
        18,
        71,
        53,
        17,
        45,
        47
    ]
}