{
    "id": 2605,
    "category": 7,
    "location": [
        -119.03444,
        34.08278
    ],
    "keywords": [
        33,
        9,
        18,
        8,
        55,
        50,
        0,
        69,
        31,
        41,
        23,
        56
    ]
}