{
    "id": 26082,
    "category": 31,
    "location": [
        -120.38667,
        37.71139
    ],
    "keywords": [
        3
    ]
}