{
    "id": 26096,
    "category": 31,
    "location": [
        -120.75361,
        35.15944
    ],
    "keywords": [
        29,
        5,
        45,
        13,
        10,
        56,
        36,
        21
    ]
}