{
    "id": 26139,
    "category": 31,
    "location": [
        -121.49472,
        38.03778
    ],
    "keywords": [
        53
    ]
}