{
    "id": 2616,
    "category": 7,
    "location": [
        -119.42417,
        34.35083
    ],
    "keywords": [
        33,
        68,
        45,
        25,
        7,
        26
    ]
}