{
    "id": 26175,
    "category": 31,
    "location": [
        -121.63306,
        38.24056
    ],
    "keywords": [
        30,
        16,
        36,
        48,
        37,
        64,
        21,
        25,
        9,
        68,
        20,
        7,
        53,
        4,
        51
    ]
}