{
    "id": 2618,
    "category": 7,
    "location": [
        -119.66306,
        34.41667
    ],
    "keywords": [
        48,
        39,
        22,
        11,
        28,
        45
    ]
}