{
    "id": 26184,
    "category": 31,
    "location": [
        -121.68472,
        38.03639
    ],
    "keywords": [
        54,
        43,
        54,
        57,
        14,
        4,
        38,
        24,
        2,
        24,
        42
    ]
}