{
    "id": 26204,
    "category": 31,
    "location": [
        -121.88833,
        39.39556
    ],
    "keywords": [
        71,
        55,
        68
    ]
}