{
    "id": 26208,
    "category": 31,
    "location": [
        -121.91083,
        38.05528
    ],
    "keywords": [
        21,
        46,
        60,
        58,
        69,
        9,
        67,
        56,
        40,
        30
    ]
}