{
    "id": 26203,
    "category": 31,
    "location": [
        -121.88611,
        39.42611
    ],
    "keywords": [
        10
    ]
}