{
    "id": 26202,
    "category": 31,
    "location": [
        -121.86833,
        38.06972
    ],
    "keywords": [
        65,
        26,
        29,
        36
    ]
}