{
    "id": 26214,
    "category": 31,
    "location": [
        -121.94222,
        36.50694
    ],
    "keywords": [
        5,
        63,
        71,
        12
    ]
}