{
    "id": 26222,
    "category": 31,
    "location": [
        -121.96556,
        36.59167
    ],
    "keywords": [
        22,
        40,
        30,
        36,
        41,
        68,
        20,
        22
    ]
}