{
    "id": 26224,
    "category": 31,
    "location": [
        -121.97167,
        38.15139
    ],
    "keywords": [
        16,
        19,
        29,
        54,
        2,
        7,
        13,
        23,
        9,
        8,
        59,
        34,
        29,
        75
    ]
}