{
    "id": 26249,
    "category": 31,
    "location": [
        -122.08528,
        38.11667
    ],
    "keywords": [
        56,
        73,
        4,
        60,
        47,
        0,
        62
    ]
}