{
    "id": 26271,
    "category": 31,
    "location": [
        -122.26194,
        37.56528
    ],
    "keywords": [
        72,
        32,
        12,
        2,
        55,
        23,
        55,
        3,
        24,
        13,
        4,
        63
    ]
}