{
    "id": 26332,
    "category": 31,
    "location": [
        -122.55361,
        38.15611
    ],
    "keywords": [
        63,
        16,
        56,
        43,
        34,
        13,
        19,
        7,
        6
    ]
}