{
    "id": 26330,
    "category": 31,
    "location": [
        -122.53583,
        38.09778
    ],
    "keywords": [
        37,
        54,
        20
    ]
}