{
    "id": 2635,
    "category": 7,
    "location": [
        -120.09722,
        38.99917
    ],
    "keywords": [
        31
    ]
}