{
    "id": 26352,
    "category": 31,
    "location": [
        -122.93472,
        38.19722
    ],
    "keywords": [
        48,
        32,
        71,
        15,
        24,
        49,
        31,
        25,
        0,
        2,
        20
    ]
}