{
    "id": 26369,
    "category": 31,
    "location": [
        -123.11972,
        38.42472
    ],
    "keywords": [
        71,
        57,
        66,
        65,
        70,
        41,
        4,
        61,
        45,
        56,
        73,
        37,
        41,
        16
    ]
}