{
    "id": 26378,
    "category": 31,
    "location": [
        -123.55611,
        38.77889
    ],
    "keywords": [
        66,
        18,
        70,
        66,
        54,
        63,
        25,
        44,
        16,
        3,
        41,
        62,
        23,
        25,
        59
    ]
}