{
    "id": 26374,
    "category": 31,
    "location": [
        -123.14111,
        38.44056
    ],
    "keywords": [
        0,
        16
    ]
}