{
    "id": 26398,
    "category": 31,
    "location": [
        -123.83056,
        39.72194
    ],
    "keywords": [
        6,
        41,
        31,
        74,
        69,
        74,
        23,
        73,
        63,
        26
    ]
}