{
    "id": 26409,
    "category": 31,
    "location": [
        -123.94611,
        39.91722
    ],
    "keywords": [
        17,
        75,
        54,
        55,
        16,
        31,
        63,
        75,
        46,
        32,
        29,
        0,
        54,
        12,
        55
    ]
}