{
    "id": 26418,
    "category": 31,
    "location": [
        -124.12222,
        41.03556
    ],
    "keywords": [
        20,
        43,
        70,
        60,
        60
    ]
}