{
    "id": 26442,
    "category": 31,
    "location": [
        -124.18444,
        41.10889
    ],
    "keywords": [
        66,
        20,
        49,
        29,
        20,
        18,
        9,
        66,
        2,
        33,
        50,
        8,
        71,
        9,
        12
    ]
}