{
    "id": 26469,
    "category": 31,
    "location": [
        -124.30722,
        41.79917
    ],
    "keywords": []
}