{
    "id": 26466,
    "category": 31,
    "location": [
        -124.29861,
        41.81083
    ],
    "keywords": [
        63,
        75,
        0,
        73,
        47,
        33,
        39
    ]
}