{
    "id": 26492,
    "category": 31,
    "location": [
        -124.41972,
        40.44333
    ],
    "keywords": [
        18,
        55,
        23,
        10,
        35
    ]
}