{
    "id": 26512,
    "category": 33,
    "location": [
        -115.39472,
        34.29472
    ],
    "keywords": [
        62,
        0,
        23
    ]
}