{
    "id": 26518,
    "category": 33,
    "location": [
        -115.68056,
        32.78111
    ],
    "keywords": [
        9,
        12,
        65,
        75,
        54,
        6,
        10,
        13,
        56
    ]
}