{
    "id": 2653,
    "category": 7,
    "location": [
        -121.78889,
        36.80972
    ],
    "keywords": [
        55,
        70,
        22,
        1,
        57,
        41,
        3,
        41,
        24,
        49,
        35,
        0
    ]
}