{
    "id": 26554,
    "category": 33,
    "location": [
        -117.30639,
        33.25222
    ],
    "keywords": [
        69,
        16,
        31,
        3,
        18,
        11,
        26
    ]
}