{
    "id": 2656,
    "category": 7,
    "location": [
        -121.83222,
        36.88806
    ],
    "keywords": [
        46
    ]
}