{
    "id": 26574,
    "category": 33,
    "location": [
        -117.93444,
        33.90861
    ],
    "keywords": [
        13,
        71,
        72,
        31,
        32,
        42,
        61
    ]
}