{
    "id": 2658,
    "category": 7,
    "location": [
        -121.89444,
        36.60972
    ],
    "keywords": [
        50,
        71
    ]
}