{
    "id": 26604,
    "category": 33,
    "location": [
        -118.26861,
        36.57778
    ],
    "keywords": [
        24,
        10,
        70,
        69,
        0,
        53,
        57,
        24
    ]
}