{
    "id": 26614,
    "category": 33,
    "location": [
        -118.30889,
        36.55972
    ],
    "keywords": [
        22,
        61,
        70,
        13,
        69,
        4,
        59
    ]
}