{
    "id": 2662,
    "category": 7,
    "location": [
        -121.92611,
        36.52361
    ],
    "keywords": [
        54,
        42,
        66,
        33,
        26,
        2,
        37,
        69,
        0,
        62,
        63,
        55,
        24
    ]
}