{
    "id": 26628,
    "category": 33,
    "location": [
        -118.35028,
        36.76861
    ],
    "keywords": []
}