{
    "id": 26659,
    "category": 33,
    "location": [
        -118.42056,
        37.04333
    ],
    "keywords": [
        20,
        11,
        6,
        36,
        49,
        43,
        22,
        32,
        3,
        34
    ]
}