{
    "id": 26665,
    "category": 33,
    "location": [
        -118.44028,
        36.57639
    ],
    "keywords": [
        22,
        58,
        26,
        46,
        17
    ]
}