{
    "id": 26686,
    "category": 33,
    "location": [
        -118.49167,
        35.15056
    ],
    "keywords": [
        37,
        64,
        42,
        12,
        19,
        57,
        50,
        15
    ]
}