{
    "id": 26685,
    "category": 33,
    "location": [
        -118.48861,
        37.15778
    ],
    "keywords": [
        38,
        56,
        70,
        34
    ]
}