{
    "id": 26680,
    "category": 33,
    "location": [
        -118.47833,
        37.05528
    ],
    "keywords": [
        24,
        13,
        27
    ]
}