{
    "id": 26688,
    "category": 33,
    "location": [
        -118.49472,
        36.69306
    ],
    "keywords": [
        16,
        31,
        68,
        69
    ]
}