{
    "id": 26695,
    "category": 33,
    "location": [
        -118.50889,
        36.70278
    ],
    "keywords": [
        3,
        11,
        74,
        1,
        24
    ]
}