{
    "id": 267,
    "category": 0,
    "location": [
        -118.14611,
        33.80722
    ],
    "keywords": [
        60,
        72,
        75,
        19,
        33,
        42,
        42,
        3,
        67,
        75,
        11,
        26,
        9,
        41
    ]
}