{
    "id": 26700,
    "category": 33,
    "location": [
        -118.51139,
        37.13611
    ],
    "keywords": [
        46,
        33,
        37,
        40,
        54,
        27,
        0,
        33,
        13,
        42,
        56,
        66,
        54
    ]
}