{
    "id": 26716,
    "category": 33,
    "location": [
        -118.53917,
        36.58917
    ],
    "keywords": [
        46,
        37,
        2,
        5
    ]
}