{
    "id": 26715,
    "category": 33,
    "location": [
        -118.53611,
        37.08528
    ],
    "keywords": [
        39,
        10,
        16,
        20,
        30,
        21,
        55,
        55,
        6,
        26
    ]
}