{
    "id": 26719,
    "category": 33,
    "location": [
        -118.54528,
        36.50139
    ],
    "keywords": [
        15,
        3,
        66,
        13,
        56,
        57,
        7,
        65
    ]
}