{
    "id": 2672,
    "category": 7,
    "location": [
        -121.95417,
        36.97028
    ],
    "keywords": []
}