{
    "id": 26738,
    "category": 33,
    "location": [
        -118.55694,
        36.41806
    ],
    "keywords": [
        30,
        4,
        9,
        55,
        10,
        44,
        37,
        66,
        40,
        19,
        10,
        35
    ]
}