{
    "id": 26744,
    "category": 33,
    "location": [
        -118.56167,
        37.15556
    ],
    "keywords": [
        23,
        26,
        68,
        48,
        64,
        57,
        63,
        74,
        22,
        55,
        59,
        49,
        72
    ]
}