{
    "id": 26778,
    "category": 33,
    "location": [
        -118.61833,
        37.18306
    ],
    "keywords": [
        72,
        42
    ]
}