{
    "id": 26773,
    "category": 33,
    "location": [
        -118.61222,
        36.41917
    ],
    "keywords": []
}