{
    "id": 26783,
    "category": 33,
    "location": [
        -118.62194,
        37.16889
    ],
    "keywords": [
        36
    ]
}