{
    "id": 26787,
    "category": 33,
    "location": [
        -118.62972,
        34.74306
    ],
    "keywords": [
        13,
        35,
        4,
        64
    ]
}