{
    "id": 26782,
    "category": 33,
    "location": [
        -118.61944,
        36.28917
    ],
    "keywords": [
        65,
        74,
        38,
        2,
        4,
        54,
        47,
        19,
        14,
        34,
        42,
        47
    ]
}