{
    "id": 26789,
    "category": 33,
    "location": [
        -118.62972,
        37.21722
    ],
    "keywords": [
        58,
        14,
        57,
        18,
        59,
        26,
        2,
        19,
        54,
        52,
        63
    ]
}