{
    "id": 26790,
    "category": 33,
    "location": [
        -118.63111,
        37.09333
    ],
    "keywords": [
        8,
        63,
        74,
        20,
        13,
        40,
        56,
        27,
        40,
        18,
        60,
        4,
        35,
        40,
        68
    ]
}