{
    "id": 26807,
    "category": 33,
    "location": [
        -118.65361,
        37.17361
    ],
    "keywords": [
        69,
        44,
        8,
        3,
        70,
        4,
        71,
        52,
        12,
        44,
        3,
        73,
        0,
        35,
        12
    ]
}