{
    "id": 26819,
    "category": 33,
    "location": [
        -118.66889,
        37.20861
    ],
    "keywords": [
        29,
        62,
        69,
        5,
        12,
        32,
        45,
        57,
        34
    ]
}