{
    "id": 26849,
    "category": 33,
    "location": [
        -118.70333,
        36.64722
    ],
    "keywords": [
        42,
        4,
        72,
        72,
        5,
        38,
        18,
        5,
        22,
        74,
        22,
        4,
        8,
        7,
        2
    ]
}