{
    "id": 26858,
    "category": 33,
    "location": [
        -118.70889,
        37.30667
    ],
    "keywords": []
}