{
    "id": 26859,
    "category": 33,
    "location": [
        -118.70917,
        37.41167
    ],
    "keywords": [
        54,
        65,
        41,
        22,
        44,
        62,
        38,
        34,
        45,
        47,
        36,
        61
    ]
}