{
    "id": 2687,
    "category": 7,
    "location": [
        -122.22889,
        37.04028
    ],
    "keywords": [
        61
    ]
}