{
    "id": 26874,
    "category": 33,
    "location": [
        -118.72028,
        36.86472
    ],
    "keywords": [
        57
    ]
}