{
    "id": 26870,
    "category": 33,
    "location": [
        -118.71833,
        37.43389
    ],
    "keywords": [
        45,
        48,
        58,
        37,
        53,
        70,
        75,
        37,
        63,
        43,
        19,
        62,
        29,
        6
    ]
}