{
    "id": 26897,
    "category": 33,
    "location": [
        -118.73972,
        37.28194
    ],
    "keywords": [
        29,
        26,
        25,
        57,
        4,
        7
    ]
}