{
    "id": 26892,
    "category": 33,
    "location": [
        -118.73667,
        37.45278
    ],
    "keywords": [
        68,
        70,
        0,
        43,
        64,
        29,
        33
    ]
}