{
    "id": 269,
    "category": 0,
    "location": [
        -118.15056,
        34.12389
    ],
    "keywords": [
        43,
        75,
        7,
        12,
        74,
        66,
        6,
        52,
        69,
        40,
        62,
        21,
        20,
        73,
        37
    ]
}