{
    "id": 26908,
    "category": 33,
    "location": [
        -118.74583,
        37.04583
    ],
    "keywords": [
        59,
        55,
        0,
        34,
        18,
        36,
        75,
        2,
        54,
        5,
        43,
        65
    ]
}