{
    "id": 26920,
    "category": 33,
    "location": [
        -118.75111,
        37.06028
    ],
    "keywords": [
        71,
        14
    ]
}