{
    "id": 26936,
    "category": 33,
    "location": [
        -118.76028,
        37.47944
    ],
    "keywords": [
        73,
        50,
        34,
        64,
        75,
        39,
        5,
        18,
        21,
        68,
        18
    ]
}