{
    "id": 26940,
    "category": 33,
    "location": [
        -118.76444,
        37.08417
    ],
    "keywords": [
        72,
        20
    ]
}