{
    "id": 26948,
    "category": 33,
    "location": [
        -118.77444,
        37.43583
    ],
    "keywords": []
}