{
    "id": 26950,
    "category": 33,
    "location": [
        -118.77528,
        37.40278
    ],
    "keywords": [
        45,
        20,
        33,
        53,
        32,
        34,
        30,
        18
    ]
}