{
    "id": 26966,
    "category": 33,
    "location": [
        -118.79278,
        37.66611
    ],
    "keywords": [
        32,
        35,
        60,
        2,
        39
    ]
}