{
    "id": 26988,
    "category": 33,
    "location": [
        -118.80111,
        37.27278
    ],
    "keywords": [
        13,
        16,
        26,
        44
    ]
}