{
    "id": 26983,
    "category": 33,
    "location": [
        -118.79889,
        37.13917
    ],
    "keywords": [
        27,
        36,
        26,
        59,
        58,
        54,
        52,
        17,
        43,
        59,
        65,
        59,
        7,
        41
    ]
}