{
    "id": 27004,
    "category": 33,
    "location": [
        -118.80944,
        37.34583
    ],
    "keywords": [
        49,
        47,
        29,
        45,
        70,
        34,
        51,
        71,
        70,
        5
    ]
}