{
    "id": 27046,
    "category": 33,
    "location": [
        -118.84639,
        37.28972
    ],
    "keywords": [
        73,
        43,
        75,
        45,
        6,
        72,
        46,
        63,
        36,
        74,
        54,
        63,
        5
    ]
}