{
    "id": 27059,
    "category": 33,
    "location": [
        -118.85722,
        37.39722
    ],
    "keywords": [
        9,
        37,
        26,
        67
    ]
}