{
    "id": 27098,
    "category": 33,
    "location": [
        -118.89694,
        37.54889
    ],
    "keywords": [
        14,
        11,
        63,
        66,
        45,
        8,
        13,
        10,
        59
    ]
}