{
    "id": 2710,
    "category": 7,
    "location": [
        -122.45472,
        37.48861
    ],
    "keywords": [
        56,
        13,
        19,
        63,
        55,
        44,
        11,
        16,
        59,
        35,
        63,
        48
    ]
}