{
    "id": 27155,
    "category": 33,
    "location": [
        -118.97861,
        37.45306
    ],
    "keywords": [
        4,
        33,
        75,
        3,
        62,
        19,
        14,
        6,
        13,
        17,
        39,
        25,
        26
    ]
}