{
    "id": 27165,
    "category": 33,
    "location": [
        -118.98778,
        37.46583
    ],
    "keywords": [
        50
    ]
}