{
    "id": 27212,
    "category": 33,
    "location": [
        -119.04222,
        37.44639
    ],
    "keywords": [
        58,
        56
    ]
}