{
    "id": 27229,
    "category": 33,
    "location": [
        -119.05972,
        37.28556
    ],
    "keywords": [
        33,
        24
    ]
}