{
    "id": 27231,
    "category": 33,
    "location": [
        -119.06167,
        37.15083
    ],
    "keywords": [
        26,
        57,
        20,
        27,
        11,
        0,
        75
    ]
}