{
    "id": 27233,
    "category": 33,
    "location": [
        -119.06472,
        37.12778
    ],
    "keywords": [
        13,
        68,
        63,
        31,
        56,
        11,
        42,
        20,
        2,
        63
    ]
}