{
    "id": 27242,
    "category": 33,
    "location": [
        -119.07444,
        37.11139
    ],
    "keywords": [
        11,
        21,
        11,
        45,
        74,
        66,
        1,
        18,
        48,
        47
    ]
}