{
    "id": 27247,
    "category": 33,
    "location": [
        -119.08361,
        37.15306
    ],
    "keywords": [
        6,
        52,
        70,
        28,
        4,
        7,
        27,
        7,
        27,
        3,
        8,
        9,
        33
    ]
}