{
    "id": 27257,
    "category": 33,
    "location": [
        -119.10694,
        37.67028
    ],
    "keywords": [
        25
    ]
}