{
    "id": 27251,
    "category": 33,
    "location": [
        -119.09028,
        37.30778
    ],
    "keywords": [
        39,
        18,
        53,
        48,
        41,
        58,
        3,
        14,
        64,
        51
    ]
}