{
    "id": 27254,
    "category": 33,
    "location": [
        -119.09417,
        37.74417
    ],
    "keywords": [
        67,
        13,
        1,
        58,
        55,
        58
    ]
}