{
    "id": 27265,
    "category": 33,
    "location": [
        -119.11694,
        37.68222
    ],
    "keywords": [
        24,
        34,
        16,
        69,
        57,
        73,
        26,
        36,
        10,
        18,
        31,
        68
    ]
}