{
    "id": 27271,
    "category": 33,
    "location": [
        -119.12389,
        37.16667
    ],
    "keywords": [
        1,
        0,
        23,
        43,
        14,
        73,
        73,
        28,
        51
    ]
}