{
    "id": 27280,
    "category": 33,
    "location": [
        -119.14139,
        37.63472
    ],
    "keywords": []
}