{
    "id": 27290,
    "category": 33,
    "location": [
        -119.15222,
        37.08278
    ],
    "keywords": [
        46,
        69,
        54
    ]
}