{
    "id": 27292,
    "category": 33,
    "location": [
        -119.15333,
        37.62806
    ],
    "keywords": [
        17,
        71,
        30,
        42,
        48
    ]
}