{
    "id": 27295,
    "category": 33,
    "location": [
        -119.15722,
        37.65972
    ],
    "keywords": [
        19,
        31,
        35,
        73,
        30,
        52,
        8,
        66,
        4,
        24,
        23,
        56
    ]
}