{
    "id": 27306,
    "category": 33,
    "location": [
        -119.16528,
        37.74111
    ],
    "keywords": [
        15,
        28,
        64,
        59,
        45,
        21,
        37,
        72,
        36,
        28
    ]
}