{
    "id": 27326,
    "category": 33,
    "location": [
        -119.18667,
        37.59778
    ],
    "keywords": [
        59,
        18
    ]
}