{
    "id": 27330,
    "category": 33,
    "location": [
        -119.19361,
        37.29778
    ],
    "keywords": [
        67,
        60,
        2,
        37,
        72,
        68,
        53,
        40,
        19,
        55,
        65,
        0
    ]
}