{
    "id": 27362,
    "category": 33,
    "location": [
        -119.26306,
        38.04306
    ],
    "keywords": [
        14,
        48,
        11,
        12,
        56,
        59,
        48,
        59
    ]
}