{
    "id": 27372,
    "category": 33,
    "location": [
        -119.27139,
        37.94583
    ],
    "keywords": [
        74,
        40,
        60,
        70,
        8,
        17,
        71,
        2,
        58,
        71,
        39,
        44,
        6
    ]
}