{
    "id": 27385,
    "category": 33,
    "location": [
        -119.28889,
        37.97972
    ],
    "keywords": [
        23,
        61,
        51,
        40
    ]
}