{
    "id": 27390,
    "category": 33,
    "location": [
        -119.29139,
        38.00194
    ],
    "keywords": [
        38,
        11,
        56,
        48,
        14,
        34,
        7,
        73,
        62,
        38,
        45,
        73,
        0,
        57
    ]
}