{
    "id": 27411,
    "category": 33,
    "location": [
        -119.31278,
        37.64917
    ],
    "keywords": [
        70,
        75,
        46
    ]
}