{
    "id": 27433,
    "category": 33,
    "location": [
        -119.33833,
        37.89111
    ],
    "keywords": [
        15,
        51,
        61,
        17,
        55,
        13,
        8,
        49,
        69
    ]
}