{
    "id": 27437,
    "category": 33,
    "location": [
        -119.34083,
        38.09889
    ],
    "keywords": [
        32,
        65,
        55,
        23,
        41,
        12
    ]
}