{
    "id": 27453,
    "category": 33,
    "location": [
        -119.35833,
        37.81944
    ],
    "keywords": []
}