{
    "id": 27487,
    "category": 33,
    "location": [
        -119.40528,
        37.64083
    ],
    "keywords": [
        70
    ]
}