{
    "id": 27480,
    "category": 33,
    "location": [
        -119.39472,
        37.84167
    ],
    "keywords": [
        37,
        15,
        57,
        46
    ]
}