{
    "id": 27492,
    "category": 33,
    "location": [
        -119.41417,
        37.70389
    ],
    "keywords": [
        47,
        45,
        26,
        39
    ]
}