{
    "id": 27493,
    "category": 33,
    "location": [
        -119.41667,
        37.54583
    ],
    "keywords": [
        25,
        43,
        41,
        36,
        67,
        45,
        4,
        33,
        29,
        40,
        51,
        3,
        75,
        50,
        42
    ]
}