{
    "id": 2749,
    "category": 7,
    "location": [
        -122.92389,
        38.03528
    ],
    "keywords": [
        47,
        9,
        15,
        75,
        14,
        30,
        5,
        66,
        38
    ]
}