{
    "id": 27507,
    "category": 33,
    "location": [
        -119.43972,
        37.82028
    ],
    "keywords": [
        47,
        36,
        37,
        47,
        21,
        20
    ]
}