{
    "id": 2751,
    "category": 7,
    "location": [
        -122.95556,
        38.23417
    ],
    "keywords": [
        21,
        21,
        66,
        63,
        21,
        53,
        7,
        57,
        27,
        2,
        13
    ]
}