{
    "id": 27538,
    "category": 33,
    "location": [
        -119.49611,
        37.49083
    ],
    "keywords": [
        49
    ]
}