{
    "id": 27532,
    "category": 33,
    "location": [
        -119.48444,
        38.01361
    ],
    "keywords": [
        18,
        43,
        1,
        22,
        31,
        16,
        13,
        40,
        55,
        71,
        13,
        8
    ]
}