{
    "id": 27540,
    "category": 33,
    "location": [
        -119.49861,
        38.34056
    ],
    "keywords": [
        29,
        30,
        12,
        26,
        55,
        73,
        37
    ]
}