{
    "id": 27555,
    "category": 33,
    "location": [
        -119.52278,
        37.63167
    ],
    "keywords": [
        13,
        14,
        42,
        67
    ]
}