{
    "id": 27576,
    "category": 33,
    "location": [
        -119.54944,
        37.62444
    ],
    "keywords": [
        33,
        17,
        39,
        16
    ]
}