{
    "id": 2757,
    "category": 7,
    "location": [
        -122.97611,
        38.22694
    ],
    "keywords": [
        67,
        47,
        22,
        53,
        18,
        51
    ]
}