{
    "id": 27579,
    "category": 33,
    "location": [
        -119.56028,
        38.14444
    ],
    "keywords": [
        16,
        41,
        59,
        25,
        57,
        29,
        5,
        20,
        38,
        27,
        34,
        61
    ]
}