{
    "id": 27578,
    "category": 33,
    "location": [
        -119.55889,
        37.98889
    ],
    "keywords": [
        12,
        17,
        2,
        29
    ]
}