{
    "id": 27602,
    "category": 33,
    "location": [
        -119.62639,
        38.45583
    ],
    "keywords": [
        13,
        73,
        75,
        17,
        11,
        7,
        11
    ]
}