{
    "id": 27605,
    "category": 33,
    "location": [
        -119.63417,
        38.43833
    ],
    "keywords": [
        65,
        5,
        29,
        68,
        67,
        24
    ]
}