{
    "id": 27617,
    "category": 33,
    "location": [
        -119.65222,
        38.48111
    ],
    "keywords": [
        65,
        61,
        55,
        69,
        4,
        74,
        0
    ]
}