{
    "id": 27611,
    "category": 33,
    "location": [
        -119.64167,
        38.07083
    ],
    "keywords": [
        56,
        12
    ]
}