{
    "id": 27612,
    "category": 33,
    "location": [
        -119.64222,
        38.05417
    ],
    "keywords": [
        4,
        40,
        68,
        8,
        42,
        0,
        23
    ]
}