{
    "id": 27615,
    "category": 33,
    "location": [
        -119.64833,
        38.15139
    ],
    "keywords": [
        43,
        21,
        41,
        24
    ]
}