{
    "id": 27622,
    "category": 33,
    "location": [
        -119.65806,
        38.29222
    ],
    "keywords": [
        61,
        65,
        67,
        18,
        37,
        55,
        74,
        56,
        27,
        37,
        29,
        33
    ]
}