{
    "id": 27621,
    "category": 33,
    "location": [
        -119.65472,
        38.08028
    ],
    "keywords": [
        5,
        49,
        8,
        70,
        74,
        22,
        75,
        4,
        72,
        7,
        3,
        9,
        38,
        29,
        3
    ]
}