{
    "id": 27634,
    "category": 33,
    "location": [
        -119.67806,
        38.10083
    ],
    "keywords": [
        52,
        1,
        47,
        10,
        40,
        12,
        75,
        30
    ]
}