{
    "id": 27645,
    "category": 33,
    "location": [
        -119.69861,
        38.16111
    ],
    "keywords": [
        48,
        35,
        32,
        55,
        16,
        58,
        57,
        43,
        22,
        52,
        72
    ]
}