{
    "id": 2765,
    "category": 7,
    "location": [
        -123.07167,
        38.36778
    ],
    "keywords": [
        30,
        24,
        38,
        19,
        50,
        7,
        71,
        57,
        59,
        70
    ]
}