{
    "id": 27662,
    "category": 33,
    "location": [
        -119.72917,
        38.22083
    ],
    "keywords": [
        7
    ]
}