{
    "id": 27664,
    "category": 33,
    "location": [
        -119.73389,
        38.22278
    ],
    "keywords": [
        0,
        34,
        73,
        22,
        49,
        26,
        70,
        75,
        71
    ]
}