{
    "id": 27669,
    "category": 33,
    "location": [
        -119.74278,
        38.22778
    ],
    "keywords": [
        38,
        13,
        8,
        18,
        72,
        0,
        24,
        5,
        58,
        37,
        45,
        11,
        57,
        17
    ]
}