{
    "id": 27674,
    "category": 33,
    "location": [
        -119.75333,
        38.14361
    ],
    "keywords": [
        21,
        25,
        29,
        1
    ]
}