{
    "id": 27685,
    "category": 33,
    "location": [
        -119.76861,
        38.14167
    ],
    "keywords": [
        73,
        25,
        12,
        13,
        33,
        37,
        18,
        54,
        42,
        58,
        11,
        25,
        12
    ]
}