{
    "id": 2769,
    "category": 7,
    "location": [
        -123.09778,
        38.40528
    ],
    "keywords": [
        52,
        66,
        20,
        0,
        3,
        6,
        52,
        0,
        60,
        5
    ]
}