{
    "id": 27731,
    "category": 33,
    "location": [
        -119.88306,
        38.61722
    ],
    "keywords": [
        15,
        16,
        9,
        38,
        4,
        53,
        21
    ]
}