{
    "id": 27752,
    "category": 33,
    "location": [
        -119.96389,
        38.79389
    ],
    "keywords": [
        3,
        56,
        53,
        68
    ]
}