{
    "id": 2776,
    "category": 7,
    "location": [
        -123.43139,
        38.68639
    ],
    "keywords": [
        29,
        51,
        41,
        64,
        66,
        66,
        26,
        44,
        51,
        65,
        5,
        63
    ]
}