{
    "id": 27776,
    "category": 33,
    "location": [
        -120.01611,
        38.64944
    ],
    "keywords": [
        18,
        69,
        69,
        51,
        35,
        12,
        19,
        72,
        56
    ]
}