{
    "id": 27778,
    "category": 33,
    "location": [
        -120.01917,
        38.43694
    ],
    "keywords": [
        24,
        68,
        20,
        53,
        1
    ]
}