{
    "id": 27780,
    "category": 33,
    "location": [
        -120.02083,
        38.76028
    ],
    "keywords": []
}