{
    "id": 27788,
    "category": 33,
    "location": [
        -120.03889,
        34.77778
    ],
    "keywords": [
        11,
        22,
        66
    ]
}