{
    "id": 2779,
    "category": 7,
    "location": [
        -123.58083,
        38.80333
    ],
    "keywords": [
        22,
        1
    ]
}