{
    "id": 27793,
    "category": 33,
    "location": [
        -120.04444,
        40.18583
    ],
    "keywords": [
        54,
        31,
        20,
        50,
        3,
        30,
        22,
        27,
        53,
        29,
        58,
        48,
        73,
        61
    ]
}