{
    "id": 27800,
    "category": 33,
    "location": [
        -120.06556,
        38.86417
    ],
    "keywords": [
        53,
        20,
        27,
        37,
        5
    ]
}