{
    "id": 27831,
    "category": 33,
    "location": [
        -120.11056,
        38.91194
    ],
    "keywords": []
}