{
    "id": 27847,
    "category": 33,
    "location": [
        -120.12444,
        38.83583
    ],
    "keywords": [
        24
    ]
}