{
    "id": 2786,
    "category": 7,
    "location": [
        -124.06722,
        41.39667
    ],
    "keywords": [
        8,
        46,
        0,
        24,
        31
    ]
}