{
    "id": 27891,
    "category": 33,
    "location": [
        -120.17528,
        39.04083
    ],
    "keywords": [
        45,
        8,
        33,
        55,
        59,
        35,
        4,
        30
    ]
}