{
    "id": 27909,
    "category": 33,
    "location": [
        -120.19639,
        41.38028
    ],
    "keywords": [
        75,
        63,
        18,
        20,
        17,
        44,
        52,
        13,
        68,
        29,
        2,
        29,
        74
    ]
}