{
    "id": 27917,
    "category": 33,
    "location": [
        -120.20056,
        38.87222
    ],
    "keywords": [
        9,
        17,
        16,
        59,
        1,
        67,
        26
    ]
}