{
    "id": 27928,
    "category": 33,
    "location": [
        -120.21722,
        38.93417
    ],
    "keywords": []
}