{
    "id": 2793,
    "category": 7,
    "location": [
        -124.15417,
        41.73056
    ],
    "keywords": [
        60,
        21,
        11,
        42,
        12,
        73,
        59,
        44,
        8,
        59,
        69,
        39
    ]
}