{
    "id": 27935,
    "category": 33,
    "location": [
        -120.22639,
        38.99361
    ],
    "keywords": [
        60,
        17,
        55,
        1,
        49,
        71,
        58,
        8,
        3
    ]
}