{
    "id": 27942,
    "category": 33,
    "location": [
        -120.23056,
        37.46194
    ],
    "keywords": [
        35,
        36,
        17,
        70,
        9,
        56,
        37
    ]
}