{
    "id": 27950,
    "category": 33,
    "location": [
        -120.23861,
        37.47222
    ],
    "keywords": [
        17
    ]
}