{
    "id": 2795,
    "category": 7,
    "location": [
        -124.21139,
        41.86944
    ],
    "keywords": [
        30,
        19,
        19,
        9,
        72,
        34,
        20,
        67,
        12,
        15,
        32,
        14,
        38,
        40,
        41
    ]
}