{
    "id": 27969,
    "category": 33,
    "location": [
        -120.27278,
        39.21694
    ],
    "keywords": [
        60,
        74,
        38,
        46,
        40,
        2,
        37,
        73,
        44
    ]
}