{
    "id": 27972,
    "category": 33,
    "location": [
        -120.27944,
        39.00361
    ],
    "keywords": [
        62,
        44,
        16,
        47,
        40,
        41,
        10,
        20,
        13,
        12
    ]
}