{
    "id": 27987,
    "category": 33,
    "location": [
        -120.33806,
        38.99278
    ],
    "keywords": [
        2
    ]
}