{
    "id": 28003,
    "category": 33,
    "location": [
        -120.38778,
        39.37611
    ],
    "keywords": [
        21
    ]
}