{
    "id": 2801,
    "category": 8,
    "location": [
        -116.90889,
        34.03111
    ],
    "keywords": [
        44,
        0,
        66,
        68,
        6,
        6,
        25
    ]
}