{
    "id": 28020,
    "category": 33,
    "location": [
        -120.45278,
        39.55944
    ],
    "keywords": [
        15,
        28,
        2,
        50,
        61,
        37,
        71
    ]
}