{
    "id": 28056,
    "category": 33,
    "location": [
        -120.57444,
        39.35472
    ],
    "keywords": [
        43,
        50,
        10,
        52,
        71,
        13,
        19,
        65,
        38,
        57,
        39
    ]
}