{
    "id": 28088,
    "category": 33,
    "location": [
        -120.61556,
        41.24667
    ],
    "keywords": [
        75,
        75,
        36,
        10
    ]
}