{
    "id": 28099,
    "category": 33,
    "location": [
        -120.63444,
        39.67333
    ],
    "keywords": [
        67,
        3,
        42,
        37,
        9,
        63,
        42,
        74
    ]
}