{
    "id": 28118,
    "category": 33,
    "location": [
        -120.66222,
        39.70167
    ],
    "keywords": [
        12,
        44
    ]
}