{
    "id": 28119,
    "category": 33,
    "location": [
        -120.66361,
        39.66639
    ],
    "keywords": []
}