{
    "id": 2811,
    "category": 8,
    "location": [
        -118.36972,
        36.67583
    ],
    "keywords": [
        58,
        18,
        64,
        49,
        39,
        58,
        25,
        56,
        12,
        51,
        34,
        71,
        31
    ]
}