{
    "id": 28111,
    "category": 33,
    "location": [
        -120.65444,
        39.62306
    ],
    "keywords": [
        12,
        41,
        64,
        35,
        35,
        46,
        56,
        48
    ]
}