{
    "id": 28121,
    "category": 33,
    "location": [
        -120.67056,
        39.69083
    ],
    "keywords": [
        2,
        24,
        17,
        75,
        69,
        64,
        3,
        58,
        47,
        28,
        7,
        27,
        27,
        3
    ]
}