{
    "id": 28149,
    "category": 33,
    "location": [
        -120.72556,
        39.69833
    ],
    "keywords": [
        48,
        32,
        25,
        63
    ]
}