{
    "id": 2815,
    "category": 8,
    "location": [
        -119.70694,
        37.71861
    ],
    "keywords": [
        46,
        22,
        27,
        63,
        75,
        19,
        2,
        12
    ]
}