{
    "id": 2816,
    "category": 8,
    "location": [
        -119.81944,
        34.76611
    ],
    "keywords": [
        13,
        38,
        2,
        33,
        27,
        13,
        35,
        41,
        61
    ]
}