{
    "id": 28177,
    "category": 33,
    "location": [
        -120.88944,
        40.90639
    ],
    "keywords": [
        16,
        2,
        61,
        58,
        68,
        39,
        69,
        3,
        3,
        29,
        73,
        69,
        50
    ]
}