{
    "id": 28182,
    "category": 33,
    "location": [
        -120.91694,
        40.94778
    ],
    "keywords": [
        44,
        59,
        64,
        4,
        7,
        55,
        60,
        68,
        2,
        72,
        41,
        11
    ]
}