{
    "id": 28185,
    "category": 33,
    "location": [
        -120.92278,
        41.01861
    ],
    "keywords": [
        44,
        40,
        42,
        66,
        25
    ]
}