{
    "id": 28201,
    "category": 33,
    "location": [
        -121.00167,
        38.36222
    ],
    "keywords": [
        73,
        67,
        7,
        12,
        23,
        9
    ]
}