{
    "id": 28223,
    "category": 33,
    "location": [
        -121.12083,
        41.72889
    ],
    "keywords": [
        20,
        66,
        4,
        55,
        74,
        37,
        72,
        41,
        10,
        58,
        37,
        68,
        0,
        22
    ]
}