{
    "id": 28242,
    "category": 33,
    "location": [
        -121.17611,
        41.49306
    ],
    "keywords": [
        21,
        38,
        5,
        35,
        11,
        7,
        17,
        52,
        24
    ]
}