{
    "id": 28259,
    "category": 33,
    "location": [
        -121.20361,
        39.93278
    ],
    "keywords": [
        26,
        8,
        56,
        73,
        17,
        57,
        24
    ]
}