{
    "id": 2825,
    "category": 8,
    "location": [
        -121.93611,
        37.86111
    ],
    "keywords": [
        20,
        5,
        62,
        47,
        21,
        4,
        72,
        16,
        33,
        15,
        47,
        73,
        66,
        57,
        68
    ]
}