{
    "id": 28274,
    "category": 33,
    "location": [
        -121.21417,
        40.52139
    ],
    "keywords": [
        47,
        46,
        13,
        7,
        11,
        72,
        12,
        69
    ]
}