{
    "id": 28296,
    "category": 33,
    "location": [
        -121.28111,
        40.45444
    ],
    "keywords": [
        69
    ]
}