{
    "id": 28311,
    "category": 33,
    "location": [
        -121.31028,
        38.16917
    ],
    "keywords": [
        5,
        23,
        28,
        66,
        64,
        48
    ]
}