{
    "id": 28323,
    "category": 33,
    "location": [
        -121.32972,
        40.49111
    ],
    "keywords": [
        40
    ]
}