{
    "id": 2837,
    "category": 9,
    "location": [
        -118.57222,
        35.34056
    ],
    "keywords": [
        13,
        29,
        18,
        68,
        14,
        16,
        39,
        35,
        57,
        28
    ]
}