{
    "id": 28395,
    "category": 33,
    "location": [
        -121.47972,
        40.40278
    ],
    "keywords": []
}