{
    "id": 28393,
    "category": 33,
    "location": [
        -121.46722,
        40.48028
    ],
    "keywords": [
        64,
        37,
        60,
        68,
        3,
        63,
        51,
        39,
        45,
        37
    ]
}