{
    "id": 28401,
    "category": 33,
    "location": [
        -121.48806,
        41.10944
    ],
    "keywords": [
        29,
        35,
        12,
        24,
        53,
        13,
        69,
        56,
        6,
        48
    ]
}