{
    "id": 28408,
    "category": 33,
    "location": [
        -121.51556,
        38.51306
    ],
    "keywords": [
        25,
        72,
        44,
        34,
        45,
        69,
        65,
        34,
        25,
        6,
        4,
        63,
        62,
        65
    ]
}