{
    "id": 28409,
    "category": 33,
    "location": [
        -121.51611,
        40.45222
    ],
    "keywords": [
        67,
        1,
        10,
        39
    ]
}