{
    "id": 28432,
    "category": 33,
    "location": [
        -121.56194,
        40.62778
    ],
    "keywords": [
        20,
        47,
        71,
        68,
        15,
        10,
        17,
        68,
        53,
        37,
        27,
        3,
        62,
        33,
        14
    ]
}