{
    "id": 28449,
    "category": 33,
    "location": [
        -121.58611,
        39.14778
    ],
    "keywords": [
        4,
        11,
        66
    ]
}