{
    "id": 28460,
    "category": 33,
    "location": [
        -121.59889,
        40.70639
    ],
    "keywords": [
        49,
        58,
        54,
        63,
        42,
        73,
        12,
        68
    ]
}