{
    "id": 28475,
    "category": 33,
    "location": [
        -121.62222,
        41.82917
    ],
    "keywords": [
        26,
        19,
        13,
        22,
        75,
        5,
        39,
        10,
        35,
        64,
        62,
        28,
        1,
        2
    ]
}