{
    "id": 28472,
    "category": 33,
    "location": [
        -121.61694,
        38.62528
    ],
    "keywords": [
        21,
        29,
        40,
        44,
        6,
        67,
        0,
        75,
        54,
        13,
        36,
        51,
        10
    ]
}