{
    "id": 28471,
    "category": 33,
    "location": [
        -121.61417,
        37.17917
    ],
    "keywords": [
        67,
        40,
        23,
        29
    ]
}