{
    "id": 28481,
    "category": 33,
    "location": [
        -121.63333,
        41.99306
    ],
    "keywords": [
        3,
        56,
        3,
        43,
        37,
        28,
        73
    ]
}