{
    "id": 28496,
    "category": 33,
    "location": [
        -121.68333,
        41.89861
    ],
    "keywords": [
        0,
        7,
        33,
        18,
        33,
        49,
        39,
        75,
        60,
        23
    ]
}