{
    "id": 28501,
    "category": 33,
    "location": [
        -121.70694,
        36.74111
    ],
    "keywords": [
        22,
        46,
        31,
        22,
        3,
        0
    ]
}