{
    "id": 28500,
    "category": 33,
    "location": [
        -121.70167,
        40.80667
    ],
    "keywords": [
        56,
        45,
        69,
        20
    ]
}