{
    "id": 28526,
    "category": 33,
    "location": [
        -121.79167,
        41.54528
    ],
    "keywords": [
        49,
        36,
        74,
        60,
        29,
        70,
        46,
        54,
        7,
        26,
        52,
        14,
        24,
        7
    ]
}