{
    "id": 28521,
    "category": 33,
    "location": [
        -121.77917,
        38.03194
    ],
    "keywords": [
        73,
        54,
        39
    ]
}