{
    "id": 28538,
    "category": 33,
    "location": [
        -121.81222,
        41.75444
    ],
    "keywords": [
        13,
        68,
        57,
        42,
        40,
        3,
        1,
        32,
        14,
        6,
        72,
        68,
        49,
        50,
        60
    ]
}