{
    "id": 28534,
    "category": 33,
    "location": [
        -121.80389,
        40.74944
    ],
    "keywords": [
        32,
        16,
        26,
        58,
        65,
        62,
        41,
        47,
        13,
        50,
        55
    ]
}