{
    "id": 28548,
    "category": 33,
    "location": [
        -121.85667,
        36.60694
    ],
    "keywords": [
        68,
        30,
        29,
        23,
        19,
        27,
        9,
        1,
        60,
        59,
        50
    ]
}