{
    "id": 2857,
    "category": 9,
    "location": [
        -121.05417,
        35.74556
    ],
    "keywords": [
        2,
        53,
        50,
        27,
        47,
        37,
        36,
        7,
        5,
        5,
        65
    ]
}