{
    "id": 2858,
    "category": 9,
    "location": [
        -121.17861,
        39.29278
    ],
    "keywords": [
        44,
        43,
        74,
        75,
        35,
        59,
        4,
        68,
        15,
        2,
        63,
        40,
        53,
        70,
        69
    ]
}