{
    "id": 28590,
    "category": 33,
    "location": [
        -122.00944,
        39.23528
    ],
    "keywords": [
        5,
        63,
        19,
        26,
        10,
        53,
        8,
        7,
        30,
        65,
        38
    ]
}