{
    "id": 286,
    "category": 0,
    "location": [
        -118.20472,
        34.65056
    ],
    "keywords": [
        7,
        39,
        36,
        62,
        27,
        8,
        45,
        17,
        72,
        61,
        4,
        65
    ]
}