{
    "id": 28620,
    "category": 33,
    "location": [
        -122.32667,
        41.30167
    ],
    "keywords": [
        70,
        23,
        56,
        31,
        17,
        68
    ]
}