{
    "id": 28633,
    "category": 33,
    "location": [
        -122.42444,
        41.12028
    ],
    "keywords": [
        23,
        71,
        21,
        29,
        73
    ]
}