{
    "id": 2863,
    "category": 9,
    "location": [
        -121.50611,
        38.47028
    ],
    "keywords": [
        47,
        25,
        34,
        31
    ]
}