{
    "id": 28644,
    "category": 33,
    "location": [
        -122.46639,
        37.87694
    ],
    "keywords": [
        24,
        37,
        8,
        7,
        19,
        2,
        1,
        72,
        69,
        60
    ]
}