{
    "id": 28657,
    "category": 33,
    "location": [
        -122.48194,
        41.19806
    ],
    "keywords": [
        26,
        7,
        52,
        4,
        61,
        14,
        32,
        37,
        48,
        0,
        43,
        39
    ]
}