{
    "id": 28679,
    "category": 33,
    "location": [
        -122.50361,
        41.19167
    ],
    "keywords": [
        25,
        44,
        19,
        62,
        20
    ]
}