{
    "id": 28687,
    "category": 33,
    "location": [
        -122.52361,
        38.75056
    ],
    "keywords": [
        36,
        66,
        9,
        10,
        3,
        71,
        33,
        63,
        37,
        58,
        71,
        38,
        44,
        43
    ]
}