{
    "id": 28701,
    "category": 33,
    "location": [
        -122.57778,
        41.38361
    ],
    "keywords": [
        54,
        41,
        58,
        4,
        64,
        58
    ]
}