{
    "id": 28717,
    "category": 33,
    "location": [
        -122.67639,
        38.93083
    ],
    "keywords": [
        2
    ]
}