{
    "id": 28729,
    "category": 33,
    "location": [
        -122.75167,
        41.23278
    ],
    "keywords": [
        37,
        2,
        31,
        62,
        46,
        4,
        23,
        32,
        3,
        29
    ]
}