{
    "id": 28730,
    "category": 33,
    "location": [
        -122.75417,
        41.14583
    ],
    "keywords": [
        0,
        75,
        67,
        21,
        15,
        14,
        16,
        38,
        30,
        36,
        45,
        36
    ]
}