{
    "id": 28760,
    "category": 33,
    "location": [
        -122.81583,
        41.21028
    ],
    "keywords": [
        39,
        65,
        33,
        59,
        48
    ]
}