{
    "id": 28777,
    "category": 33,
    "location": [
        -122.85944,
        40.04528
    ],
    "keywords": [
        71,
        56,
        35,
        50,
        28,
        33
    ]
}