{
    "id": 28796,
    "category": 33,
    "location": [
        -122.90917,
        40.99333
    ],
    "keywords": [
        4,
        37,
        3,
        23,
        23,
        51,
        68
    ]
}