{
    "id": 28821,
    "category": 33,
    "location": [
        -122.95583,
        41.29889
    ],
    "keywords": [
        16,
        57,
        74,
        63,
        44,
        49
    ]
}