{
    "id": 28832,
    "category": 33,
    "location": [
        -122.96111,
        41.15167
    ],
    "keywords": [
        49,
        23,
        7,
        21,
        69,
        0,
        22,
        9,
        15,
        42
    ]
}