{
    "id": 2883,
    "category": 9,
    "location": [
        -121.75861,
        38.86417
    ],
    "keywords": [
        72,
        47,
        62,
        71
    ]
}