{
    "id": 28863,
    "category": 33,
    "location": [
        -122.99056,
        40.94333
    ],
    "keywords": [
        63,
        50
    ]
}