{
    "id": 28895,
    "category": 33,
    "location": [
        -123.06333,
        41.01111
    ],
    "keywords": [
        58,
        35,
        10,
        22,
        10,
        2,
        57,
        19,
        52,
        68,
        56,
        62,
        31
    ]
}