{
    "id": 28890,
    "category": 33,
    "location": [
        -123.04944,
        39.98222
    ],
    "keywords": [
        51,
        60,
        25,
        14,
        56,
        45,
        19,
        27,
        21,
        34,
        26,
        71,
        27,
        14,
        19
    ]
}