{
    "id": 28892,
    "category": 33,
    "location": [
        -123.05222,
        39.93611
    ],
    "keywords": [
        52,
        75,
        13,
        47,
        59,
        8,
        63,
        27,
        55
    ]
}