{
    "id": 28902,
    "category": 33,
    "location": [
        -123.08083,
        41.53028
    ],
    "keywords": [
        51,
        18,
        18,
        39,
        34,
        6
    ]
}