{
    "id": 28907,
    "category": 33,
    "location": [
        -123.08694,
        40.01417
    ],
    "keywords": [
        34,
        42,
        74,
        19,
        74,
        57,
        35,
        47,
        48,
        54,
        57,
        56
    ]
}