{
    "id": 28917,
    "category": 33,
    "location": [
        -123.10667,
        41.56528
    ],
    "keywords": [
        21,
        50,
        3,
        21,
        58,
        64,
        30,
        74,
        72
    ]
}