{
    "id": 28921,
    "category": 33,
    "location": [
        -123.10861,
        39.38056
    ],
    "keywords": [
        69,
        25,
        19,
        66,
        35,
        20,
        32,
        64,
        37,
        16,
        56,
        58,
        66,
        44,
        42
    ]
}