{
    "id": 28933,
    "category": 33,
    "location": [
        -123.12556,
        41.53306
    ],
    "keywords": [
        36
    ]
}