{
    "id": 28934,
    "category": 33,
    "location": [
        -123.12722,
        40.00833
    ],
    "keywords": [
        64,
        29,
        62,
        17,
        48,
        46,
        2,
        27,
        46,
        28,
        3,
        74,
        43,
        55
    ]
}