{
    "id": 2898,
    "category": 9,
    "location": [
        -121.96083,
        39.71806
    ],
    "keywords": [
        44,
        50
    ]
}