{
    "id": 29004,
    "category": 33,
    "location": [
        -123.29861,
        39.91778
    ],
    "keywords": [
        58,
        1,
        41,
        34,
        75,
        11,
        34,
        21,
        70,
        8
    ]
}