{
    "id": 29008,
    "category": 33,
    "location": [
        -123.30806,
        39.64444
    ],
    "keywords": [
        17,
        42,
        31,
        73,
        46,
        12,
        73,
        10,
        54,
        6,
        66,
        36,
        75,
        1,
        69
    ]
}