{
    "id": 29029,
    "category": 33,
    "location": [
        -123.36917,
        40.48389
    ],
    "keywords": [
        26,
        37,
        50,
        15,
        4,
        41,
        3,
        32
    ]
}