{
    "id": 29032,
    "category": 33,
    "location": [
        -123.37361,
        41.52306
    ],
    "keywords": [
        20,
        67,
        51,
        23,
        45,
        6,
        21,
        61,
        45,
        66,
        4
    ]
}