{
    "id": 29048,
    "category": 33,
    "location": [
        -123.47583,
        40.77833
    ],
    "keywords": [
        38,
        7,
        8
    ]
}