{
    "id": 2904,
    "category": 9,
    "location": [
        -122.04361,
        39.88389
    ],
    "keywords": [
        45,
        1,
        27,
        44,
        38,
        15,
        13,
        10,
        42,
        71,
        50,
        17
    ]
}