{
    "id": 29054,
    "category": 33,
    "location": [
        -123.49167,
        41.11444
    ],
    "keywords": [
        42,
        65,
        20,
        71,
        21,
        3,
        34,
        2,
        67,
        28,
        37,
        24,
        73,
        69
    ]
}