{
    "id": 2905,
    "category": 9,
    "location": [
        -122.05722,
        39.83472
    ],
    "keywords": [
        0,
        65,
        75
    ]
}