{
    "id": 29056,
    "category": 33,
    "location": [
        -123.51583,
        41.91333
    ],
    "keywords": [
        52,
        49
    ]
}