{
    "id": 29061,
    "category": 33,
    "location": [
        -123.55139,
        40.28611
    ],
    "keywords": [
        74,
        54,
        63,
        21,
        12,
        71,
        13,
        47,
        31,
        5,
        33,
        20,
        33
    ]
}