{
    "id": 29071,
    "category": 33,
    "location": [
        -123.64472,
        41.92278
    ],
    "keywords": [
        46,
        14,
        74,
        38,
        23,
        41,
        30
    ]
}