{
    "id": 29085,
    "category": 33,
    "location": [
        -123.69056,
        41.25083
    ],
    "keywords": []
}