{
    "id": 29121,
    "category": 33,
    "location": [
        -124.10306,
        41.22417
    ],
    "keywords": [
        45,
        13,
        9,
        65,
        15,
        57,
        29,
        75,
        57,
        72,
        21,
        33,
        51,
        24
    ]
}