{
    "id": 29149,
    "category": 35,
    "location": [
        -117.35417,
        34.13806
    ],
    "keywords": [
        33,
        57
    ]
}