{
    "id": 29145,
    "category": 34,
    "location": [
        -121.71278,
        41.53694
    ],
    "keywords": [
        40,
        65,
        14,
        46,
        50,
        68,
        51,
        68,
        52,
        52,
        24
    ]
}