{
    "id": 29146,
    "category": 35,
    "location": [
        -114.59639,
        32.74194
    ],
    "keywords": [
        30,
        58,
        61,
        69,
        49,
        62,
        1,
        73,
        33
    ]
}