{
    "id": 29148,
    "category": 35,
    "location": [
        -117.28528,
        34.06944
    ],
    "keywords": [
        10,
        8,
        26,
        37,
        46,
        25,
        71,
        55,
        17,
        59,
        3,
        34
    ]
}