{
    "id": 2915,
    "category": 9,
    "location": [
        -122.36167,
        37.90389
    ],
    "keywords": []
}