{
    "id": 29209,
    "category": 36,
    "location": [
        -114.59583,
        33.66861
    ],
    "keywords": [
        44,
        31,
        11,
        23,
        35,
        47,
        14,
        43,
        32,
        28,
        72,
        24,
        72,
        28,
        4
    ]
}