{
    "id": 29202,
    "category": 36,
    "location": [
        -114.53222,
        33.60556
    ],
    "keywords": [
        10,
        28,
        52,
        43
    ]
}