{
    "id": 29216,
    "category": 36,
    "location": [
        -114.63972,
        33.03194
    ],
    "keywords": [
        18,
        34,
        1,
        3,
        47,
        42,
        33,
        10
    ]
}