{
    "id": 29213,
    "category": 36,
    "location": [
        -114.61056,
        34.69417
    ],
    "keywords": []
}