{
    "id": 29214,
    "category": 36,
    "location": [
        -114.63639,
        33.02889
    ],
    "keywords": [
        3,
        72,
        45,
        63,
        73,
        66,
        18,
        68,
        12,
        73
    ]
}