{
    "id": 29248,
    "category": 36,
    "location": [
        -115.12167,
        34.14556
    ],
    "keywords": [
        31,
        15,
        48,
        28,
        75,
        25,
        6,
        7,
        15,
        30,
        34
    ]
}