{
    "id": 29259,
    "category": 36,
    "location": [
        -115.31528,
        35.52167
    ],
    "keywords": [
        23,
        70,
        24,
        42,
        4,
        47,
        66
    ]
}