{
    "id": 2928,
    "category": 9,
    "location": [
        -123.48111,
        39.04083
    ],
    "keywords": [
        40,
        14,
        16,
        26,
        10
    ]
}