{
    "id": 29287,
    "category": 36,
    "location": [
        -115.57139,
        32.80222
    ],
    "keywords": [
        50,
        61,
        9,
        66,
        26,
        49,
        41
    ]
}