{
    "id": 29288,
    "category": 36,
    "location": [
        -115.57972,
        33.19889
    ],
    "keywords": [
        36,
        69,
        55,
        11,
        2,
        31,
        5,
        0,
        61,
        70
    ]
}