{
    "id": 29309,
    "category": 36,
    "location": [
        -115.68444,
        35.44028
    ],
    "keywords": [
        65,
        6,
        35,
        46,
        32,
        7,
        52,
        22
    ]
}