{
    "id": 29315,
    "category": 36,
    "location": [
        -115.74389,
        33.07917
    ],
    "keywords": [
        36,
        29,
        62,
        13,
        19,
        35
    ]
}