{
    "id": 29387,
    "category": 36,
    "location": [
        -116.22361,
        33.74306
    ],
    "keywords": [
        26,
        11,
        71,
        12,
        62,
        5,
        36,
        44,
        3,
        55,
        56,
        67
    ]
}