{
    "id": 29381,
    "category": 36,
    "location": [
        -116.19583,
        33.73056
    ],
    "keywords": []
}