{
    "id": 2939,
    "category": 10,
    "location": [
        -114.65694,
        33.41306
    ],
    "keywords": [
        74,
        63,
        38,
        56,
        39,
        7,
        19,
        51,
        65,
        50,
        15,
        0,
        19
    ]
}