{
    "id": 29392,
    "category": 36,
    "location": [
        -116.23194,
        33.71333
    ],
    "keywords": [
        44,
        22,
        3,
        28,
        73,
        55,
        55,
        35,
        46,
        71
    ]
}