{
    "id": 29412,
    "category": 36,
    "location": [
        -116.27222,
        33.65417
    ],
    "keywords": [
        44,
        30,
        47,
        59,
        45,
        45,
        35,
        46,
        16,
        68,
        46
    ]
}