{
    "id": 29417,
    "category": 36,
    "location": [
        -116.28333,
        32.83111
    ],
    "keywords": [
        68,
        51,
        54,
        55,
        20,
        75,
        62
    ]
}