{
    "id": 29421,
    "category": 36,
    "location": [
        -116.29361,
        33.13667
    ],
    "keywords": [
        46,
        47,
        28,
        22,
        21,
        67,
        54,
        13
    ]
}