{
    "id": 29443,
    "category": 36,
    "location": [
        -116.33806,
        33.71167
    ],
    "keywords": [
        2,
        46,
        41,
        13,
        21,
        15
    ]
}