{
    "id": 29449,
    "category": 36,
    "location": [
        -116.34806,
        33.79361
    ],
    "keywords": [
        75,
        37,
        0,
        32,
        0,
        67,
        10,
        67,
        63,
        48,
        71
    ]
}