{
    "id": 29458,
    "category": 36,
    "location": [
        -116.36333,
        33.79111
    ],
    "keywords": [
        18,
        37,
        30,
        21,
        55,
        2,
        27
    ]
}