{
    "id": 29455,
    "category": 36,
    "location": [
        -116.35611,
        33.72083
    ],
    "keywords": [
        35,
        43,
        70
    ]
}