{
    "id": 29459,
    "category": 36,
    "location": [
        -116.36667,
        33.14028
    ],
    "keywords": [
        13,
        54,
        43,
        2,
        22,
        24,
        4,
        29,
        72,
        49,
        10,
        31,
        1,
        54
    ]
}