{
    "id": 29478,
    "category": 36,
    "location": [
        -116.38111,
        33.48472
    ],
    "keywords": [
        75,
        46,
        72,
        51,
        63,
        41,
        49,
        72,
        67,
        47
    ]
}