{
    "id": 29471,
    "category": 36,
    "location": [
        -116.37806,
        33.74306
    ],
    "keywords": [
        48,
        29,
        64,
        70,
        49,
        9,
        51,
        2
    ]
}