{
    "id": 29479,
    "category": 36,
    "location": [
        -116.38167,
        35.03917
    ],
    "keywords": [
        59
    ]
}