{
    "id": 29482,
    "category": 36,
    "location": [
        -116.38528,
        33.00083
    ],
    "keywords": [
        40,
        63,
        54,
        37,
        66,
        56,
        18,
        9
    ]
}