{
    "id": 29493,
    "category": 36,
    "location": [
        -116.39556,
        33.73889
    ],
    "keywords": [
        37,
        31,
        0,
        47,
        38,
        18,
        42,
        34,
        54,
        28,
        26,
        21,
        41,
        42
    ]
}