{
    "id": 2951,
    "category": 10,
    "location": [
        -118.19861,
        33.75972
    ],
    "keywords": [
        59,
        49,
        60
    ]
}