{
    "id": 29514,
    "category": 36,
    "location": [
        -116.41611,
        32.86139
    ],
    "keywords": [
        66,
        56,
        37,
        44,
        61,
        56,
        59,
        22,
        46,
        7,
        10,
        74
    ]
}