{
    "id": 29523,
    "category": 36,
    "location": [
        -116.42722,
        32.88194
    ],
    "keywords": [
        75,
        61,
        40,
        74,
        52,
        28,
        71,
        60,
        17,
        61,
        1,
        57,
        75
    ]
}