{
    "id": 29527,
    "category": 36,
    "location": [
        -116.42917,
        32.87528
    ],
    "keywords": [
        6,
        13,
        55,
        65,
        35,
        44,
        69,
        63,
        69,
        67,
        21,
        1,
        28,
        11
    ]
}