{
    "id": 29568,
    "category": 36,
    "location": [
        -116.46917,
        32.62917
    ],
    "keywords": [
        46,
        23,
        16,
        46,
        18,
        13,
        49
    ]
}