{
    "id": 29566,
    "category": 36,
    "location": [
        -116.46833,
        32.59667
    ],
    "keywords": [
        60,
        64,
        71,
        0
    ]
}