{
    "id": 29584,
    "category": 36,
    "location": [
        -116.49444,
        33.79278
    ],
    "keywords": [
        16
    ]
}