{
    "id": 29596,
    "category": 36,
    "location": [
        -116.51278,
        32.94028
    ],
    "keywords": [
        61,
        13,
        31,
        75,
        65,
        34,
        51,
        6,
        12,
        37,
        61,
        43
    ]
}