{
    "id": 29599,
    "category": 36,
    "location": [
        -116.51694,
        33.85833
    ],
    "keywords": [
        57,
        46,
        73,
        19,
        61,
        39,
        41,
        63,
        43,
        4,
        12,
        70
    ]
}