{
    "id": 296,
    "category": 0,
    "location": [
        -118.23083,
        35.38111
    ],
    "keywords": [
        23,
        27
    ]
}