{
    "id": 29601,
    "category": 36,
    "location": [
        -116.51861,
        33.82167
    ],
    "keywords": [
        56,
        36,
        13,
        59,
        7,
        10,
        6,
        25,
        63
    ]
}