{
    "id": 29605,
    "category": 36,
    "location": [
        -116.52583,
        33.80028
    ],
    "keywords": [
        55,
        49,
        67
    ]
}