{
    "id": 29620,
    "category": 36,
    "location": [
        -116.53861,
        33.20694
    ],
    "keywords": [
        68,
        73,
        36
    ]
}