{
    "id": 29633,
    "category": 36,
    "location": [
        -116.54972,
        33.85167
    ],
    "keywords": [
        13,
        29,
        32,
        12,
        30,
        26,
        35,
        67
    ]
}