{
    "id": 29640,
    "category": 36,
    "location": [
        -116.57056,
        32.97222
    ],
    "keywords": [
        16,
        51,
        22,
        75,
        65,
        49,
        40,
        61,
        9,
        37,
        38,
        49,
        51,
        60,
        4
    ]
}