{
    "id": 29642,
    "category": 36,
    "location": [
        -116.57167,
        32.98417
    ],
    "keywords": [
        31,
        1,
        10,
        48,
        40,
        29,
        74,
        32
    ]
}