{
    "id": 29653,
    "category": 36,
    "location": [
        -116.58917,
        33.57778
    ],
    "keywords": [
        75,
        24,
        35,
        21,
        75,
        34,
        63,
        65,
        74,
        7,
        49,
        70,
        50,
        9
    ]
}