{
    "id": 29663,
    "category": 36,
    "location": [
        -116.60278,
        35.32944
    ],
    "keywords": [
        31,
        45,
        12,
        7,
        44,
        19,
        0,
        31
    ]
}