{
    "id": 29687,
    "category": 36,
    "location": [
        -116.63306,
        32.92139
    ],
    "keywords": [
        2,
        42,
        45,
        65,
        44,
        46,
        22,
        2
    ]
}