{
    "id": 29683,
    "category": 36,
    "location": [
        -116.62722,
        32.85556
    ],
    "keywords": [
        51,
        9,
        14,
        71,
        70,
        39,
        13,
        20,
        11,
        50,
        9,
        45
    ]
}