{
    "id": 29699,
    "category": 36,
    "location": [
        -116.65694,
        33.20861
    ],
    "keywords": [
        36,
        53,
        58,
        15,
        20
    ]
}