{
    "id": 29696,
    "category": 36,
    "location": [
        -116.64694,
        33.90583
    ],
    "keywords": [
        72
    ]
}