{
    "id": 297,
    "category": 0,
    "location": [
        -118.23556,
        34.05806
    ],
    "keywords": [
        49,
        5,
        29,
        36,
        59,
        57
    ]
}