{
    "id": 29707,
    "category": 36,
    "location": [
        -116.66167,
        33.02167
    ],
    "keywords": [
        61,
        38,
        13,
        33,
        48,
        39,
        43,
        61,
        7,
        25
    ]
}