{
    "id": 29717,
    "category": 36,
    "location": [
        -116.67333,
        33.72083
    ],
    "keywords": [
        12,
        75,
        17,
        46
    ]
}