{
    "id": 29722,
    "category": 36,
    "location": [
        -116.67889,
        33.67056
    ],
    "keywords": [
        64,
        61
    ]
}