{
    "id": 29724,
    "category": 36,
    "location": [
        -116.68083,
        33.62278
    ],
    "keywords": [
        27,
        41,
        48,
        52,
        75,
        55,
        54,
        53
    ]
}