{
    "id": 29729,
    "category": 36,
    "location": [
        -116.68667,
        33.81222
    ],
    "keywords": [
        6
    ]
}