{
    "id": 29751,
    "category": 36,
    "location": [
        -116.72556,
        33.80778
    ],
    "keywords": [
        49,
        52,
        18
    ]
}