{
    "id": 29754,
    "category": 36,
    "location": [
        -116.72861,
        32.68333
    ],
    "keywords": [
        53,
        42,
        72,
        39,
        4,
        56,
        31,
        44,
        75,
        42,
        42,
        51,
        51,
        34
    ]
}