{
    "id": 29765,
    "category": 36,
    "location": [
        -116.73917,
        33.83306
    ],
    "keywords": [
        43,
        6,
        64,
        29,
        12
    ]
}