{
    "id": 29779,
    "category": 36,
    "location": [
        -116.75333,
        34.23167
    ],
    "keywords": [
        6,
        17,
        72,
        25,
        56,
        13,
        37,
        53,
        73
    ]
}