{
    "id": 29798,
    "category": 36,
    "location": [
        -116.77833,
        34.30278
    ],
    "keywords": [
        4,
        27,
        73,
        42
    ]
}