{
    "id": 29795,
    "category": 36,
    "location": [
        -116.77583,
        32.83694
    ],
    "keywords": [
        71,
        21,
        49,
        47,
        71,
        58,
        26,
        52,
        15,
        54,
        29
    ]
}