{
    "id": 29797,
    "category": 36,
    "location": [
        -116.77722,
        32.83889
    ],
    "keywords": [
        50,
        56,
        50
    ]
}