{
    "id": 29808,
    "category": 36,
    "location": [
        -116.79389,
        35.24778
    ],
    "keywords": [
        8,
        15,
        17,
        59,
        25,
        64,
        49,
        67,
        1,
        12,
        75,
        3,
        72,
        56
    ]
}