{
    "id": 29815,
    "category": 36,
    "location": [
        -116.80361,
        32.95944
    ],
    "keywords": [
        44,
        24,
        72,
        35,
        44,
        18,
        32
    ]
}