{
    "id": 29823,
    "category": 36,
    "location": [
        -116.81528,
        33.00278
    ],
    "keywords": [
        49,
        68,
        11,
        58,
        61,
        54
    ]
}