{
    "id": 29839,
    "category": 36,
    "location": [
        -116.83556,
        32.93278
    ],
    "keywords": [
        47,
        68
    ]
}