{
    "id": 29848,
    "category": 36,
    "location": [
        -116.84444,
        33.07361
    ],
    "keywords": [
        1,
        16,
        30,
        7,
        47,
        15,
        56,
        29,
        75,
        61,
        6,
        60,
        36,
        2
    ]
}