{
    "id": 29859,
    "category": 36,
    "location": [
        -116.85361,
        34.17139
    ],
    "keywords": [
        14,
        69,
        17,
        17,
        56,
        59,
        18,
        20,
        45,
        21,
        56
    ]
}