{
    "id": 29935,
    "category": 36,
    "location": [
        -116.90056,
        34.24806
    ],
    "keywords": [
        54,
        46,
        57,
        26,
        22,
        41,
        18,
        46,
        57,
        9
    ]
}