{
    "id": 29944,
    "category": 36,
    "location": [
        -116.90667,
        33.33222
    ],
    "keywords": [
        18,
        34,
        40
    ]
}