{
    "id": 29947,
    "category": 36,
    "location": [
        -116.90917,
        34.23583
    ],
    "keywords": [
        72,
        25,
        41,
        28,
        52,
        1,
        3,
        58,
        52,
        52
    ]
}