{
    "id": 29942,
    "category": 36,
    "location": [
        -116.90528,
        34.03333
    ],
    "keywords": [
        6,
        0,
        69,
        66,
        12,
        10,
        60,
        9,
        23,
        54,
        51,
        41,
        5
    ]
}