{
    "id": 29958,
    "category": 36,
    "location": [
        -116.91444,
        32.58111
    ],
    "keywords": [
        73,
        7,
        13,
        54
    ]
}