{
    "id": 2996,
    "category": 10,
    "location": [
        -120.93889,
        37.74222
    ],
    "keywords": [
        68,
        69,
        21,
        28,
        2,
        52,
        54,
        24,
        18,
        21,
        18,
        61
    ]
}