{
    "id": 29967,
    "category": 36,
    "location": [
        -116.91889,
        34.24306
    ],
    "keywords": [
        38,
        59
    ]
}