{
    "id": 29980,
    "category": 36,
    "location": [
        -116.93083,
        32.74583
    ],
    "keywords": [
        33,
        70,
        41,
        16,
        63,
        59,
        29,
        68,
        65,
        59,
        36
    ]
}