{
    "id": 29984,
    "category": 36,
    "location": [
        -116.93083,
        34.21944
    ],
    "keywords": []
}