{
    "id": 30001,
    "category": 36,
    "location": [
        -116.93806,
        33.70278
    ],
    "keywords": [
        16,
        37,
        17
    ]
}