{
    "id": 3003,
    "category": 10,
    "location": [
        -121.10333,
        39.01194
    ],
    "keywords": [
        22,
        57,
        67,
        29,
        47,
        13,
        41,
        70,
        23
    ]
}