{
    "id": 30051,
    "category": 36,
    "location": [
        -116.96472,
        33.18139
    ],
    "keywords": [
        45,
        49,
        54
    ]
}