{
    "id": 30071,
    "category": 36,
    "location": [
        -116.97556,
        34.18306
    ],
    "keywords": [
        41,
        74,
        73,
        7,
        61,
        53,
        62,
        40
    ]
}