{
    "id": 30084,
    "category": 36,
    "location": [
        -116.98278,
        32.55139
    ],
    "keywords": [
        46,
        32,
        22
    ]
}