{
    "id": 30088,
    "category": 36,
    "location": [
        -116.98333,
        32.84111
    ],
    "keywords": [
        74,
        69,
        29,
        19,
        45,
        8,
        18,
        75,
        32,
        10,
        37,
        41
    ]
}