{
    "id": 30113,
    "category": 36,
    "location": [
        -116.99806,
        32.99861
    ],
    "keywords": [
        32
    ]
}