{
    "id": 30135,
    "category": 36,
    "location": [
        -117.00889,
        34.07139
    ],
    "keywords": []
}