{
    "id": 30130,
    "category": 36,
    "location": [
        -117.00722,
        34.18167
    ],
    "keywords": [
        3,
        65,
        36,
        19
    ]
}