{
    "id": 30148,
    "category": 36,
    "location": [
        -117.01472,
        32.71333
    ],
    "keywords": [
        27,
        10,
        56,
        72,
        9,
        5,
        66,
        1
    ]
}