{
    "id": 30189,
    "category": 36,
    "location": [
        -117.04194,
        33.54361
    ],
    "keywords": [
        54,
        67,
        36,
        59,
        63,
        37
    ]
}