{
    "id": 30188,
    "category": 36,
    "location": [
        -117.04167,
        32.95722
    ],
    "keywords": [
        28,
        38,
        22,
        44,
        64,
        35,
        16,
        52,
        51,
        54,
        5,
        51
    ]
}