{
    "id": 302,
    "category": 0,
    "location": [
        -118.24472,
        34.05194
    ],
    "keywords": [
        43,
        26,
        0,
        68,
        6,
        11,
        15,
        5,
        54,
        66,
        5,
        38,
        49
    ]
}