{
    "id": 30203,
    "category": 36,
    "location": [
        -117.04833,
        34.19611
    ],
    "keywords": [
        60,
        33,
        21,
        45,
        72,
        36,
        59
    ]
}