{
    "id": 30219,
    "category": 36,
    "location": [
        -117.05722,
        33.07278
    ],
    "keywords": [
        18,
        28
    ]
}