{
    "id": 30231,
    "category": 36,
    "location": [
        -117.06111,
        32.76361
    ],
    "keywords": [
        12,
        37
    ]
}