{
    "id": 30260,
    "category": 36,
    "location": [
        -117.07083,
        32.62111
    ],
    "keywords": [
        22,
        49,
        42,
        61,
        40,
        41,
        48
    ]
}