{
    "id": 30292,
    "category": 36,
    "location": [
        -117.08167,
        32.66194
    ],
    "keywords": [
        59,
        63
    ]
}