{
    "id": 30304,
    "category": 36,
    "location": [
        -117.08667,
        33.16111
    ],
    "keywords": [
        65,
        24,
        71,
        59
    ]
}