{
    "id": 30322,
    "category": 36,
    "location": [
        -117.09389,
        32.75611
    ],
    "keywords": [
        29,
        59,
        42,
        2,
        40,
        45,
        40,
        22,
        25,
        56,
        55,
        30,
        0,
        17
    ]
}