{
    "id": 30370,
    "category": 36,
    "location": [
        -117.12389,
        33.50889
    ],
    "keywords": [
        22,
        13,
        53,
        24,
        26,
        60,
        49
    ]
}