{
    "id": 30372,
    "category": 36,
    "location": [
        -117.12444,
        32.96028
    ],
    "keywords": [
        50,
        13,
        48,
        8,
        7,
        23,
        10,
        47,
        17,
        16,
        58,
        19,
        41,
        69,
        58
    ]
}