{
    "id": 30373,
    "category": 36,
    "location": [
        -117.12556,
        32.67861
    ],
    "keywords": [
        1,
        54,
        13,
        73,
        24,
        4,
        53,
        47,
        71,
        57,
        34,
        67,
        52
    ]
}