{
    "id": 30377,
    "category": 36,
    "location": [
        -117.12833,
        32.68194
    ],
    "keywords": [
        33,
        46,
        59,
        19
    ]
}