{
    "id": 30393,
    "category": 36,
    "location": [
        -117.13806,
        32.83056
    ],
    "keywords": [
        2,
        38
    ]
}