{
    "id": 30390,
    "category": 36,
    "location": [
        -117.13694,
        32.72972
    ],
    "keywords": [
        19,
        72,
        39,
        65,
        58,
        43,
        44
    ]
}