{
    "id": 30410,
    "category": 36,
    "location": [
        -117.14806,
        33.50389
    ],
    "keywords": [
        13,
        8,
        0,
        44,
        52,
        25,
        0,
        58,
        21,
        50,
        26,
        3,
        28,
        12
    ]
}