{
    "id": 30413,
    "category": 36,
    "location": [
        -117.14917,
        34.02417
    ],
    "keywords": [
        52,
        50,
        4,
        1,
        69,
        68,
        61,
        65,
        47,
        49,
        16,
        48,
        52
    ]
}