{
    "id": 30446,
    "category": 36,
    "location": [
        -117.16111,
        34.36306
    ],
    "keywords": [
        27,
        15,
        59,
        13,
        69,
        15
    ]
}