{
    "id": 30449,
    "category": 36,
    "location": [
        -117.16333,
        34.26611
    ],
    "keywords": [
        2,
        59,
        15,
        51,
        15,
        25,
        24,
        70,
        33,
        41
    ]
}