{
    "id": 30450,
    "category": 36,
    "location": [
        -117.16333,
        34.26722
    ],
    "keywords": [
        0,
        5,
        16,
        63,
        17,
        37,
        48
    ]
}