{
    "id": 3045,
    "category": 10,
    "location": [
        -122.09028,
        39.90944
    ],
    "keywords": [
        55,
        68,
        20,
        25,
        50,
        44,
        70,
        31,
        35
    ]
}