{
    "id": 30467,
    "category": 36,
    "location": [
        -117.17056,
        33.64861
    ],
    "keywords": [
        68,
        51,
        55,
        15,
        70,
        3,
        43,
        8,
        2
    ]
}