{
    "id": 30472,
    "category": 36,
    "location": [
        -117.17278,
        32.76139
    ],
    "keywords": [
        45
    ]
}