{
    "id": 30483,
    "category": 36,
    "location": [
        -117.17722,
        32.71528
    ],
    "keywords": [
        69,
        28,
        23,
        35,
        41,
        27,
        46,
        68,
        57,
        60
    ]
}