{
    "id": 30500,
    "category": 36,
    "location": [
        -117.18361,
        34.05639
    ],
    "keywords": []
}