{
    "id": 30515,
    "category": 36,
    "location": [
        -117.18889,
        32.69333
    ],
    "keywords": [
        52,
        50
    ]
}