{
    "id": 30528,
    "category": 36,
    "location": [
        -117.19528,
        33.15222
    ],
    "keywords": [
        33,
        50,
        9,
        3,
        53,
        17,
        20,
        54,
        31,
        16,
        12,
        42,
        9,
        45
    ]
}