{
    "id": 30553,
    "category": 36,
    "location": [
        -117.20694,
        34.13472
    ],
    "keywords": [
        37,
        60,
        1,
        42,
        53
    ]
}