{
    "id": 30593,
    "category": 36,
    "location": [
        -117.22278,
        32.71556
    ],
    "keywords": [
        7,
        52,
        10,
        58,
        1,
        55,
        61,
        17,
        20,
        10,
        66,
        64,
        63,
        20,
        32
    ]
}