{
    "id": 30605,
    "category": 36,
    "location": [
        -117.22639,
        33.93889
    ],
    "keywords": []
}