{
    "id": 30608,
    "category": 36,
    "location": [
        -117.22889,
        35.01833
    ],
    "keywords": [
        32,
        49,
        12,
        43,
        52,
        22,
        3,
        44,
        7,
        31,
        27,
        24,
        58,
        37,
        12
    ]
}