{
    "id": 30615,
    "category": 36,
    "location": [
        -117.23194,
        32.95083
    ],
    "keywords": [
        65,
        17,
        40,
        19,
        53,
        21,
        27,
        23,
        52,
        42
    ]
}