{
    "id": 30647,
    "category": 36,
    "location": [
        -117.24444,
        34.04944
    ],
    "keywords": []
}