{
    "id": 30644,
    "category": 36,
    "location": [
        -117.24417,
        32.90361
    ],
    "keywords": [
        41,
        61,
        41,
        73,
        14,
        29
    ]
}