{
    "id": 30654,
    "category": 36,
    "location": [
        -117.24806,
        33.96806
    ],
    "keywords": [
        55,
        35,
        65,
        9,
        45,
        14,
        17
    ]
}