{
    "id": 30675,
    "category": 36,
    "location": [
        -117.25528,
        32.74861
    ],
    "keywords": [
        57,
        41,
        36,
        9,
        44,
        14,
        11,
        75,
        0,
        1,
        20,
        2,
        0,
        54,
        61
    ]
}