{
    "id": 30688,
    "category": 36,
    "location": [
        -117.25944,
        32.75833
    ],
    "keywords": [
        7,
        59,
        47,
        12,
        33,
        40,
        39,
        75,
        11,
        9,
        28
    ]
}