{
    "id": 30681,
    "category": 36,
    "location": [
        -117.25778,
        33.04528
    ],
    "keywords": [
        35
    ]
}