{
    "id": 30719,
    "category": 36,
    "location": [
        -117.27083,
        34.17972
    ],
    "keywords": [
        11,
        20,
        9,
        49,
        44,
        12,
        74,
        71,
        39,
        65,
        32,
        42,
        19,
        57
    ]
}