{
    "id": 30713,
    "category": 36,
    "location": [
        -117.26889,
        32.98111
    ],
    "keywords": [
        15,
        8,
        69,
        49,
        44,
        71,
        31,
        73,
        50
    ]
}