{
    "id": 30721,
    "category": 36,
    "location": [
        -117.27111,
        32.99278
    ],
    "keywords": [
        3,
        49,
        62,
        38,
        66,
        71,
        30,
        47,
        70
    ]
}