{
    "id": 30720,
    "category": 36,
    "location": [
        -117.27083,
        34.17972
    ],
    "keywords": [
        47,
        20,
        2,
        70,
        44,
        22,
        21,
        58,
        56,
        52,
        59,
        45,
        65,
        68
    ]
}