{
    "id": 30760,
    "category": 36,
    "location": [
        -117.29528,
        34.10472
    ],
    "keywords": []
}