{
    "id": 3078,
    "category": 10,
    "location": [
        -123.50528,
        41.44556
    ],
    "keywords": [
        47,
        56,
        54
    ]
}