{
    "id": 30780,
    "category": 36,
    "location": [
        -117.31028,
        33.74333
    ],
    "keywords": [
        23,
        62
    ]
}