{
    "id": 30786,
    "category": 36,
    "location": [
        -117.31333,
        34.14111
    ],
    "keywords": [
        60,
        44,
        27
    ]
}