{
    "id": 30795,
    "category": 36,
    "location": [
        -117.31667,
        34.50222
    ],
    "keywords": [
        26
    ]
}