{
    "id": 30808,
    "category": 36,
    "location": [
        -117.32389,
        34.10917
    ],
    "keywords": [
        18,
        46,
        64,
        25,
        73,
        37,
        49
    ]
}