{
    "id": 3082,
    "category": 10,
    "location": [
        -123.77444,
        40.18278
    ],
    "keywords": [
        70,
        74,
        17,
        59,
        54,
        29,
        50,
        72,
        27,
        75,
        15
    ]
}