{
    "id": 3083,
    "category": 10,
    "location": [
        -123.80667,
        40.14167
    ],
    "keywords": [
        56,
        17,
        17,
        70,
        22,
        21
    ]
}