{
    "id": 30832,
    "category": 36,
    "location": [
        -117.33222,
        33.20111
    ],
    "keywords": [
        20,
        43,
        56,
        49,
        48,
        63,
        70,
        20,
        72
    ]
}