{
    "id": 30830,
    "category": 36,
    "location": [
        -117.33194,
        34.09139
    ],
    "keywords": [
        30,
        75
    ]
}