{
    "id": 30857,
    "category": 36,
    "location": [
        -117.34806,
        34.47194
    ],
    "keywords": [
        26,
        41
    ]
}