{
    "id": 30899,
    "category": 36,
    "location": [
        -117.38194,
        34.12083
    ],
    "keywords": [
        70,
        42,
        15,
        11,
        39,
        22,
        11,
        46,
        44,
        64,
        34,
        46
    ]
}