{
    "id": 30922,
    "category": 36,
    "location": [
        -117.40417,
        33.76389
    ],
    "keywords": [
        62,
        4,
        3,
        57,
        28,
        35,
        26,
        19,
        59,
        57,
        50,
        56
    ]
}