{
    "id": 30938,
    "category": 36,
    "location": [
        -117.42667,
        34.32833
    ],
    "keywords": [
        0,
        20,
        12,
        4,
        58,
        33,
        39,
        27,
        74,
        54,
        46,
        38,
        20,
        59,
        40
    ]
}