{
    "id": 30963,
    "category": 36,
    "location": [
        -117.45333,
        33.93917
    ],
    "keywords": [
        54,
        38,
        46,
        71,
        48,
        30,
        62,
        12,
        28,
        28,
        6,
        42
    ]
}