{
    "id": 30961,
    "category": 36,
    "location": [
        -117.45222,
        34.10694
    ],
    "keywords": [
        51,
        39,
        74,
        3,
        26,
        36,
        60,
        4,
        12
    ]
}