{
    "id": 30978,
    "category": 36,
    "location": [
        -117.46611,
        34.41083
    ],
    "keywords": [
        60,
        1,
        74,
        60,
        22,
        75,
        37,
        59,
        64,
        11,
        8,
        30,
        14,
        32,
        31
    ]
}