{
    "id": 30983,
    "category": 36,
    "location": [
        -117.47528,
        33.90278
    ],
    "keywords": [
        57,
        57,
        29,
        44,
        4,
        22,
        8,
        26,
        38,
        39,
        50
    ]
}