{
    "id": 30995,
    "category": 36,
    "location": [
        -117.48278,
        34.04167
    ],
    "keywords": [
        15,
        25
    ]
}