{
    "id": 310,
    "category": 0,
    "location": [
        -118.25444,
        34.04778
    ],
    "keywords": [
        27,
        46,
        38,
        51,
        37,
        66,
        68,
        46,
        0,
        62
    ]
}