{
    "id": 31007,
    "category": 36,
    "location": [
        -117.49583,
        34.03806
    ],
    "keywords": [
        51,
        38,
        4,
        50,
        63,
        26,
        65,
        73
    ]
}