{
    "id": 31013,
    "category": 36,
    "location": [
        -117.51333,
        33.59167
    ],
    "keywords": [
        22,
        41,
        11,
        18,
        51,
        38,
        9,
        54,
        55,
        34,
        39,
        48,
        33,
        6
    ]
}