{
    "id": 31018,
    "category": 36,
    "location": [
        -117.51944,
        33.88667
    ],
    "keywords": [
        10,
        75,
        7,
        59,
        30,
        34,
        70,
        65,
        11
    ]
}