{
    "id": 31011,
    "category": 36,
    "location": [
        -117.50306,
        34.09361
    ],
    "keywords": [
        10,
        70,
        44,
        36,
        15,
        69
    ]
}