{
    "id": 31022,
    "category": 36,
    "location": [
        -117.52306,
        34.30389
    ],
    "keywords": [
        61,
        41,
        53,
        23,
        20,
        43,
        16,
        42,
        34
    ]
}