{
    "id": 31032,
    "category": 36,
    "location": [
        -117.54083,
        36.35472
    ],
    "keywords": [
        40,
        1,
        37,
        26,
        65,
        39,
        12
    ]
}