{
    "id": 31043,
    "category": 36,
    "location": [
        -117.55389,
        34.25111
    ],
    "keywords": [
        59,
        39,
        33,
        53,
        51,
        26,
        48
    ]
}