{
    "id": 3104,
    "category": 11,
    "location": [
        -114.61722,
        34.83389
    ],
    "keywords": [
        61,
        50,
        68
    ]
}