{
    "id": 31046,
    "category": 36,
    "location": [
        -117.55972,
        34.02139
    ],
    "keywords": [
        31,
        4,
        51,
        66
    ]
}