{
    "id": 31060,
    "category": 36,
    "location": [
        -117.57583,
        34.10556
    ],
    "keywords": []
}