{
    "id": 31070,
    "category": 36,
    "location": [
        -117.59333,
        33.86917
    ],
    "keywords": [
        59,
        22,
        27,
        13,
        48,
        22,
        66,
        54,
        6,
        14,
        6
    ]
}