{
    "id": 31075,
    "category": 36,
    "location": [
        -117.59639,
        34.10694
    ],
    "keywords": [
        52,
        5
    ]
}