{
    "id": 31089,
    "category": 36,
    "location": [
        -117.60944,
        34.03306
    ],
    "keywords": [
        14,
        41,
        47,
        58,
        26,
        62,
        64,
        66,
        40,
        11,
        53,
        2,
        12,
        40
    ]
}