{
    "id": 31099,
    "category": 36,
    "location": [
        -117.61389,
        34.13139
    ],
    "keywords": [
        33,
        30,
        40,
        63,
        64,
        74,
        57,
        34
    ]
}