{
    "id": 31098,
    "category": 36,
    "location": [
        -117.61389,
        34.12222
    ],
    "keywords": [
        34,
        61,
        8
    ]
}