{
    "id": 31090,
    "category": 36,
    "location": [
        -117.60944,
        36.48333
    ],
    "keywords": [
        61,
        60,
        53,
        22
    ]
}