{
    "id": 311,
    "category": 0,
    "location": [
        -118.25444,
        34.15722
    ],
    "keywords": []
}