{
    "id": 31103,
    "category": 36,
    "location": [
        -117.61806,
        34.07694
    ],
    "keywords": [
        34,
        41,
        71,
        13,
        74,
        30,
        67,
        67,
        0,
        26,
        66
    ]
}