{
    "id": 31133,
    "category": 36,
    "location": [
        -117.64639,
        35.63139
    ],
    "keywords": [
        10,
        16,
        3,
        53
    ]
}