{
    "id": 31131,
    "category": 36,
    "location": [
        -117.64583,
        34.15417
    ],
    "keywords": [
        51,
        8,
        42,
        2,
        1,
        46,
        42,
        18,
        15,
        52
    ]
}