{
    "id": 31146,
    "category": 36,
    "location": [
        -117.65361,
        34.34139
    ],
    "keywords": [
        7,
        62,
        66,
        70,
        10,
        27,
        27,
        43,
        9,
        66
    ]
}