{
    "id": 31163,
    "category": 36,
    "location": [
        -117.66444,
        33.56083
    ],
    "keywords": [
        26,
        7,
        55,
        4,
        15,
        32,
        6,
        20,
        30
    ]
}