{
    "id": 31188,
    "category": 36,
    "location": [
        -117.67889,
        34.36917
    ],
    "keywords": [
        70,
        29
    ]
}