{
    "id": 31183,
    "category": 36,
    "location": [
        -117.67722,
        34.38194
    ],
    "keywords": [
        61
    ]
}