{
    "id": 31180,
    "category": 36,
    "location": [
        -117.67444,
        34.17861
    ],
    "keywords": [
        67
    ]
}