{
    "id": 3119,
    "category": 11,
    "location": [
        -115.53417,
        32.97833
    ],
    "keywords": []
}