{
    "id": 31215,
    "category": 36,
    "location": [
        -117.68917,
        34.07833
    ],
    "keywords": [
        70,
        47,
        13,
        46,
        36,
        48,
        68,
        2,
        42,
        55,
        11
    ]
}