{
    "id": 31238,
    "category": 36,
    "location": [
        -117.69806,
        33.59333
    ],
    "keywords": [
        32,
        35,
        63,
        10,
        35,
        60,
        55,
        3,
        69,
        26,
        49,
        11,
        57
    ]
}