{
    "id": 31234,
    "category": 36,
    "location": [
        -117.69639,
        33.46611
    ],
    "keywords": [
        28,
        63,
        63,
        59,
        37,
        23,
        71,
        5,
        69,
        43,
        24,
        18,
        53,
        32,
        64
    ]
}