{
    "id": 31252,
    "category": 36,
    "location": [
        -117.70778,
        33.88167
    ],
    "keywords": [
        27,
        57,
        51,
        2,
        8,
        11,
        12,
        26,
        50,
        45,
        55,
        9
    ]
}