{
    "id": 31259,
    "category": 36,
    "location": [
        -117.71306,
        34.38611
    ],
    "keywords": [
        71
    ]
}