{
    "id": 31282,
    "category": 36,
    "location": [
        -117.72139,
        34.38972
    ],
    "keywords": [
        20
    ]
}