{
    "id": 31284,
    "category": 36,
    "location": [
        -117.72167,
        34.37556
    ],
    "keywords": [
        57,
        63
    ]
}