{
    "id": 31319,
    "category": 36,
    "location": [
        -117.74556,
        33.66194
    ],
    "keywords": [
        26,
        66,
        35,
        0,
        14,
        24
    ]
}