{
    "id": 31322,
    "category": 36,
    "location": [
        -117.74722,
        35.42167
    ],
    "keywords": [
        41,
        31,
        32,
        17,
        45,
        35,
        14,
        54,
        72,
        52,
        4
    ]
}