{
    "id": 31329,
    "category": 36,
    "location": [
        -117.75806,
        35.21861
    ],
    "keywords": [
        41,
        6,
        49,
        31,
        10,
        20,
        51,
        19,
        19
    ]
}