{
    "id": 31342,
    "category": 36,
    "location": [
        -117.76806,
        34.61417
    ],
    "keywords": [
        9
    ]
}