{
    "id": 31372,
    "category": 36,
    "location": [
        -117.78861,
        33.88833
    ],
    "keywords": [
        68,
        24,
        5
    ]
}