{
    "id": 31371,
    "category": 36,
    "location": [
        -117.78861,
        33.86306
    ],
    "keywords": [
        72,
        30,
        56,
        4,
        13,
        64,
        66,
        6,
        29,
        31
    ]
}