{
    "id": 31395,
    "category": 36,
    "location": [
        -117.80667,
        34.23528
    ],
    "keywords": []
}