{
    "id": 31415,
    "category": 36,
    "location": [
        -117.81806,
        34.10778
    ],
    "keywords": [
        1
    ]
}