{
    "id": 31424,
    "category": 36,
    "location": [
        -117.82472,
        34.27306
    ],
    "keywords": [
        43,
        61,
        49
    ]
}