{
    "id": 31441,
    "category": 36,
    "location": [
        -117.83111,
        34.08361
    ],
    "keywords": [
        69,
        14,
        70,
        25
    ]
}