{
    "id": 31450,
    "category": 36,
    "location": [
        -117.83583,
        34.12417
    ],
    "keywords": [
        37,
        30,
        39,
        60,
        7,
        56,
        14,
        31,
        55,
        53,
        51
    ]
}