{
    "id": 31452,
    "category": 36,
    "location": [
        -117.83611,
        33.83583
    ],
    "keywords": [
        13,
        66,
        20,
        62,
        73,
        22,
        53,
        45
    ]
}