{
    "id": 31470,
    "category": 36,
    "location": [
        -117.84667,
        34.47333
    ],
    "keywords": [
        47,
        70,
        65,
        5,
        72,
        5,
        39,
        20
    ]
}