{
    "id": 31478,
    "category": 36,
    "location": [
        -117.85111,
        34.44278
    ],
    "keywords": []
}