{
    "id": 31497,
    "category": 36,
    "location": [
        -117.86472,
        34.12972
    ],
    "keywords": []
}