{
    "id": 3150,
    "category": 11,
    "location": [
        -116.22028,
        33.71444
    ],
    "keywords": [
        1,
        13,
        38,
        30,
        14,
        0,
        45,
        2,
        41,
        68,
        39,
        14,
        19,
        27,
        22
    ]
}