{
    "id": 31504,
    "category": 36,
    "location": [
        -117.86944,
        33.90861
    ],
    "keywords": [
        35,
        33,
        5,
        21,
        39,
        35,
        46,
        60,
        50
    ]
}