{
    "id": 31515,
    "category": 36,
    "location": [
        -117.87361,
        34.41194
    ],
    "keywords": [
        28,
        59,
        0,
        70,
        27,
        54,
        60,
        73,
        48,
        70
    ]
}