{
    "id": 31511,
    "category": 36,
    "location": [
        -117.87083,
        34.07333
    ],
    "keywords": [
        42,
        57,
        51,
        13,
        30
    ]
}