{
    "id": 31520,
    "category": 36,
    "location": [
        -117.87694,
        33.88806
    ],
    "keywords": [
        26,
        4,
        40,
        27,
        31,
        15
    ]
}