{
    "id": 31533,
    "category": 36,
    "location": [
        -117.88333,
        33.60361
    ],
    "keywords": [
        16,
        68,
        56,
        25
    ]
}