{
    "id": 31560,
    "category": 36,
    "location": [
        -117.89167,
        34.14083
    ],
    "keywords": []
}