{
    "id": 31595,
    "category": 36,
    "location": [
        -117.91472,
        37.48778
    ],
    "keywords": [
        2,
        5
    ]
}