{
    "id": 31600,
    "category": 36,
    "location": [
        -117.91722,
        33.63417
    ],
    "keywords": [
        19,
        53,
        16
    ]
}