{
    "id": 31625,
    "category": 36,
    "location": [
        -117.92389,
        33.87306
    ],
    "keywords": [
        58,
        51,
        52,
        2,
        44,
        61,
        3
    ]
}