{
    "id": 31620,
    "category": 36,
    "location": [
        -117.92222,
        33.85778
    ],
    "keywords": [
        43
    ]
}