{
    "id": 31633,
    "category": 36,
    "location": [
        -117.92639,
        33.90583
    ],
    "keywords": [
        13,
        56,
        59,
        23,
        61,
        0,
        58,
        9,
        6,
        58,
        36
    ]
}