{
    "id": 31644,
    "category": 36,
    "location": [
        -117.93278,
        34.34611
    ],
    "keywords": [
        55,
        12,
        7,
        20,
        61,
        24
    ]
}