{
    "id": 31650,
    "category": 36,
    "location": [
        -117.93694,
        33.68056
    ],
    "keywords": [
        9,
        74,
        5,
        54,
        17,
        30,
        51,
        27,
        33,
        20,
        73,
        24,
        20
    ]
}