{
    "id": 31689,
    "category": 36,
    "location": [
        -117.96861,
        34.76111
    ],
    "keywords": [
        71,
        75,
        53
    ]
}