{
    "id": 31685,
    "category": 36,
    "location": [
        -117.96306,
        33.91806
    ],
    "keywords": [
        2,
        57,
        71,
        44,
        70,
        67,
        49,
        48,
        46,
        35
    ]
}