{
    "id": 31693,
    "category": 36,
    "location": [
        -117.97083,
        34.49278
    ],
    "keywords": [
        32,
        59,
        17,
        47,
        31,
        75,
        24,
        53,
        22
    ]
}