{
    "id": 31700,
    "category": 36,
    "location": [
        -117.97528,
        36.04556
    ],
    "keywords": [
        61,
        29,
        42,
        20
    ]
}