{
    "id": 31706,
    "category": 36,
    "location": [
        -117.98278,
        33.80778
    ],
    "keywords": [
        16,
        25,
        24,
        18,
        63,
        61,
        31,
        48,
        4,
        62,
        18,
        64,
        32
    ]
}