{
    "id": 31707,
    "category": 36,
    "location": [
        -117.98333,
        35.12472
    ],
    "keywords": [
        44,
        65,
        24,
        63,
        45,
        46,
        52,
        8
    ]
}