{
    "id": 31724,
    "category": 36,
    "location": [
        -117.99472,
        33.88222
    ],
    "keywords": [
        31,
        34,
        31,
        11
    ]
}