{
    "id": 3173,
    "category": 11,
    "location": [
        -116.48139,
        33.95806
    ],
    "keywords": [
        27,
        74,
        2,
        19,
        38,
        39,
        67,
        65
    ]
}