{
    "id": 31732,
    "category": 36,
    "location": [
        -117.99639,
        37.41194
    ],
    "keywords": [
        24,
        18,
        5,
        0,
        12,
        75,
        42,
        69,
        57,
        27,
        35,
        62,
        47,
        32,
        67
    ]
}