{
    "id": 31747,
    "category": 36,
    "location": [
        -118.00444,
        34.32667
    ],
    "keywords": [
        64,
        48
    ]
}