{
    "id": 31753,
    "category": 36,
    "location": [
        -118.00861,
        33.83306
    ],
    "keywords": [
        24,
        65,
        63,
        12,
        42,
        41,
        16,
        19,
        52,
        20,
        2
    ]
}