{
    "id": 31768,
    "category": 36,
    "location": [
        -118.01667,
        34.32806
    ],
    "keywords": [
        62,
        12,
        58,
        18,
        28
    ]
}