{
    "id": 3178,
    "category": 11,
    "location": [
        -116.52667,
        33.81861
    ],
    "keywords": []
}