{
    "id": 31817,
    "category": 36,
    "location": [
        -118.04861,
        33.80667
    ],
    "keywords": [
        11,
        32,
        62,
        52,
        4,
        3,
        10
    ]
}