{
    "id": 31828,
    "category": 36,
    "location": [
        -118.05389,
        33.73056
    ],
    "keywords": [
        2,
        28
    ]
}