{
    "id": 31829,
    "category": 36,
    "location": [
        -118.05528,
        33.90667
    ],
    "keywords": [
        41,
        33,
        25,
        49,
        37,
        7,
        60
    ]
}