{
    "id": 31831,
    "category": 36,
    "location": [
        -118.05528,
        36.75361
    ],
    "keywords": [
        8,
        75,
        3,
        54,
        20,
        38,
        20,
        27,
        38
    ]
}