{
    "id": 31846,
    "category": 36,
    "location": [
        -118.06389,
        34.24833
    ],
    "keywords": [
        38,
        19,
        56,
        62
    ]
}