{
    "id": 31843,
    "category": 36,
    "location": [
        -118.06056,
        33.71278
    ],
    "keywords": [
        7,
        71,
        0,
        66,
        28,
        64,
        39,
        74,
        9,
        14,
        28,
        70,
        9,
        27
    ]
}