{
    "id": 31855,
    "category": 36,
    "location": [
        -118.07167,
        34.15111
    ],
    "keywords": [
        42,
        61,
        40,
        31,
        73,
        5,
        21,
        29,
        45,
        25,
        7,
        39,
        47,
        33
    ]
}