{
    "id": 31868,
    "category": 36,
    "location": [
        -118.07556,
        34.08167
    ],
    "keywords": [
        53,
        37,
        45,
        44
    ]
}