{
    "id": 31871,
    "category": 36,
    "location": [
        -118.07806,
        33.76111
    ],
    "keywords": [
        12,
        2,
        58,
        75,
        5,
        11,
        27,
        46,
        56,
        58,
        64,
        36
    ]
}