{
    "id": 31905,
    "category": 36,
    "location": [
        -118.09917,
        35.45278
    ],
    "keywords": [
        36,
        66,
        15,
        58,
        30,
        19,
        60,
        17,
        74,
        52,
        57,
        64,
        75,
        1,
        42
    ]
}