{
    "id": 31927,
    "category": 36,
    "location": [
        -118.11111,
        34.30944
    ],
    "keywords": [
        25,
        6,
        25,
        6,
        63,
        50,
        13
    ]
}