{
    "id": 31944,
    "category": 36,
    "location": [
        -118.11861,
        33.93528
    ],
    "keywords": [
        52,
        42,
        32
    ]
}