{
    "id": 31943,
    "category": 36,
    "location": [
        -118.11861,
        33.84306
    ],
    "keywords": [
        74
    ]
}