{
    "id": 31949,
    "category": 36,
    "location": [
        -118.12194,
        34.03111
    ],
    "keywords": [
        4,
        1,
        41,
        62,
        74,
        73,
        27,
        10,
        45,
        21,
        20
    ]
}