{
    "id": 31953,
    "category": 36,
    "location": [
        -118.12417,
        34.62611
    ],
    "keywords": [
        59,
        61,
        23
    ]
}