{
    "id": 31957,
    "category": 36,
    "location": [
        -118.12639,
        34.11944
    ],
    "keywords": [
        61,
        46,
        14,
        30
    ]
}