{
    "id": 31975,
    "category": 36,
    "location": [
        -118.13944,
        34.24472
    ],
    "keywords": [
        11
    ]
}