{
    "id": 31986,
    "category": 36,
    "location": [
        -118.14333,
        34.03806
    ],
    "keywords": [
        43,
        25,
        51,
        24,
        14,
        15,
        67,
        36
    ]
}