{
    "id": 31998,
    "category": 36,
    "location": [
        -118.14722,
        37.27389
    ],
    "keywords": [
        51,
        1,
        34,
        50,
        61,
        46,
        39,
        70,
        75,
        16
    ]
}