{
    "id": 3199,
    "category": 11,
    "location": [
        -116.86583,
        36.46194
    ],
    "keywords": [
        24,
        70,
        7,
        59
    ]
}