{
    "id": 32001,
    "category": 36,
    "location": [
        -118.14889,
        34.67444
    ],
    "keywords": [
        3,
        8,
        39,
        0,
        19
    ]
}