{
    "id": 32019,
    "category": 36,
    "location": [
        -118.15944,
        33.90361
    ],
    "keywords": [
        18,
        53,
        45,
        54,
        40,
        70,
        72,
        54,
        33,
        36,
        15,
        58,
        36,
        12,
        0
    ]
}