{
    "id": 32018,
    "category": 36,
    "location": [
        -118.15861,
        34.03444
    ],
    "keywords": [
        1,
        47,
        30,
        40,
        64,
        18,
        61,
        51,
        34
    ]
}