{
    "id": 32014,
    "category": 36,
    "location": [
        -118.15583,
        37.53306
    ],
    "keywords": [
        54,
        60,
        15,
        24
    ]
}