{
    "id": 3201,
    "category": 11,
    "location": [
        -116.86639,
        34.26083
    ],
    "keywords": [
        41,
        58,
        30,
        24,
        55,
        40,
        40,
        3,
        63,
        46,
        56,
        44
    ]
}