{
    "id": 32026,
    "category": 36,
    "location": [
        -118.16278,
        34.52583
    ],
    "keywords": [
        67,
        54,
        1,
        60,
        5,
        31,
        58,
        26,
        12,
        45,
        68
    ]
}