{
    "id": 32036,
    "category": 36,
    "location": [
        -118.17028,
        37.49917
    ],
    "keywords": [
        24,
        4,
        16,
        48,
        69,
        28,
        46
    ]
}