{
    "id": 32042,
    "category": 36,
    "location": [
        -118.17306,
        34.14389
    ],
    "keywords": [
        13,
        31,
        11,
        47,
        5,
        70,
        73,
        56
    ]
}