{
    "id": 32047,
    "category": 36,
    "location": [
        -118.17611,
        34.22972
    ],
    "keywords": [
        47,
        19,
        17
    ]
}