{
    "id": 3204,
    "category": 11,
    "location": [
        -116.87528,
        33.93028
    ],
    "keywords": [
        54,
        27,
        73,
        68,
        28,
        6
    ]
}