{
    "id": 32053,
    "category": 36,
    "location": [
        -118.17917,
        37.31472
    ],
    "keywords": [
        32,
        18,
        19,
        72,
        11,
        60,
        32,
        15,
        69,
        34
    ]
}