{
    "id": 32052,
    "category": 36,
    "location": [
        -118.17917,
        34.22583
    ],
    "keywords": [
        40,
        72,
        63,
        59,
        58,
        65,
        61,
        62,
        63,
        75,
        73
    ]
}