{
    "id": 32056,
    "category": 36,
    "location": [
        -118.18167,
        34.66111
    ],
    "keywords": [
        2,
        19,
        64,
        14,
        8,
        61,
        66
    ]
}