{
    "id": 32061,
    "category": 36,
    "location": [
        -118.18361,
        34.37194
    ],
    "keywords": [
        70,
        74,
        31
    ]
}