{
    "id": 32070,
    "category": 36,
    "location": [
        -118.18694,
        34.21472
    ],
    "keywords": [
        4,
        6,
        55,
        52,
        34,
        66,
        21,
        38,
        8,
        58,
        36
    ]
}