{
    "id": 32089,
    "category": 36,
    "location": [
        -118.19417,
        35.09917
    ],
    "keywords": [
        38,
        33,
        65,
        12,
        16,
        73
    ]
}