{
    "id": 32091,
    "category": 36,
    "location": [
        -118.19722,
        33.94361
    ],
    "keywords": [
        44,
        48,
        20,
        48,
        8,
        51,
        73,
        26,
        51,
        36,
        48,
        13,
        1
    ]
}