{
    "id": 32099,
    "category": 36,
    "location": [
        -118.20111,
        34.17194
    ],
    "keywords": [
        35,
        56,
        62,
        29,
        16,
        23,
        34,
        11,
        8,
        33,
        49,
        41,
        12,
        66,
        74
    ]
}