{
    "id": 32126,
    "category": 36,
    "location": [
        -118.22222,
        34.28528
    ],
    "keywords": [
        32,
        67,
        44,
        66,
        62
    ]
}