{
    "id": 3213,
    "category": 11,
    "location": [
        -116.93056,
        32.85556
    ],
    "keywords": [
        45,
        30,
        45,
        25,
        45
    ]
}