{
    "id": 32164,
    "category": 36,
    "location": [
        -118.23667,
        33.75222
    ],
    "keywords": [
        5
    ]
}