{
    "id": 32195,
    "category": 36,
    "location": [
        -118.25222,
        34.38806
    ],
    "keywords": [
        23
    ]
}