{
    "id": 32207,
    "category": 36,
    "location": [
        -118.26028,
        34.87528
    ],
    "keywords": [
        55,
        66,
        11,
        65,
        49,
        48,
        16,
        56,
        0,
        33,
        62,
        14,
        17
    ]
}