{
    "id": 32221,
    "category": 36,
    "location": [
        -118.26806,
        36.20167
    ],
    "keywords": [
        18,
        8,
        13,
        18,
        1
    ]
}