{
    "id": 32223,
    "category": 36,
    "location": [
        -118.26917,
        34.39278
    ],
    "keywords": [
        36,
        57,
        67,
        38,
        2,
        52,
        73,
        45,
        31,
        31,
        51,
        71,
        63
    ]
}