{
    "id": 32247,
    "category": 36,
    "location": [
        -118.28194,
        36.93861
    ],
    "keywords": [
        68,
        11,
        40,
        73,
        28,
        36,
        24,
        66,
        54,
        69,
        45,
        28
    ]
}