{
    "id": 32258,
    "category": 36,
    "location": [
        -118.28667,
        34.01389
    ],
    "keywords": []
}