{
    "id": 32268,
    "category": 36,
    "location": [
        -118.29194,
        34.09972
    ],
    "keywords": [
        46,
        23,
        70,
        20,
        47,
        66,
        38,
        4,
        61,
        54,
        28
    ]
}