{
    "id": 32260,
    "category": 36,
    "location": [
        -118.28694,
        36.30889
    ],
    "keywords": [
        54,
        56,
        31,
        11,
        42,
        38,
        59,
        65
    ]
}