{
    "id": 32263,
    "category": 36,
    "location": [
        -118.28778,
        36.36667
    ],
    "keywords": [
        14
    ]
}