{
    "id": 32272,
    "category": 36,
    "location": [
        -118.29278,
        34.54722
    ],
    "keywords": [
        0,
        18
    ]
}