{
    "id": 32282,
    "category": 36,
    "location": [
        -118.29944,
        34.11861
    ],
    "keywords": [
        15,
        0,
        61,
        16,
        70,
        26,
        5,
        3,
        28,
        20,
        45,
        66,
        7,
        45,
        53
    ]
}