{
    "id": 32296,
    "category": 36,
    "location": [
        -118.30889,
        34.89389
    ],
    "keywords": [
        66,
        30,
        42,
        32,
        36,
        64,
        5,
        44,
        50,
        38,
        73,
        68,
        5,
        72
    ]
}