{
    "id": 32306,
    "category": 36,
    "location": [
        -118.31278,
        35.45444
    ],
    "keywords": [
        17,
        58,
        58,
        45,
        10,
        46,
        72,
        68,
        1,
        43,
        62,
        26,
        21
    ]
}