{
    "id": 32305,
    "category": 36,
    "location": [
        -118.31278,
        34.06222
    ],
    "keywords": [
        62,
        54,
        24,
        28,
        6,
        47,
        5,
        64,
        48,
        18,
        5,
        59,
        71,
        50,
        73
    ]
}