{
    "id": 3231,
    "category": 11,
    "location": [
        -116.96778,
        33.75111
    ],
    "keywords": [
        12,
        49,
        4,
        67,
        37,
        43
    ]
}