{
    "id": 32334,
    "category": 36,
    "location": [
        -118.32778,
        33.80389
    ],
    "keywords": [
        7,
        0,
        20,
        58,
        50,
        59,
        55,
        31,
        66,
        5
    ]
}