{
    "id": 32333,
    "category": 36,
    "location": [
        -118.32722,
        34.65583
    ],
    "keywords": [
        52,
        28,
        58,
        0,
        43,
        62,
        5
    ]
}