{
    "id": 32352,
    "category": 36,
    "location": [
        -118.33667,
        36.01972
    ],
    "keywords": [
        10,
        8,
        37,
        60,
        73,
        38,
        17,
        58
    ]
}