{
    "id": 32363,
    "category": 36,
    "location": [
        -118.34056,
        33.88167
    ],
    "keywords": [
        65,
        1,
        55
    ]
}