{
    "id": 32376,
    "category": 36,
    "location": [
        -118.34722,
        36.56417
    ],
    "keywords": [
        33,
        75,
        54,
        16,
        47,
        5,
        1
    ]
}