{
    "id": 32404,
    "category": 36,
    "location": [
        -118.35917,
        34.44111
    ],
    "keywords": [
        74,
        53,
        37,
        17,
        69,
        13,
        3,
        13,
        48,
        26
    ]
}