{
    "id": 3243,
    "category": 11,
    "location": [
        -116.99639,
        32.84472
    ],
    "keywords": [
        68,
        29
    ]
}