{
    "id": 32441,
    "category": 36,
    "location": [
        -118.38556,
        37.27583
    ],
    "keywords": [
        32,
        51,
        35,
        9,
        45,
        35,
        7,
        49,
        45,
        41
    ]
}