{
    "id": 32446,
    "category": 36,
    "location": [
        -118.38806,
        33.79972
    ],
    "keywords": [
        0
    ]
}