{
    "id": 3244,
    "category": 11,
    "location": [
        -116.99694,
        32.80167
    ],
    "keywords": [
        37
    ]
}