{
    "id": 32457,
    "category": 36,
    "location": [
        -118.39139,
        33.83972
    ],
    "keywords": [
        19,
        55,
        10,
        29
    ]
}