{
    "id": 32464,
    "category": 36,
    "location": [
        -118.39278,
        33.31944
    ],
    "keywords": [
        61,
        6,
        47,
        25,
        39,
        39,
        2,
        8
    ]
}