{
    "id": 32476,
    "category": 36,
    "location": [
        -118.39583,
        37.37222
    ],
    "keywords": [
        58,
        53,
        19,
        14,
        22
    ]
}