{
    "id": 32479,
    "category": 36,
    "location": [
        -118.39667,
        34.18889
    ],
    "keywords": [
        40,
        23,
        31,
        17,
        71,
        74,
        31,
        25,
        38,
        56,
        29,
        73,
        72,
        33,
        67
    ]
}