{
    "id": 32485,
    "category": 36,
    "location": [
        -118.39694,
        35.56556
    ],
    "keywords": [
        28,
        4
    ]
}