{
    "id": 32483,
    "category": 36,
    "location": [
        -118.39667,
        37.66167
    ],
    "keywords": [
        29,
        64,
        40,
        1,
        40,
        24,
        53,
        42,
        43
    ]
}