{
    "id": 32486,
    "category": 36,
    "location": [
        -118.39806,
        33.84583
    ],
    "keywords": [
        39,
        64,
        66,
        70,
        0,
        40,
        55,
        43,
        25
    ]
}