{
    "id": 32487,
    "category": 36,
    "location": [
        -118.39833,
        37.66194
    ],
    "keywords": [
        25,
        6,
        2,
        64,
        45,
        38,
        66,
        30,
        4,
        5,
        45,
        30,
        4
    ]
}