{
    "id": 32505,
    "category": 36,
    "location": [
        -118.40583,
        33.74111
    ],
    "keywords": [
        11,
        23,
        43,
        20,
        64,
        75,
        9,
        24,
        66,
        30,
        69,
        19,
        16
    ]
}