{
    "id": 3250,
    "category": 11,
    "location": [
        -117.02222,
        32.76722
    ],
    "keywords": [
        30,
        20,
        51,
        60,
        25,
        6,
        44,
        53,
        4,
        2,
        47
    ]
}