{
    "id": 32539,
    "category": 36,
    "location": [
        -118.42306,
        34.59389
    ],
    "keywords": [
        6,
        2,
        42,
        54,
        63,
        2,
        9,
        75,
        25,
        57,
        25
    ]
}