{
    "id": 32530,
    "category": 36,
    "location": [
        -118.41778,
        35.07194
    ],
    "keywords": [
        48,
        72,
        31,
        5,
        56
    ]
}