{
    "id": 32544,
    "category": 36,
    "location": [
        -118.42556,
        35.65139
    ],
    "keywords": [
        23,
        10,
        12,
        7,
        4,
        70,
        33,
        65
    ]
}