{
    "id": 3255,
    "category": 11,
    "location": [
        -117.02417,
        33.23083
    ],
    "keywords": [
        35,
        55,
        73,
        26,
        9,
        32,
        49,
        24,
        16,
        23,
        42,
        59,
        58,
        26
    ]
}