{
    "id": 32561,
    "category": 36,
    "location": [
        -118.43306,
        34.54639
    ],
    "keywords": [
        27,
        53,
        25,
        73,
        31,
        31,
        10,
        1,
        71,
        12,
        57,
        47,
        75
    ]
}