{
    "id": 32569,
    "category": 36,
    "location": [
        -118.43722,
        35.62167
    ],
    "keywords": []
}