{
    "id": 32574,
    "category": 36,
    "location": [
        -118.43972,
        37.12361
    ],
    "keywords": [
        1
    ]
}