{
    "id": 32573,
    "category": 36,
    "location": [
        -118.43944,
        33.96861
    ],
    "keywords": [
        20,
        69,
        70,
        36,
        25,
        45,
        38,
        53,
        15,
        0,
        35,
        36,
        30,
        19
    ]
}