{
    "id": 32586,
    "category": 36,
    "location": [
        -118.44667,
        37.13083
    ],
    "keywords": [
        24,
        23,
        32,
        63,
        41,
        42,
        34,
        24,
        9,
        66
    ]
}