{
    "id": 32591,
    "category": 36,
    "location": [
        -118.44944,
        34.50972
    ],
    "keywords": [
        65,
        62,
        65,
        14,
        29
    ]
}