{
    "id": 32619,
    "category": 36,
    "location": [
        -118.46083,
        34.04944
    ],
    "keywords": [
        43,
        16,
        45,
        68,
        45,
        39,
        43
    ]
}