{
    "id": 32611,
    "category": 36,
    "location": [
        -118.45556,
        35.65417
    ],
    "keywords": []
}