{
    "id": 32623,
    "category": 36,
    "location": [
        -118.46444,
        36.09028
    ],
    "keywords": [
        58,
        0,
        41,
        22,
        54,
        66,
        62
    ]
}