{
    "id": 32636,
    "category": 36,
    "location": [
        -118.47278,
        34.41722
    ],
    "keywords": [
        20,
        71,
        60,
        39,
        62,
        14,
        26,
        42,
        53,
        30,
        19,
        14,
        9,
        31,
        12
    ]
}