{
    "id": 32642,
    "category": 36,
    "location": [
        -118.47694,
        36.13806
    ],
    "keywords": [
        50,
        64,
        43,
        59,
        62,
        54,
        70
    ]
}