{
    "id": 32673,
    "category": 36,
    "location": [
        -118.49028,
        36.06639
    ],
    "keywords": [
        60,
        36,
        50,
        6,
        58,
        18,
        21,
        16,
        55,
        13,
        44,
        74
    ]
}