{
    "id": 32683,
    "category": 36,
    "location": [
        -118.49444,
        35.92278
    ],
    "keywords": [
        50,
        72,
        22,
        15,
        56,
        15
    ]
}