{
    "id": 32699,
    "category": 36,
    "location": [
        -118.50111,
        34.23528
    ],
    "keywords": [
        4,
        20,
        53,
        74,
        14,
        70,
        6,
        69,
        33
    ]
}