{
    "id": 32714,
    "category": 36,
    "location": [
        -118.50778,
        35.11917
    ],
    "keywords": [
        23,
        11,
        65,
        7
    ]
}