{
    "id": 32720,
    "category": 36,
    "location": [
        -118.51111,
        34.05611
    ],
    "keywords": [
        69,
        62,
        43,
        48,
        27,
        38,
        64,
        74,
        60,
        70,
        22
    ]
}