{
    "id": 32734,
    "category": 36,
    "location": [
        -118.51583,
        34.42861
    ],
    "keywords": [
        2,
        71
    ]
}