{
    "id": 32794,
    "category": 36,
    "location": [
        -118.54306,
        34.37917
    ],
    "keywords": [
        22,
        55,
        1,
        26,
        6,
        75
    ]
}