{
    "id": 328,
    "category": 0,
    "location": [
        -118.27722,
        33.85639
    ],
    "keywords": []
}