{
    "id": 32801,
    "category": 36,
    "location": [
        -118.54778,
        34.70861
    ],
    "keywords": [
        39,
        10,
        59,
        25,
        64,
        25,
        72
    ]
}