{
    "id": 32804,
    "category": 36,
    "location": [
        -118.55028,
        34.09472
    ],
    "keywords": [
        31,
        14,
        34
    ]
}