{
    "id": 32806,
    "category": 36,
    "location": [
        -118.55194,
        34.23472
    ],
    "keywords": [
        2,
        12,
        17,
        17,
        46,
        64,
        56,
        71,
        60,
        61,
        26
    ]
}