{
    "id": 32850,
    "category": 36,
    "location": [
        -118.56972,
        35.80917
    ],
    "keywords": [
        3,
        27,
        67,
        56,
        0,
        55,
        26,
        37
    ]
}