{
    "id": 32864,
    "category": 36,
    "location": [
        -118.57667,
        35.87389
    ],
    "keywords": [
        63,
        8,
        4,
        33,
        60,
        52,
        42
    ]
}