{
    "id": 32875,
    "category": 36,
    "location": [
        -118.58278,
        35.45083
    ],
    "keywords": [
        56,
        43,
        52,
        9,
        33,
        30,
        56
    ]
}