{
    "id": 32883,
    "category": 36,
    "location": [
        -118.58611,
        34.09333
    ],
    "keywords": [
        37,
        72,
        49,
        74,
        3,
        7,
        15,
        15,
        37,
        73,
        40,
        38
    ]
}