{
    "id": 32885,
    "category": 36,
    "location": [
        -118.58694,
        34.24139
    ],
    "keywords": [
        54,
        38,
        38,
        59,
        45,
        35,
        38,
        14,
        34,
        64,
        61
    ]
}