{
    "id": 32893,
    "category": 36,
    "location": [
        -118.59222,
        37.24389
    ],
    "keywords": [
        7,
        29,
        8,
        10,
        9,
        30,
        28,
        34
    ]
}