{
    "id": 3290,
    "category": 11,
    "location": [
        -117.07278,
        32.77694
    ],
    "keywords": [
        26,
        44,
        41,
        1,
        23,
        49,
        67,
        59,
        43,
        12,
        58
    ]
}