{
    "id": 32900,
    "category": 36,
    "location": [
        -118.59639,
        36.44944
    ],
    "keywords": [
        72,
        40,
        32
    ]
}