{
    "id": 32912,
    "category": 36,
    "location": [
        -118.60389,
        34.16917
    ],
    "keywords": [
        25,
        50,
        68
    ]
}