{
    "id": 32917,
    "category": 36,
    "location": [
        -118.60472,
        34.43833
    ],
    "keywords": [
        27,
        54,
        56,
        36,
        3,
        47,
        34,
        26
    ]
}