{
    "id": 32951,
    "category": 36,
    "location": [
        -118.62139,
        34.26472
    ],
    "keywords": [
        36,
        25,
        41,
        7,
        3,
        13
    ]
}