{
    "id": 32954,
    "category": 36,
    "location": [
        -118.62194,
        34.54083
    ],
    "keywords": [
        1,
        18,
        3,
        64,
        68,
        38,
        69,
        70
    ]
}