{
    "id": 32963,
    "category": 36,
    "location": [
        -118.63056,
        34.71306
    ],
    "keywords": [
        7,
        22,
        10,
        32,
        34,
        64,
        48
    ]
}