{
    "id": 32982,
    "category": 36,
    "location": [
        -118.64111,
        34.15333
    ],
    "keywords": []
}