{
    "id": 33011,
    "category": 36,
    "location": [
        -118.66083,
        36.15278
    ],
    "keywords": [
        22,
        28,
        16,
        56,
        56,
        65,
        27,
        46,
        75,
        5
    ]
}