{
    "id": 33013,
    "category": 36,
    "location": [
        -118.66278,
        36.18972
    ],
    "keywords": [
        11,
        41,
        0,
        21,
        70,
        67,
        70,
        65,
        44,
        26,
        19
    ]
}