{
    "id": 33023,
    "category": 36,
    "location": [
        -118.66861,
        34.76806
    ],
    "keywords": [
        0,
        23,
        14
    ]
}