{
    "id": 33020,
    "category": 36,
    "location": [
        -118.66694,
        35.52806
    ],
    "keywords": [
        32,
        11,
        6,
        9,
        8,
        0,
        74,
        61,
        46,
        4
    ]
}