{
    "id": 33038,
    "category": 36,
    "location": [
        -118.67556,
        35.87944
    ],
    "keywords": [
        18,
        26
    ]
}