{
    "id": 33050,
    "category": 36,
    "location": [
        -118.68472,
        37.94361
    ],
    "keywords": [
        22,
        23,
        51,
        27,
        24,
        70,
        31,
        23,
        67,
        13,
        29,
        57,
        44
    ]
}