{
    "id": 33076,
    "category": 36,
    "location": [
        -118.70222,
        37.35972
    ],
    "keywords": [
        40,
        55,
        21,
        75,
        39,
        9,
        53,
        58,
        64,
        43,
        28,
        17,
        52,
        13,
        56
    ]
}