{
    "id": 33090,
    "category": 36,
    "location": [
        -118.71111,
        34.25917
    ],
    "keywords": [
        67,
        33,
        21,
        18,
        35,
        64,
        49,
        64,
        42
    ]
}