{
    "id": 33108,
    "category": 36,
    "location": [
        -118.71806,
        34.27972
    ],
    "keywords": [
        18,
        2,
        72,
        32,
        16,
        36
    ]
}