{
    "id": 33105,
    "category": 36,
    "location": [
        -118.71694,
        34.31972
    ],
    "keywords": [
        27,
        14,
        9,
        24,
        31,
        17,
        18,
        2,
        19,
        74,
        68
    ]
}