{
    "id": 33112,
    "category": 36,
    "location": [
        -118.71917,
        36.01861
    ],
    "keywords": [
        55,
        69,
        73,
        49
    ]
}