{
    "id": 33129,
    "category": 36,
    "location": [
        -118.72917,
        37.85306
    ],
    "keywords": [
        50,
        59,
        62,
        50
    ]
}