{
    "id": 3312,
    "category": 11,
    "location": [
        -117.09472,
        32.68333
    ],
    "keywords": [
        41,
        71
    ]
}