{
    "id": 33145,
    "category": 36,
    "location": [
        -118.74194,
        37.87306
    ],
    "keywords": [
        28,
        10,
        56,
        43
    ]
}