{
    "id": 33143,
    "category": 36,
    "location": [
        -118.74167,
        34.56722
    ],
    "keywords": [
        16,
        51,
        74,
        46,
        46,
        27,
        0,
        14,
        28,
        8,
        49
    ]
}