{
    "id": 33176,
    "category": 36,
    "location": [
        -118.76028,
        34.48306
    ],
    "keywords": [
        64,
        21,
        40,
        62,
        65
    ]
}