{
    "id": 33186,
    "category": 36,
    "location": [
        -118.76444,
        34.65694
    ],
    "keywords": [
        57,
        50,
        72,
        42,
        37,
        44,
        4,
        57,
        51,
        43
    ]
}