{
    "id": 33196,
    "category": 36,
    "location": [
        -118.77167,
        36.52083
    ],
    "keywords": [
        26,
        3,
        71,
        36,
        24,
        21,
        43,
        34,
        60,
        32
    ]
}