{
    "id": 3319,
    "category": 11,
    "location": [
        -117.10444,
        34.20444
    ],
    "keywords": [
        8,
        40,
        67,
        69,
        37,
        14,
        8,
        67,
        23
    ]
}