{
    "id": 3320,
    "category": 11,
    "location": [
        -117.10472,
        32.63333
    ],
    "keywords": [
        13,
        9,
        40,
        15
    ]
}