{
    "id": 33239,
    "category": 36,
    "location": [
        -118.80417,
        34.70139
    ],
    "keywords": [
        43,
        41,
        63,
        59,
        54,
        11,
        16,
        67,
        30,
        63,
        45,
        45,
        14,
        8
    ]
}