{
    "id": 3323,
    "category": 11,
    "location": [
        -117.11556,
        32.57722
    ],
    "keywords": [
        57,
        4,
        50,
        37,
        72
    ]
}