{
    "id": 33241,
    "category": 36,
    "location": [
        -118.80556,
        34.70056
    ],
    "keywords": []
}