{
    "id": 33265,
    "category": 36,
    "location": [
        -118.82278,
        34.21139
    ],
    "keywords": [
        66,
        60,
        57,
        25,
        48,
        26,
        51,
        13
    ]
}