{
    "id": 33275,
    "category": 36,
    "location": [
        -118.82861,
        35.83028
    ],
    "keywords": [
        27,
        67
    ]
}