{
    "id": 33288,
    "category": 36,
    "location": [
        -118.83583,
        34.42139
    ],
    "keywords": [
        66,
        58,
        22,
        45,
        42,
        50,
        25,
        13,
        74,
        57,
        70,
        31,
        27,
        47
    ]
}