{
    "id": 33282,
    "category": 36,
    "location": [
        -118.83222,
        36.66444
    ],
    "keywords": [
        14,
        12,
        57,
        23,
        2,
        12,
        31,
        16,
        39,
        22,
        41,
        16
    ]
}