{
    "id": 33290,
    "category": 36,
    "location": [
        -118.83833,
        34.17194
    ],
    "keywords": [
        71,
        13,
        54
    ]
}