{
    "id": 33335,
    "category": 36,
    "location": [
        -118.86694,
        34.17861
    ],
    "keywords": [
        67,
        20,
        73,
        68,
        22,
        75,
        45,
        48,
        62,
        40,
        27
    ]
}