{
    "id": 3335,
    "category": 11,
    "location": [
        -117.14556,
        32.70889
    ],
    "keywords": [
        10,
        55,
        42,
        11,
        16,
        65,
        66
    ]
}