{
    "id": 33350,
    "category": 36,
    "location": [
        -118.87694,
        34.18278
    ],
    "keywords": [
        43,
        68,
        61,
        22,
        41,
        66,
        13,
        58,
        63,
        16,
        60,
        23,
        65,
        20
    ]
}