{
    "id": 33351,
    "category": 36,
    "location": [
        -118.87778,
        34.17528
    ],
    "keywords": [
        56
    ]
}