{
    "id": 33363,
    "category": 36,
    "location": [
        -118.88528,
        34.58667
    ],
    "keywords": [
        38,
        25,
        54,
        19,
        65,
        57,
        40,
        4,
        60,
        8,
        14,
        8,
        20
    ]
}