{
    "id": 33381,
    "category": 36,
    "location": [
        -118.89472,
        36.77139
    ],
    "keywords": [
        19,
        14,
        4,
        41
    ]
}