{
    "id": 33388,
    "category": 36,
    "location": [
        -118.90056,
        37.78389
    ],
    "keywords": [
        47,
        70,
        51,
        70,
        31,
        9,
        23,
        24,
        16,
        71,
        58
    ]
}