{
    "id": 33400,
    "category": 36,
    "location": [
        -118.90806,
        34.55806
    ],
    "keywords": [
        14,
        28,
        12,
        27,
        53,
        34,
        6,
        12
    ]
}