{
    "id": 33437,
    "category": 36,
    "location": [
        -118.92944,
        35.13667
    ],
    "keywords": [
        0,
        4,
        19,
        62,
        46,
        14,
        70,
        19,
        13
    ]
}