{
    "id": 33435,
    "category": 36,
    "location": [
        -118.92806,
        34.71722
    ],
    "keywords": [
        3,
        26,
        70,
        9,
        51,
        38,
        60,
        30,
        33,
        6,
        66
    ]
}