{
    "id": 33441,
    "category": 36,
    "location": [
        -118.93472,
        34.70361
    ],
    "keywords": [
        55,
        19,
        37
    ]
}