{
    "id": 3344,
    "category": 11,
    "location": [
        -117.14889,
        32.73167
    ],
    "keywords": [
        9,
        0,
        0
    ]
}