{
    "id": 33445,
    "category": 36,
    "location": [
        -118.93944,
        37.25472
    ],
    "keywords": [
        62,
        43,
        4,
        30,
        36,
        28,
        22,
        7,
        40,
        35
    ]
}