{
    "id": 33466,
    "category": 36,
    "location": [
        -118.95028,
        34.57444
    ],
    "keywords": [
        10,
        14,
        2,
        50,
        53,
        31,
        62,
        46,
        21
    ]
}