{
    "id": 33471,
    "category": 36,
    "location": [
        -118.95417,
        36.72417
    ],
    "keywords": [
        57,
        45,
        56,
        71,
        4,
        3,
        5,
        30,
        68,
        56,
        8
    ]
}