{
    "id": 33470,
    "category": 36,
    "location": [
        -118.95417,
        35.37667
    ],
    "keywords": [
        70,
        52,
        11,
        23,
        55,
        36,
        7,
        45,
        36,
        62,
        2,
        4,
        24,
        9,
        14
    ]
}