{
    "id": 33494,
    "category": 36,
    "location": [
        -118.96389,
        36.73778
    ],
    "keywords": [
        5,
        64,
        69,
        18,
        9,
        71,
        6,
        58,
        24,
        53,
        7,
        67,
        42,
        27
    ]
}