{
    "id": 33490,
    "category": 36,
    "location": [
        -118.96222,
        36.71667
    ],
    "keywords": [
        5,
        37,
        14,
        40,
        65,
        57,
        28,
        12,
        43,
        4,
        38,
        56
    ]
}