{
    "id": 33504,
    "category": 36,
    "location": [
        -118.96583,
        37.63972
    ],
    "keywords": [
        23,
        13,
        14,
        64,
        62,
        27,
        31,
        70,
        31,
        25
    ]
}