{
    "id": 33503,
    "category": 36,
    "location": [
        -118.96556,
        37.64667
    ],
    "keywords": [
        59
    ]
}