{
    "id": 3352,
    "category": 11,
    "location": [
        -117.15139,
        32.73278
    ],
    "keywords": [
        51,
        42,
        58,
        51,
        10,
        64,
        73,
        12,
        48,
        25,
        17,
        30
    ]
}