{
    "id": 33527,
    "category": 36,
    "location": [
        -118.97389,
        36.74028
    ],
    "keywords": [
        67,
        41,
        6,
        44,
        6,
        30,
        10,
        42,
        52,
        50,
        0
    ]
}