{
    "id": 33533,
    "category": 36,
    "location": [
        -118.97639,
        34.67528
    ],
    "keywords": [
        26,
        64,
        48,
        31,
        70,
        66,
        68,
        61,
        20,
        61,
        35,
        73
    ]
}