{
    "id": 33536,
    "category": 36,
    "location": [
        -118.97917,
        36.79361
    ],
    "keywords": [
        3,
        9,
        1,
        35,
        2,
        27,
        15,
        34,
        33,
        64,
        7
    ]
}