{
    "id": 33541,
    "category": 36,
    "location": [
        -118.98333,
        35.39667
    ],
    "keywords": [
        46
    ]
}