{
    "id": 3355,
    "category": 11,
    "location": [
        -117.15278,
        32.72833
    ],
    "keywords": [
        11,
        64,
        35,
        53,
        55,
        33,
        36,
        12,
        24,
        70,
        52,
        58,
        16
    ]
}