{
    "id": 33550,
    "category": 36,
    "location": [
        -118.98889,
        36.92139
    ],
    "keywords": [
        44,
        4,
        7,
        16
    ]
}