{
    "id": 33559,
    "category": 36,
    "location": [
        -118.99361,
        38.22333
    ],
    "keywords": [
        6,
        13,
        66,
        70,
        22,
        63,
        7,
        20,
        30,
        53,
        30,
        42,
        26,
        20,
        28
    ]
}