{
    "id": 33582,
    "category": 36,
    "location": [
        -119.00556,
        35.69528
    ],
    "keywords": [
        75,
        0,
        64,
        16,
        34
    ]
}