{
    "id": 33589,
    "category": 36,
    "location": [
        -119.00861,
        34.46194
    ],
    "keywords": [
        68,
        33,
        27,
        43,
        44,
        69,
        0,
        3,
        63,
        64,
        14,
        74
    ]
}