{
    "id": 33594,
    "category": 36,
    "location": [
        -119.00972,
        37.37917
    ],
    "keywords": [
        64,
        58,
        18,
        54,
        59
    ]
}