{
    "id": 33590,
    "category": 36,
    "location": [
        -119.00861,
        37.72389
    ],
    "keywords": [
        25,
        31,
        47,
        60,
        61,
        32,
        47,
        54,
        49,
        38,
        6,
        70,
        44,
        18
    ]
}