{
    "id": 33597,
    "category": 36,
    "location": [
        -119.01083,
        36.70694
    ],
    "keywords": [
        61,
        34,
        68,
        11,
        60,
        3,
        10,
        39,
        52,
        27,
        52,
        56,
        13
    ]
}