{
    "id": 33643,
    "category": 36,
    "location": [
        -119.03278,
        35.33806
    ],
    "keywords": []
}