{
    "id": 33652,
    "category": 36,
    "location": [
        -119.03694,
        35.33194
    ],
    "keywords": []
}