{
    "id": 3365,
    "category": 11,
    "location": [
        -117.15667,
        32.70972
    ],
    "keywords": [
        52,
        63,
        1,
        18,
        13,
        69,
        12,
        0,
        55,
        22,
        37,
        2,
        66,
        28
    ]
}