{
    "id": 33667,
    "category": 36,
    "location": [
        -119.04139,
        37.31472
    ],
    "keywords": [
        41,
        9,
        28,
        0,
        0,
        50,
        49
    ]
}