{
    "id": 3367,
    "category": 11,
    "location": [
        -117.15778,
        33.14139
    ],
    "keywords": [
        54,
        11,
        39,
        41,
        42,
        70,
        73,
        18,
        33,
        41,
        58
    ]
}