{
    "id": 3368,
    "category": 11,
    "location": [
        -117.15806,
        32.72111
    ],
    "keywords": [
        38,
        50,
        7
    ]
}