{
    "id": 33691,
    "category": 36,
    "location": [
        -119.05444,
        34.46278
    ],
    "keywords": [
        38,
        5,
        41,
        64,
        69,
        3,
        14,
        72,
        7,
        1,
        17,
        65,
        5,
        16,
        33
    ]
}