{
    "id": 33697,
    "category": 36,
    "location": [
        -119.05639,
        35.40694
    ],
    "keywords": [
        52,
        53,
        28,
        38,
        53,
        65,
        71,
        43
    ]
}