{
    "id": 337,
    "category": 0,
    "location": [
        -118.29111,
        34.06194
    ],
    "keywords": [
        29
    ]
}