{
    "id": 33703,
    "category": 36,
    "location": [
        -119.06222,
        35.35528
    ],
    "keywords": [
        15,
        38,
        66,
        52,
        20,
        5,
        67,
        43,
        6,
        51,
        35,
        37,
        29,
        38
    ]
}