{
    "id": 3371,
    "category": 11,
    "location": [
        -117.15861,
        32.71806
    ],
    "keywords": []
}