{
    "id": 33735,
    "category": 36,
    "location": [
        -119.07389,
        34.35028
    ],
    "keywords": [
        64,
        1,
        58,
        11,
        71,
        9,
        15,
        25,
        33,
        21,
        62,
        42,
        18,
        58,
        44
    ]
}