{
    "id": 33732,
    "category": 36,
    "location": [
        -119.07333,
        37.61944
    ],
    "keywords": [
        2,
        33
    ]
}