{
    "id": 33748,
    "category": 36,
    "location": [
        -119.08083,
        35.77028
    ],
    "keywords": [
        25,
        4,
        16,
        71,
        57,
        11,
        24,
        41
    ]
}