{
    "id": 33768,
    "category": 36,
    "location": [
        -119.09111,
        36.48028
    ],
    "keywords": [
        33,
        46,
        40,
        5,
        66,
        1,
        28,
        7,
        63,
        63,
        13,
        28
    ]
}