{
    "id": 33766,
    "category": 36,
    "location": [
        -119.09056,
        35.10333
    ],
    "keywords": [
        42,
        2,
        35,
        5,
        52,
        75,
        41,
        32,
        3,
        59,
        41
    ]
}