{
    "id": 33771,
    "category": 36,
    "location": [
        -119.09306,
        36.21167
    ],
    "keywords": [
        63,
        61,
        63,
        36
    ]
}