{
    "id": 33781,
    "category": 36,
    "location": [
        -119.09833,
        34.81556
    ],
    "keywords": [
        23,
        28,
        38
    ]
}