{
    "id": 33806,
    "category": 36,
    "location": [
        -119.11056,
        35.51361
    ],
    "keywords": [
        40,
        50
    ]
}