{
    "id": 33814,
    "category": 36,
    "location": [
        -119.11444,
        36.71444
    ],
    "keywords": [
        16,
        47,
        67,
        11
    ]
}