{
    "id": 33826,
    "category": 36,
    "location": [
        -119.11972,
        35.78306
    ],
    "keywords": []
}