{
    "id": 33821,
    "category": 36,
    "location": [
        -119.11667,
        36.86306
    ],
    "keywords": [
        56,
        71,
        20
    ]
}