{
    "id": 33835,
    "category": 36,
    "location": [
        -119.12333,
        37.78417
    ],
    "keywords": [
        28,
        30,
        14,
        61,
        23
    ]
}