{
    "id": 33834,
    "category": 36,
    "location": [
        -119.12333,
        36.98833
    ],
    "keywords": [
        19
    ]
}