{
    "id": 33833,
    "category": 36,
    "location": [
        -119.12306,
        36.52778
    ],
    "keywords": [
        57,
        1,
        54,
        48,
        2,
        65,
        25,
        34,
        7,
        16,
        30
    ]
}