{
    "id": 33859,
    "category": 36,
    "location": [
        -119.14417,
        34.52917
    ],
    "keywords": [
        68,
        54,
        42,
        65,
        61,
        4,
        75,
        30,
        25,
        72,
        68,
        45
    ]
}