{
    "id": 33863,
    "category": 36,
    "location": [
        -119.14806,
        36.08333
    ],
    "keywords": [
        25,
        62,
        4,
        56,
        4,
        75,
        27,
        25,
        64,
        31,
        35,
        36,
        67,
        15,
        68
    ]
}