{
    "id": 33861,
    "category": 36,
    "location": [
        -119.14444,
        36.42389
    ],
    "keywords": [
        54
    ]
}