{
    "id": 33865,
    "category": 36,
    "location": [
        -119.14917,
        36.87917
    ],
    "keywords": [
        51,
        14,
        61,
        11,
        32,
        45,
        33,
        48,
        28
    ]
}