{
    "id": 33879,
    "category": 36,
    "location": [
        -119.15389,
        37.06167
    ],
    "keywords": []
}