{
    "id": 33883,
    "category": 36,
    "location": [
        -119.15528,
        34.28333
    ],
    "keywords": [
        64,
        34,
        41,
        30,
        26,
        12,
        29,
        56
    ]
}