{
    "id": 33897,
    "category": 36,
    "location": [
        -119.15972,
        36.58056
    ],
    "keywords": [
        68,
        26,
        63,
        11,
        48,
        54,
        9,
        45,
        26,
        32
    ]
}