{
    "id": 339,
    "category": 0,
    "location": [
        -118.30167,
        34.90528
    ],
    "keywords": [
        58
    ]
}