{
    "id": 33908,
    "category": 36,
    "location": [
        -119.16306,
        37.25528
    ],
    "keywords": [
        75,
        65,
        61,
        8
    ]
}