{
    "id": 33935,
    "category": 36,
    "location": [
        -119.17389,
        34.80944
    ],
    "keywords": []
}