{
    "id": 33941,
    "category": 36,
    "location": [
        -119.17583,
        36.96111
    ],
    "keywords": [
        72,
        30,
        13,
        32,
        32,
        63,
        12,
        25,
        50,
        34,
        54
    ]
}