{
    "id": 3394,
    "category": 11,
    "location": [
        -117.16333,
        34.06417
    ],
    "keywords": [
        27,
        39,
        53,
        20,
        8,
        39,
        49,
        30,
        45,
        12,
        16,
        29,
        24
    ]
}