{
    "id": 33973,
    "category": 36,
    "location": [
        -119.19194,
        34.21028
    ],
    "keywords": [
        65,
        32,
        45
    ]
}