{
    "id": 3398,
    "category": 11,
    "location": [
        -117.16389,
        34.06167
    ],
    "keywords": [
        70,
        74,
        5,
        7,
        30,
        45,
        51,
        7
    ]
}