{
    "id": 34004,
    "category": 36,
    "location": [
        -119.21028,
        34.83167
    ],
    "keywords": [
        64,
        37,
        18,
        37,
        56
    ]
}