{
    "id": 34037,
    "category": 36,
    "location": [
        -119.23028,
        34.26056
    ],
    "keywords": [
        24,
        49,
        55,
        63,
        72,
        71,
        12,
        18,
        3,
        44
    ]
}