{
    "id": 34039,
    "category": 36,
    "location": [
        -119.23139,
        38.21333
    ],
    "keywords": [
        19,
        41,
        32,
        48
    ]
}