{
    "id": 3405,
    "category": 11,
    "location": [
        -117.16528,
        34.06528
    ],
    "keywords": [
        32,
        31,
        15,
        38,
        73,
        18
    ]
}