{
    "id": 34063,
    "category": 36,
    "location": [
        -119.24639,
        37.93972
    ],
    "keywords": [
        13,
        11,
        12,
        54,
        68,
        63,
        61,
        50,
        37,
        53,
        55,
        50,
        0,
        23
    ]
}