{
    "id": 34070,
    "category": 36,
    "location": [
        -119.25278,
        34.98306
    ],
    "keywords": []
}