{
    "id": 34075,
    "category": 36,
    "location": [
        -119.25528,
        34.64222
    ],
    "keywords": [
        34,
        35,
        3
    ]
}