{
    "id": 34093,
    "category": 36,
    "location": [
        -119.26111,
        35.83194
    ],
    "keywords": [
        27,
        11,
        42,
        11,
        21
    ]
}