{
    "id": 34094,
    "category": 36,
    "location": [
        -119.26139,
        34.55667
    ],
    "keywords": [
        17,
        42,
        35,
        23,
        75,
        9,
        5,
        61
    ]
}