{
    "id": 34090,
    "category": 36,
    "location": [
        -119.25972,
        36.89861
    ],
    "keywords": [
        60,
        61,
        41
    ]
}