{
    "id": 34103,
    "category": 36,
    "location": [
        -119.26611,
        34.65083
    ],
    "keywords": [
        51,
        21,
        12,
        62,
        16,
        1,
        48
    ]
}