{
    "id": 34138,
    "category": 36,
    "location": [
        -119.29056,
        37.50306
    ],
    "keywords": []
}