{
    "id": 34142,
    "category": 36,
    "location": [
        -119.29361,
        37.46472
    ],
    "keywords": [
        37,
        47,
        60,
        22,
        62,
        73,
        27,
        33,
        15,
        57,
        1,
        69,
        40
    ]
}