{
    "id": 34158,
    "category": 36,
    "location": [
        -119.30556,
        37.12194
    ],
    "keywords": [
        48,
        24,
        42,
        7,
        29,
        42,
        48,
        55,
        29,
        70,
        32
    ]
}