{
    "id": 34155,
    "category": 36,
    "location": [
        -119.30222,
        37.19972
    ],
    "keywords": [
        5,
        6,
        21,
        50,
        50
    ]
}