{
    "id": 34156,
    "category": 36,
    "location": [
        -119.30361,
        35.08056
    ],
    "keywords": [
        54,
        54
    ]
}