{
    "id": 34161,
    "category": 36,
    "location": [
        -119.30722,
        34.67917
    ],
    "keywords": [
        62,
        50,
        35,
        22,
        75
    ]
}