{
    "id": 34178,
    "category": 36,
    "location": [
        -119.31361,
        38.21417
    ],
    "keywords": [
        23,
        57,
        7,
        37,
        3,
        12,
        46,
        46,
        53
    ]
}