{
    "id": 34192,
    "category": 36,
    "location": [
        -119.32139,
        38.17917
    ],
    "keywords": [
        56,
        18,
        73,
        47,
        50,
        32,
        21,
        15
    ]
}