{
    "id": 34195,
    "category": 36,
    "location": [
        -119.32222,
        38.16944
    ],
    "keywords": [
        66,
        46
    ]
}