{
    "id": 34198,
    "category": 36,
    "location": [
        -119.32556,
        36.62167
    ],
    "keywords": [
        71,
        72,
        56,
        58,
        24,
        65,
        44,
        1,
        66
    ]
}