{
    "id": 34268,
    "category": 36,
    "location": [
        -119.35611,
        34.41278
    ],
    "keywords": [
        48,
        66,
        34,
        63,
        22,
        52,
        61,
        28,
        56,
        5,
        7
    ]
}