{
    "id": 34284,
    "category": 36,
    "location": [
        -119.36583,
        37.87778
    ],
    "keywords": [
        48,
        62,
        62,
        37,
        74,
        57
    ]
}