{
    "id": 34293,
    "category": 36,
    "location": [
        -119.37194,
        35.12861
    ],
    "keywords": [
        45
    ]
}