{
    "id": 343,
    "category": 0,
    "location": [
        -118.31278,
        33.90611
    ],
    "keywords": [
        64,
        59,
        43,
        2,
        31,
        17,
        22,
        22,
        51
    ]
}