{
    "id": 34321,
    "category": 36,
    "location": [
        -119.38861,
        35.59472
    ],
    "keywords": [
        21,
        27
    ]
}