{
    "id": 34344,
    "category": 36,
    "location": [
        -119.41417,
        34.68917
    ],
    "keywords": [
        56,
        24
    ]
}