{
    "id": 34368,
    "category": 36,
    "location": [
        -119.42889,
        34.63444
    ],
    "keywords": [
        61,
        35,
        56
    ]
}