{
    "id": 3436,
    "category": 11,
    "location": [
        -117.18806,
        34.24861
    ],
    "keywords": [
        28,
        9,
        14,
        63,
        5,
        31,
        66,
        37,
        22,
        15,
        16,
        74,
        42,
        74
    ]
}