{
    "id": 34360,
    "category": 36,
    "location": [
        -119.42694,
        34.63778
    ],
    "keywords": [
        55,
        69,
        8,
        12,
        45
    ]
}