{
    "id": 34380,
    "category": 36,
    "location": [
        -119.44139,
        38.28194
    ],
    "keywords": [
        24,
        53,
        43
    ]
}