{
    "id": 34402,
    "category": 36,
    "location": [
        -119.45222,
        37.54667
    ],
    "keywords": [
        26,
        19,
        34,
        41,
        13,
        17,
        64,
        65,
        15,
        37,
        2,
        59,
        22
    ]
}