{
    "id": 34424,
    "category": 36,
    "location": [
        -119.47222,
        35.52139
    ],
    "keywords": [
        47,
        41,
        48,
        47,
        29,
        29,
        57,
        32
    ]
}