{
    "id": 34433,
    "category": 36,
    "location": [
        -119.47583,
        36.41917
    ],
    "keywords": [
        29,
        54,
        48,
        50,
        42,
        71,
        7,
        0
    ]
}