{
    "id": 3445,
    "category": 11,
    "location": [
        -117.19361,
        32.75278
    ],
    "keywords": [
        28,
        21,
        68,
        50,
        11,
        15
    ]
}