{
    "id": 34459,
    "category": 36,
    "location": [
        -119.49417,
        34.47944
    ],
    "keywords": [
        1,
        64,
        64,
        23,
        47,
        66,
        75,
        1,
        5,
        17,
        62,
        2,
        11,
        37,
        25
    ]
}