{
    "id": 34478,
    "category": 36,
    "location": [
        -119.50778,
        35.69583
    ],
    "keywords": [
        43,
        68,
        27,
        36,
        29
    ]
}