{
    "id": 34472,
    "category": 36,
    "location": [
        -119.50278,
        35.70917
    ],
    "keywords": [
        69,
        30,
        52,
        67,
        65,
        62,
        28,
        52,
        17,
        7,
        31
    ]
}