{
    "id": 34498,
    "category": 36,
    "location": [
        -119.52639,
        36.04083
    ],
    "keywords": [
        54,
        22,
        5,
        38,
        17,
        28,
        25
    ]
}