{
    "id": 34501,
    "category": 36,
    "location": [
        -119.52833,
        37.29167
    ],
    "keywords": [
        38,
        26,
        18,
        22,
        58,
        44,
        72
    ]
}