{
    "id": 3451,
    "category": 11,
    "location": [
        -117.20556,
        32.82861
    ],
    "keywords": [
        19,
        46,
        21,
        73,
        44,
        57,
        23,
        54,
        14,
        61,
        52,
        65
    ]
}