{
    "id": 34529,
    "category": 36,
    "location": [
        -119.55083,
        37.31472
    ],
    "keywords": [
        23,
        38,
        57,
        62,
        64,
        74,
        63,
        26,
        5,
        37,
        57,
        46,
        37
    ]
}