{
    "id": 34524,
    "category": 36,
    "location": [
        -119.54556,
        35.19806
    ],
    "keywords": [
        72
    ]
}