{
    "id": 34528,
    "category": 36,
    "location": [
        -119.55056,
        38.32861
    ],
    "keywords": [
        49,
        52,
        49,
        70,
        32,
        26,
        64,
        26,
        33,
        40,
        20,
        37,
        35,
        4
    ]
}