{
    "id": 34526,
    "category": 36,
    "location": [
        -119.54694,
        35.74667
    ],
    "keywords": [
        19,
        5,
        56
    ]
}