{
    "id": 34521,
    "category": 36,
    "location": [
        -119.54417,
        37.30778
    ],
    "keywords": [
        17,
        6,
        26,
        58,
        10,
        16,
        62,
        32,
        63,
        75,
        42,
        49,
        35,
        17
    ]
}