{
    "id": 34535,
    "category": 36,
    "location": [
        -119.55167,
        38.32583
    ],
    "keywords": [
        18
    ]
}