{
    "id": 34565,
    "category": 36,
    "location": [
        -119.56972,
        36.08222
    ],
    "keywords": [
        48
    ]
}