{
    "id": 34570,
    "category": 36,
    "location": [
        -119.57028,
        37.33028
    ],
    "keywords": [
        50,
        23,
        11,
        10,
        43,
        56,
        41,
        28,
        35,
        65
    ]
}