{
    "id": 34573,
    "category": 36,
    "location": [
        -119.57111,
        37.31389
    ],
    "keywords": []
}