{
    "id": 34592,
    "category": 36,
    "location": [
        -119.57861,
        34.51083
    ],
    "keywords": [
        41,
        53,
        69,
        19,
        18,
        48,
        20
    ]
}