{
    "id": 34597,
    "category": 36,
    "location": [
        -119.58111,
        37.46667
    ],
    "keywords": [
        37,
        64,
        66,
        65
    ]
}