{
    "id": 346,
    "category": 0,
    "location": [
        -118.32889,
        34.15556
    ],
    "keywords": [
        8,
        4
    ]
}