{
    "id": 34612,
    "category": 36,
    "location": [
        -119.59111,
        34.70806
    ],
    "keywords": []
}