{
    "id": 34617,
    "category": 36,
    "location": [
        -119.59444,
        34.47583
    ],
    "keywords": [
        55,
        25,
        10,
        39,
        63,
        32,
        17,
        27
    ]
}