{
    "id": 34620,
    "category": 36,
    "location": [
        -119.59639,
        34.49278
    ],
    "keywords": []
}