{
    "id": 34649,
    "category": 36,
    "location": [
        -119.62083,
        36.76194
    ],
    "keywords": [
        36,
        56,
        52,
        11,
        39,
        31,
        10,
        70,
        2,
        31,
        41
    ]
}