{
    "id": 34644,
    "category": 36,
    "location": [
        -119.61444,
        34.43306
    ],
    "keywords": [
        43,
        44,
        70,
        50,
        26,
        67,
        29,
        10
    ]
}