{
    "id": 34653,
    "category": 36,
    "location": [
        -119.62361,
        37.39944
    ],
    "keywords": [
        73,
        28,
        53,
        74,
        24,
        73,
        44
    ]
}