{
    "id": 34659,
    "category": 36,
    "location": [
        -119.62917,
        36.57556
    ],
    "keywords": [
        64,
        68,
        22,
        30,
        2,
        40,
        32,
        27
    ]
}