{
    "id": 34668,
    "category": 36,
    "location": [
        -119.63278,
        34.70417
    ],
    "keywords": [
        21,
        60,
        71,
        11,
        34,
        7,
        60,
        45
    ]
}