{
    "id": 34675,
    "category": 36,
    "location": [
        -119.63861,
        36.61111
    ],
    "keywords": [
        75,
        37,
        55,
        8,
        62,
        8,
        49,
        24,
        48,
        43,
        3,
        60
    ]
}