{
    "id": 34679,
    "category": 36,
    "location": [
        -119.64333,
        37.03139
    ],
    "keywords": [
        11,
        73,
        28,
        30,
        54,
        34,
        55,
        63,
        13,
        21,
        28,
        27,
        64
    ]
}