{
    "id": 34680,
    "category": 36,
    "location": [
        -119.64361,
        37.35944
    ],
    "keywords": [
        5,
        53,
        47,
        54,
        50,
        7,
        24,
        63,
        74,
        15,
        69,
        61,
        9,
        3,
        6
    ]
}