{
    "id": 34684,
    "category": 36,
    "location": [
        -119.64444,
        37.15889
    ],
    "keywords": [
        12,
        61,
        16,
        34,
        17,
        74,
        21
    ]
}