{
    "id": 34693,
    "category": 36,
    "location": [
        -119.65139,
        34.63861
    ],
    "keywords": [
        66
    ]
}