{
    "id": 34716,
    "category": 36,
    "location": [
        -119.66639,
        37.22694
    ],
    "keywords": [
        62,
        23
    ]
}