{
    "id": 3474,
    "category": 11,
    "location": [
        -117.23444,
        33.20417
    ],
    "keywords": [
        49,
        40,
        43,
        16,
        38,
        58,
        49,
        38,
        15,
        61,
        54,
        56,
        11,
        46,
        0
    ]
}