{
    "id": 34765,
    "category": 36,
    "location": [
        -119.69278,
        34.43528
    ],
    "keywords": [
        71,
        60,
        38,
        61,
        5,
        23,
        50
    ]
}