{
    "id": 34797,
    "category": 36,
    "location": [
        -119.70472,
        36.77778
    ],
    "keywords": [
        28,
        43,
        56,
        46,
        40,
        39,
        46,
        42,
        31,
        15
    ]
}