{
    "id": 34792,
    "category": 36,
    "location": [
        -119.70306,
        37.36528
    ],
    "keywords": [
        36,
        39,
        54,
        27,
        31,
        40,
        7,
        45,
        2,
        66
    ]
}