{
    "id": 34809,
    "category": 36,
    "location": [
        -119.71028,
        34.64194
    ],
    "keywords": [
        13,
        39,
        70,
        65,
        6,
        12,
        42,
        59,
        20,
        44,
        2,
        26,
        60
    ]
}