{
    "id": 34826,
    "category": 36,
    "location": [
        -119.71833,
        36.80694
    ],
    "keywords": [
        6,
        75,
        32,
        62,
        30,
        68,
        31,
        22,
        44,
        34,
        66,
        54,
        19
    ]
}