{
    "id": 34857,
    "category": 36,
    "location": [
        -119.73389,
        35.09083
    ],
    "keywords": [
        54,
        71,
        39,
        2,
        61,
        46,
        51,
        26
    ]
}