{
    "id": 34867,
    "category": 36,
    "location": [
        -119.73917,
        37.23722
    ],
    "keywords": [
        1,
        13,
        64,
        47
    ]
}