{
    "id": 34877,
    "category": 36,
    "location": [
        -119.74556,
        34.71056
    ],
    "keywords": [
        60,
        15,
        24,
        16,
        55
    ]
}