{
    "id": 34888,
    "category": 36,
    "location": [
        -119.75306,
        36.72778
    ],
    "keywords": [
        61,
        68,
        39,
        19,
        26,
        10,
        42,
        42,
        67,
        9,
        37
    ]
}