{
    "id": 34886,
    "category": 36,
    "location": [
        -119.75278,
        34.83583
    ],
    "keywords": [
        34,
        18,
        16,
        25,
        28,
        71,
        68,
        29,
        57,
        36,
        38
    ]
}