{
    "id": 34896,
    "category": 36,
    "location": [
        -119.75528,
        36.79528
    ],
    "keywords": [
        10,
        13,
        9,
        68,
        64,
        55,
        57,
        11,
        53,
        24,
        44,
        33,
        49
    ]
}