{
    "id": 34906,
    "category": 36,
    "location": [
        -119.75889,
        36.88556
    ],
    "keywords": [
        5,
        28,
        53,
        58,
        26,
        48,
        42,
        4,
        65,
        1,
        61,
        4,
        59
    ]
}