{
    "id": 34931,
    "category": 36,
    "location": [
        -119.77583,
        34.54667
    ],
    "keywords": [
        47,
        46,
        32,
        5,
        50,
        73,
        39,
        2,
        29,
        3,
        66,
        28
    ]
}