{
    "id": 34997,
    "category": 36,
    "location": [
        -119.80556,
        36.07917
    ],
    "keywords": [
        43,
        49,
        8,
        65,
        70,
        2,
        14,
        30,
        3,
        8,
        0
    ]
}