{
    "id": 34996,
    "category": 36,
    "location": [
        -119.80556,
        35.00722
    ],
    "keywords": []
}