{
    "id": 35038,
    "category": 36,
    "location": [
        -119.83778,
        34.50167
    ],
    "keywords": [
        43,
        48,
        1,
        28,
        23,
        56
    ]
}