{
    "id": 3503,
    "category": 11,
    "location": [
        -117.26389,
        34.05222
    ],
    "keywords": [
        3,
        70,
        47,
        34,
        15,
        5,
        70,
        40,
        62,
        40
    ]
}