{
    "id": 35039,
    "category": 36,
    "location": [
        -119.83778,
        37.54417
    ],
    "keywords": [
        52,
        33,
        29,
        23,
        13,
        64,
        75,
        1
    ]
}