{
    "id": 35032,
    "category": 36,
    "location": [
        -119.83278,
        38.28917
    ],
    "keywords": [
        64,
        64,
        61,
        39,
        62,
        48,
        69,
        52,
        16,
        12,
        11,
        39,
        47
    ]
}