{
    "id": 35051,
    "category": 36,
    "location": [
        -119.84528,
        34.72583
    ],
    "keywords": [
        33,
        27,
        21,
        19,
        51,
        17,
        18
    ]
}