{
    "id": 35062,
    "category": 36,
    "location": [
        -119.86028,
        37.81194
    ],
    "keywords": [
        23,
        54,
        49,
        40,
        32,
        33,
        3,
        14,
        40,
        61,
        4,
        58,
        34,
        26
    ]
}