{
    "id": 35080,
    "category": 36,
    "location": [
        -119.87167,
        34.43639
    ],
    "keywords": [
        53,
        39,
        51,
        37,
        43,
        65
    ]
}