{
    "id": 3509,
    "category": 11,
    "location": [
        -117.26722,
        32.99556
    ],
    "keywords": [
        49,
        8,
        18,
        72,
        15,
        9,
        27,
        2,
        32,
        17,
        29,
        21,
        43,
        34,
        24
    ]
}