{
    "id": 35112,
    "category": 36,
    "location": [
        -119.89694,
        37.90278
    ],
    "keywords": [
        25
    ]
}