{
    "id": 35114,
    "category": 36,
    "location": [
        -119.89944,
        35.19583
    ],
    "keywords": [
        25,
        6,
        38,
        25,
        32,
        52,
        62,
        48,
        39,
        0,
        63,
        67,
        34,
        45
    ]
}