{
    "id": 35133,
    "category": 36,
    "location": [
        -119.91194,
        35.43861
    ],
    "keywords": [
        23,
        56,
        32,
        18,
        23,
        53,
        38,
        19,
        55,
        64
    ]
}