{
    "id": 35135,
    "category": 36,
    "location": [
        -119.91306,
        34.93528
    ],
    "keywords": [
        26,
        50,
        64,
        62,
        56,
        52,
        75,
        51,
        35,
        6,
        25,
        29,
        39
    ]
}