{
    "id": 35186,
    "category": 36,
    "location": [
        -119.95083,
        37.87806
    ],
    "keywords": [
        45,
        34,
        51,
        14
    ]
}