{
    "id": 35189,
    "category": 36,
    "location": [
        -119.95222,
        37.53556
    ],
    "keywords": [
        3,
        60,
        66,
        34,
        24,
        31,
        34,
        40,
        4,
        68,
        23,
        59
    ]
}