{
    "id": 35194,
    "category": 36,
    "location": [
        -119.95472,
        35.64778
    ],
    "keywords": [
        73,
        69,
        12,
        8,
        47,
        7,
        17
    ]
}