{
    "id": 35206,
    "category": 36,
    "location": [
        -119.96361,
        38.90667
    ],
    "keywords": [
        75,
        28,
        13,
        58,
        39,
        58,
        27,
        0,
        1,
        68
    ]
}