{
    "id": 35211,
    "category": 36,
    "location": [
        -119.96611,
        38.94889
    ],
    "keywords": [
        26,
        17,
        60,
        70,
        58,
        71,
        30,
        59,
        45,
        59,
        1,
        33,
        55,
        6,
        71
    ]
}