{
    "id": 35214,
    "category": 36,
    "location": [
        -119.96778,
        37.89667
    ],
    "keywords": [
        61,
        61,
        9,
        4,
        56,
        5,
        59,
        12,
        30,
        4,
        65
    ]
}