{
    "id": 3522,
    "category": 11,
    "location": [
        -117.28833,
        34.24139
    ],
    "keywords": [
        67,
        55,
        60,
        13,
        46,
        44,
        67,
        4,
        23,
        72,
        19,
        62,
        58,
        14,
        27
    ]
}