{
    "id": 35229,
    "category": 36,
    "location": [
        -119.97778,
        34.58056
    ],
    "keywords": [
        17,
        27
    ]
}