{
    "id": 35261,
    "category": 36,
    "location": [
        -119.99639,
        38.90806
    ],
    "keywords": [
        50,
        26,
        32,
        4
    ]
}