{
    "id": 35270,
    "category": 36,
    "location": [
        -120.00167,
        39.84306
    ],
    "keywords": [
        48,
        70
    ]
}