{
    "id": 35287,
    "category": 36,
    "location": [
        -120.00694,
        38.18806
    ],
    "keywords": [
        24,
        19,
        66,
        44,
        62,
        68,
        47,
        20,
        22,
        22,
        21,
        30,
        9
    ]
}