{
    "id": 35291,
    "category": 36,
    "location": [
        -120.00778,
        40.24722
    ],
    "keywords": [
        46,
        43,
        66,
        43,
        67,
        59,
        56,
        29,
        13,
        10,
        41,
        38,
        37,
        11
    ]
}