{
    "id": 35338,
    "category": 36,
    "location": [
        -120.03278,
        38.24667
    ],
    "keywords": [
        11,
        22,
        63,
        74,
        36,
        24,
        9,
        72,
        33,
        52,
        13,
        59,
        3
    ]
}