{
    "id": 35339,
    "category": 36,
    "location": [
        -120.03306,
        38.82444
    ],
    "keywords": [
        33,
        56,
        30,
        30,
        47,
        24,
        52,
        24,
        23
    ]
}