{
    "id": 35351,
    "category": 36,
    "location": [
        -120.03861,
        38.46194
    ],
    "keywords": [
        71,
        9,
        73,
        55
    ]
}