{
    "id": 35369,
    "category": 36,
    "location": [
        -120.04583,
        38.42222
    ],
    "keywords": [
        40,
        36,
        48,
        62,
        44,
        8,
        65,
        8,
        45,
        4,
        59,
        36,
        59
    ]
}