{
    "id": 35365,
    "category": 36,
    "location": [
        -120.04472,
        38.46083
    ],
    "keywords": [
        28,
        4,
        18,
        51
    ]
}