{
    "id": 35376,
    "category": 36,
    "location": [
        -120.04778,
        38.91528
    ],
    "keywords": [
        27,
        27,
        40,
        30,
        26,
        19,
        23,
        44,
        45,
        71,
        70,
        57,
        3,
        23,
        71
    ]
}