{
    "id": 35386,
    "category": 36,
    "location": [
        -120.05389,
        38.70556
    ],
    "keywords": [
        14,
        12,
        45,
        52,
        19,
        46,
        42,
        20
    ]
}