{
    "id": 35380,
    "category": 36,
    "location": [
        -120.05028,
        34.64278
    ],
    "keywords": [
        28,
        25,
        54,
        12
    ]
}