{
    "id": 35393,
    "category": 36,
    "location": [
        -120.05889,
        36.95361
    ],
    "keywords": [
        61,
        28,
        46,
        1,
        61,
        34,
        13
    ]
}