{
    "id": 35426,
    "category": 36,
    "location": [
        -120.07944,
        38.96111
    ],
    "keywords": []
}