{
    "id": 35441,
    "category": 36,
    "location": [
        -120.08472,
        37.40806
    ],
    "keywords": [
        66,
        73,
        39,
        5,
        48,
        14,
        75,
        22
    ]
}