{
    "id": 35467,
    "category": 36,
    "location": [
        -120.09722,
        37.82222
    ],
    "keywords": [
        74,
        51,
        15,
        33
    ]
}