{
    "id": 35470,
    "category": 36,
    "location": [
        -120.09806,
        34.58361
    ],
    "keywords": [
        24,
        52,
        63,
        75,
        36
    ]
}