{
    "id": 3550,
    "category": 11,
    "location": [
        -117.32389,
        33.97333
    ],
    "keywords": [
        8,
        57,
        31,
        1,
        55,
        46
    ]
}