{
    "id": 35527,
    "category": 36,
    "location": [
        -120.11639,
        39.47056
    ],
    "keywords": [
        9,
        25,
        46,
        15,
        10
    ]
}