{
    "id": 3554,
    "category": 11,
    "location": [
        -117.32444,
        33.97111
    ],
    "keywords": [
        17,
        41,
        44,
        45,
        40,
        67,
        57,
        72,
        55,
        50
    ]
}