{
    "id": 35549,
    "category": 36,
    "location": [
        -120.12528,
        38.22694
    ],
    "keywords": [
        56,
        63,
        52,
        7,
        36,
        74,
        16,
        9,
        74,
        68,
        3,
        29,
        71
    ]
}