{
    "id": 35559,
    "category": 36,
    "location": [
        -120.13222,
        40.82417
    ],
    "keywords": [
        27,
        56,
        12,
        24,
        12,
        37,
        30,
        8,
        44,
        20,
        58,
        39,
        37,
        0,
        59
    ]
}