{
    "id": 35563,
    "category": 36,
    "location": [
        -120.13306,
        35.08583
    ],
    "keywords": [
        9,
        42,
        70,
        24,
        66
    ]
}