{
    "id": 3558,
    "category": 11,
    "location": [
        -117.32556,
        33.97278
    ],
    "keywords": [
        35,
        39,
        75,
        3,
        1,
        21,
        35,
        21,
        67,
        56
    ]
}