{
    "id": 35606,
    "category": 36,
    "location": [
        -120.15333,
        39.13944
    ],
    "keywords": [
        70,
        71,
        13,
        56,
        34,
        1,
        0,
        69,
        40
    ]
}