{
    "id": 35622,
    "category": 36,
    "location": [
        -120.16028,
        39.25472
    ],
    "keywords": [
        6,
        42,
        27,
        8,
        42,
        54,
        40
    ]
}