{
    "id": 35632,
    "category": 36,
    "location": [
        -120.16444,
        36.90056
    ],
    "keywords": [
        68,
        32,
        32,
        62,
        53,
        31,
        75,
        35,
        44,
        59,
        72,
        2,
        48
    ]
}