{
    "id": 35671,
    "category": 36,
    "location": [
        -120.18056,
        34.54278
    ],
    "keywords": []
}