{
    "id": 35673,
    "category": 36,
    "location": [
        -120.18139,
        35.93889
    ],
    "keywords": []
}