{
    "id": 3570,
    "category": 11,
    "location": [
        -117.33083,
        33.97667
    ],
    "keywords": [
        5,
        14,
        74,
        16,
        8,
        39,
        16,
        11,
        66,
        51,
        28,
        65
    ]
}