{
    "id": 35712,
    "category": 36,
    "location": [
        -120.19694,
        36.04889
    ],
    "keywords": [
        66,
        35,
        6,
        63,
        66,
        13,
        73,
        64,
        41
    ]
}