{
    "id": 35729,
    "category": 36,
    "location": [
        -120.20667,
        35.00861
    ],
    "keywords": [
        60,
        45,
        32,
        47,
        64,
        52,
        56
    ]
}