{
    "id": 35733,
    "category": 36,
    "location": [
        -120.20667,
        39.18278
    ],
    "keywords": [
        64,
        30,
        57,
        15,
        63,
        67,
        25,
        41,
        32,
        37,
        38,
        5
    ]
}