{
    "id": 35757,
    "category": 36,
    "location": [
        -120.21583,
        38.28806
    ],
    "keywords": [
        73,
        47,
        63,
        62,
        71,
        12,
        45,
        14,
        59,
        63,
        6,
        1,
        36
    ]
}