{
    "id": 35777,
    "category": 36,
    "location": [
        -120.22944,
        38.55333
    ],
    "keywords": [
        17,
        1,
        40,
        13,
        30
    ]
}