{
    "id": 35796,
    "category": 36,
    "location": [
        -120.23639,
        39.48556
    ],
    "keywords": [
        57,
        31,
        18,
        27,
        15,
        6,
        34,
        42,
        36
    ]
}