{
    "id": 35797,
    "category": 36,
    "location": [
        -120.23639,
        41.06472
    ],
    "keywords": [
        22,
        33,
        61,
        63,
        10,
        57,
        44,
        58
    ]
}