{
    "id": 35803,
    "category": 36,
    "location": [
        -120.23889,
        38.89944
    ],
    "keywords": [
        51,
        19,
        58,
        60,
        42
    ]
}