{
    "id": 35846,
    "category": 36,
    "location": [
        -120.26111,
        41.82917
    ],
    "keywords": [
        26,
        43,
        48,
        27,
        63,
        10,
        19,
        1,
        74,
        46,
        66,
        23
    ]
}