{
    "id": 3584,
    "category": 11,
    "location": [
        -117.37056,
        33.98278
    ],
    "keywords": [
        11,
        18,
        0,
        40,
        59,
        13,
        21,
        58,
        59,
        53,
        71,
        4,
        53,
        27
    ]
}