{
    "id": 35856,
    "category": 36,
    "location": [
        -120.26583,
        38.47972
    ],
    "keywords": [
        7,
        15,
        22,
        13,
        72,
        46,
        47
    ]
}