{
    "id": 35883,
    "category": 36,
    "location": [
        -120.28583,
        38.29667
    ],
    "keywords": [
        13,
        71,
        0,
        55,
        51,
        47,
        3,
        46,
        15
    ]
}