{
    "id": 35905,
    "category": 36,
    "location": [
        -120.30111,
        38.99333
    ],
    "keywords": [
        5,
        11,
        6,
        2,
        50,
        23,
        60,
        62,
        55
    ]
}