{
    "id": 35910,
    "category": 36,
    "location": [
        -120.30694,
        38.54833
    ],
    "keywords": [
        61,
        42,
        34
    ]
}