{
    "id": 35937,
    "category": 36,
    "location": [
        -120.32167,
        35.52444
    ],
    "keywords": [
        28,
        24,
        63,
        1,
        24,
        11,
        48,
        68,
        62,
        3,
        32,
        25,
        57,
        2,
        42
    ]
}