{
    "id": 35948,
    "category": 36,
    "location": [
        -120.32833,
        36.67861
    ],
    "keywords": [
        8,
        59
    ]
}