{
    "id": 35968,
    "category": 36,
    "location": [
        -120.34111,
        37.97444
    ],
    "keywords": [
        41,
        50,
        65,
        17,
        39,
        30,
        75
    ]
}