{
    "id": 35969,
    "category": 36,
    "location": [
        -120.34444,
        38.08722
    ],
    "keywords": [
        5,
        44,
        10,
        53,
        2,
        14,
        26,
        11,
        55,
        73,
        70,
        29
    ]
}