{
    "id": 35987,
    "category": 36,
    "location": [
        -120.35278,
        35.13833
    ],
    "keywords": [
        23,
        43,
        24,
        42,
        52,
        43,
        72,
        68,
        25,
        8
    ]
}