{
    "id": 36018,
    "category": 36,
    "location": [
        -120.36556,
        37.88306
    ],
    "keywords": [
        49
    ]
}