{
    "id": 36039,
    "category": 36,
    "location": [
        -120.37639,
        39.32139
    ],
    "keywords": [
        74,
        43,
        5,
        1,
        46,
        11
    ]
}