{
    "id": 36042,
    "category": 36,
    "location": [
        -120.37778,
        40.08472
    ],
    "keywords": [
        24,
        55,
        64,
        2,
        51,
        17,
        14,
        55
    ]
}