{
    "id": 36097,
    "category": 36,
    "location": [
        -120.40944,
        38.03667
    ],
    "keywords": [
        40,
        25,
        68
    ]
}