{
    "id": 36095,
    "category": 36,
    "location": [
        -120.40889,
        41.64556
    ],
    "keywords": [
        54,
        65,
        57,
        72,
        28,
        19,
        72
    ]
}