{
    "id": 36094,
    "category": 36,
    "location": [
        -120.40889,
        39.13333
    ],
    "keywords": [
        7,
        33,
        0,
        22,
        44,
        64,
        17,
        24,
        54,
        74
    ]
}