{
    "id": 3609,
    "category": 11,
    "location": [
        -117.44806,
        34.01556
    ],
    "keywords": [
        38,
        75,
        17,
        13,
        36,
        5,
        72,
        72,
        54,
        66,
        20
    ]
}