{
    "id": 36090,
    "category": 36,
    "location": [
        -120.40694,
        38.84389
    ],
    "keywords": [
        26,
        67,
        2,
        58
    ]
}