{
    "id": 3610,
    "category": 11,
    "location": [
        -117.45333,
        34.13806
    ],
    "keywords": [
        70,
        67,
        50,
        33,
        9,
        35,
        30,
        13,
        43,
        58,
        36
    ]
}