{
    "id": 3611,
    "category": 11,
    "location": [
        -117.45361,
        33.94861
    ],
    "keywords": [
        55,
        16
    ]
}