{
    "id": 36125,
    "category": 36,
    "location": [
        -120.42194,
        38.60889
    ],
    "keywords": [
        29,
        8,
        36,
        53,
        9,
        37,
        31
    ]
}