{
    "id": 36141,
    "category": 36,
    "location": [
        -120.42694,
        39.11167
    ],
    "keywords": [
        10,
        64,
        1,
        6,
        9,
        30,
        32
    ]
}