{
    "id": 36142,
    "category": 36,
    "location": [
        -120.42722,
        40.98194
    ],
    "keywords": [
        11,
        2,
        53,
        18,
        10
    ]
}