{
    "id": 36150,
    "category": 36,
    "location": [
        -120.43222,
        38.52667
    ],
    "keywords": [
        8,
        21,
        14,
        45,
        8,
        39,
        50,
        4,
        57,
        5
    ]
}