{
    "id": 36162,
    "category": 36,
    "location": [
        -120.43528,
        38.76528
    ],
    "keywords": [
        16,
        19,
        23,
        72,
        33,
        0,
        33
    ]
}