{
    "id": 36182,
    "category": 36,
    "location": [
        -120.44417,
        34.90889
    ],
    "keywords": [
        27,
        67,
        48,
        3,
        48,
        16,
        71,
        67
    ]
}