{
    "id": 36224,
    "category": 36,
    "location": [
        -120.46083,
        39.10917
    ],
    "keywords": [
        60,
        75,
        23,
        49,
        6,
        19,
        41,
        37,
        4,
        47,
        7,
        27
    ]
}