{
    "id": 36222,
    "category": 36,
    "location": [
        -120.45944,
        38.40667
    ],
    "keywords": [
        29,
        59,
        13,
        28,
        31
    ]
}