{
    "id": 36242,
    "category": 36,
    "location": [
        -120.46694,
        40.02917
    ],
    "keywords": [
        63,
        56,
        71,
        40,
        44,
        69,
        55,
        1,
        21,
        53,
        21,
        67,
        75
    ]
}