{
    "id": 36260,
    "category": 36,
    "location": [
        -120.47639,
        36.69667
    ],
    "keywords": [
        54,
        14,
        57,
        34,
        7,
        35,
        34,
        28,
        20
    ]
}