{
    "id": 36261,
    "category": 36,
    "location": [
        -120.47639,
        37.35167
    ],
    "keywords": [
        58,
        3,
        63
    ]
}