{
    "id": 36270,
    "category": 36,
    "location": [
        -120.47917,
        38.51583
    ],
    "keywords": [
        47,
        75,
        15,
        64,
        64
    ]
}