{
    "id": 36278,
    "category": 36,
    "location": [
        -120.48639,
        37.27333
    ],
    "keywords": [
        15,
        56,
        40,
        2,
        15,
        59,
        67,
        60
    ]
}