{
    "id": 36287,
    "category": 36,
    "location": [
        -120.49361,
        37.08361
    ],
    "keywords": [
        32,
        8,
        74,
        75,
        66,
        74,
        65,
        29,
        8,
        28,
        20,
        66,
        52
    ]
}