{
    "id": 363,
    "category": 0,
    "location": [
        -118.38389,
        34.28111
    ],
    "keywords": [
        29,
        23
    ]
}