{
    "id": 36311,
    "category": 36,
    "location": [
        -120.51083,
        41.14583
    ],
    "keywords": [
        40,
        56,
        41,
        21,
        27,
        28,
        60,
        29,
        63,
        62,
        64,
        41,
        13,
        49
    ]
}