{
    "id": 36324,
    "category": 36,
    "location": [
        -120.51833,
        39.33306
    ],
    "keywords": [
        34,
        21,
        25
    ]
}