{
    "id": 36352,
    "category": 36,
    "location": [
        -120.53194,
        38.72472
    ],
    "keywords": [
        62,
        22,
        27,
        7
    ]
}