{
    "id": 36363,
    "category": 36,
    "location": [
        -120.53583,
        39.18389
    ],
    "keywords": [
        7,
        67,
        13,
        27
    ]
}