{
    "id": 36380,
    "category": 36,
    "location": [
        -120.54139,
        37.88806
    ],
    "keywords": []
}