{
    "id": 36384,
    "category": 36,
    "location": [
        -120.54278,
        39.63056
    ],
    "keywords": [
        31,
        64,
        29,
        15,
        51,
        39,
        66,
        19,
        41,
        71,
        15,
        41,
        43,
        62
    ]
}