{
    "id": 36385,
    "category": 36,
    "location": [
        -120.54306,
        39.49944
    ],
    "keywords": [
        16,
        35
    ]
}