{
    "id": 36390,
    "category": 36,
    "location": [
        -120.54778,
        39.48556
    ],
    "keywords": [
        60,
        44,
        44,
        52,
        62
    ]
}