{
    "id": 36396,
    "category": 36,
    "location": [
        -120.55139,
        39.48917
    ],
    "keywords": [
        37,
        57,
        0,
        22,
        73,
        75,
        68,
        54,
        37,
        41,
        21,
        38,
        56,
        48,
        9
    ]
}