{
    "id": 36392,
    "category": 36,
    "location": [
        -120.54806,
        38.42111
    ],
    "keywords": [
        74,
        39,
        22,
        73,
        13,
        4,
        74,
        32
    ]
}