{
    "id": 36409,
    "category": 36,
    "location": [
        -120.55778,
        40.20083
    ],
    "keywords": [
        60,
        46,
        43
    ]
}