{
    "id": 36416,
    "category": 36,
    "location": [
        -120.56139,
        39.63056
    ],
    "keywords": [
        11,
        70,
        13,
        12,
        41,
        54,
        28,
        47,
        10,
        20,
        40,
        32,
        65
    ]
}