{
    "id": 36428,
    "category": 36,
    "location": [
        -120.56861,
        40.14778
    ],
    "keywords": [
        36,
        73,
        60,
        37,
        35,
        59,
        24,
        4,
        30,
        33,
        52,
        46,
        31,
        67
    ]
}