{
    "id": 36421,
    "category": 36,
    "location": [
        -120.56472,
        39.46278
    ],
    "keywords": [
        21,
        26,
        46,
        19,
        1,
        5,
        3,
        26,
        65
    ]
}