{
    "id": 36432,
    "category": 36,
    "location": [
        -120.57056,
        38.12583
    ],
    "keywords": [
        70,
        12,
        43,
        66,
        36,
        64,
        9,
        20,
        12,
        54,
        0
    ]
}