{
    "id": 36465,
    "category": 36,
    "location": [
        -120.58583,
        39.53361
    ],
    "keywords": [
        22,
        26,
        19,
        65,
        13,
        12,
        42
    ]
}