{
    "id": 3648,
    "category": 11,
    "location": [
        -117.68806,
        34.06278
    ],
    "keywords": []
}