{
    "id": 36532,
    "category": 36,
    "location": [
        -120.61806,
        38.79361
    ],
    "keywords": [
        73,
        31,
        46,
        2
    ]
}