{
    "id": 36549,
    "category": 36,
    "location": [
        -120.62528,
        37.17861
    ],
    "keywords": [
        28,
        51,
        72
    ]
}