{
    "id": 36544,
    "category": 36,
    "location": [
        -120.62333,
        35.13528
    ],
    "keywords": [
        5,
        58,
        15,
        18,
        14,
        13,
        17,
        12,
        55,
        10,
        9,
        8,
        30,
        51
    ]
}