{
    "id": 36571,
    "category": 36,
    "location": [
        -120.63444,
        39.33778
    ],
    "keywords": [
        19,
        75
    ]
}