{
    "id": 36614,
    "category": 36,
    "location": [
        -120.65167,
        35.47278
    ],
    "keywords": [
        11,
        8,
        41,
        33,
        25,
        28,
        71,
        11,
        61,
        58,
        53,
        27,
        58
    ]
}