{
    "id": 3662,
    "category": 11,
    "location": [
        -117.75083,
        34.05556
    ],
    "keywords": [
        25,
        6,
        68,
        7,
        31,
        68,
        39,
        55,
        21,
        69,
        19,
        1
    ]
}