{
    "id": 36632,
    "category": 36,
    "location": [
        -120.65778,
        39.27056
    ],
    "keywords": [
        9,
        33,
        36,
        50,
        29,
        8,
        52,
        34,
        43,
        47,
        43
    ]
}