{
    "id": 36637,
    "category": 36,
    "location": [
        -120.65889,
        39.70444
    ],
    "keywords": [
        20,
        48,
        66,
        56,
        61,
        14,
        20,
        57
    ]
}