{
    "id": 36646,
    "category": 36,
    "location": [
        -120.66111,
        40.65222
    ],
    "keywords": [
        44,
        22,
        45,
        37,
        47,
        52,
        13,
        75,
        58,
        72,
        57,
        21,
        25,
        41,
        71
    ]
}