{
    "id": 36652,
    "category": 36,
    "location": [
        -120.66278,
        38.41417
    ],
    "keywords": [
        68,
        16,
        31,
        69
    ]
}