{
    "id": 36684,
    "category": 36,
    "location": [
        -120.67917,
        39.36833
    ],
    "keywords": [
        48,
        67,
        37,
        65,
        45,
        2
    ]
}