{
    "id": 36715,
    "category": 36,
    "location": [
        -120.70139,
        37.22944
    ],
    "keywords": [
        7,
        14,
        49,
        8
    ]
}