{
    "id": 36712,
    "category": 36,
    "location": [
        -120.70056,
        38.79167
    ],
    "keywords": []
}