{
    "id": 36734,
    "category": 36,
    "location": [
        -120.70778,
        38.27583
    ],
    "keywords": [
        50,
        9,
        53,
        0,
        66,
        48,
        5
    ]
}