{
    "id": 36731,
    "category": 36,
    "location": [
        -120.70667,
        41.68139
    ],
    "keywords": [
        0,
        27,
        8,
        9,
        20,
        44,
        9,
        12,
        70,
        42,
        60,
        33,
        25
    ]
}