{
    "id": 36779,
    "category": 36,
    "location": [
        -120.73694,
        38.54611
    ],
    "keywords": [
        25,
        55,
        50,
        62
    ]
}