{
    "id": 36786,
    "category": 36,
    "location": [
        -120.73917,
        35.42472
    ],
    "keywords": [
        7,
        64,
        3,
        21,
        70,
        57,
        69,
        62,
        3,
        57,
        46
    ]
}