{
    "id": 36801,
    "category": 36,
    "location": [
        -120.74694,
        40.23972
    ],
    "keywords": [
        12,
        37,
        20,
        38,
        39,
        26,
        66
    ]
}