{
    "id": 36815,
    "category": 36,
    "location": [
        -120.75222,
        38.79778
    ],
    "keywords": [
        58,
        18,
        43,
        14,
        1,
        0,
        45,
        38,
        63,
        29,
        7,
        21,
        58,
        25,
        52
    ]
}