{
    "id": 36811,
    "category": 36,
    "location": [
        -120.75139,
        36.94917
    ],
    "keywords": [
        30,
        43,
        5,
        33,
        68,
        73,
        35,
        40,
        66,
        10
    ]
}