{
    "id": 36847,
    "category": 36,
    "location": [
        -120.76639,
        37.15306
    ],
    "keywords": [
        22,
        57,
        68,
        41,
        45,
        33,
        15,
        13,
        56,
        59,
        32,
        40,
        38
    ]
}