{
    "id": 3686,
    "category": 11,
    "location": [
        -117.81889,
        33.74222
    ],
    "keywords": [
        36,
        21,
        41,
        58,
        41,
        67,
        8
    ]
}