{
    "id": 36874,
    "category": 36,
    "location": [
        -120.77806,
        40.39528
    ],
    "keywords": [
        9,
        21,
        18,
        58,
        3,
        59,
        25,
        48,
        11,
        14,
        19,
        52,
        54
    ]
}