{
    "id": 36880,
    "category": 36,
    "location": [
        -120.78028,
        39.60278
    ],
    "keywords": [
        52,
        60,
        11,
        42,
        35
    ]
}