{
    "id": 36888,
    "category": 36,
    "location": [
        -120.78306,
        38.54278
    ],
    "keywords": [
        61,
        27,
        10
    ]
}