{
    "id": 36910,
    "category": 36,
    "location": [
        -120.79472,
        38.54111
    ],
    "keywords": [
        0,
        71,
        22,
        51,
        61,
        52,
        16,
        62,
        44,
        1,
        59,
        55,
        59,
        73,
        24
    ]
}