{
    "id": 36920,
    "category": 36,
    "location": [
        -120.79889,
        41.76583
    ],
    "keywords": [
        33,
        45,
        18,
        26,
        50,
        55,
        23,
        28,
        48,
        35,
        40,
        9,
        23,
        60,
        74
    ]
}