{
    "id": 36930,
    "category": 36,
    "location": [
        -120.80222,
        38.37861
    ],
    "keywords": [
        32,
        24,
        54,
        52,
        7,
        54,
        22,
        1,
        13,
        55,
        33,
        30,
        73,
        41,
        2
    ]
}