{
    "id": 36933,
    "category": 36,
    "location": [
        -120.80556,
        39.20028
    ],
    "keywords": [
        0,
        44,
        18,
        20,
        58,
        31,
        59,
        75,
        69,
        3,
        17
    ]
}