{
    "id": 36932,
    "category": 36,
    "location": [
        -120.80361,
        38.72778
    ],
    "keywords": [
        61,
        1,
        42,
        69,
        19,
        69
    ]
}