{
    "id": 36935,
    "category": 36,
    "location": [
        -120.80694,
        40.54944
    ],
    "keywords": [
        54,
        53,
        70,
        73,
        52
    ]
}