{
    "id": 36954,
    "category": 36,
    "location": [
        -120.81778,
        38.79361
    ],
    "keywords": [
        35,
        17,
        40,
        8,
        3,
        5,
        15,
        23,
        48,
        43,
        45,
        36,
        61,
        44
    ]
}