{
    "id": 36961,
    "category": 36,
    "location": [
        -120.82139,
        37.78667
    ],
    "keywords": [
        4,
        11,
        41,
        71,
        3,
        55,
        31
    ]
}