{
    "id": 36983,
    "category": 36,
    "location": [
        -120.82917,
        39.55917
    ],
    "keywords": [
        14,
        8,
        47,
        5,
        44,
        47
    ]
}