{
    "id": 36987,
    "category": 36,
    "location": [
        -120.83111,
        39.19222
    ],
    "keywords": [
        40,
        1,
        33,
        2
    ]
}