{
    "id": 36982,
    "category": 36,
    "location": [
        -120.82917,
        37.44222
    ],
    "keywords": [
        66,
        10,
        42,
        19,
        53
    ]
}