{
    "id": 36985,
    "category": 36,
    "location": [
        -120.82944,
        41.16111
    ],
    "keywords": []
}