{
    "id": 36999,
    "category": 36,
    "location": [
        -120.83444,
        39.21694
    ],
    "keywords": [
        34,
        3,
        1,
        19,
        49,
        26,
        51,
        47,
        2,
        30,
        22,
        70,
        69,
        72,
        22
    ]
}