{
    "id": 37042,
    "category": 36,
    "location": [
        -120.85083,
        39.08333
    ],
    "keywords": [
        12,
        45,
        6,
        0,
        31,
        12,
        3,
        55,
        37,
        38,
        44,
        25,
        72,
        3,
        71
    ]
}