{
    "id": 3705,
    "category": 11,
    "location": [
        -117.86361,
        34.13556
    ],
    "keywords": [
        42,
        49
    ]
}