{
    "id": 3706,
    "category": 11,
    "location": [
        -117.86417,
        33.67361
    ],
    "keywords": [
        3,
        57,
        27,
        42,
        13,
        58,
        73,
        9,
        70,
        43,
        55,
        59,
        33
    ]
}