{
    "id": 37066,
    "category": 36,
    "location": [
        -120.86167,
        38.72139
    ],
    "keywords": [
        74,
        73,
        72,
        12,
        58
    ]
}