{
    "id": 37069,
    "category": 36,
    "location": [
        -120.86417,
        39.31917
    ],
    "keywords": [
        34,
        10,
        8,
        32,
        56,
        56,
        69,
        2,
        7,
        34,
        56
    ]
}