{
    "id": 37073,
    "category": 36,
    "location": [
        -120.86611,
        38.45556
    ],
    "keywords": [
        26,
        37,
        13,
        35,
        8,
        72,
        40,
        46,
        10,
        23,
        50
    ]
}