{
    "id": 37102,
    "category": 36,
    "location": [
        -120.88556,
        35.27444
    ],
    "keywords": [
        20,
        67,
        66,
        54
    ]
}