{
    "id": 3710,
    "category": 11,
    "location": [
        -117.86694,
        33.76306
    ],
    "keywords": [
        6,
        6,
        68,
        56,
        27,
        38,
        27,
        41,
        2,
        71,
        56,
        57,
        72
    ]
}