{
    "id": 37104,
    "category": 36,
    "location": [
        -120.88583,
        35.87639
    ],
    "keywords": [
        27
    ]
}