{
    "id": 37117,
    "category": 36,
    "location": [
        -120.89333,
        37.17167
    ],
    "keywords": [
        15,
        53,
        20,
        29,
        63,
        64,
        21,
        24,
        64,
        50,
        53,
        20,
        25,
        30
    ]
}