{
    "id": 37133,
    "category": 36,
    "location": [
        -120.90139,
        35.75806
    ],
    "keywords": [
        69
    ]
}