{
    "id": 37137,
    "category": 36,
    "location": [
        -120.90444,
        39.98667
    ],
    "keywords": [
        9,
        70,
        74,
        27
    ]
}