{
    "id": 37136,
    "category": 36,
    "location": [
        -120.90361,
        39.39083
    ],
    "keywords": [
        43,
        68,
        38,
        27,
        35
    ]
}