{
    "id": 37143,
    "category": 36,
    "location": [
        -120.90722,
        39.93278
    ],
    "keywords": [
        51,
        36,
        64,
        63,
        43,
        33,
        24,
        31,
        46,
        0,
        19,
        66,
        21,
        17
    ]
}