{
    "id": 37148,
    "category": 36,
    "location": [
        -120.90972,
        39.99139
    ],
    "keywords": [
        2,
        15
    ]
}