{
    "id": 37150,
    "category": 36,
    "location": [
        -120.91083,
        39.50417
    ],
    "keywords": [
        68,
        29,
        64,
        16,
        46,
        43,
        60,
        29,
        14,
        5,
        43,
        56
    ]
}