{
    "id": 37166,
    "category": 36,
    "location": [
        -120.91694,
        37.23194
    ],
    "keywords": [
        28,
        38,
        39,
        1
    ]
}