{
    "id": 37173,
    "category": 36,
    "location": [
        -120.92361,
        35.74778
    ],
    "keywords": [
        41,
        47,
        54,
        25,
        46,
        34,
        43,
        56,
        13,
        38,
        20,
        30,
        64,
        72
    ]
}