{
    "id": 37179,
    "category": 36,
    "location": [
        -120.92528,
        40.80861
    ],
    "keywords": [
        5,
        6,
        68,
        55,
        14,
        74,
        31,
        8,
        7
    ]
}