{
    "id": 37187,
    "category": 36,
    "location": [
        -120.93389,
        36.39028
    ],
    "keywords": [
        3,
        0,
        30,
        54,
        2,
        48,
        12,
        11,
        35,
        23
    ]
}