{
    "id": 37207,
    "category": 36,
    "location": [
        -120.94417,
        39.28667
    ],
    "keywords": [
        68,
        18,
        37,
        71,
        64,
        74,
        64,
        59
    ]
}