{
    "id": 37223,
    "category": 36,
    "location": [
        -120.95028,
        40.68472
    ],
    "keywords": [
        29,
        60,
        12,
        12,
        71,
        39,
        31,
        1,
        0,
        24,
        60,
        71
    ]
}