{
    "id": 37230,
    "category": 36,
    "location": [
        -120.95139,
        40.40694
    ],
    "keywords": [
        9,
        55,
        52,
        28,
        17,
        65,
        35,
        28,
        26,
        45
    ]
}