{
    "id": 37243,
    "category": 36,
    "location": [
        -120.95778,
        37.66861
    ],
    "keywords": [
        38,
        52,
        15,
        70,
        22,
        57
    ]
}