{
    "id": 3725,
    "category": 11,
    "location": [
        -117.89861,
        34.50611
    ],
    "keywords": [
        13,
        56,
        20,
        59,
        29,
        39,
        6,
        31,
        6,
        37,
        39
    ]
}