{
    "id": 37315,
    "category": 36,
    "location": [
        -121.00222,
        37.61389
    ],
    "keywords": []
}