{
    "id": 3732,
    "category": 11,
    "location": [
        -117.90528,
        33.60417
    ],
    "keywords": [
        54,
        3,
        59,
        31
    ]
}