{
    "id": 3733,
    "category": 11,
    "location": [
        -117.90972,
        33.72083
    ],
    "keywords": [
        26,
        43,
        0,
        34,
        18,
        20
    ]
}