{
    "id": 37358,
    "category": 36,
    "location": [
        -121.04111,
        35.65639
    ],
    "keywords": [
        29,
        34,
        53,
        16
    ]
}