{
    "id": 37364,
    "category": 36,
    "location": [
        -121.04667,
        40.01694
    ],
    "keywords": [
        64,
        66,
        7,
        71,
        65,
        48,
        44,
        58,
        60,
        66,
        71,
        48,
        40
    ]
}