{
    "id": 37380,
    "category": 36,
    "location": [
        -121.06306,
        36.27083
    ],
    "keywords": [
        40
    ]
}