{
    "id": 37390,
    "category": 36,
    "location": [
        -121.06667,
        39.63861
    ],
    "keywords": [
        21,
        40,
        46,
        7
    ]
}