{
    "id": 37409,
    "category": 36,
    "location": [
        -121.07861,
        36.04083
    ],
    "keywords": [
        21,
        64,
        57
    ]
}