{
    "id": 37415,
    "category": 36,
    "location": [
        -121.08194,
        35.54167
    ],
    "keywords": [
        54,
        44,
        63,
        24,
        47,
        32,
        21,
        66,
        72,
        16,
        29,
        51,
        54
    ]
}