{
    "id": 37410,
    "category": 36,
    "location": [
        -121.07861,
        37.05972
    ],
    "keywords": [
        4,
        1,
        40,
        25,
        53,
        3,
        6,
        42,
        68
    ]
}