{
    "id": 37432,
    "category": 36,
    "location": [
        -121.09083,
        40.58806
    ],
    "keywords": [
        45,
        46,
        51,
        51,
        51
    ]
}