{
    "id": 3744,
    "category": 11,
    "location": [
        -117.92583,
        33.88194
    ],
    "keywords": [
        53,
        26,
        67,
        45,
        6,
        54,
        20,
        55
    ]
}