{
    "id": 37453,
    "category": 36,
    "location": [
        -121.10111,
        39.26917
    ],
    "keywords": []
}