{
    "id": 37482,
    "category": 36,
    "location": [
        -121.12028,
        36.99417
    ],
    "keywords": [
        35,
        32,
        56,
        55,
        26,
        26
    ]
}