{
    "id": 37488,
    "category": 36,
    "location": [
        -121.12611,
        39.46111
    ],
    "keywords": [
        53,
        18,
        65,
        75,
        32,
        35,
        5,
        63,
        64,
        55
    ]
}