{
    "id": 37491,
    "category": 36,
    "location": [
        -121.12833,
        41.23889
    ],
    "keywords": [
        72,
        72,
        2,
        56,
        41,
        1,
        33,
        66,
        21,
        32,
        2,
        27,
        44
    ]
}