{
    "id": 37513,
    "category": 36,
    "location": [
        -121.14722,
        37.04639
    ],
    "keywords": [
        51,
        14,
        52,
        75,
        20,
        15,
        8,
        5
    ]
}