{
    "id": 37538,
    "category": 36,
    "location": [
        -121.16139,
        39.46778
    ],
    "keywords": [
        54,
        52,
        51,
        63,
        26,
        63,
        57,
        15,
        60,
        46
    ]
}