{
    "id": 37542,
    "category": 36,
    "location": [
        -121.16306,
        40.49944
    ],
    "keywords": [
        27,
        3,
        2,
        46,
        17,
        2
    ]
}