{
    "id": 37543,
    "category": 36,
    "location": [
        -121.16444,
        39.44667
    ],
    "keywords": [
        74,
        16,
        11,
        55
    ]
}