{
    "id": 37556,
    "category": 36,
    "location": [
        -121.16917,
        38.66389
    ],
    "keywords": [
        69,
        5,
        65,
        2,
        14,
        53,
        25,
        54,
        5,
        35,
        40,
        48
    ]
}