{
    "id": 37567,
    "category": 36,
    "location": [
        -121.17667,
        39.87944
    ],
    "keywords": [
        14,
        37,
        52,
        23,
        60
    ]
}