{
    "id": 37570,
    "category": 36,
    "location": [
        -121.17889,
        38.68222
    ],
    "keywords": [
        13,
        41,
        30,
        21,
        59,
        54,
        21
    ]
}