{
    "id": 37586,
    "category": 36,
    "location": [
        -121.18806,
        41.15833
    ],
    "keywords": [
        34,
        39,
        70,
        36,
        52,
        75,
        37,
        28
    ]
}