{
    "id": 376,
    "category": 0,
    "location": [
        -118.41333,
        34.25972
    ],
    "keywords": [
        15,
        64,
        29,
        23,
        70
    ]
}