{
    "id": 37602,
    "category": 36,
    "location": [
        -121.19861,
        41.62111
    ],
    "keywords": [
        18,
        74,
        5,
        56,
        39,
        42,
        23,
        30,
        37,
        47
    ]
}