{
    "id": 37607,
    "category": 36,
    "location": [
        -121.20111,
        39.57611
    ],
    "keywords": [
        25,
        10
    ]
}