{
    "id": 37626,
    "category": 36,
    "location": [
        -121.21611,
        37.81167
    ],
    "keywords": [
        19,
        53,
        38,
        6,
        74,
        1,
        51,
        25,
        18,
        36,
        21,
        43,
        27,
        32
    ]
}