{
    "id": 37638,
    "category": 36,
    "location": [
        -121.22083,
        38.38722
    ],
    "keywords": [
        59,
        27,
        69,
        37,
        22,
        3,
        38
    ]
}