{
    "id": 37635,
    "category": 36,
    "location": [
        -121.22056,
        39.38139
    ],
    "keywords": [
        38,
        4,
        41,
        38,
        16
    ]
}