{
    "id": 37642,
    "category": 36,
    "location": [
        -121.22222,
        39.35833
    ],
    "keywords": []
}