{
    "id": 3764,
    "category": 11,
    "location": [
        -117.94944,
        33.70722
    ],
    "keywords": [
        28,
        33,
        67,
        19,
        19,
        13,
        31,
        14,
        7,
        51,
        38
    ]
}