{
    "id": 37649,
    "category": 36,
    "location": [
        -121.22361,
        38.67917
    ],
    "keywords": [
        75,
        20,
        46,
        35,
        43,
        26,
        30,
        63,
        11,
        73,
        4,
        14,
        18
    ]
}