{
    "id": 37652,
    "category": 36,
    "location": [
        -121.22528,
        38.63528
    ],
    "keywords": [
        42,
        21,
        4,
        12,
        17,
        44,
        43,
        34,
        34,
        16,
        61,
        34,
        43
    ]
}