{
    "id": 37659,
    "category": 36,
    "location": [
        -121.22833,
        39.60889
    ],
    "keywords": [
        71,
        42,
        37,
        15,
        37,
        20,
        3,
        55,
        42,
        54,
        39,
        3,
        49,
        69,
        2
    ]
}