{
    "id": 37664,
    "category": 36,
    "location": [
        -121.23583,
        37.82611
    ],
    "keywords": [
        2,
        57,
        10,
        19,
        50,
        72,
        22,
        18
    ]
}