{
    "id": 37668,
    "category": 36,
    "location": [
        -121.23861,
        40.12639
    ],
    "keywords": [
        24,
        74,
        40,
        2,
        34,
        32,
        70,
        36,
        75,
        74,
        68,
        39
    ]
}