{
    "id": 37667,
    "category": 36,
    "location": [
        -121.23694,
        40.92833
    ],
    "keywords": [
        16,
        33,
        68,
        51,
        72,
        47,
        21,
        40
    ]
}