{
    "id": 37701,
    "category": 36,
    "location": [
        -121.26028,
        38.66333
    ],
    "keywords": [
        69,
        43
    ]
}