{
    "id": 37712,
    "category": 36,
    "location": [
        -121.26472,
        36.79472
    ],
    "keywords": [
        42,
        23,
        36,
        29,
        73,
        31,
        44,
        72,
        31,
        54,
        10,
        31,
        13
    ]
}