{
    "id": 37725,
    "category": 36,
    "location": [
        -121.26972,
        37.99444
    ],
    "keywords": [
        66,
        67,
        4,
        10,
        2,
        72
    ]
}