{
    "id": 37722,
    "category": 36,
    "location": [
        -121.26861,
        38.14444
    ],
    "keywords": [
        64,
        18
    ]
}