{
    "id": 37730,
    "category": 36,
    "location": [
        -121.27028,
        39.95889
    ],
    "keywords": [
        27,
        58
    ]
}