{
    "id": 37753,
    "category": 36,
    "location": [
        -121.28056,
        39.37028
    ],
    "keywords": []
}