{
    "id": 37775,
    "category": 36,
    "location": [
        -121.28833,
        39.89111
    ],
    "keywords": [
        1,
        15
    ]
}