{
    "id": 37780,
    "category": 36,
    "location": [
        -121.28917,
        38.69472
    ],
    "keywords": []
}