{
    "id": 3778,
    "category": 11,
    "location": [
        -117.96917,
        34.14083
    ],
    "keywords": [
        54,
        31,
        59,
        30,
        56,
        15,
        65,
        64,
        13
    ]
}