{
    "id": 3779,
    "category": 11,
    "location": [
        -117.96972,
        34.14556
    ],
    "keywords": [
        68,
        16,
        0,
        55,
        51,
        63,
        45
    ]
}