{
    "id": 37798,
    "category": 36,
    "location": [
        -121.29639,
        40.39167
    ],
    "keywords": [
        55,
        44,
        34,
        24,
        23,
        59,
        2,
        8
    ]
}