{
    "id": 37807,
    "category": 36,
    "location": [
        -121.30056,
        38.25556
    ],
    "keywords": [
        72,
        4,
        3,
        61,
        58,
        11,
        35,
        23,
        60,
        72,
        68
    ]
}