{
    "id": 37815,
    "category": 36,
    "location": [
        -121.30361,
        37.95278
    ],
    "keywords": [
        75,
        26,
        41,
        56,
        42,
        22,
        50,
        32,
        22
    ]
}