{
    "id": 37812,
    "category": 36,
    "location": [
        -121.30194,
        39.78111
    ],
    "keywords": [
        66,
        14,
        15,
        44,
        56,
        60,
        34,
        60,
        44,
        3
    ]
}