{
    "id": 37822,
    "category": 36,
    "location": [
        -121.30528,
        38.11583
    ],
    "keywords": [
        44,
        52,
        3,
        67,
        34,
        35,
        37,
        67,
        21,
        52,
        47,
        67,
        57
    ]
}