{
    "id": 3782,
    "category": 11,
    "location": [
        -117.97694,
        34.13833
    ],
    "keywords": [
        15,
        28,
        66,
        23,
        62,
        42,
        55,
        22,
        52,
        21,
        46,
        60,
        63,
        65
    ]
}