{
    "id": 37877,
    "category": 36,
    "location": [
        -121.32278,
        39.70639
    ],
    "keywords": [
        31,
        7,
        34,
        24,
        63,
        35,
        55,
        14,
        1
    ]
}