{
    "id": 37879,
    "category": 36,
    "location": [
        -121.32306,
        38.95056
    ],
    "keywords": [
        28,
        50,
        7,
        53,
        23,
        8,
        60
    ]
}