{
    "id": 37871,
    "category": 36,
    "location": [
        -121.32167,
        38.01167
    ],
    "keywords": [
        69,
        55,
        32,
        74,
        20,
        36,
        52,
        25,
        24,
        63,
        43
    ]
}