{
    "id": 37898,
    "category": 36,
    "location": [
        -121.33111,
        40.12972
    ],
    "keywords": [
        28,
        8,
        22,
        58,
        27,
        6,
        29
    ]
}