{
    "id": 37895,
    "category": 36,
    "location": [
        -121.32722,
        38.64861
    ],
    "keywords": [
        59
    ]
}