{
    "id": 37892,
    "category": 36,
    "location": [
        -121.32667,
        39.91083
    ],
    "keywords": [
        74,
        75,
        43,
        7,
        38,
        5,
        20,
        58,
        7,
        16,
        1,
        60,
        14,
        42
    ]
}