{
    "id": 3791,
    "category": 11,
    "location": [
        -117.99806,
        33.66222
    ],
    "keywords": [
        50,
        70,
        41,
        3,
        35
    ]
}