{
    "id": 37916,
    "category": 36,
    "location": [
        -121.33861,
        37.09278
    ],
    "keywords": [
        14,
        45,
        48,
        66,
        74,
        68,
        7,
        27,
        5,
        26
    ]
}