{
    "id": 37911,
    "category": 36,
    "location": [
        -121.33694,
        38.66917
    ],
    "keywords": [
        40,
        10,
        54,
        20,
        25,
        13,
        73,
        64,
        6,
        7,
        7,
        2
    ]
}