{
    "id": 37925,
    "category": 36,
    "location": [
        -121.34167,
        40.73778
    ],
    "keywords": [
        41,
        70,
        29,
        69,
        47,
        67,
        70,
        49,
        16,
        58,
        46,
        4
    ]
}