{
    "id": 37930,
    "category": 36,
    "location": [
        -121.34278,
        40.75917
    ],
    "keywords": []
}