{
    "id": 37931,
    "category": 36,
    "location": [
        -121.34361,
        38.00917
    ],
    "keywords": [
        3,
        70,
        37,
        35,
        27,
        32,
        3,
        35,
        49,
        35
    ]
}