{
    "id": 37966,
    "category": 36,
    "location": [
        -121.35972,
        38.49889
    ],
    "keywords": [
        43,
        54,
        9,
        33,
        21,
        68,
        51,
        33,
        10
    ]
}