{
    "id": 3800,
    "category": 11,
    "location": [
        -118.02333,
        33.92417
    ],
    "keywords": [
        22,
        12
    ]
}