{
    "id": 38008,
    "category": 36,
    "location": [
        -121.38056,
        39.93694
    ],
    "keywords": [
        75,
        43
    ]
}