{
    "id": 38012,
    "category": 36,
    "location": [
        -121.38222,
        35.85667
    ],
    "keywords": [
        18,
        41,
        43,
        61,
        5,
        58,
        71,
        22,
        71
    ]
}