{
    "id": 38026,
    "category": 36,
    "location": [
        -121.38444,
        38.60861
    ],
    "keywords": [
        58,
        65,
        22
    ]
}