{
    "id": 38032,
    "category": 36,
    "location": [
        -121.38944,
        36.06639
    ],
    "keywords": [
        12,
        4,
        70
    ]
}