{
    "id": 38043,
    "category": 36,
    "location": [
        -121.39194,
        36.84722
    ],
    "keywords": [
        60,
        47,
        9,
        37,
        19,
        53
    ]
}