{
    "id": 38106,
    "category": 36,
    "location": [
        -121.42278,
        40.49472
    ],
    "keywords": [
        47,
        29,
        0,
        56,
        61,
        48,
        43,
        19,
        12
    ]
}