{
    "id": 38108,
    "category": 36,
    "location": [
        -121.42389,
        40.67944
    ],
    "keywords": [
        66,
        11,
        61,
        48,
        29,
        3,
        67
    ]
}