{
    "id": 38129,
    "category": 36,
    "location": [
        -121.43389,
        39.17083
    ],
    "keywords": [
        6,
        33,
        56,
        39
    ]
}