{
    "id": 38164,
    "category": 36,
    "location": [
        -121.44667,
        40.00472
    ],
    "keywords": []
}