{
    "id": 38176,
    "category": 36,
    "location": [
        -121.45472,
        38.49444
    ],
    "keywords": [
        3,
        58,
        17,
        58,
        56,
        53,
        26,
        62,
        27,
        5,
        60,
        47,
        4,
        9
    ]
}