{
    "id": 38174,
    "category": 36,
    "location": [
        -121.45444,
        37.88139
    ],
    "keywords": [
        16,
        40
    ]
}