{
    "id": 38186,
    "category": 36,
    "location": [
        -121.45972,
        41.37333
    ],
    "keywords": [
        41,
        28,
        40,
        53,
        21,
        34,
        47
    ]
}