{
    "id": 38182,
    "category": 36,
    "location": [
        -121.45833,
        37.28806
    ],
    "keywords": [
        34,
        40,
        74,
        7,
        8,
        70,
        20
    ]
}