{
    "id": 38198,
    "category": 36,
    "location": [
        -121.46583,
        35.98444
    ],
    "keywords": [
        26,
        16,
        52
    ]
}