{
    "id": 38210,
    "category": 36,
    "location": [
        -121.46889,
        39.72306
    ],
    "keywords": [
        29,
        19,
        60,
        43,
        46,
        69,
        67,
        46,
        13,
        26,
        30,
        23,
        75,
        1
    ]
}