{
    "id": 38220,
    "category": 36,
    "location": [
        -121.47361,
        39.85694
    ],
    "keywords": [
        13,
        13,
        23
    ]
}