{
    "id": 38236,
    "category": 36,
    "location": [
        -121.48194,
        36.24083
    ],
    "keywords": [
        13,
        56,
        56,
        3,
        5,
        21,
        64,
        52,
        38,
        13,
        52,
        51,
        42,
        40,
        51
    ]
}