{
    "id": 38234,
    "category": 36,
    "location": [
        -121.47889,
        36.28639
    ],
    "keywords": [
        37,
        60,
        12,
        67,
        74,
        0,
        8,
        21,
        8,
        9,
        31,
        33,
        62,
        46,
        39
    ]
}