{
    "id": 38241,
    "category": 36,
    "location": [
        -121.48472,
        37.48611
    ],
    "keywords": [
        38
    ]
}