{
    "id": 38244,
    "category": 36,
    "location": [
        -121.48611,
        37.89278
    ],
    "keywords": [
        20,
        4,
        6,
        13
    ]
}