{
    "id": 38256,
    "category": 36,
    "location": [
        -121.49194,
        36.10194
    ],
    "keywords": [
        19,
        47
    ]
}