{
    "id": 38254,
    "category": 36,
    "location": [
        -121.49111,
        39.76139
    ],
    "keywords": [
        15,
        28,
        57,
        16,
        52,
        67,
        27,
        71
    ]
}