{
    "id": 38283,
    "category": 36,
    "location": [
        -121.50361,
        36.24722
    ],
    "keywords": [
        52,
        67,
        13,
        2,
        75,
        21,
        39,
        58,
        28
    ]
}