{
    "id": 38284,
    "category": 36,
    "location": [
        -121.50361,
        38.53778
    ],
    "keywords": [
        60,
        49,
        32,
        42,
        42,
        31,
        32,
        4,
        62,
        41,
        36,
        72,
        73,
        45,
        48
    ]
}