{
    "id": 38295,
    "category": 36,
    "location": [
        -121.50611,
        40.23917
    ],
    "keywords": [
        5,
        6,
        42,
        49,
        35
    ]
}