{
    "id": 38303,
    "category": 36,
    "location": [
        -121.51028,
        36.26194
    ],
    "keywords": [
        74,
        74,
        24,
        51,
        47,
        14,
        51,
        34,
        33
    ]
}