{
    "id": 38304,
    "category": 36,
    "location": [
        -121.51111,
        38.24722
    ],
    "keywords": [
        44,
        35,
        69,
        21,
        64,
        7,
        58,
        43,
        17,
        70
    ]
}