{
    "id": 3832,
    "category": 11,
    "location": [
        -118.06417,
        33.86611
    ],
    "keywords": [
        28,
        33,
        63,
        40,
        37,
        10,
        74,
        17,
        25,
        32,
        3
    ]
}