{
    "id": 38355,
    "category": 36,
    "location": [
        -121.53139,
        36.98444
    ],
    "keywords": [
        42
    ]
}