{
    "id": 38362,
    "category": 36,
    "location": [
        -121.53528,
        40.43222
    ],
    "keywords": [
        2,
        46,
        53,
        40,
        31,
        46,
        1,
        64,
        42,
        35,
        72,
        40,
        72,
        39
    ]
}