{
    "id": 38376,
    "category": 36,
    "location": [
        -121.54444,
        40.89556
    ],
    "keywords": []
}