{
    "id": 3838,
    "category": 11,
    "location": [
        -118.07139,
        33.83306
    ],
    "keywords": [
        20,
        41,
        36,
        22,
        25,
        52,
        70,
        17,
        8
    ]
}