{
    "id": 38394,
    "category": 36,
    "location": [
        -121.55667,
        38.05889
    ],
    "keywords": [
        53,
        3,
        1,
        10,
        50,
        54,
        37,
        65,
        27,
        47
    ]
}