{
    "id": 38418,
    "category": 36,
    "location": [
        -121.56444,
        37.70472
    ],
    "keywords": [
        19,
        61,
        72,
        37,
        61,
        9,
        63,
        27,
        41
    ]
}