{
    "id": 38423,
    "category": 36,
    "location": [
        -121.56611,
        36.96667
    ],
    "keywords": [
        32,
        30,
        65,
        68
    ]
}