{
    "id": 38426,
    "category": 36,
    "location": [
        -121.56833,
        39.52722
    ],
    "keywords": [
        2,
        39,
        27,
        33,
        23,
        4,
        6,
        4,
        5,
        30,
        41,
        41
    ]
}