{
    "id": 38442,
    "category": 36,
    "location": [
        -121.57639,
        37.36111
    ],
    "keywords": [
        34,
        22,
        7,
        11,
        3,
        70,
        9,
        12,
        8,
        24,
        63,
        4
    ]
}