{
    "id": 38448,
    "category": 36,
    "location": [
        -121.57778,
        39.00972
    ],
    "keywords": [
        27,
        48,
        70,
        35,
        26,
        29
    ]
}