{
    "id": 3845,
    "category": 11,
    "location": [
        -118.07806,
        33.86056
    ],
    "keywords": [
        15,
        36,
        52,
        2,
        68,
        6,
        49,
        36,
        17,
        67,
        68,
        54
    ]
}