{
    "id": 38450,
    "category": 36,
    "location": [
        -121.57861,
        40.33222
    ],
    "keywords": [
        4,
        60,
        46,
        68
    ]
}