{
    "id": 38463,
    "category": 36,
    "location": [
        -121.58528,
        38.64583
    ],
    "keywords": [
        1,
        44,
        39,
        3,
        70,
        42,
        40,
        57,
        57,
        56,
        1,
        36,
        9,
        47,
        62
    ]
}