{
    "id": 38461,
    "category": 36,
    "location": [
        -121.58444,
        36.27417
    ],
    "keywords": [
        24,
        64,
        42,
        71,
        7,
        14,
        21
    ]
}