{
    "id": 38468,
    "category": 36,
    "location": [
        -121.58806,
        37.11139
    ],
    "keywords": [
        65,
        41,
        68,
        18,
        33,
        38,
        41,
        57,
        0
    ]
}