{
    "id": 38471,
    "category": 36,
    "location": [
        -121.59389,
        37.01444
    ],
    "keywords": [
        62,
        21,
        26,
        54,
        11,
        38,
        55,
        34,
        26,
        20,
        26,
        19,
        16,
        42
    ]
}