{
    "id": 38470,
    "category": 36,
    "location": [
        -121.59194,
        37.01222
    ],
    "keywords": [
        41,
        55,
        63,
        75,
        52,
        19,
        18,
        27,
        43,
        46
    ]
}