{
    "id": 38526,
    "category": 36,
    "location": [
        -121.62444,
        36.33806
    ],
    "keywords": [
        66,
        18,
        71,
        47,
        19,
        66,
        51,
        26,
        73,
        6,
        26
    ]
}