{
    "id": 38547,
    "category": 36,
    "location": [
        -121.63694,
        37.10917
    ],
    "keywords": [
        31,
        43,
        12,
        40,
        55,
        63,
        43,
        18,
        67,
        39,
        28
    ]
}