{
    "id": 38548,
    "category": 36,
    "location": [
        -121.63722,
        41.20389
    ],
    "keywords": [
        0,
        74,
        25,
        10,
        11,
        46,
        21,
        57
    ]
}