{
    "id": 38562,
    "category": 36,
    "location": [
        -121.64333,
        36.28306
    ],
    "keywords": [
        18,
        35,
        44,
        31,
        45,
        25,
        31,
        36,
        1,
        24
    ]
}