{
    "id": 38573,
    "category": 36,
    "location": [
        -121.64917,
        36.35194
    ],
    "keywords": [
        27,
        27,
        28,
        18,
        15,
        70,
        55,
        50,
        28,
        24
    ]
}