{
    "id": 38587,
    "category": 36,
    "location": [
        -121.65417,
        36.22194
    ],
    "keywords": [
        10,
        9,
        7,
        20
    ]
}