{
    "id": 38595,
    "category": 36,
    "location": [
        -121.65694,
        36.35944
    ],
    "keywords": [
        4,
        24,
        10,
        24,
        38,
        3,
        54,
        15,
        53,
        50,
        0,
        72
    ]
}