{
    "id": 38613,
    "category": 36,
    "location": [
        -121.66444,
        36.80194
    ],
    "keywords": [
        74,
        71,
        13,
        29,
        16,
        43,
        15,
        40
    ]
}