{
    "id": 38615,
    "category": 36,
    "location": [
        -121.66528,
        36.84028
    ],
    "keywords": [
        23,
        50
    ]
}