{
    "id": 3861,
    "category": 11,
    "location": [
        -118.10389,
        33.74361
    ],
    "keywords": [
        74,
        68,
        9,
        12,
        35,
        14,
        57,
        58,
        75,
        69
    ]
}