{
    "id": 38618,
    "category": 36,
    "location": [
        -121.66667,
        38.64833
    ],
    "keywords": [
        12,
        72,
        30,
        50,
        0
    ]
}