{
    "id": 38628,
    "category": 36,
    "location": [
        -121.67222,
        41.04361
    ],
    "keywords": [
        18,
        1,
        43,
        64,
        69,
        54,
        14,
        69,
        22,
        41,
        3,
        14,
        75
    ]
}