{
    "id": 3867,
    "category": 11,
    "location": [
        -118.11194,
        34.11917
    ],
    "keywords": [
        37,
        13,
        72,
        18,
        73,
        3
    ]
}