{
    "id": 38682,
    "category": 36,
    "location": [
        -121.70278,
        37.66556
    ],
    "keywords": [
        24
    ]
}