{
    "id": 38681,
    "category": 36,
    "location": [
        -121.70111,
        36.39917
    ],
    "keywords": [
        31,
        40,
        30,
        9
    ]
}