{
    "id": 3869,
    "category": 11,
    "location": [
        -118.11528,
        34.57917
    ],
    "keywords": [
        68,
        63,
        41,
        3,
        60,
        18,
        34,
        73,
        70,
        68,
        44,
        14,
        32,
        50,
        48
    ]
}