{
    "id": 3873,
    "category": 11,
    "location": [
        -118.11917,
        33.99333
    ],
    "keywords": []
}