{
    "id": 38747,
    "category": 36,
    "location": [
        -121.73694,
        37.30389
    ],
    "keywords": [
        33,
        67
    ]
}