{
    "id": 38750,
    "category": 36,
    "location": [
        -121.73861,
        40.27694
    ],
    "keywords": [
        50
    ]
}