{
    "id": 38757,
    "category": 36,
    "location": [
        -121.74028,
        40.35972
    ],
    "keywords": [
        6,
        70,
        12,
        54,
        54,
        10,
        62
    ]
}