{
    "id": 38773,
    "category": 36,
    "location": [
        -121.74722,
        41.29111
    ],
    "keywords": [
        16,
        8,
        42,
        35,
        17,
        9,
        13
    ]
}