{
    "id": 38770,
    "category": 36,
    "location": [
        -121.74639,
        36.97778
    ],
    "keywords": [
        9,
        3,
        36,
        23,
        2,
        67,
        30,
        74,
        61,
        7,
        5,
        3,
        30,
        44,
        65
    ]
}