{
    "id": 38774,
    "category": 36,
    "location": [
        -121.74778,
        37.26667
    ],
    "keywords": [
        14,
        22,
        50
    ]
}