{
    "id": 38781,
    "category": 36,
    "location": [
        -121.75194,
        38.01861
    ],
    "keywords": [
        26,
        0,
        6,
        29,
        15,
        14,
        0,
        56,
        72,
        59,
        11
    ]
}