{
    "id": 38804,
    "category": 36,
    "location": [
        -121.76417,
        38.07139
    ],
    "keywords": [
        70,
        12,
        39,
        17,
        64,
        58,
        23,
        58
    ]
}