{
    "id": 38805,
    "category": 36,
    "location": [
        -121.76444,
        38.66278
    ],
    "keywords": [
        35,
        38,
        41,
        42,
        40,
        14,
        60,
        21,
        30,
        2,
        67
    ]
}