{
    "id": 38833,
    "category": 36,
    "location": [
        -121.77944,
        36.24861
    ],
    "keywords": [
        59,
        17,
        36,
        3,
        71
    ]
}