{
    "id": 38840,
    "category": 36,
    "location": [
        -121.78333,
        41.45694
    ],
    "keywords": [
        15
    ]
}