{
    "id": 38842,
    "category": 36,
    "location": [
        -121.78389,
        37.68778
    ],
    "keywords": [
        35,
        28,
        36
    ]
}