{
    "id": 38885,
    "category": 36,
    "location": [
        -121.80528,
        37.24167
    ],
    "keywords": [
        62,
        58,
        7,
        41,
        13
    ]
}