{
    "id": 3889,
    "category": 11,
    "location": [
        -118.12944,
        33.75806
    ],
    "keywords": [
        51,
        5,
        9,
        69,
        73,
        21,
        3
    ]
}