{
    "id": 38932,
    "category": 36,
    "location": [
        -121.82806,
        37.97222
    ],
    "keywords": [
        44,
        45,
        44
    ]
}