{
    "id": 38948,
    "category": 36,
    "location": [
        -121.83556,
        41.35222
    ],
    "keywords": [
        3,
        16,
        2,
        48,
        22
    ]
}