{
    "id": 38952,
    "category": 36,
    "location": [
        -121.83722,
        41.25639
    ],
    "keywords": [
        44,
        22,
        36,
        22
    ]
}