{
    "id": 38965,
    "category": 36,
    "location": [
        -121.84583,
        40.85917
    ],
    "keywords": [
        6,
        14,
        29,
        18,
        69,
        47,
        14,
        19
    ]
}