{
    "id": 38977,
    "category": 36,
    "location": [
        -121.85972,
        37.38833
    ],
    "keywords": [
        4,
        56,
        59,
        71,
        55,
        24,
        67
    ]
}