{
    "id": 38973,
    "category": 36,
    "location": [
        -121.85417,
        41.32639
    ],
    "keywords": [
        24,
        55,
        36,
        18,
        53,
        48,
        24,
        10
    ]
}