{
    "id": 38980,
    "category": 36,
    "location": [
        -121.86056,
        40.06583
    ],
    "keywords": [
        43
    ]
}