{
    "id": 38988,
    "category": 36,
    "location": [
        -121.86444,
        40.45917
    ],
    "keywords": [
        44,
        3,
        59,
        33,
        39,
        25,
        61,
        41,
        29,
        71,
        31,
        74,
        53,
        37
    ]
}