{
    "id": 39008,
    "category": 36,
    "location": [
        -121.87611,
        37.25222
    ],
    "keywords": [
        9,
        50,
        54,
        0,
        67,
        1,
        2,
        9,
        68,
        0
    ]
}