{
    "id": 39053,
    "category": 36,
    "location": [
        -121.88972,
        38.00889
    ],
    "keywords": [
        33,
        45,
        62
    ]
}