{
    "id": 39066,
    "category": 36,
    "location": [
        -121.89306,
        40.63111
    ],
    "keywords": [
        33,
        26,
        24,
        1,
        2,
        14,
        70,
        8,
        6,
        65,
        59,
        24,
        4,
        67
    ]
}