{
    "id": 39084,
    "category": 36,
    "location": [
        -121.90056,
        36.30639
    ],
    "keywords": [
        61,
        51,
        55,
        51,
        54,
        20
    ]
}