{
    "id": 39083,
    "category": 36,
    "location": [
        -121.90028,
        36.61833
    ],
    "keywords": [
        6,
        41,
        25,
        37,
        29,
        44
    ]
}