{
    "id": 39091,
    "category": 36,
    "location": [
        -121.90278,
        41.11444
    ],
    "keywords": [
        53,
        60,
        21,
        29,
        53,
        65,
        42,
        25
    ]
}