{
    "id": 39094,
    "category": 36,
    "location": [
        -121.90361,
        38.34556
    ],
    "keywords": [
        58,
        61,
        7,
        68,
        60
    ]
}