{
    "id": 39096,
    "category": 36,
    "location": [
        -121.90417,
        37.00111
    ],
    "keywords": [
        52,
        69,
        13
    ]
}