{
    "id": 39135,
    "category": 36,
    "location": [
        -121.91861,
        37.09028
    ],
    "keywords": []
}