{
    "id": 39138,
    "category": 36,
    "location": [
        -121.91917,
        37.53111
    ],
    "keywords": [
        28,
        46,
        31,
        75,
        66,
        29,
        54,
        17,
        37,
        51,
        21,
        36,
        65,
        17,
        47
    ]
}