{
    "id": 39133,
    "category": 36,
    "location": [
        -121.91806,
        37.44889
    ],
    "keywords": [
        44,
        30,
        8,
        12,
        68,
        37,
        2,
        9,
        4,
        23,
        1,
        74,
        31,
        63
    ]
}