{
    "id": 3915,
    "category": 11,
    "location": [
        -118.14556,
        33.80417
    ],
    "keywords": [
        44,
        4,
        16,
        10,
        36,
        39,
        29,
        70
    ]
}