{
    "id": 39165,
    "category": 36,
    "location": [
        -121.92778,
        41.05917
    ],
    "keywords": [
        75,
        3,
        74,
        66,
        39,
        11,
        52,
        67,
        61,
        44,
        11,
        41
    ]
}