{
    "id": 3917,
    "category": 11,
    "location": [
        -118.14639,
        34.06583
    ],
    "keywords": [
        60,
        66
    ]
}