{
    "id": 39203,
    "category": 36,
    "location": [
        -121.94361,
        39.19778
    ],
    "keywords": [
        47,
        60,
        22,
        39,
        29,
        42,
        3,
        75,
        43,
        10
    ]
}