{
    "id": 39208,
    "category": 36,
    "location": [
        -121.94639,
        36.59944
    ],
    "keywords": [
        67,
        52,
        72,
        39,
        63,
        6,
        9,
        48,
        53,
        62,
        49,
        57,
        29
    ]
}