{
    "id": 3921,
    "category": 11,
    "location": [
        -118.14861,
        34.68833
    ],
    "keywords": [
        49,
        29,
        13,
        52
    ]
}