{
    "id": 3922,
    "category": 11,
    "location": [
        -118.14944,
        33.96694
    ],
    "keywords": [
        33,
        70,
        0,
        56,
        38,
        9,
        36,
        34,
        59,
        50
    ]
}