{
    "id": 39221,
    "category": 36,
    "location": [
        -121.95083,
        36.97167
    ],
    "keywords": [
        48
    ]
}