{
    "id": 39224,
    "category": 36,
    "location": [
        -121.95139,
        36.97944
    ],
    "keywords": [
        14,
        75,
        21,
        70,
        3,
        6,
        75,
        25,
        33,
        42,
        69,
        67
    ]
}