{
    "id": 39234,
    "category": 36,
    "location": [
        -121.95444,
        37.95222
    ],
    "keywords": [
        63,
        13,
        46,
        18,
        9,
        37
    ]
}