{
    "id": 3923,
    "category": 11,
    "location": [
        -118.14972,
        33.77194
    ],
    "keywords": []
}