{
    "id": 39249,
    "category": 36,
    "location": [
        -121.96083,
        37.40056
    ],
    "keywords": [
        43,
        45
    ]
}