{
    "id": 39257,
    "category": 36,
    "location": [
        -121.96361,
        36.59111
    ],
    "keywords": [
        5,
        45,
        19,
        72,
        21,
        40,
        32,
        31,
        53,
        10,
        46,
        36,
        36
    ]
}