{
    "id": 3926,
    "category": 11,
    "location": [
        -118.15083,
        34.68889
    ],
    "keywords": [
        54,
        12,
        7,
        3,
        14,
        1,
        56,
        43,
        65,
        72,
        43,
        17
    ]
}