{
    "id": 39273,
    "category": 36,
    "location": [
        -121.97083,
        37.54472
    ],
    "keywords": [
        30,
        33,
        75,
        7
    ]
}