{
    "id": 39277,
    "category": 36,
    "location": [
        -121.97167,
        41.05194
    ],
    "keywords": [
        31,
        68,
        72,
        49,
        10,
        72,
        26,
        46,
        66,
        58,
        32,
        40
    ]
}