{
    "id": 39289,
    "category": 36,
    "location": [
        -121.97639,
        37.77472
    ],
    "keywords": [
        13,
        5,
        43,
        56,
        9,
        17,
        71
    ]
}