{
    "id": 39296,
    "category": 36,
    "location": [
        -121.97972,
        41.71056
    ],
    "keywords": [
        4,
        13,
        65,
        4,
        71,
        18,
        34
    ]
}