{
    "id": 39295,
    "category": 36,
    "location": [
        -121.97889,
        39.61806
    ],
    "keywords": [
        34,
        72,
        75,
        53
    ]
}