{
    "id": 39307,
    "category": 36,
    "location": [
        -121.98333,
        39.53111
    ],
    "keywords": [
        0,
        68,
        31,
        66,
        14,
        54
    ]
}