{
    "id": 39311,
    "category": 36,
    "location": [
        -121.98528,
        37.54917
    ],
    "keywords": [
        6,
        71,
        12,
        12,
        13,
        12,
        23,
        17,
        73
    ]
}