{
    "id": 39319,
    "category": 36,
    "location": [
        -121.99056,
        37.28917
    ],
    "keywords": [
        60,
        15,
        47,
        29,
        57,
        21,
        23,
        46,
        51
    ]
}