{
    "id": 39334,
    "category": 36,
    "location": [
        -121.99556,
        37.81306
    ],
    "keywords": [
        19,
        5,
        41,
        27,
        10,
        25,
        12,
        31,
        44,
        52
    ]
}