{
    "id": 39331,
    "category": 36,
    "location": [
        -121.99333,
        37.81333
    ],
    "keywords": [
        14,
        17,
        4,
        26,
        39,
        73,
        45,
        15,
        2,
        16,
        57,
        29,
        21
    ]
}