{
    "id": 39339,
    "category": 36,
    "location": [
        -121.99667,
        37.53528
    ],
    "keywords": [
        29,
        5,
        26,
        1,
        68,
        75,
        18,
        67,
        51,
        12,
        25,
        53,
        1,
        68,
        68
    ]
}