{
    "id": 39345,
    "category": 36,
    "location": [
        -121.99833,
        39.49833
    ],
    "keywords": [
        35
    ]
}