{
    "id": 39358,
    "category": 36,
    "location": [
        -122.00306,
        40.48139
    ],
    "keywords": [
        62,
        57,
        24
    ]
}