{
    "id": 39367,
    "category": 36,
    "location": [
        -122.00778,
        37.17611
    ],
    "keywords": [
        45,
        15,
        24,
        22,
        36,
        22,
        65,
        56,
        35,
        16
    ]
}