{
    "id": 3936,
    "category": 11,
    "location": [
        -118.15972,
        34.14944
    ],
    "keywords": [
        38,
        58,
        67,
        55
    ]
}