{
    "id": 39374,
    "category": 36,
    "location": [
        -122.01111,
        36.99167
    ],
    "keywords": []
}