{
    "id": 39392,
    "category": 36,
    "location": [
        -122.01833,
        38.01389
    ],
    "keywords": [
        36,
        52,
        21
    ]
}