{
    "id": 39424,
    "category": 36,
    "location": [
        -122.02667,
        37.04833
    ],
    "keywords": [
        26
    ]
}