{
    "id": 39437,
    "category": 36,
    "location": [
        -122.03056,
        37.28861
    ],
    "keywords": [
        71,
        65,
        72,
        29,
        73,
        7,
        33,
        24,
        18,
        75,
        32,
        19,
        0,
        37,
        1
    ]
}