{
    "id": 3943,
    "category": 11,
    "location": [
        -118.16389,
        35.04861
    ],
    "keywords": [
        59,
        26,
        52,
        0,
        20,
        38,
        7,
        17,
        63,
        9
    ]
}