{
    "id": 39431,
    "category": 36,
    "location": [
        -122.02972,
        37.04667
    ],
    "keywords": [
        27,
        41,
        40,
        35
    ]
}