{
    "id": 39462,
    "category": 36,
    "location": [
        -122.03694,
        36.95944
    ],
    "keywords": [
        70,
        16,
        24,
        31,
        36,
        12,
        28,
        26,
        37,
        15,
        10,
        22,
        25,
        21,
        39
    ]
}