{
    "id": 39465,
    "category": 36,
    "location": [
        -122.03833,
        37.33806
    ],
    "keywords": [
        28
    ]
}