{
    "id": 39475,
    "category": 36,
    "location": [
        -122.04222,
        37.23167
    ],
    "keywords": [
        6,
        3,
        30,
        26,
        20,
        60,
        64
    ]
}