{
    "id": 39474,
    "category": 36,
    "location": [
        -122.04194,
        40.69556
    ],
    "keywords": [
        45,
        37,
        24
    ]
}