{
    "id": 39499,
    "category": 36,
    "location": [
        -122.05667,
        37.94306
    ],
    "keywords": [
        56
    ]
}