{
    "id": 39524,
    "category": 36,
    "location": [
        -122.06889,
        40.94944
    ],
    "keywords": [
        7
    ]
}