{
    "id": 39525,
    "category": 36,
    "location": [
        -122.06889,
        41.57778
    ],
    "keywords": [
        68,
        37,
        59,
        64,
        34,
        10,
        12,
        28,
        14,
        73,
        15,
        69,
        23
    ]
}