{
    "id": 39523,
    "category": 36,
    "location": [
        -122.06889,
        37.59167
    ],
    "keywords": [
        52,
        71,
        28,
        21,
        2,
        20,
        64,
        47,
        22,
        9
    ]
}