{
    "id": 3953,
    "category": 11,
    "location": [
        -118.17056,
        34.03472
    ],
    "keywords": [
        13,
        60,
        5,
        49,
        66,
        39
    ]
}