{
    "id": 39551,
    "category": 36,
    "location": [
        -122.08306,
        41.04278
    ],
    "keywords": [
        53,
        57,
        23,
        40,
        58,
        33,
        8,
        53,
        52,
        7,
        35,
        57,
        58
    ]
}