{
    "id": 39570,
    "category": 36,
    "location": [
        -122.08944,
        37.64833
    ],
    "keywords": [
        60,
        55,
        24,
        14,
        31,
        14
    ]
}