{
    "id": 39590,
    "category": 36,
    "location": [
        -122.09861,
        41.77444
    ],
    "keywords": [
        70,
        2
    ]
}