{
    "id": 39644,
    "category": 36,
    "location": [
        -122.12639,
        37.83556
    ],
    "keywords": []
}