{
    "id": 39668,
    "category": 36,
    "location": [
        -122.14194,
        37.07556
    ],
    "keywords": [
        71,
        36,
        75,
        47,
        33,
        12,
        43,
        17
    ]
}