{
    "id": 39686,
    "category": 36,
    "location": [
        -122.15806,
        37.44889
    ],
    "keywords": [
        22,
        51,
        3,
        39,
        8,
        72,
        60,
        37,
        53,
        58,
        9,
        65
    ]
}