{
    "id": 39696,
    "category": 36,
    "location": [
        -122.16833,
        37.13083
    ],
    "keywords": [
        41,
        2,
        74,
        30,
        3,
        17,
        64,
        32
    ]
}