{
    "id": 39704,
    "category": 36,
    "location": [
        -122.17333,
        37.43667
    ],
    "keywords": [
        6,
        17,
        71,
        66,
        73,
        45,
        67,
        58,
        45,
        27,
        64,
        0
    ]
}