{
    "id": 39728,
    "category": 36,
    "location": [
        -122.18444,
        37.42444
    ],
    "keywords": [
        13,
        14,
        50,
        61,
        14,
        16,
        14
    ]
}