{
    "id": 39725,
    "category": 36,
    "location": [
        -122.18417,
        37.31278
    ],
    "keywords": [
        27,
        67,
        39,
        55,
        68,
        24,
        22
    ]
}