{
    "id": 39720,
    "category": 36,
    "location": [
        -122.17917,
        37.34583
    ],
    "keywords": [
        54,
        36,
        7,
        7,
        13,
        53,
        19,
        14,
        12,
        57,
        68,
        8
    ]
}