{
    "id": 39724,
    "category": 36,
    "location": [
        -122.18139,
        37.79806
    ],
    "keywords": [
        51,
        28,
        34,
        53,
        50
    ]
}