{
    "id": 39726,
    "category": 36,
    "location": [
        -122.18417,
        37.69139
    ],
    "keywords": [
        65,
        26,
        37,
        60,
        18,
        16,
        26
    ]
}