{
    "id": 39744,
    "category": 36,
    "location": [
        -122.19194,
        41.58556
    ],
    "keywords": []
}