{
    "id": 39741,
    "category": 36,
    "location": [
        -122.19056,
        39.46528
    ],
    "keywords": [
        60,
        47
    ]
}