{
    "id": 39749,
    "category": 36,
    "location": [
        -122.19472,
        37.14222
    ],
    "keywords": [
        16
    ]
}