{
    "id": 39757,
    "category": 36,
    "location": [
        -122.19861,
        40.39167
    ],
    "keywords": [
        73,
        24,
        57,
        39,
        63,
        20
    ]
}