{
    "id": 39777,
    "category": 36,
    "location": [
        -122.20778,
        40.74444
    ],
    "keywords": [
        4,
        32,
        33,
        51,
        24,
        11,
        57,
        48,
        12,
        64,
        18,
        12
    ]
}