{
    "id": 39789,
    "category": 36,
    "location": [
        -122.21417,
        37.83194
    ],
    "keywords": [
        3,
        41,
        75,
        44,
        5,
        68,
        28
    ]
}