{
    "id": 39799,
    "category": 36,
    "location": [
        -122.21694,
        37.16806
    ],
    "keywords": [
        33,
        37,
        19,
        24,
        45,
        42,
        71
    ]
}