{
    "id": 3979,
    "category": 11,
    "location": [
        -118.18444,
        33.79667
    ],
    "keywords": []
}