{
    "id": 39803,
    "category": 36,
    "location": [
        -122.21806,
        37.42361
    ],
    "keywords": [
        19,
        74,
        72,
        42,
        30,
        12,
        62,
        67,
        48,
        46,
        49,
        30
    ]
}