{
    "id": 39811,
    "category": 36,
    "location": [
        -122.22056,
        39.58361
    ],
    "keywords": [
        7
    ]
}