{
    "id": 39829,
    "category": 36,
    "location": [
        -122.22833,
        40.73444
    ],
    "keywords": [
        58,
        70,
        41,
        7,
        3,
        52,
        8,
        5,
        43,
        68,
        19,
        63,
        27
    ]
}