{
    "id": 39821,
    "category": 36,
    "location": [
        -122.22556,
        41.89194
    ],
    "keywords": [
        58,
        15,
        2,
        5
    ]
}