{
    "id": 39836,
    "category": 36,
    "location": [
        -122.23083,
        37.74222
    ],
    "keywords": []
}