{
    "id": 39861,
    "category": 36,
    "location": [
        -122.23917,
        40.75556
    ],
    "keywords": [
        16,
        56,
        61,
        58,
        35,
        53
    ]
}