{
    "id": 39860,
    "category": 36,
    "location": [
        -122.23889,
        37.73778
    ],
    "keywords": [
        24,
        41,
        71,
        60,
        70,
        25,
        15,
        73,
        59,
        63,
        60,
        48,
        3,
        40,
        51
    ]
}