{
    "id": 39877,
    "category": 36,
    "location": [
        -122.24444,
        40.93667
    ],
    "keywords": [
        46,
        16,
        42,
        10,
        3,
        58,
        27,
        59,
        55,
        40,
        45,
        72,
        61
    ]
}