{
    "id": 39935,
    "category": 36,
    "location": [
        -122.26361,
        37.54917
    ],
    "keywords": [
        13,
        2,
        25,
        16,
        48,
        64,
        20,
        24
    ]
}