{
    "id": 3994,
    "category": 11,
    "location": [
        -118.19306,
        34.20222
    ],
    "keywords": [
        20,
        7,
        10,
        49,
        74,
        24,
        60,
        71,
        63,
        54,
        68
    ]
}