{
    "id": 39947,
    "category": 36,
    "location": [
        -122.26806,
        37.85472
    ],
    "keywords": [
        37,
        27,
        29,
        32,
        20,
        73,
        26,
        46,
        19,
        57,
        13,
        19,
        56,
        38,
        19
    ]
}