{
    "id": 39964,
    "category": 36,
    "location": [
        -122.27194,
        41.24917
    ],
    "keywords": [
        51,
        0
    ]
}