{
    "id": 39972,
    "category": 36,
    "location": [
        -122.27472,
        38.26639
    ],
    "keywords": []
}