{
    "id": 39984,
    "category": 36,
    "location": [
        -122.28083,
        37.56278
    ],
    "keywords": [
        28,
        53,
        2,
        33,
        66,
        3,
        63,
        29,
        74
    ]
}