{
    "id": 39995,
    "category": 36,
    "location": [
        -122.28389,
        37.42944
    ],
    "keywords": [
        65,
        14,
        32,
        22,
        67,
        69,
        52,
        33
    ]
}