{
    "id": 40003,
    "category": 36,
    "location": [
        -122.28556,
        38.32417
    ],
    "keywords": [
        38,
        69,
        57,
        37,
        57,
        11,
        68
    ]
}