{
    "id": 40019,
    "category": 36,
    "location": [
        -122.29083,
        37.28583
    ],
    "keywords": [
        9,
        15,
        2,
        28,
        70,
        8
    ]
}