{
    "id": 40018,
    "category": 36,
    "location": [
        -122.29056,
        37.83917
    ],
    "keywords": []
}