{
    "id": 40032,
    "category": 36,
    "location": [
        -122.29444,
        37.38722
    ],
    "keywords": []
}