{
    "id": 40045,
    "category": 36,
    "location": [
        -122.29889,
        37.86444
    ],
    "keywords": [
        34,
        25,
        19,
        37,
        10,
        72,
        1,
        62,
        18,
        0,
        34,
        14,
        74,
        67
    ]
}