{
    "id": 40052,
    "category": 36,
    "location": [
        -122.30056,
        37.55167
    ],
    "keywords": [
        65,
        4,
        73
    ]
}