{
    "id": 40054,
    "category": 36,
    "location": [
        -122.30083,
        37.93278
    ],
    "keywords": [
        69,
        4,
        5
    ]
}