{
    "id": 4006,
    "category": 11,
    "location": [
        -118.19806,
        36.80222
    ],
    "keywords": [
        60,
        33,
        38
    ]
}