{
    "id": 40071,
    "category": 36,
    "location": [
        -122.30639,
        37.88944
    ],
    "keywords": [
        5,
        54,
        61,
        38,
        28,
        64,
        11,
        38,
        17,
        67
    ]
}