{
    "id": 40081,
    "category": 36,
    "location": [
        -122.30944,
        40.45556
    ],
    "keywords": [
        67,
        52,
        18,
        19,
        17,
        41,
        38,
        2,
        63
    ]
}