{
    "id": 40098,
    "category": 36,
    "location": [
        -122.31528,
        37.86806
    ],
    "keywords": [
        0,
        32,
        72,
        56,
        18,
        68,
        60,
        47
    ]
}