{
    "id": 40094,
    "category": 36,
    "location": [
        -122.31333,
        37.55028
    ],
    "keywords": [
        66,
        6,
        41,
        62,
        49,
        61,
        70,
        12,
        71,
        40
    ]
}