{
    "id": 40097,
    "category": 36,
    "location": [
        -122.31528,
        37.58639
    ],
    "keywords": [
        9,
        16,
        56,
        13,
        1,
        70,
        14,
        43
    ]
}