{
    "id": 40103,
    "category": 36,
    "location": [
        -122.31861,
        38.35417
    ],
    "keywords": [
        33,
        11
    ]
}