{
    "id": 40134,
    "category": 36,
    "location": [
        -122.33111,
        38.36028
    ],
    "keywords": []
}