{
    "id": 40130,
    "category": 36,
    "location": [
        -122.32917,
        38.40083
    ],
    "keywords": [
        11,
        75,
        27,
        23,
        56,
        15,
        6,
        6,
        25,
        4,
        55,
        47,
        22,
        59,
        68
    ]
}