{
    "id": 40136,
    "category": 36,
    "location": [
        -122.33194,
        41.93972
    ],
    "keywords": [
        28,
        57
    ]
}