{
    "id": 40146,
    "category": 36,
    "location": [
        -122.33667,
        40.70194
    ],
    "keywords": [
        38,
        42,
        72,
        34,
        68,
        21,
        58
    ]
}