{
    "id": 40150,
    "category": 36,
    "location": [
        -122.33833,
        37.96444
    ],
    "keywords": [
        57,
        63,
        14,
        75,
        51,
        48,
        13,
        45,
        48,
        1,
        32,
        47
    ]
}