{
    "id": 40155,
    "category": 36,
    "location": [
        -122.33917,
        40.85833
    ],
    "keywords": [
        72,
        24,
        55,
        31,
        5,
        53,
        21
    ]
}