{
    "id": 40156,
    "category": 36,
    "location": [
        -122.33917,
        41.37361
    ],
    "keywords": [
        74,
        40,
        72,
        40,
        16,
        3,
        50,
        54
    ]
}