{
    "id": 40183,
    "category": 36,
    "location": [
        -122.35639,
        39.01222
    ],
    "keywords": [
        70,
        34
    ]
}