{
    "id": 40180,
    "category": 36,
    "location": [
        -122.35278,
        40.84806
    ],
    "keywords": [
        48,
        37,
        66,
        51,
        24,
        9,
        43,
        55,
        37,
        41,
        51,
        64
    ]
}