{
    "id": 40223,
    "category": 36,
    "location": [
        -122.37111,
        37.50639
    ],
    "keywords": []
}