{
    "id": 40258,
    "category": 36,
    "location": [
        -122.38333,
        37.76306
    ],
    "keywords": [
        17,
        11,
        3,
        22,
        27,
        29,
        71,
        50,
        49,
        1
    ]
}