{
    "id": 40263,
    "category": 36,
    "location": [
        -122.38444,
        37.77167
    ],
    "keywords": [
        29,
        57,
        31,
        45,
        32,
        38,
        62,
        35
    ]
}