{
    "id": 40279,
    "category": 36,
    "location": [
        -122.38583,
        38.15889
    ],
    "keywords": [
        74,
        58,
        31,
        18,
        2,
        28,
        11,
        12,
        9,
        51,
        63,
        47,
        69,
        26
    ]
}