{
    "id": 40277,
    "category": 36,
    "location": [
        -122.38556,
        38.41389
    ],
    "keywords": [
        41
    ]
}