{
    "id": 40357,
    "category": 36,
    "location": [
        -122.40833,
        37.76611
    ],
    "keywords": [
        54,
        66,
        35,
        43,
        52,
        6,
        3,
        36,
        63,
        54,
        7,
        14
    ]
}