{
    "id": 40388,
    "category": 36,
    "location": [
        -122.41778,
        38.45139
    ],
    "keywords": [
        70,
        4,
        11,
        19,
        1,
        62
    ]
}