{
    "id": 40380,
    "category": 36,
    "location": [
        -122.41667,
        37.71556
    ],
    "keywords": [
        3,
        75,
        44,
        20,
        16,
        41,
        48,
        30,
        70,
        57
    ]
}