{
    "id": 40386,
    "category": 36,
    "location": [
        -122.41694,
        41.79361
    ],
    "keywords": [
        13,
        58,
        69,
        65,
        0,
        68,
        21,
        21,
        22,
        12,
        35,
        5,
        7,
        47,
        41
    ]
}