{
    "id": 40402,
    "category": 36,
    "location": [
        -122.42167,
        37.80611
    ],
    "keywords": [
        67,
        46,
        3,
        57,
        64
    ]
}