{
    "id": 40418,
    "category": 36,
    "location": [
        -122.42917,
        37.64944
    ],
    "keywords": [
        9,
        30
    ]
}