{
    "id": 40415,
    "category": 36,
    "location": [
        -122.42806,
        40.85028
    ],
    "keywords": [
        49,
        3,
        41,
        35,
        72,
        57,
        36,
        50,
        28,
        50,
        39,
        61,
        7,
        69
    ]
}