{
    "id": 40448,
    "category": 36,
    "location": [
        -122.43889,
        38.39139
    ],
    "keywords": [
        67,
        50,
        19,
        70,
        27,
        54,
        3,
        71,
        12,
        38,
        30
    ]
}