{
    "id": 40445,
    "category": 36,
    "location": [
        -122.43833,
        37.66222
    ],
    "keywords": [
        11,
        62,
        51,
        24,
        4,
        35
    ]
}