{
    "id": 40453,
    "category": 36,
    "location": [
        -122.44111,
        37.80778
    ],
    "keywords": [
        41,
        29,
        27,
        13,
        6,
        64,
        33,
        56,
        63
    ]
}