{
    "id": 40469,
    "category": 36,
    "location": [
        -122.44722,
        37.48194
    ],
    "keywords": [
        64,
        65,
        64,
        44
    ]
}