{
    "id": 40479,
    "category": 36,
    "location": [
        -122.45528,
        38.55306
    ],
    "keywords": [
        36,
        53
    ]
}