{
    "id": 40490,
    "category": 36,
    "location": [
        -122.45889,
        37.87556
    ],
    "keywords": [
        66,
        64,
        29,
        23
    ]
}