{
    "id": 40505,
    "category": 36,
    "location": [
        -122.46833,
        38.52444
    ],
    "keywords": [
        23,
        52,
        11,
        3,
        17,
        20,
        9,
        13,
        36,
        44,
        67,
        21,
        23,
        7,
        10
    ]
}