{
    "id": 40524,
    "category": 36,
    "location": [
        -122.47694,
        37.85639
    ],
    "keywords": [
        51,
        46,
        44,
        11,
        71,
        13,
        54,
        8
    ]
}