{
    "id": 40529,
    "category": 36,
    "location": [
        -122.47778,
        37.85556
    ],
    "keywords": [
        25,
        58,
        28,
        66,
        22,
        65,
        5,
        17,
        14,
        50,
        69,
        69,
        36,
        19,
        16
    ]
}