{
    "id": 40527,
    "category": 36,
    "location": [
        -122.47722,
        37.82556
    ],
    "keywords": [
        24,
        22,
        65
    ]
}