{
    "id": 40538,
    "category": 36,
    "location": [
        -122.48111,
        37.76667
    ],
    "keywords": [
        3,
        34,
        41,
        4,
        20
    ]
}