{
    "id": 40543,
    "category": 36,
    "location": [
        -122.48611,
        37.61333
    ],
    "keywords": [
        27,
        49,
        36,
        13,
        34,
        62,
        71,
        62,
        16,
        61,
        53,
        52,
        29,
        7
    ]
}