{
    "id": 40557,
    "category": 36,
    "location": [
        -122.49139,
        38.52583
    ],
    "keywords": [
        73,
        41,
        57,
        45,
        31,
        26,
        1,
        2,
        4
    ]
}