{
    "id": 40551,
    "category": 36,
    "location": [
        -122.48833,
        38.51917
    ],
    "keywords": []
}