{
    "id": 40554,
    "category": 36,
    "location": [
        -122.48972,
        37.78278
    ],
    "keywords": [
        63,
        4,
        28,
        44,
        62,
        23,
        52,
        3,
        72,
        57,
        44
    ]
}