{
    "id": 40586,
    "category": 36,
    "location": [
        -122.50417,
        37.76861
    ],
    "keywords": [
        32,
        48,
        56,
        66,
        47,
        66,
        61,
        0,
        23,
        34,
        62,
        33
    ]
}