{
    "id": 4059,
    "category": 11,
    "location": [
        -118.23972,
        34.05194
    ],
    "keywords": [
        7,
        10,
        53,
        4,
        50,
        2,
        59,
        43,
        18,
        19,
        27,
        46,
        43,
        28
    ]
}