{
    "id": 40605,
    "category": 36,
    "location": [
        -122.51333,
        38.50722
    ],
    "keywords": [
        36,
        47,
        64,
        14,
        43,
        47,
        21,
        3,
        55,
        49
    ]
}