{
    "id": 4060,
    "category": 11,
    "location": [
        -118.23972,
        34.05444
    ],
    "keywords": [
        62,
        18
    ]
}