{
    "id": 40620,
    "category": 36,
    "location": [
        -122.52083,
        38.37194
    ],
    "keywords": [
        36,
        52,
        0,
        23,
        62,
        73,
        72
    ]
}