{
    "id": 40664,
    "category": 36,
    "location": [
        -122.54083,
        38.12167
    ],
    "keywords": [
        36,
        29,
        0,
        54,
        75,
        12
    ]
}