{
    "id": 40677,
    "category": 36,
    "location": [
        -122.54667,
        39.37861
    ],
    "keywords": [
        25,
        1,
        22,
        8,
        39,
        39,
        16,
        28
    ]
}