{
    "id": 40684,
    "category": 36,
    "location": [
        -122.55278,
        41.88667
    ],
    "keywords": [
        56,
        47
    ]
}