{
    "id": 40713,
    "category": 36,
    "location": [
        -122.57389,
        40.61583
    ],
    "keywords": [
        65,
        49,
        44,
        28,
        32,
        36,
        40,
        58,
        43,
        2,
        55,
        62
    ]
}