{
    "id": 40728,
    "category": 36,
    "location": [
        -122.58556,
        39.03472
    ],
    "keywords": [
        2,
        75,
        2,
        25,
        66,
        18,
        61,
        14,
        36,
        1,
        24,
        25,
        4,
        28
    ]
}