{
    "id": 40738,
    "category": 36,
    "location": [
        -122.59167,
        38.11111
    ],
    "keywords": [
        14,
        40,
        15,
        51,
        25
    ]
}