{
    "id": 40752,
    "category": 36,
    "location": [
        -122.60139,
        37.90861
    ],
    "keywords": [
        19,
        32,
        36
    ]
}