{
    "id": 40766,
    "category": 36,
    "location": [
        -122.60833,
        37.97139
    ],
    "keywords": [
        56,
        36
    ]
}