{
    "id": 40770,
    "category": 36,
    "location": [
        -122.61139,
        39.66556
    ],
    "keywords": [
        0,
        43,
        44,
        38,
        14,
        70,
        16,
        14,
        58,
        31
    ]
}