{
    "id": 40788,
    "category": 36,
    "location": [
        -122.62583,
        37.92417
    ],
    "keywords": [
        56
    ]
}