{
    "id": 40780,
    "category": 36,
    "location": [
        -122.62056,
        38.44611
    ],
    "keywords": [
        57,
        60,
        40,
        50,
        74,
        69
    ]
}