{
    "id": 40799,
    "category": 36,
    "location": [
        -122.62944,
        40.16611
    ],
    "keywords": [
        28,
        26,
        3
    ]
}