{
    "id": 40791,
    "category": 36,
    "location": [
        -122.62694,
        38.24889
    ],
    "keywords": []
}