{
    "id": 40805,
    "category": 36,
    "location": [
        -122.63528,
        41.72917
    ],
    "keywords": [
        52,
        3,
        10
    ]
}