{
    "id": 40812,
    "category": 36,
    "location": [
        -122.63778,
        41.71528
    ],
    "keywords": [
        22,
        13,
        27,
        5,
        19,
        13,
        13,
        29,
        3,
        21,
        14,
        69,
        11,
        10,
        11
    ]
}