{
    "id": 40814,
    "category": 36,
    "location": [
        -122.63833,
        38.23556
    ],
    "keywords": [
        29,
        25,
        75,
        58,
        10,
        67,
        14,
        63,
        6
    ]
}