{
    "id": 40816,
    "category": 36,
    "location": [
        -122.63917,
        39.22722
    ],
    "keywords": [
        9,
        42,
        69,
        22,
        72,
        16,
        57,
        28,
        65,
        4
    ]
}