{
    "id": 40820,
    "category": 36,
    "location": [
        -122.64194,
        38.59972
    ],
    "keywords": [
        15,
        24,
        18,
        19,
        8,
        20,
        69
    ]
}