{
    "id": 40848,
    "category": 36,
    "location": [
        -122.66389,
        39.26222
    ],
    "keywords": [
        37,
        64,
        68,
        63,
        55,
        62,
        3,
        74,
        49,
        34
    ]
}