{
    "id": 40845,
    "category": 36,
    "location": [
        -122.66278,
        41.34639
    ],
    "keywords": [
        67,
        3
    ]
}