{
    "id": 40868,
    "category": 36,
    "location": [
        -122.67528,
        40.63444
    ],
    "keywords": [
        25,
        28,
        9,
        61,
        16,
        24,
        11,
        51,
        31
    ]
}