{
    "id": 40864,
    "category": 36,
    "location": [
        -122.67361,
        41.35389
    ],
    "keywords": []
}