{
    "id": 40909,
    "category": 36,
    "location": [
        -122.69889,
        39.26444
    ],
    "keywords": [
        4,
        53,
        18
    ]
}