{
    "id": 40928,
    "category": 36,
    "location": [
        -122.70833,
        39.04639
    ],
    "keywords": [
        12,
        62,
        71,
        68,
        26,
        24,
        57,
        44,
        70,
        0,
        1,
        31,
        28
    ]
}