{
    "id": 40931,
    "category": 36,
    "location": [
        -122.71194,
        38.95778
    ],
    "keywords": [
        20
    ]
}