{
    "id": 40937,
    "category": 36,
    "location": [
        -122.71528,
        38.81806
    ],
    "keywords": [
        71,
        46,
        5
    ]
}