{
    "id": 40950,
    "category": 36,
    "location": [
        -122.72361,
        38.84944
    ],
    "keywords": [
        22,
        42,
        30,
        7,
        3,
        14
    ]
}