{
    "id": 4096,
    "category": 11,
    "location": [
        -118.25556,
        34.02083
    ],
    "keywords": [
        69,
        31,
        53,
        70,
        37,
        46,
        72,
        69,
        21,
        41
    ]
}