{
    "id": 40986,
    "category": 36,
    "location": [
        -122.74611,
        40.01167
    ],
    "keywords": [
        73,
        62,
        27,
        3,
        33,
        57,
        62,
        50,
        68,
        13,
        19
    ]
}