{
    "id": 40987,
    "category": 36,
    "location": [
        -122.75083,
        38.50667
    ],
    "keywords": [
        47,
        29,
        61,
        5,
        51,
        39,
        26,
        20,
        23,
        67,
        3,
        63,
        0
    ]
}