{
    "id": 40994,
    "category": 36,
    "location": [
        -122.75278,
        39.00139
    ],
    "keywords": []
}