{
    "id": 41006,
    "category": 36,
    "location": [
        -122.75806,
        38.90444
    ],
    "keywords": [
        41,
        32,
        72,
        33,
        13,
        58,
        10,
        14,
        28
    ]
}