{
    "id": 41000,
    "category": 36,
    "location": [
        -122.75667,
        39.21861
    ],
    "keywords": [
        40,
        33,
        34
    ]
}