{
    "id": 41013,
    "category": 36,
    "location": [
        -122.76583,
        40.88722
    ],
    "keywords": [
        48,
        11,
        6,
        40,
        58,
        69,
        4
    ]
}