{
    "id": 41010,
    "category": 36,
    "location": [
        -122.76417,
        39.94306
    ],
    "keywords": [
        6
    ]
}