{
    "id": 41014,
    "category": 36,
    "location": [
        -122.76667,
        40.41889
    ],
    "keywords": [
        64,
        36,
        39,
        63,
        68
    ]
}