{
    "id": 4102,
    "category": 11,
    "location": [
        -118.25806,
        33.79028
    ],
    "keywords": [
        16,
        75,
        16,
        29
    ]
}