{
    "id": 41021,
    "category": 36,
    "location": [
        -122.76944,
        38.63889
    ],
    "keywords": [
        34,
        14,
        62,
        62,
        68,
        0,
        67,
        61,
        16,
        28
    ]
}