{
    "id": 41051,
    "category": 36,
    "location": [
        -122.78639,
        37.97111
    ],
    "keywords": [
        56,
        13,
        19,
        16,
        6,
        46
    ]
}