{
    "id": 4106,
    "category": 11,
    "location": [
        -118.26056,
        34.02528
    ],
    "keywords": [
        55,
        53,
        74,
        43,
        19,
        48,
        53,
        9,
        35
    ]
}