{
    "id": 41061,
    "category": 36,
    "location": [
        -122.78972,
        38.25111
    ],
    "keywords": [
        28,
        75,
        34,
        28,
        5
    ]
}