{
    "id": 41093,
    "category": 36,
    "location": [
        -122.80694,
        39.01833
    ],
    "keywords": [
        9,
        60,
        29,
        56,
        74,
        14,
        38,
        43,
        13,
        46
    ]
}