{
    "id": 411,
    "category": 0,
    "location": [
        -118.53139,
        34.25694
    ],
    "keywords": [
        43,
        45,
        39,
        13,
        65,
        46,
        69,
        17,
        38,
        33,
        15
    ]
}