{
    "id": 41104,
    "category": 36,
    "location": [
        -122.81056,
        40.84889
    ],
    "keywords": [
        5,
        1,
        22,
        28,
        12
    ]
}