{
    "id": 41112,
    "category": 36,
    "location": [
        -122.81472,
        41.31667
    ],
    "keywords": [
        22,
        43,
        62,
        73,
        25,
        18,
        12,
        0
    ]
}