{
    "id": 41122,
    "category": 36,
    "location": [
        -122.82333,
        40.08917
    ],
    "keywords": [
        20,
        45,
        60,
        73
    ]
}