{
    "id": 41132,
    "category": 36,
    "location": [
        -122.82889,
        38.04056
    ],
    "keywords": [
        57,
        42,
        14,
        5,
        60,
        22,
        21,
        45,
        37,
        46
    ]
}