{
    "id": 41201,
    "category": 36,
    "location": [
        -122.86056,
        41.01194
    ],
    "keywords": [
        48,
        25,
        58,
        32,
        35
    ]
}