{
    "id": 41227,
    "category": 36,
    "location": [
        -122.87861,
        39.60361
    ],
    "keywords": [
        24,
        57,
        25,
        9,
        62,
        68,
        60,
        60,
        65
    ]
}