{
    "id": 41223,
    "category": 36,
    "location": [
        -122.87333,
        38.99306
    ],
    "keywords": [
        59,
        18
    ]
}