{
    "id": 41238,
    "category": 36,
    "location": [
        -122.88444,
        38.65944
    ],
    "keywords": []
}