{
    "id": 4124,
    "category": 11,
    "location": [
        -118.27528,
        34.18222
    ],
    "keywords": [
        29
    ]
}