{
    "id": 41245,
    "category": 36,
    "location": [
        -122.88694,
        38.51056
    ],
    "keywords": [
        62,
        67,
        61,
        52
    ]
}