{
    "id": 41240,
    "category": 36,
    "location": [
        -122.88611,
        38.60278
    ],
    "keywords": [
        13,
        21,
        34,
        27,
        22,
        32,
        22,
        6,
        18
    ]
}