{
    "id": 41257,
    "category": 36,
    "location": [
        -122.89528,
        41.37111
    ],
    "keywords": [
        39,
        66,
        55,
        72,
        10,
        2,
        50,
        23,
        17,
        13,
        60,
        5,
        51
    ]
}