{
    "id": 4127,
    "category": 11,
    "location": [
        -118.27722,
        33.97639
    ],
    "keywords": [
        20,
        15,
        52,
        37,
        22,
        32
    ]
}