{
    "id": 41288,
    "category": 36,
    "location": [
        -122.91556,
        39.14556
    ],
    "keywords": []
}