{
    "id": 41283,
    "category": 36,
    "location": [
        -122.91389,
        40.67667
    ],
    "keywords": [
        5,
        1,
        4,
        5,
        70,
        30,
        53
    ]
}