{
    "id": 41295,
    "category": 36,
    "location": [
        -122.91778,
        40.87611
    ],
    "keywords": [
        63,
        57,
        49,
        30,
        70,
        49,
        61,
        71,
        42,
        21
    ]
}