{
    "id": 41291,
    "category": 36,
    "location": [
        -122.91639,
        40.87333
    ],
    "keywords": [
        64,
        57,
        33,
        8,
        13,
        26,
        37,
        27,
        16,
        58,
        15
    ]
}