{
    "id": 41329,
    "category": 36,
    "location": [
        -122.93444,
        39.58278
    ],
    "keywords": [
        43,
        12,
        54,
        17
    ]
}