{
    "id": 41321,
    "category": 36,
    "location": [
        -122.93194,
        38.77556
    ],
    "keywords": [
        9,
        36,
        48,
        23,
        3,
        2,
        17,
        21,
        63
    ]
}