{
    "id": 4134,
    "category": 11,
    "location": [
        -118.28028,
        34.02083
    ],
    "keywords": [
        69,
        56,
        34,
        43,
        21,
        36,
        19,
        38,
        14,
        5,
        43,
        25,
        24
    ]
}