{
    "id": 41376,
    "category": 36,
    "location": [
        -122.96417,
        40.36306
    ],
    "keywords": [
        59,
        44,
        14,
        13,
        63,
        75,
        65,
        63,
        23,
        1,
        65,
        14,
        41
    ]
}