{
    "id": 4138,
    "category": 11,
    "location": [
        -118.28083,
        34.02139
    ],
    "keywords": [
        3,
        28,
        62
    ]
}