{
    "id": 41384,
    "category": 36,
    "location": [
        -122.97111,
        38.37111
    ],
    "keywords": [
        51,
        63,
        10,
        52,
        49,
        23,
        33,
        4,
        8,
        16,
        19,
        61,
        65,
        68,
        9
    ]
}