{
    "id": 41386,
    "category": 36,
    "location": [
        -122.97139,
        38.76194
    ],
    "keywords": [
        37,
        61,
        6,
        61,
        7,
        36,
        72,
        67,
        21,
        51,
        2,
        30,
        13
    ]
}