{
    "id": 41398,
    "category": 36,
    "location": [
        -122.97722,
        39.42028
    ],
    "keywords": [
        35
    ]
}