{
    "id": 414,
    "category": 0,
    "location": [
        -118.55167,
        34.41583
    ],
    "keywords": [
        36,
        28,
        27,
        19,
        0,
        14,
        72
    ]
}