{
    "id": 41403,
    "category": 36,
    "location": [
        -122.97889,
        40.22167
    ],
    "keywords": [
        16,
        30,
        9,
        58,
        21,
        16,
        41,
        18,
        70,
        20,
        42,
        45
    ]
}