{
    "id": 4141,
    "category": 11,
    "location": [
        -118.28111,
        34.01917
    ],
    "keywords": [
        42,
        67,
        28,
        58,
        59,
        1,
        36,
        44,
        54,
        48,
        39,
        72
    ]
}