{
    "id": 41431,
    "category": 36,
    "location": [
        -123.00194,
        39.78889
    ],
    "keywords": [
        9,
        14,
        31,
        7,
        15
    ]
}