{
    "id": 41446,
    "category": 36,
    "location": [
        -123.00889,
        38.78556
    ],
    "keywords": [
        28,
        34,
        54,
        9,
        45,
        39,
        8,
        13,
        51,
        50,
        7,
        60,
        27,
        11
    ]
}