{
    "id": 41464,
    "category": 36,
    "location": [
        -123.02028,
        41.36889
    ],
    "keywords": [
        30,
        11,
        38,
        16,
        13
    ]
}