{
    "id": 41461,
    "category": 36,
    "location": [
        -123.01861,
        38.80833
    ],
    "keywords": [
        31,
        64,
        16,
        73,
        34,
        41
    ]
}