{
    "id": 41475,
    "category": 36,
    "location": [
        -123.02417,
        41.12667
    ],
    "keywords": [
        2,
        46,
        18
    ]
}