{
    "id": 41497,
    "category": 36,
    "location": [
        -123.03583,
        41.35472
    ],
    "keywords": [
        62,
        51,
        28,
        9
    ]
}