{
    "id": 41504,
    "category": 36,
    "location": [
        -123.04083,
        39.04556
    ],
    "keywords": [
        45,
        33,
        55,
        36,
        10
    ]
}