{
    "id": 4155,
    "category": 11,
    "location": [
        -118.28278,
        34.02028
    ],
    "keywords": [
        32
    ]
}