{
    "id": 41564,
    "category": 36,
    "location": [
        -123.06556,
        40.03694
    ],
    "keywords": [
        62,
        68,
        17,
        66,
        45,
        23,
        22,
        65,
        9
    ]
}