{
    "id": 41574,
    "category": 36,
    "location": [
        -123.07167,
        38.49611
    ],
    "keywords": [
        35,
        27,
        61,
        75
    ]
}