{
    "id": 41570,
    "category": 36,
    "location": [
        -123.06806,
        41.20194
    ],
    "keywords": [
        65,
        50,
        10,
        27,
        2,
        16,
        13,
        45,
        72,
        30,
        12,
        32
    ]
}