{
    "id": 41589,
    "category": 36,
    "location": [
        -123.07806,
        39.21333
    ],
    "keywords": [
        71,
        1,
        2
    ]
}