{
    "id": 41592,
    "category": 36,
    "location": [
        -123.07889,
        39.26861
    ],
    "keywords": [
        69,
        27
    ]
}