{
    "id": 41648,
    "category": 36,
    "location": [
        -123.10306,
        38.57083
    ],
    "keywords": [
        3
    ]
}