{
    "id": 41650,
    "category": 36,
    "location": [
        -123.10444,
        38.55528
    ],
    "keywords": [
        74,
        49,
        43,
        25,
        18,
        32,
        48,
        33,
        5
    ]
}