{
    "id": 41653,
    "category": 36,
    "location": [
        -123.10528,
        39.61611
    ],
    "keywords": [
        2
    ]
}