{
    "id": 41661,
    "category": 36,
    "location": [
        -123.11056,
        39.26444
    ],
    "keywords": [
        18,
        25,
        57,
        53
    ]
}