{
    "id": 41677,
    "category": 36,
    "location": [
        -123.11611,
        41.26194
    ],
    "keywords": [
        69,
        3,
        21,
        13,
        7,
        17,
        69,
        7
    ]
}