{
    "id": 41683,
    "category": 36,
    "location": [
        -123.11944,
        39.00306
    ],
    "keywords": [
        20,
        42,
        64,
        9,
        72,
        51,
        75,
        6,
        51,
        5,
        0,
        4,
        72
    ]
}