{
    "id": 41719,
    "category": 36,
    "location": [
        -123.13944,
        42.00056
    ],
    "keywords": [
        59,
        67,
        9,
        36,
        18,
        64,
        67
    ]
}