{
    "id": 41729,
    "category": 36,
    "location": [
        -123.14611,
        39.04556
    ],
    "keywords": [
        19,
        56,
        73,
        62,
        5,
        62,
        47,
        46,
        68,
        64,
        40,
        19,
        46,
        27,
        28
    ]
}