{
    "id": 41728,
    "category": 36,
    "location": [
        -123.14583,
        41.58889
    ],
    "keywords": [
        57,
        22,
        62,
        63,
        9,
        18,
        24,
        18,
        24,
        51
    ]
}