{
    "id": 41746,
    "category": 36,
    "location": [
        -123.15861,
        40.98278
    ],
    "keywords": [
        12,
        14,
        16,
        56,
        20
    ]
}