{
    "id": 4174,
    "category": 11,
    "location": [
        -118.28472,
        34.01611
    ],
    "keywords": [
        14,
        58,
        55,
        65,
        54,
        32,
        35,
        53,
        6,
        69
    ]
}