{
    "id": 41743,
    "category": 36,
    "location": [
        -123.15722,
        41.02806
    ],
    "keywords": [
        42,
        11,
        70,
        70,
        40,
        59,
        7,
        16
    ]
}