{
    "id": 41749,
    "category": 36,
    "location": [
        -123.15917,
        41.58556
    ],
    "keywords": [
        26
    ]
}