{
    "id": 41754,
    "category": 36,
    "location": [
        -123.16306,
        39.71889
    ],
    "keywords": [
        55,
        6,
        50,
        15,
        68,
        23,
        74,
        66,
        34,
        36
    ]
}