{
    "id": 4179,
    "category": 11,
    "location": [
        -118.28472,
        34.02333
    ],
    "keywords": [
        16,
        57,
        30,
        32,
        51,
        18,
        4,
        53,
        26,
        0,
        75,
        33,
        32,
        72
    ]
}