{
    "id": 41799,
    "category": 36,
    "location": [
        -123.19333,
        38.93889
    ],
    "keywords": [
        73,
        0,
        33,
        32,
        71,
        62,
        1,
        13,
        59
    ]
}