{
    "id": 41838,
    "category": 36,
    "location": [
        -123.22972,
        39.45389
    ],
    "keywords": [
        52,
        59,
        47,
        75,
        25,
        50,
        30,
        70,
        19,
        27,
        40
    ]
}