{
    "id": 41834,
    "category": 36,
    "location": [
        -123.22639,
        40.92861
    ],
    "keywords": [
        14,
        4,
        42,
        53,
        45
    ]
}