{
    "id": 41841,
    "category": 36,
    "location": [
        -123.23278,
        40.73611
    ],
    "keywords": [
        64,
        36,
        45,
        70,
        12,
        31,
        23,
        61,
        25,
        73,
        33
    ]
}