{
    "id": 41851,
    "category": 36,
    "location": [
        -123.24083,
        39.43694
    ],
    "keywords": [
        55,
        49,
        48,
        46,
        24,
        5,
        32,
        50,
        70,
        65,
        44,
        74,
        73,
        18
    ]
}