{
    "id": 41856,
    "category": 36,
    "location": [
        -123.24417,
        38.51472
    ],
    "keywords": [
        73,
        20,
        20,
        66,
        33,
        31,
        73
    ]
}