{
    "id": 41884,
    "category": 36,
    "location": [
        -123.27417,
        41.23972
    ],
    "keywords": [
        52,
        25,
        54,
        49,
        61
    ]
}