{
    "id": 41889,
    "category": 36,
    "location": [
        -123.27778,
        41.47083
    ],
    "keywords": [
        19,
        8,
        75,
        56,
        64,
        48,
        39,
        36,
        27,
        1,
        58,
        9,
        36
    ]
}