{
    "id": 41890,
    "category": 36,
    "location": [
        -123.27806,
        41.04028
    ],
    "keywords": [
        15
    ]
}