{
    "id": 41917,
    "category": 36,
    "location": [
        -123.30556,
        39.39083
    ],
    "keywords": [
        38,
        71,
        73,
        14,
        30,
        42,
        23,
        27,
        24,
        14,
        32,
        69,
        56
    ]
}