{
    "id": 41919,
    "category": 36,
    "location": [
        -123.30833,
        38.91306
    ],
    "keywords": [
        54,
        60,
        24,
        9,
        44,
        54,
        24,
        36,
        13,
        39,
        67,
        38
    ]
}