{
    "id": 41916,
    "category": 36,
    "location": [
        -123.30278,
        40.81972
    ],
    "keywords": [
        19,
        68,
        15
    ]
}