{
    "id": 41925,
    "category": 36,
    "location": [
        -123.30944,
        41.86278
    ],
    "keywords": [
        18
    ]
}