{
    "id": 41933,
    "category": 36,
    "location": [
        -123.31389,
        40.37028
    ],
    "keywords": [
        1
    ]
}