{
    "id": 41947,
    "category": 36,
    "location": [
        -123.32167,
        41.25833
    ],
    "keywords": [
        58,
        63,
        4,
        72,
        71,
        54
    ]
}