{
    "id": 41982,
    "category": 36,
    "location": [
        -123.37056,
        39.68528
    ],
    "keywords": [
        14,
        6,
        47,
        26,
        50,
        9,
        40,
        44,
        29,
        68,
        33,
        12
    ]
}