{
    "id": 41990,
    "category": 36,
    "location": [
        -123.37417,
        41.79639
    ],
    "keywords": [
        20,
        69,
        23,
        24,
        19,
        70,
        33,
        6,
        51,
        28,
        23,
        47,
        50
    ]
}