{
    "id": 41994,
    "category": 36,
    "location": [
        -123.37778,
        41.42917
    ],
    "keywords": [
        11,
        26,
        1,
        41,
        21,
        50,
        52,
        16,
        61,
        69,
        53,
        47
    ]
}