{
    "id": 42018,
    "category": 36,
    "location": [
        -123.40333,
        40.34306
    ],
    "keywords": [
        29,
        28,
        75
    ]
}