{
    "id": 42044,
    "category": 36,
    "location": [
        -123.43528,
        41.10028
    ],
    "keywords": [
        6,
        5,
        40
    ]
}