{
    "id": 42052,
    "category": 36,
    "location": [
        -123.44028,
        39.54333
    ],
    "keywords": [
        4,
        74,
        59,
        64,
        64,
        49,
        69,
        28,
        6,
        6
    ]
}