{
    "id": 42050,
    "category": 36,
    "location": [
        -123.43972,
        40.05333
    ],
    "keywords": [
        2,
        8,
        17,
        72,
        68,
        29,
        1,
        2,
        2,
        72
    ]
}