{
    "id": 42092,
    "category": 36,
    "location": [
        -123.47611,
        41.93167
    ],
    "keywords": [
        20,
        59,
        23,
        22,
        21,
        8,
        63,
        0,
        38,
        50,
        16
    ]
}