{
    "id": 42107,
    "category": 36,
    "location": [
        -123.48889,
        40.49028
    ],
    "keywords": [
        4,
        37,
        73
    ]
}