{
    "id": 42129,
    "category": 36,
    "location": [
        -123.50472,
        40.73139
    ],
    "keywords": [
        40,
        31,
        19,
        49,
        73,
        49
    ]
}