{
    "id": 42132,
    "category": 36,
    "location": [
        -123.50694,
        39.22111
    ],
    "keywords": [
        41,
        32,
        44,
        8,
        15,
        48,
        0,
        2,
        72,
        3,
        37
    ]
}