{
    "id": 42145,
    "category": 36,
    "location": [
        -123.52194,
        38.78361
    ],
    "keywords": [
        47,
        49,
        16,
        15,
        12,
        33,
        24,
        26,
        67,
        5
    ]
}