{
    "id": 42147,
    "category": 36,
    "location": [
        -123.52333,
        39.87667
    ],
    "keywords": []
}