{
    "id": 42150,
    "category": 36,
    "location": [
        -123.52694,
        40.67778
    ],
    "keywords": []
}