{
    "id": 42161,
    "category": 36,
    "location": [
        -123.53278,
        40.10194
    ],
    "keywords": [
        0,
        44,
        58,
        70,
        11,
        64,
        5,
        8,
        0,
        12,
        15,
        52,
        12,
        66,
        14
    ]
}