{
    "id": 42165,
    "category": 36,
    "location": [
        -123.53667,
        40.54361
    ],
    "keywords": []
}