{
    "id": 42189,
    "category": 36,
    "location": [
        -123.55611,
        39.35278
    ],
    "keywords": [
        69,
        14,
        40
    ]
}