{
    "id": 42196,
    "category": 36,
    "location": [
        -123.56278,
        38.80194
    ],
    "keywords": [
        27,
        58,
        58
    ]
}