{
    "id": 42194,
    "category": 36,
    "location": [
        -123.55944,
        41.39306
    ],
    "keywords": [
        31,
        32,
        48,
        40,
        64,
        74,
        41,
        34,
        11,
        66,
        70,
        22,
        7
    ]
}