{
    "id": 42203,
    "category": 36,
    "location": [
        -123.56833,
        38.79444
    ],
    "keywords": [
        27
    ]
}