{
    "id": 42209,
    "category": 36,
    "location": [
        -123.57306,
        39.09222
    ],
    "keywords": [
        72,
        54,
        73,
        72,
        7,
        4,
        29,
        12,
        23,
        49,
        22,
        3,
        5
    ]
}