{
    "id": 42202,
    "category": 36,
    "location": [
        -123.56722,
        39.26889
    ],
    "keywords": [
        70
    ]
}