{
    "id": 42220,
    "category": 36,
    "location": [
        -123.58583,
        39.88278
    ],
    "keywords": [
        62,
        43,
        51,
        75,
        11,
        10,
        21
    ]
}