{
    "id": 4223,
    "category": 11,
    "location": [
        -118.28972,
        34.02028
    ],
    "keywords": [
        11,
        12,
        51,
        43,
        50,
        64
    ]
}