{
    "id": 42245,
    "category": 36,
    "location": [
        -123.62028,
        40.08611
    ],
    "keywords": [
        43,
        73,
        28,
        32,
        38,
        75,
        72,
        24,
        70,
        20
    ]
}