{
    "id": 42247,
    "category": 36,
    "location": [
        -123.62083,
        38.86111
    ],
    "keywords": [
        38,
        4,
        13,
        50,
        55,
        15,
        29,
        6,
        13,
        1,
        6,
        19
    ]
}