{
    "id": 42244,
    "category": 36,
    "location": [
        -123.61778,
        38.82833
    ],
    "keywords": [
        60,
        13,
        9,
        54,
        32
    ]
}