{
    "id": 42267,
    "category": 36,
    "location": [
        -123.64028,
        38.95917
    ],
    "keywords": [
        16,
        20,
        21,
        65,
        22,
        65,
        72,
        52,
        4,
        13
    ]
}