{
    "id": 42262,
    "category": 36,
    "location": [
        -123.63556,
        40.94667
    ],
    "keywords": [
        38,
        3
    ]
}