{
    "id": 4228,
    "category": 11,
    "location": [
        -118.29083,
        34.02139
    ],
    "keywords": [
        65,
        5,
        61,
        39,
        9,
        3,
        48,
        54,
        41,
        66,
        57,
        42,
        48
    ]
}