{
    "id": 42289,
    "category": 36,
    "location": [
        -123.65611,
        41.22556
    ],
    "keywords": [
        34,
        32,
        28,
        0,
        26,
        53,
        67
    ]
}