{
    "id": 42290,
    "category": 36,
    "location": [
        -123.65611,
        41.24083
    ],
    "keywords": [
        53
    ]
}