{
    "id": 42294,
    "category": 36,
    "location": [
        -123.65806,
        41.23528
    ],
    "keywords": [
        21,
        69,
        17,
        68,
        48,
        34
    ]
}