{
    "id": 42304,
    "category": 36,
    "location": [
        -123.66944,
        40.75028
    ],
    "keywords": [
        41,
        66,
        21,
        32,
        1,
        21,
        54,
        72,
        56,
        69,
        7,
        42,
        23,
        59
    ]
}