{
    "id": 42307,
    "category": 36,
    "location": [
        -123.67306,
        38.99111
    ],
    "keywords": [
        32,
        41,
        73,
        67,
        63,
        47,
        47,
        10,
        11,
        3,
        75
    ]
}