{
    "id": 42319,
    "category": 36,
    "location": [
        -123.69111,
        39.27194
    ],
    "keywords": [
        64,
        53,
        63,
        56,
        19,
        29,
        45,
        61,
        39,
        15
    ]
}