{
    "id": 42320,
    "category": 36,
    "location": [
        -123.69194,
        39.14333
    ],
    "keywords": [
        65,
        57,
        63,
        69,
        59,
        27,
        53,
        46,
        20,
        30,
        43,
        56,
        52,
        72
    ]
}