{
    "id": 4233,
    "category": 11,
    "location": [
        -118.29333,
        33.73278
    ],
    "keywords": [
        62,
        66,
        74,
        51,
        53,
        9,
        65,
        47,
        0
    ]
}