{
    "id": 42349,
    "category": 36,
    "location": [
        -123.71972,
        41.60139
    ],
    "keywords": []
}