{
    "id": 42358,
    "category": 36,
    "location": [
        -123.72917,
        40.47944
    ],
    "keywords": [
        30,
        15,
        25,
        43,
        10,
        28,
        46,
        31,
        6,
        6,
        56,
        62,
        33,
        71
    ]
}