{
    "id": 42393,
    "category": 36,
    "location": [
        -123.78111,
        40.79972
    ],
    "keywords": [
        7,
        8,
        40,
        53,
        74,
        19,
        47,
        4,
        57,
        9,
        1,
        42
    ]
}