{
    "id": 42398,
    "category": 36,
    "location": [
        -123.78944,
        39.49139
    ],
    "keywords": [
        35,
        22,
        73,
        37,
        35,
        2,
        0,
        40
    ]
}