{
    "id": 42420,
    "category": 36,
    "location": [
        -123.82306,
        40.82028
    ],
    "keywords": []
}