{
    "id": 42428,
    "category": 36,
    "location": [
        -123.83083,
        40.76639
    ],
    "keywords": [
        64,
        21,
        62,
        65,
        69,
        39,
        64,
        39,
        75,
        22,
        68
    ]
}