{
    "id": 42427,
    "category": 36,
    "location": [
        -123.83028,
        41.97278
    ],
    "keywords": [
        61,
        52,
        19,
        31,
        38,
        62
    ]
}