{
    "id": 42431,
    "category": 36,
    "location": [
        -123.83444,
        40.29361
    ],
    "keywords": [
        65,
        10,
        26,
        70,
        54,
        32,
        8
    ]
}