{
    "id": 42457,
    "category": 36,
    "location": [
        -123.86667,
        39.96889
    ],
    "keywords": [
        40,
        38,
        60,
        65,
        64,
        32,
        73,
        37,
        37,
        20,
        10,
        56,
        25,
        5,
        1
    ]
}