{
    "id": 42469,
    "category": 36,
    "location": [
        -123.87833,
        40.77444
    ],
    "keywords": [
        45,
        54,
        42,
        14,
        21,
        58,
        49,
        10,
        66
    ]
}