{
    "id": 42461,
    "category": 36,
    "location": [
        -123.87333,
        40.76167
    ],
    "keywords": [
        2,
        5,
        65,
        9,
        53,
        11
    ]
}