{
    "id": 42474,
    "category": 36,
    "location": [
        -123.88167,
        41.15167
    ],
    "keywords": [
        20,
        52,
        67,
        28,
        44,
        4,
        47,
        0,
        5,
        1,
        18,
        11,
        0,
        29,
        69
    ]
}