{
    "id": 42488,
    "category": 36,
    "location": [
        -123.90694,
        41.52417
    ],
    "keywords": [
        18,
        12,
        57,
        62
    ]
}