{
    "id": 42480,
    "category": 36,
    "location": [
        -123.89611,
        40.33972
    ],
    "keywords": [
        1,
        15,
        61,
        33,
        21,
        9,
        64,
        74
    ]
}