{
    "id": 42486,
    "category": 36,
    "location": [
        -123.90389,
        41.68333
    ],
    "keywords": [
        16,
        1,
        17,
        66,
        66,
        14,
        36,
        12,
        24
    ]
}