{
    "id": 42493,
    "category": 36,
    "location": [
        -123.91028,
        39.88528
    ],
    "keywords": []
}