{
    "id": 4250,
    "category": 11,
    "location": [
        -118.30556,
        34.18389
    ],
    "keywords": [
        15,
        25,
        54,
        47,
        52,
        50,
        36,
        3
    ]
}