{
    "id": 42509,
    "category": 36,
    "location": [
        -123.92778,
        41.57611
    ],
    "keywords": [
        68,
        71,
        20,
        23,
        37,
        12,
        58,
        37,
        17,
        46
    ]
}