{
    "id": 42526,
    "category": 36,
    "location": [
        -123.95528,
        41.48306
    ],
    "keywords": [
        47,
        12,
        57,
        13,
        3,
        38,
        41,
        67,
        57,
        62,
        52,
        60,
        52
    ]
}