{
    "id": 42525,
    "category": 36,
    "location": [
        -123.95333,
        41.84167
    ],
    "keywords": [
        2,
        11,
        68,
        39,
        34,
        73,
        48,
        65
    ]
}