{
    "id": 42534,
    "category": 36,
    "location": [
        -123.96472,
        39.97306
    ],
    "keywords": [
        24,
        33
    ]
}