{
    "id": 4255,
    "category": 11,
    "location": [
        -118.30694,
        34.18056
    ],
    "keywords": [
        18,
        39,
        27,
        54,
        10,
        21,
        56,
        36,
        62,
        16,
        16
    ]
}