{
    "id": 42587,
    "category": 36,
    "location": [
        -124.08583,
        41.79806
    ],
    "keywords": [
        25,
        33,
        54,
        66,
        8,
        0,
        53,
        4,
        51
    ]
}