{
    "id": 42581,
    "category": 36,
    "location": [
        -124.06972,
        41.57611
    ],
    "keywords": [
        60,
        52,
        73,
        37,
        44,
        70,
        13,
        13,
        6,
        27,
        6,
        38,
        10,
        16,
        54
    ]
}