{
    "id": 42591,
    "category": 36,
    "location": [
        -124.09472,
        40.96056
    ],
    "keywords": [
        72,
        65,
        46,
        15,
        1,
        30,
        68,
        15,
        38,
        30,
        57,
        28,
        62
    ]
}