{
    "id": 42602,
    "category": 36,
    "location": [
        -124.10361,
        40.30778
    ],
    "keywords": [
        15,
        44,
        5,
        36,
        61,
        71,
        36,
        37,
        38,
        14,
        66,
        40,
        74,
        2,
        22
    ]
}