{
    "id": 42627,
    "category": 36,
    "location": [
        -124.16028,
        40.80639
    ],
    "keywords": [
        56,
        27
    ]
}