{
    "id": 42623,
    "category": 36,
    "location": [
        -124.15417,
        41.13139
    ],
    "keywords": [
        18,
        72,
        17,
        2,
        46,
        53,
        33,
        30,
        1
    ]
}