{
    "id": 42659,
    "category": 36,
    "location": [
        -124.30972,
        40.58222
    ],
    "keywords": [
        50,
        65,
        20,
        61,
        48,
        36,
        70
    ]
}