{
    "id": 42664,
    "category": 36,
    "location": [
        -124.35083,
        40.51444
    ],
    "keywords": [
        65,
        44,
        60,
        25,
        2
    ]
}