{
    "id": 42673,
    "category": 37,
    "location": [
        -114.71667,
        33.61889
    ],
    "keywords": [
        27,
        11,
        53
    ]
}