{
    "id": 42681,
    "category": 37,
    "location": [
        -117.12139,
        32.54278
    ],
    "keywords": []
}