{
    "id": 42683,
    "category": 37,
    "location": [
        -117.20972,
        32.75694
    ],
    "keywords": [
        23,
        33,
        8,
        69
    ]
}