{
    "id": 42687,
    "category": 37,
    "location": [
        -117.23667,
        32.68333
    ],
    "keywords": [
        48,
        59
    ]
}