{
    "id": 42685,
    "category": 37,
    "location": [
        -117.23278,
        32.68583
    ],
    "keywords": [
        48,
        58,
        49,
        8,
        48,
        33,
        8,
        74,
        67,
        29,
        26,
        23,
        9
    ]
}