{
    "id": 42695,
    "category": 37,
    "location": [
        -118.05056,
        33.79111
    ],
    "keywords": [
        29,
        30
    ]
}