{
    "id": 42731,
    "category": 37,
    "location": [
        -122.29306,
        40.50833
    ],
    "keywords": [
        64,
        6,
        25,
        20
    ]
}