{
    "id": 42737,
    "category": 37,
    "location": [
        -122.37361,
        37.83028
    ],
    "keywords": [
        31,
        1,
        52,
        55,
        42,
        37,
        75,
        69
    ]
}