{
    "id": 4275,
    "category": 11,
    "location": [
        -118.32583,
        33.97028
    ],
    "keywords": [
        59,
        47,
        33,
        73,
        34,
        52,
        67
    ]
}