{
    "id": 42766,
    "category": 37,
    "location": [
        -122.53611,
        37.83417
    ],
    "keywords": [
        68
    ]
}