{
    "id": 42761,
    "category": 37,
    "location": [
        -122.50694,
        37.78222
    ],
    "keywords": [
        41
    ]
}