{
    "id": 42797,
    "category": 38,
    "location": [
        -114.54278,
        34.25972
    ],
    "keywords": [
        46,
        65,
        6,
        41,
        67,
        27,
        10,
        57
    ]
}