{
    "id": 42808,
    "category": 38,
    "location": [
        -114.77361,
        32.85361
    ],
    "keywords": [
        17,
        4,
        58,
        67,
        71,
        61,
        39,
        69,
        60,
        11,
        53,
        34,
        68
    ]
}