{
    "id": 42801,
    "category": 38,
    "location": [
        -114.55306,
        34.26778
    ],
    "keywords": [
        42,
        54,
        22,
        48
    ]
}