{
    "id": 42809,
    "category": 38,
    "location": [
        -114.77556,
        32.84667
    ],
    "keywords": [
        3,
        21,
        1
    ]
}