{
    "id": 42829,
    "category": 38,
    "location": [
        -114.93083,
        34.01806
    ],
    "keywords": [
        59,
        36,
        46,
        32,
        58,
        33,
        41,
        40,
        54,
        44,
        67,
        0,
        52,
        28,
        24
    ]
}