{
    "id": 42852,
    "category": 38,
    "location": [
        -115.25111,
        34.60306
    ],
    "keywords": [
        66,
        45,
        48,
        10,
        36,
        66,
        7,
        53,
        73,
        0,
        3,
        48
    ]
}