{
    "id": 42857,
    "category": 38,
    "location": [
        -115.28917,
        34.34333
    ],
    "keywords": [
        15,
        57,
        53,
        73,
        24,
        39,
        47,
        49,
        36,
        45,
        55,
        19,
        30,
        8,
        19
    ]
}