{
    "id": 42877,
    "category": 38,
    "location": [
        -115.48583,
        35.04444
    ],
    "keywords": [
        72,
        28,
        19,
        56
    ]
}