{
    "id": 42870,
    "category": 38,
    "location": [
        -115.46472,
        35.21861
    ],
    "keywords": [
        52,
        21,
        45,
        14,
        34,
        29,
        11,
        57,
        3
    ]
}