{
    "id": 42881,
    "category": 38,
    "location": [
        -115.49639,
        33.59639
    ],
    "keywords": [
        70,
        6,
        61,
        22,
        32,
        74,
        38,
        58,
        45,
        8,
        26,
        71,
        45
    ]
}