{
    "id": 42889,
    "category": 38,
    "location": [
        -115.51111,
        35.36333
    ],
    "keywords": [
        7,
        10,
        71,
        0,
        29
    ]
}