{
    "id": 42880,
    "category": 38,
    "location": [
        -115.49472,
        35.42139
    ],
    "keywords": [
        52,
        9
    ]
}