{
    "id": 42905,
    "category": 38,
    "location": [
        -115.53167,
        35.35722
    ],
    "keywords": [
        65,
        35,
        9,
        4,
        12,
        44,
        22,
        27,
        8,
        32,
        41
    ]
}