{
    "id": 42904,
    "category": 38,
    "location": [
        -115.53111,
        35.43056
    ],
    "keywords": [
        72,
        52,
        5,
        70,
        25,
        67,
        74,
        29,
        28,
        15,
        28,
        32
    ]
}