{
    "id": 4291,
    "category": 11,
    "location": [
        -118.34111,
        33.95806
    ],
    "keywords": [
        26,
        15,
        56
    ]
}