{
    "id": 42965,
    "category": 38,
    "location": [
        -115.75361,
        34.06472
    ],
    "keywords": [
        59,
        35,
        57
    ]
}