{
    "id": 42961,
    "category": 38,
    "location": [
        -115.71611,
        33.99944
    ],
    "keywords": [
        20,
        32,
        3,
        29,
        67,
        44,
        36
    ]
}