{
    "id": 42974,
    "category": 38,
    "location": [
        -115.80444,
        34.02333
    ],
    "keywords": [
        68,
        18,
        62,
        38,
        69,
        71,
        44,
        28,
        19,
        50
    ]
}