{
    "id": 4297,
    "category": 11,
    "location": [
        -118.34528,
        37.39944
    ],
    "keywords": [
        72,
        29,
        6,
        4,
        28,
        65
    ]
}