{
    "id": 42983,
    "category": 38,
    "location": [
        -115.82806,
        34.03222
    ],
    "keywords": [
        68,
        54,
        31,
        37
    ]
}