{
    "id": 43008,
    "category": 38,
    "location": [
        -115.96333,
        35.40222
    ],
    "keywords": [
        3,
        50,
        50
    ]
}