{
    "id": 43021,
    "category": 38,
    "location": [
        -116.00806,
        35.78278
    ],
    "keywords": [
        36
    ]
}