{
    "id": 43033,
    "category": 38,
    "location": [
        -116.08278,
        34.70083
    ],
    "keywords": [
        36,
        50,
        53,
        25,
        42,
        57,
        47
    ]
}