{
    "id": 43043,
    "category": 38,
    "location": [
        -116.12444,
        35.84889
    ],
    "keywords": [
        42,
        50,
        35
    ]
}