{
    "id": 43046,
    "category": 38,
    "location": [
        -116.13639,
        33.94056
    ],
    "keywords": [
        72,
        18,
        14,
        54,
        6,
        49,
        69,
        24,
        55,
        72,
        33,
        18
    ]
}