{
    "id": 43045,
    "category": 38,
    "location": [
        -116.12778,
        35.76806
    ],
    "keywords": [
        43,
        36,
        18,
        7,
        62,
        23,
        7,
        66,
        21,
        55,
        58,
        73
    ]
}