{
    "id": 43070,
    "category": 38,
    "location": [
        -116.39444,
        35.81889
    ],
    "keywords": [
        9,
        35,
        0,
        27,
        73,
        26,
        30,
        69
    ]
}