{
    "id": 43087,
    "category": 38,
    "location": [
        -116.42694,
        35.87083
    ],
    "keywords": [
        75,
        47,
        57,
        68,
        64,
        69,
        62,
        26,
        35,
        22,
        21,
        48,
        67,
        3
    ]
}