{
    "id": 4308,
    "category": 11,
    "location": [
        -118.35333,
        33.80472
    ],
    "keywords": [
        46,
        10,
        65
    ]
}