{
    "id": 43108,
    "category": 38,
    "location": [
        -116.52167,
        32.75306
    ],
    "keywords": [
        29,
        3,
        13,
        47,
        28,
        40
    ]
}