{
    "id": 43136,
    "category": 38,
    "location": [
        -116.55806,
        33.23333
    ],
    "keywords": [
        32,
        59,
        75
    ]
}