{
    "id": 43151,
    "category": 38,
    "location": [
        -116.57611,
        33.07944
    ],
    "keywords": [
        4,
        15,
        65,
        75,
        71,
        68,
        74,
        54
    ]
}