{
    "id": 43170,
    "category": 38,
    "location": [
        -116.60944,
        33.08583
    ],
    "keywords": [
        53,
        6,
        25
    ]
}