{
    "id": 43187,
    "category": 38,
    "location": [
        -116.66472,
        36.29972
    ],
    "keywords": [
        54,
        24
    ]
}