{
    "id": 4318,
    "category": 11,
    "location": [
        -118.35778,
        34.06333
    ],
    "keywords": [
        62
    ]
}