{
    "id": 43197,
    "category": 38,
    "location": [
        -116.68083,
        35.67361
    ],
    "keywords": [
        14,
        71,
        18,
        33,
        54,
        5,
        50
    ]
}