{
    "id": 43194,
    "category": 38,
    "location": [
        -116.67389,
        36.30056
    ],
    "keywords": [
        34,
        36,
        14,
        32,
        14,
        60,
        9,
        31,
        2,
        49,
        13,
        64,
        6,
        35,
        6
    ]
}