{
    "id": 43225,
    "category": 38,
    "location": [
        -116.79694,
        34.25528
    ],
    "keywords": [
        11,
        42,
        70,
        1,
        2
    ]
}