{
    "id": 43238,
    "category": 38,
    "location": [
        -116.82889,
        34.30361
    ],
    "keywords": [
        9,
        17
    ]
}