{
    "id": 43260,
    "category": 38,
    "location": [
        -116.90083,
        34.31444
    ],
    "keywords": [
        43,
        27,
        15,
        58,
        52,
        65
    ]
}