{
    "id": 43274,
    "category": 38,
    "location": [
        -117.06139,
        33.38111
    ],
    "keywords": [
        51,
        33,
        72,
        7,
        69,
        68,
        52,
        69,
        32,
        28,
        46
    ]
}