{
    "id": 43273,
    "category": 38,
    "location": [
        -117.05056,
        33.38722
    ],
    "keywords": []
}