{
    "id": 43281,
    "category": 38,
    "location": [
        -117.08056,
        34.66222
    ],
    "keywords": [
        39,
        73,
        5,
        44,
        39,
        8
    ]
}