{
    "id": 4330,
    "category": 11,
    "location": [
        -118.37444,
        34.06528
    ],
    "keywords": [
        14
    ]
}