{
    "id": 43342,
    "category": 38,
    "location": [
        -117.42361,
        36.24417
    ],
    "keywords": [
        27,
        46,
        37,
        54,
        75,
        63,
        62,
        1,
        51,
        53
    ]
}