{
    "id": 43355,
    "category": 38,
    "location": [
        -117.47472,
        36.27139
    ],
    "keywords": [
        74,
        66,
        19,
        50,
        51,
        59
    ]
}