{
    "id": 43361,
    "category": 38,
    "location": [
        -117.49722,
        36.29861
    ],
    "keywords": [
        39,
        70,
        67,
        19,
        67,
        71,
        32,
        74,
        21
    ]
}