{
    "id": 434,
    "category": 0,
    "location": [
        -118.83333,
        35.25667
    ],
    "keywords": [
        35,
        44,
        5,
        71,
        56
    ]
}