{
    "id": 43432,
    "category": 38,
    "location": [
        -117.87583,
        36.15389
    ],
    "keywords": [
        39
    ]
}