{
    "id": 43440,
    "category": 38,
    "location": [
        -117.91583,
        36.63222
    ],
    "keywords": [
        47,
        14,
        62,
        63
    ]
}