{
    "id": 43445,
    "category": 38,
    "location": [
        -117.93139,
        35.33889
    ],
    "keywords": [
        25,
        59,
        15,
        9,
        73,
        64,
        63,
        53,
        34,
        65
    ]
}