{
    "id": 43452,
    "category": 38,
    "location": [
        -117.95694,
        36.89333
    ],
    "keywords": [
        10,
        68,
        6,
        36,
        66,
        72,
        50,
        55,
        67,
        38,
        61,
        11,
        9,
        2
    ]
}