{
    "id": 4349,
    "category": 11,
    "location": [
        -118.38722,
        34.07278
    ],
    "keywords": [
        57,
        25,
        1,
        1,
        11,
        63
    ]
}