{
    "id": 43501,
    "category": 38,
    "location": [
        -118.05667,
        36.78083
    ],
    "keywords": [
        40,
        64,
        17,
        8,
        73,
        3,
        5,
        6,
        28,
        7
    ]
}