{
    "id": 43502,
    "category": 38,
    "location": [
        -118.05694,
        36.81639
    ],
    "keywords": [
        40
    ]
}