{
    "id": 43511,
    "category": 38,
    "location": [
        -118.06167,
        36.77972
    ],
    "keywords": [
        5
    ]
}