{
    "id": 43532,
    "category": 38,
    "location": [
        -118.07472,
        36.95639
    ],
    "keywords": [
        2,
        69
    ]
}