{
    "id": 43553,
    "category": 38,
    "location": [
        -118.08806,
        36.86111
    ],
    "keywords": [
        13,
        62,
        66,
        55,
        39,
        7,
        18,
        11
    ]
}