{
    "id": 43570,
    "category": 38,
    "location": [
        -118.10278,
        36.87806
    ],
    "keywords": [
        32,
        50,
        49,
        3,
        5,
        71,
        46,
        62,
        22,
        13,
        46,
        1
    ]
}