{
    "id": 43577,
    "category": 38,
    "location": [
        -118.11472,
        36.89056
    ],
    "keywords": [
        49,
        17,
        54,
        12,
        27,
        73,
        30
    ]
}