{
    "id": 43585,
    "category": 38,
    "location": [
        -118.12389,
        36.87111
    ],
    "keywords": [
        5,
        59,
        51,
        42,
        51,
        21,
        37,
        8,
        9,
        0,
        68
    ]
}