{
    "id": 43622,
    "category": 38,
    "location": [
        -118.17583,
        36.98639
    ],
    "keywords": [
        14,
        14,
        15,
        74,
        59,
        48,
        55,
        9,
        4,
        21
    ]
}