{
    "id": 43644,
    "category": 38,
    "location": [
        -118.19222,
        37.14306
    ],
    "keywords": [
        6,
        59,
        47,
        30,
        57,
        74,
        64,
        55,
        73,
        25
    ]
}