{
    "id": 43695,
    "category": 38,
    "location": [
        -118.32444,
        36.78139
    ],
    "keywords": [
        24,
        11,
        33,
        11
    ]
}