{
    "id": 43703,
    "category": 38,
    "location": [
        -118.33222,
        35.39167
    ],
    "keywords": [
        26,
        73,
        30,
        9,
        23
    ]
}