{
    "id": 43705,
    "category": 38,
    "location": [
        -118.33889,
        36.94194
    ],
    "keywords": [
        5,
        34,
        34,
        23,
        70,
        60
    ]
}