{
    "id": 43714,
    "category": 38,
    "location": [
        -118.35056,
        36.94139
    ],
    "keywords": [
        3,
        34
    ]
}