{
    "id": 43747,
    "category": 38,
    "location": [
        -118.40972,
        35.51833
    ],
    "keywords": [
        48,
        26,
        8,
        38,
        20,
        38,
        3,
        24,
        13,
        37
    ]
}