{
    "id": 43756,
    "category": 38,
    "location": [
        -118.43389,
        35.72778
    ],
    "keywords": []
}