{
    "id": 43771,
    "category": 38,
    "location": [
        -118.47389,
        37.30361
    ],
    "keywords": [
        25,
        64,
        49
    ]
}