{
    "id": 43781,
    "category": 38,
    "location": [
        -118.49333,
        35.42167
    ],
    "keywords": [
        71,
        55,
        59,
        72,
        48,
        20,
        72,
        36,
        47,
        14
    ]
}