{
    "id": 43793,
    "category": 38,
    "location": [
        -118.52111,
        37.20528
    ],
    "keywords": [
        43,
        68,
        4,
        51,
        24,
        70,
        31,
        2,
        64,
        74
    ]
}