{
    "id": 43799,
    "category": 38,
    "location": [
        -118.52722,
        37.35472
    ],
    "keywords": [
        47,
        3,
        19,
        3,
        20,
        70,
        55,
        35
    ]
}