{
    "id": 438,
    "category": 0,
    "location": [
        -118.84889,
        37.62722
    ],
    "keywords": [
        71,
        47,
        9,
        15,
        60,
        65,
        70,
        0,
        66,
        11,
        41,
        44,
        57,
        63
    ]
}