{
    "id": 43807,
    "category": 38,
    "location": [
        -118.53667,
        37.71333
    ],
    "keywords": [
        58,
        9,
        72,
        69,
        45,
        47,
        22,
        34,
        19,
        74,
        40,
        53,
        51,
        9,
        44
    ]
}