{
    "id": 43817,
    "category": 38,
    "location": [
        -118.54889,
        37.37722
    ],
    "keywords": [
        20,
        66,
        4,
        43,
        17,
        58
    ]
}