{
    "id": 43815,
    "category": 38,
    "location": [
        -118.54472,
        37.71194
    ],
    "keywords": [
        13,
        50,
        12,
        40
    ]
}