{
    "id": 43829,
    "category": 38,
    "location": [
        -118.56944,
        35.75028
    ],
    "keywords": [
        23,
        39,
        69,
        68,
        11
    ]
}