{
    "id": 43825,
    "category": 38,
    "location": [
        -118.56028,
        37.35167
    ],
    "keywords": [
        36,
        71,
        5,
        8,
        59,
        75
    ]
}