{
    "id": 43839,
    "category": 38,
    "location": [
        -118.59056,
        36.41056
    ],
    "keywords": [
        68,
        24,
        15,
        59,
        58,
        20
    ]
}