{
    "id": 4383,
    "category": 11,
    "location": [
        -118.41611,
        33.92389
    ],
    "keywords": []
}