{
    "id": 43833,
    "category": 38,
    "location": [
        -118.57139,
        37.70417
    ],
    "keywords": [
        57,
        53,
        36,
        43,
        9,
        60
    ]
}