{
    "id": 43848,
    "category": 38,
    "location": [
        -118.64361,
        37.30528
    ],
    "keywords": [
        39,
        32,
        65,
        42,
        69,
        30,
        17,
        0,
        64,
        24,
        5
    ]
}