{
    "id": 4384,
    "category": 11,
    "location": [
        -118.41694,
        33.95944
    ],
    "keywords": [
        37
    ]
}