{
    "id": 43854,
    "category": 38,
    "location": [
        -118.67111,
        37.44861
    ],
    "keywords": [
        40,
        58,
        3,
        13,
        35,
        74
    ]
}