{
    "id": 43853,
    "category": 38,
    "location": [
        -118.66722,
        35.41361
    ],
    "keywords": [
        68,
        31,
        64,
        31,
        63,
        64
    ]
}