{
    "id": 43869,
    "category": 38,
    "location": [
        -118.81528,
        37.58139
    ],
    "keywords": [
        8,
        33,
        36,
        57,
        13,
        0,
        54,
        0,
        55,
        61
    ]
}