{
    "id": 43868,
    "category": 38,
    "location": [
        -118.81028,
        35.76694
    ],
    "keywords": [
        47,
        75,
        14,
        2,
        40,
        60,
        21,
        30,
        8,
        70,
        38,
        0,
        65
    ]
}