{
    "id": 43887,
    "category": 38,
    "location": [
        -119.00861,
        36.41028
    ],
    "keywords": [
        50,
        63,
        32,
        50,
        71,
        22,
        73,
        13,
        71,
        54,
        30,
        44,
        46,
        41,
        57
    ]
}