{
    "id": 43884,
    "category": 38,
    "location": [
        -118.99889,
        37.61083
    ],
    "keywords": [
        31,
        66,
        59,
        29,
        47,
        22,
        29
    ]
}