{
    "id": 43892,
    "category": 38,
    "location": [
        -119.07667,
        37.11444
    ],
    "keywords": [
        66,
        71,
        18,
        0,
        67,
        7,
        3,
        49,
        18,
        64,
        41,
        27,
        46,
        27
    ]
}