{
    "id": 43895,
    "category": 38,
    "location": [
        -119.09389,
        37.14944
    ],
    "keywords": [
        22,
        53,
        18,
        36,
        69,
        72,
        52,
        24,
        44
    ]
}