{
    "id": 43902,
    "category": 38,
    "location": [
        -119.15639,
        38.34056
    ],
    "keywords": [
        44,
        18,
        15,
        5,
        21,
        42,
        45,
        48,
        68,
        4
    ]
}