{
    "id": 4392,
    "category": 11,
    "location": [
        -118.43444,
        34.28722
    ],
    "keywords": [
        46,
        33
    ]
}