{
    "id": 43922,
    "category": 38,
    "location": [
        -119.36139,
        36.87278
    ],
    "keywords": [
        61,
        65,
        60,
        40,
        69,
        54,
        3,
        50,
        36
    ]
}