{
    "id": 43938,
    "category": 38,
    "location": [
        -119.65111,
        38.70639
    ],
    "keywords": [
        34,
        1
    ]
}