{
    "id": 43939,
    "category": 38,
    "location": [
        -119.65667,
        34.52361
    ],
    "keywords": [
        54,
        49,
        72,
        26,
        42,
        6
    ]
}