{
    "id": 43948,
    "category": 38,
    "location": [
        -119.70306,
        38.68028
    ],
    "keywords": [
        68,
        51,
        26
    ]
}