{
    "id": 4395,
    "category": 11,
    "location": [
        -118.43806,
        34.07333
    ],
    "keywords": [
        64,
        19,
        75
    ]
}