{
    "id": 43968,
    "category": 38,
    "location": [
        -119.87194,
        37.21861
    ],
    "keywords": [
        6,
        27,
        8,
        38
    ]
}