{
    "id": 43985,
    "category": 38,
    "location": [
        -119.96778,
        37.10611
    ],
    "keywords": [
        19,
        61,
        17,
        51,
        39
    ]
}