{
    "id": 43997,
    "category": 38,
    "location": [
        -120.01472,
        37.55722
    ],
    "keywords": [
        39,
        26
    ]
}