{
    "id": 43999,
    "category": 38,
    "location": [
        -120.01972,
        37.54694
    ],
    "keywords": [
        35,
        31,
        41,
        5,
        20,
        23,
        23,
        1,
        70,
        75
    ]
}