{
    "id": 44002,
    "category": 38,
    "location": [
        -120.02278,
        37.27194
    ],
    "keywords": [
        70,
        22,
        60,
        24,
        2
    ]
}