{
    "id": 44005,
    "category": 38,
    "location": [
        -120.03028,
        37.62389
    ],
    "keywords": [
        10,
        25,
        14,
        15,
        2,
        43,
        44,
        26,
        54,
        57,
        56,
        53
    ]
}