{
    "id": 4401,
    "category": 11,
    "location": [
        -118.43917,
        34.07028
    ],
    "keywords": [
        34,
        48,
        13,
        37,
        42,
        13,
        52,
        33,
        29,
        42,
        50,
        59
    ]
}