{
    "id": 44035,
    "category": 38,
    "location": [
        -120.13917,
        37.65694
    ],
    "keywords": [
        5,
        8,
        70,
        55,
        73,
        26,
        22,
        43,
        42,
        5
    ]
}