{
    "id": 44044,
    "category": 38,
    "location": [
        -120.16056,
        37.87028
    ],
    "keywords": [
        14,
        0,
        74,
        58,
        12,
        56,
        18,
        21,
        4,
        43,
        75,
        66
    ]
}