{
    "id": 44040,
    "category": 38,
    "location": [
        -120.14944,
        37.56528
    ],
    "keywords": [
        32,
        61,
        72,
        19,
        54,
        68,
        5,
        43
    ]
}