{
    "id": 44054,
    "category": 38,
    "location": [
        -120.17167,
        37.49556
    ],
    "keywords": [
        19,
        26
    ]
}