{
    "id": 44083,
    "category": 38,
    "location": [
        -120.21333,
        41.94722
    ],
    "keywords": [
        32,
        45,
        63,
        6,
        55,
        71,
        5,
        7,
        9,
        14,
        23,
        7,
        57,
        51
    ]
}