{
    "id": 44090,
    "category": 38,
    "location": [
        -120.22139,
        41.95722
    ],
    "keywords": []
}