{
    "id": 44109,
    "category": 38,
    "location": [
        -120.26139,
        37.90056
    ],
    "keywords": [
        31
    ]
}