{
    "id": 44111,
    "category": 38,
    "location": [
        -120.26444,
        37.70639
    ],
    "keywords": [
        56,
        0,
        61,
        73,
        31,
        56,
        64,
        4,
        45,
        68,
        19,
        18,
        32,
        14,
        61
    ]
}