{
    "id": 44124,
    "category": 38,
    "location": [
        -120.29333,
        39.64194
    ],
    "keywords": [
        60,
        73,
        64,
        36,
        41
    ]
}