{
    "id": 44146,
    "category": 38,
    "location": [
        -120.35194,
        37.72333
    ],
    "keywords": [
        2,
        69,
        22,
        43,
        5,
        14,
        35,
        62
    ]
}