{
    "id": 44152,
    "category": 38,
    "location": [
        -120.36694,
        37.84639
    ],
    "keywords": []
}