{
    "id": 44166,
    "category": 38,
    "location": [
        -120.39417,
        38.37361
    ],
    "keywords": [
        60
    ]
}