{
    "id": 44167,
    "category": 38,
    "location": [
        -120.39556,
        38.34278
    ],
    "keywords": [
        26,
        45,
        5,
        74,
        18,
        9,
        56,
        13,
        25,
        66,
        75,
        2
    ]
}