{
    "id": 44172,
    "category": 38,
    "location": [
        -120.40194,
        37.88194
    ],
    "keywords": [
        74,
        22,
        49,
        69,
        48,
        52,
        4,
        31,
        20
    ]
}