{
    "id": 44202,
    "category": 38,
    "location": [
        -120.43111,
        37.96028
    ],
    "keywords": [
        60,
        28,
        71,
        44,
        34,
        37,
        14,
        17,
        65,
        25
    ]
}