{
    "id": 44205,
    "category": 38,
    "location": [
        -120.43417,
        35.96222
    ],
    "keywords": [
        42
    ]
}