{
    "id": 44208,
    "category": 38,
    "location": [
        -120.43722,
        38.63361
    ],
    "keywords": [
        51,
        16,
        45,
        47,
        47,
        14,
        23,
        23,
        59,
        36,
        71
    ]
}