{
    "id": 44200,
    "category": 38,
    "location": [
        -120.42639,
        38.02778
    ],
    "keywords": [
        11,
        21,
        2,
        44,
        27,
        71,
        20,
        1,
        2,
        17,
        67,
        15,
        48,
        53,
        27
    ]
}