{
    "id": 44211,
    "category": 38,
    "location": [
        -120.43861,
        38.57083
    ],
    "keywords": [
        16,
        19,
        55,
        40
    ]
}