{
    "id": 44220,
    "category": 38,
    "location": [
        -120.44889,
        37.96139
    ],
    "keywords": [
        25,
        20,
        20,
        61,
        48,
        61,
        64,
        58,
        42,
        74,
        22,
        25
    ]
}