{
    "id": 44223,
    "category": 38,
    "location": [
        -120.45139,
        37.97861
    ],
    "keywords": [
        63,
        0,
        66,
        53,
        20,
        9,
        31,
        54,
        7,
        6,
        24
    ]
}