{
    "id": 44232,
    "category": 38,
    "location": [
        -120.45833,
        38.32111
    ],
    "keywords": [
        2,
        4
    ]
}