{
    "id": 44245,
    "category": 38,
    "location": [
        -120.46861,
        39.20528
    ],
    "keywords": [
        53,
        26,
        6,
        16
    ]
}