{
    "id": 44241,
    "category": 38,
    "location": [
        -120.46472,
        37.99194
    ],
    "keywords": [
        11,
        18,
        12,
        38,
        53,
        64,
        29,
        29,
        27,
        30,
        42,
        35
    ]
}