{
    "id": 44252,
    "category": 38,
    "location": [
        -120.47917,
        38.52444
    ],
    "keywords": [
        71,
        32,
        34,
        71,
        11,
        48,
        19,
        23,
        7,
        20,
        49,
        51,
        5,
        17
    ]
}