{
    "id": 44269,
    "category": 38,
    "location": [
        -120.50333,
        38.02278
    ],
    "keywords": [
        38,
        66
    ]
}