{
    "id": 44270,
    "category": 38,
    "location": [
        -120.50417,
        38.16806
    ],
    "keywords": [
        37,
        30,
        60,
        24,
        54,
        43,
        6,
        67,
        55,
        30,
        51,
        32,
        48,
        70
    ]
}