{
    "id": 44291,
    "category": 38,
    "location": [
        -120.51222,
        38.03667
    ],
    "keywords": [
        8,
        48,
        11
    ]
}