{
    "id": 44307,
    "category": 38,
    "location": [
        -120.51806,
        38.74194
    ],
    "keywords": [
        41,
        9,
        20,
        43,
        15,
        38,
        67,
        30,
        13
    ]
}