{
    "id": 44318,
    "category": 38,
    "location": [
        -120.52444,
        38.02889
    ],
    "keywords": [
        47,
        74,
        18,
        19,
        61,
        12,
        24,
        51,
        26,
        22,
        57,
        47,
        67
    ]
}