{
    "id": 44366,
    "category": 38,
    "location": [
        -120.53889,
        38.04889
    ],
    "keywords": [
        16,
        24,
        54,
        54,
        60,
        62
    ]
}