{
    "id": 44376,
    "category": 38,
    "location": [
        -120.54056,
        38.06306
    ],
    "keywords": [
        41,
        19,
        48,
        67,
        24,
        49,
        24,
        71,
        1,
        43,
        9,
        25,
        56,
        14,
        46
    ]
}