{
    "id": 44392,
    "category": 38,
    "location": [
        -120.54528,
        38.05917
    ],
    "keywords": [
        6,
        73,
        75,
        29,
        22,
        59,
        58,
        37,
        3
    ]
}