{
    "id": 44393,
    "category": 38,
    "location": [
        -120.54528,
        38.08333
    ],
    "keywords": [
        41,
        46,
        56,
        66,
        70,
        38,
        15,
        17,
        44,
        46,
        60,
        28,
        58,
        2,
        10
    ]
}