{
    "id": 44406,
    "category": 38,
    "location": [
        -120.54833,
        38.07861
    ],
    "keywords": [
        73,
        10
    ]
}