{
    "id": 44462,
    "category": 38,
    "location": [
        -120.56806,
        38.06528
    ],
    "keywords": [
        55,
        15,
        74,
        7
    ]
}