{
    "id": 4449,
    "category": 11,
    "location": [
        -118.44944,
        34.04556
    ],
    "keywords": [
        45,
        12,
        2,
        1,
        72,
        58,
        28,
        50
    ]
}