{
    "id": 44500,
    "category": 38,
    "location": [
        -120.58167,
        38.56694
    ],
    "keywords": [
        69,
        29,
        52,
        35
    ]
}