{
    "id": 44507,
    "category": 38,
    "location": [
        -120.58444,
        38.07972
    ],
    "keywords": []
}