{
    "id": 44515,
    "category": 38,
    "location": [
        -120.58639,
        39.69111
    ],
    "keywords": [
        18,
        25,
        36,
        55,
        64,
        39,
        40,
        27,
        73,
        30
    ]
}