{
    "id": 4452,
    "category": 11,
    "location": [
        -118.45056,
        34.07167
    ],
    "keywords": [
        3,
        39,
        44,
        51,
        70,
        26,
        11,
        6,
        12,
        16,
        0,
        16
    ]
}