{
    "id": 44536,
    "category": 38,
    "location": [
        -120.60194,
        39.57833
    ],
    "keywords": [
        57,
        22,
        35
    ]
}