{
    "id": 44559,
    "category": 38,
    "location": [
        -120.61667,
        38.00639
    ],
    "keywords": [
        51,
        45,
        62,
        14,
        66,
        21,
        17
    ]
}