{
    "id": 44563,
    "category": 38,
    "location": [
        -120.62083,
        39.57222
    ],
    "keywords": [
        46,
        56,
        49,
        65
    ]
}