{
    "id": 44602,
    "category": 38,
    "location": [
        -120.65806,
        38.14694
    ],
    "keywords": [
        58,
        45,
        28,
        0,
        63,
        49,
        9,
        58
    ]
}