{
    "id": 4460,
    "category": 11,
    "location": [
        -118.45583,
        34.01444
    ],
    "keywords": [
        46,
        19,
        56,
        14,
        7,
        38,
        58
    ]
}