{
    "id": 44648,
    "category": 38,
    "location": [
        -120.68944,
        39.58278
    ],
    "keywords": [
        45,
        75,
        54,
        0,
        75,
        62,
        2,
        47,
        60,
        69,
        65
    ]
}