{
    "id": 4464,
    "category": 11,
    "location": [
        -118.46444,
        33.99139
    ],
    "keywords": [
        75,
        61,
        52,
        73,
        58,
        19
    ]
}