{
    "id": 44656,
    "category": 38,
    "location": [
        -120.69389,
        36.34667
    ],
    "keywords": [
        34,
        7,
        24,
        19,
        34,
        22
    ]
}