{
    "id": 44662,
    "category": 38,
    "location": [
        -120.69667,
        38.31278
    ],
    "keywords": [
        63,
        58,
        56,
        49,
        14,
        14,
        0
    ]
}