{
    "id": 44667,
    "category": 38,
    "location": [
        -120.70028,
        39.11278
    ],
    "keywords": [
        11,
        24,
        61,
        41,
        42,
        21,
        57
    ]
}