{
    "id": 44676,
    "category": 38,
    "location": [
        -120.70611,
        39.04306
    ],
    "keywords": [
        67,
        31,
        61,
        52,
        51,
        45,
        26,
        43,
        61,
        8,
        1,
        5,
        34
    ]
}