{
    "id": 44688,
    "category": 38,
    "location": [
        -120.71056,
        36.32167
    ],
    "keywords": [
        61,
        19,
        40,
        35,
        26,
        53
    ]
}