{
    "id": 44687,
    "category": 38,
    "location": [
        -120.70972,
        39.52167
    ],
    "keywords": [
        54,
        58,
        37,
        56,
        48,
        35,
        51,
        62
    ]
}