{
    "id": 44714,
    "category": 38,
    "location": [
        -120.71889,
        37.94917
    ],
    "keywords": []
}