{
    "id": 44716,
    "category": 38,
    "location": [
        -120.71944,
        39.06472
    ],
    "keywords": [
        3,
        61
    ]
}