{
    "id": 44711,
    "category": 38,
    "location": [
        -120.71833,
        39.08806
    ],
    "keywords": [
        70,
        64,
        30,
        66,
        12,
        8,
        3,
        14,
        66,
        29,
        65,
        61
    ]
}