{
    "id": 44747,
    "category": 38,
    "location": [
        -120.73139,
        39.05167
    ],
    "keywords": [
        21,
        1,
        58,
        65,
        37,
        47,
        61,
        16,
        39,
        41,
        53
    ]
}