{
    "id": 44777,
    "category": 38,
    "location": [
        -120.74611,
        40.16167
    ],
    "keywords": [
        61,
        58,
        73,
        54
    ]
}