{
    "id": 4479,
    "category": 11,
    "location": [
        -118.49111,
        34.03444
    ],
    "keywords": [
        67,
        50,
        20,
        20,
        4,
        74,
        11,
        34,
        55,
        48,
        30,
        1,
        14
    ]
}