{
    "id": 44819,
    "category": 38,
    "location": [
        -120.77639,
        39.04306
    ],
    "keywords": [
        1
    ]
}