{
    "id": 44828,
    "category": 38,
    "location": [
        -120.78611,
        39.33556
    ],
    "keywords": [
        9,
        71,
        57,
        25,
        57,
        42,
        8,
        41
    ]
}