{
    "id": 44825,
    "category": 38,
    "location": [
        -120.78556,
        38.99028
    ],
    "keywords": [
        39,
        7,
        32,
        48,
        64,
        24,
        50,
        53,
        42,
        63,
        61,
        52,
        26
    ]
}