{
    "id": 44820,
    "category": 38,
    "location": [
        -120.77722,
        39.11444
    ],
    "keywords": [
        27,
        69,
        66,
        45,
        68,
        63,
        24,
        16,
        48,
        18,
        19,
        46
    ]
}