{
    "id": 44833,
    "category": 38,
    "location": [
        -120.79056,
        38.96667
    ],
    "keywords": [
        46,
        75,
        11,
        48,
        2,
        20,
        48
    ]
}