{
    "id": 44840,
    "category": 38,
    "location": [
        -120.79694,
        38.89417
    ],
    "keywords": [
        9,
        68,
        25,
        66,
        6,
        60,
        12,
        48
    ]
}