{
    "id": 44841,
    "category": 38,
    "location": [
        -120.79833,
        38.74278
    ],
    "keywords": [
        23,
        75,
        29,
        11,
        57,
        11,
        0,
        32,
        1
    ]
}