{
    "id": 44859,
    "category": 38,
    "location": [
        -120.81417,
        38.33611
    ],
    "keywords": [
        65,
        17,
        53,
        36,
        54,
        68,
        12,
        36,
        71,
        70,
        39,
        67
    ]
}