{
    "id": 44875,
    "category": 38,
    "location": [
        -120.82167,
        38.41806
    ],
    "keywords": [
        48,
        73,
        1,
        35,
        3,
        37,
        65,
        41,
        42
    ]
}