{
    "id": 44896,
    "category": 38,
    "location": [
        -120.83222,
        39.46694
    ],
    "keywords": [
        53,
        64,
        63,
        21,
        28,
        16,
        35,
        69,
        19,
        69,
        4,
        63,
        25,
        59,
        70
    ]
}