{
    "id": 44900,
    "category": 38,
    "location": [
        -120.83306,
        39.05139
    ],
    "keywords": [
        23
    ]
}