{
    "id": 44909,
    "category": 38,
    "location": [
        -120.83639,
        39.53417
    ],
    "keywords": [
        25,
        38,
        18,
        26,
        31,
        34,
        21,
        9,
        25,
        46
    ]
}