{
    "id": 44911,
    "category": 38,
    "location": [
        -120.83694,
        39.58917
    ],
    "keywords": [
        24,
        40,
        5,
        19,
        4,
        52,
        30,
        25
    ]
}