{
    "id": 44929,
    "category": 38,
    "location": [
        -120.84306,
        38.47611
    ],
    "keywords": [
        17,
        62,
        35,
        73,
        38,
        18,
        19,
        19,
        32,
        69,
        4
    ]
}