{
    "id": 44963,
    "category": 38,
    "location": [
        -120.86639,
        39.61917
    ],
    "keywords": [
        62,
        41,
        1,
        65,
        6
    ]
}