{
    "id": 44979,
    "category": 38,
    "location": [
        -120.88417,
        38.89222
    ],
    "keywords": [
        66,
        61,
        36
    ]
}