{
    "id": 44996,
    "category": 38,
    "location": [
        -120.89917,
        35.62083
    ],
    "keywords": [
        26,
        47,
        11,
        69,
        7,
        28,
        62,
        47,
        28,
        66,
        40,
        38,
        39,
        61
    ]
}