{
    "id": 45001,
    "category": 38,
    "location": [
        -120.90417,
        39.44694
    ],
    "keywords": [
        1,
        49,
        16,
        32,
        39,
        26,
        10,
        72,
        11,
        33,
        61,
        26,
        8
    ]
}