{
    "id": 45005,
    "category": 38,
    "location": [
        -120.90611,
        38.96861
    ],
    "keywords": [
        31,
        19,
        35,
        41,
        73,
        64,
        19,
        74,
        36,
        29
    ]
}