{
    "id": 45012,
    "category": 38,
    "location": [
        -120.91056,
        39.14639
    ],
    "keywords": [
        67,
        48,
        73,
        44,
        14,
        12,
        57
    ]
}