{
    "id": 45028,
    "category": 38,
    "location": [
        -120.92556,
        39.65972
    ],
    "keywords": [
        73,
        31,
        48,
        0,
        17,
        65,
        72,
        58,
        47,
        75,
        17
    ]
}