{
    "id": 45039,
    "category": 38,
    "location": [
        -120.93444,
        39.86139
    ],
    "keywords": [
        65,
        42,
        61,
        18,
        48,
        43,
        12,
        74
    ]
}