{
    "id": 45055,
    "category": 38,
    "location": [
        -120.95444,
        39.59389
    ],
    "keywords": [
        2,
        3,
        35,
        46
    ]
}