{
    "id": 45053,
    "category": 38,
    "location": [
        -120.95028,
        39.47139
    ],
    "keywords": [
        7,
        72,
        44,
        74,
        24,
        2,
        69
    ]
}