{
    "id": 45062,
    "category": 38,
    "location": [
        -120.96167,
        39.44222
    ],
    "keywords": [
        9,
        58,
        16,
        13,
        58,
        70
    ]
}