{
    "id": 45085,
    "category": 38,
    "location": [
        -120.98778,
        39.69194
    ],
    "keywords": [
        66,
        28,
        46,
        14,
        14,
        44,
        70,
        30,
        25,
        48
    ]
}