{
    "id": 45093,
    "category": 38,
    "location": [
        -120.99333,
        39.24833
    ],
    "keywords": [
        25,
        26,
        32,
        42,
        24,
        73,
        18,
        17,
        20
    ]
}