{
    "id": 45117,
    "category": 38,
    "location": [
        -121.03778,
        39.19417
    ],
    "keywords": [
        30,
        18,
        2
    ]
}