{
    "id": 45126,
    "category": 38,
    "location": [
        -121.04667,
        40.06528
    ],
    "keywords": [
        19,
        6,
        38,
        13,
        58,
        40,
        63,
        33,
        71,
        35,
        22,
        49,
        8
    ]
}