{
    "id": 4512,
    "category": 11,
    "location": [
        -118.70583,
        34.13944
    ],
    "keywords": [
        37,
        70,
        57,
        60,
        16,
        44,
        19
    ]
}