{
    "id": 45142,
    "category": 38,
    "location": [
        -121.06444,
        39.20972
    ],
    "keywords": [
        4,
        25,
        41,
        36,
        38,
        42,
        72,
        21,
        18
    ]
}