{
    "id": 45160,
    "category": 38,
    "location": [
        -121.07861,
        35.67056
    ],
    "keywords": [
        58,
        52,
        36,
        23,
        10,
        27,
        75,
        58,
        38,
        33
    ]
}