{
    "id": 45165,
    "category": 38,
    "location": [
        -121.08639,
        40.11083
    ],
    "keywords": [
        25,
        26,
        10,
        69,
        23,
        30,
        38,
        74,
        20,
        59,
        57,
        37,
        20,
        63,
        61
    ]
}