{
    "id": 45175,
    "category": 38,
    "location": [
        -121.10333,
        39.25361
    ],
    "keywords": [
        16
    ]
}