{
    "id": 4517,
    "category": 11,
    "location": [
        -118.74417,
        34.28944
    ],
    "keywords": [
        54
    ]
}