{
    "id": 45180,
    "category": 38,
    "location": [
        -121.11389,
        40.11167
    ],
    "keywords": [
        71,
        18,
        61,
        68,
        59,
        12
    ]
}