{
    "id": 45209,
    "category": 38,
    "location": [
        -121.20222,
        39.79194
    ],
    "keywords": [
        66,
        73
    ]
}