{
    "id": 45207,
    "category": 38,
    "location": [
        -121.19611,
        39.51361
    ],
    "keywords": [
        14,
        43,
        5,
        8,
        56,
        56
    ]
}