{
    "id": 45215,
    "category": 38,
    "location": [
        -121.22222,
        37.19028
    ],
    "keywords": [
        1,
        50,
        41,
        69,
        42
    ]
}