{
    "id": 45219,
    "category": 38,
    "location": [
        -121.24222,
        39.81056
    ],
    "keywords": [
        64,
        71,
        16,
        25,
        27
    ]
}