{
    "id": 45210,
    "category": 38,
    "location": [
        -121.21028,
        39.48806
    ],
    "keywords": [
        57,
        30,
        49
    ]
}