{
    "id": 45227,
    "category": 38,
    "location": [
        -121.28917,
        39.20917
    ],
    "keywords": [
        44,
        40,
        18,
        62,
        37,
        17,
        7,
        41,
        73,
        59
    ]
}