{
    "id": 45230,
    "category": 38,
    "location": [
        -121.29778,
        39.49861
    ],
    "keywords": [
        19,
        36,
        55,
        29,
        45,
        13,
        39,
        54,
        53
    ]
}