{
    "id": 45240,
    "category": 38,
    "location": [
        -121.34639,
        40.00944
    ],
    "keywords": [
        75,
        55,
        32,
        10,
        66
    ]
}