{
    "id": 45249,
    "category": 38,
    "location": [
        -121.40972,
        39.24278
    ],
    "keywords": [
        1,
        35,
        35,
        34,
        75,
        15,
        10,
        31,
        42,
        50,
        47,
        31,
        66,
        11
    ]
}