{
    "id": 45258,
    "category": 38,
    "location": [
        -121.43278,
        39.68944
    ],
    "keywords": [
        1,
        21,
        17
    ]
}