{
    "id": 45262,
    "category": 38,
    "location": [
        -121.44389,
        39.40694
    ],
    "keywords": [
        70,
        48
    ]
}