{
    "id": 45272,
    "category": 38,
    "location": [
        -121.52583,
        39.60889
    ],
    "keywords": [
        25,
        9,
        28,
        7,
        20,
        62,
        61,
        62
    ]
}