{
    "id": 45300,
    "category": 38,
    "location": [
        -121.85389,
        37.18028
    ],
    "keywords": [
        55,
        58,
        74,
        21,
        29,
        7,
        51,
        26,
        53
    ]
}