{
    "id": 45304,
    "category": 38,
    "location": [
        -121.86917,
        37.19361
    ],
    "keywords": [
        19,
        34,
        21,
        2,
        34,
        65
    ]
}