{
    "id": 45321,
    "category": 38,
    "location": [
        -122.37389,
        38.85139
    ],
    "keywords": [
        70
    ]
}