{
    "id": 45338,
    "category": 38,
    "location": [
        -122.43806,
        39.01722
    ],
    "keywords": [
        3,
        44,
        53,
        36,
        39,
        54,
        6,
        22,
        11,
        40,
        70
    ]
}