{
    "id": 45350,
    "category": 38,
    "location": [
        -122.44972,
        40.57472
    ],
    "keywords": []
}