{
    "id": 45366,
    "category": 38,
    "location": [
        -122.45944,
        40.61944
    ],
    "keywords": [
        44,
        14,
        66,
        75,
        70,
        11,
        56,
        37,
        69,
        10,
        33,
        64
    ]
}