{
    "id": 45369,
    "category": 38,
    "location": [
        -122.46694,
        40.57139
    ],
    "keywords": [
        70,
        16,
        70,
        69,
        63,
        67,
        71,
        21,
        75,
        70,
        25
    ]
}