{
    "id": 45374,
    "category": 38,
    "location": [
        -122.47111,
        38.43944
    ],
    "keywords": [
        26,
        20,
        5,
        38,
        59,
        55,
        66,
        42,
        52,
        30,
        39
    ]
}