{
    "id": 45386,
    "category": 38,
    "location": [
        -122.48694,
        40.74889
    ],
    "keywords": [
        58,
        6,
        6,
        38,
        66
    ]
}