{
    "id": 45380,
    "category": 38,
    "location": [
        -122.47694,
        40.56028
    ],
    "keywords": [
        73,
        45,
        53,
        0,
        59
    ]
}