{
    "id": 45392,
    "category": 38,
    "location": [
        -122.49389,
        40.53139
    ],
    "keywords": [
        65
    ]
}