{
    "id": 45398,
    "category": 38,
    "location": [
        -122.50028,
        40.72417
    ],
    "keywords": [
        51,
        51,
        46,
        31,
        16,
        58,
        39,
        15,
        73,
        12,
        58,
        42,
        12
    ]
}