{
    "id": 45418,
    "category": 38,
    "location": [
        -122.53611,
        40.68778
    ],
    "keywords": [
        44,
        3,
        11,
        9,
        42,
        43
    ]
}