{
    "id": 45447,
    "category": 38,
    "location": [
        -122.60333,
        38.65222
    ],
    "keywords": [
        25,
        40,
        58,
        8,
        49,
        41,
        27,
        33,
        15,
        69,
        41,
        23,
        75
    ]
}