{
    "id": 45458,
    "category": 38,
    "location": [
        -122.63667,
        40.65944
    ],
    "keywords": [
        50,
        15,
        23,
        25,
        48,
        34,
        24,
        11,
        50,
        15,
        15,
        29
    ]
}