{
    "id": 45481,
    "category": 38,
    "location": [
        -122.69417,
        40.70917
    ],
    "keywords": [
        51,
        19,
        25,
        11,
        5,
        47,
        43,
        34,
        40,
        36,
        5,
        7,
        38,
        15
    ]
}