{
    "id": 45524,
    "category": 38,
    "location": [
        -122.75639,
        40.97194
    ],
    "keywords": []
}