{
    "id": 4553,
    "category": 11,
    "location": [
        -118.88194,
        34.28722
    ],
    "keywords": [
        75,
        21,
        46
    ]
}