{
    "id": 45538,
    "category": 38,
    "location": [
        -122.76667,
        41.24028
    ],
    "keywords": [
        65
    ]
}