{
    "id": 45558,
    "category": 38,
    "location": [
        -122.79417,
        40.85639
    ],
    "keywords": [
        59,
        57,
        71,
        33,
        23,
        50,
        3,
        25,
        50
    ]
}