{
    "id": 45555,
    "category": 38,
    "location": [
        -122.79139,
        41.76778
    ],
    "keywords": [
        50
    ]
}