{
    "id": 45556,
    "category": 38,
    "location": [
        -122.79194,
        41.81444
    ],
    "keywords": [
        21,
        56,
        25,
        31,
        70,
        26,
        43,
        32,
        33,
        13,
        46,
        15,
        22,
        0
    ]
}