{
    "id": 45569,
    "category": 38,
    "location": [
        -122.82083,
        38.78111
    ],
    "keywords": [
        74,
        38,
        30,
        62
    ]
}