{
    "id": 45565,
    "category": 38,
    "location": [
        -122.81361,
        40.79889
    ],
    "keywords": []
}