{
    "id": 45561,
    "category": 38,
    "location": [
        -122.79694,
        41.20111
    ],
    "keywords": [
        75
    ]
}