{
    "id": 45572,
    "category": 38,
    "location": [
        -122.83083,
        38.80306
    ],
    "keywords": [
        33,
        36,
        43,
        51,
        6,
        30,
        62,
        31,
        45,
        69
    ]
}