{
    "id": 45578,
    "category": 38,
    "location": [
        -122.84167,
        38.80639
    ],
    "keywords": [
        55,
        15,
        31,
        23,
        31,
        49,
        11,
        37,
        68
    ]
}