{
    "id": 45584,
    "category": 38,
    "location": [
        -122.85444,
        40.62611
    ],
    "keywords": []
}