{
    "id": 45581,
    "category": 38,
    "location": [
        -122.84972,
        41.12833
    ],
    "keywords": [
        51,
        25,
        45,
        48,
        28
    ]
}