{
    "id": 45586,
    "category": 38,
    "location": [
        -122.85778,
        41.12306
    ],
    "keywords": [
        48,
        50,
        6
    ]
}