{
    "id": 45595,
    "category": 38,
    "location": [
        -122.87139,
        41.79528
    ],
    "keywords": [
        49,
        0,
        5,
        4,
        39,
        49,
        68
    ]
}