{
    "id": 45593,
    "category": 38,
    "location": [
        -122.86778,
        40.84833
    ],
    "keywords": [
        7,
        58,
        42,
        18,
        9,
        9,
        58,
        13,
        1,
        25
    ]
}