{
    "id": 4560,
    "category": 11,
    "location": [
        -118.91083,
        35.25667
    ],
    "keywords": [
        21,
        7,
        42,
        37,
        60,
        24
    ]
}