{
    "id": 45638,
    "category": 38,
    "location": [
        -123.00417,
        40.84917
    ],
    "keywords": [
        2,
        57,
        74,
        19,
        38,
        49,
        34,
        16,
        51,
        46,
        58,
        41
    ]
}