{
    "id": 45633,
    "category": 38,
    "location": [
        -122.98944,
        40.74111
    ],
    "keywords": [
        44,
        38,
        22,
        26,
        16,
        41,
        44
    ]
}