{
    "id": 45636,
    "category": 38,
    "location": [
        -122.99778,
        40.87222
    ],
    "keywords": []
}