{
    "id": 45644,
    "category": 38,
    "location": [
        -123.01278,
        41.36056
    ],
    "keywords": [
        27,
        48,
        48,
        37,
        32,
        10,
        28,
        24,
        14,
        52,
        50,
        50,
        7,
        11,
        8
    ]
}