{
    "id": 45656,
    "category": 38,
    "location": [
        -123.06361,
        41.99972
    ],
    "keywords": [
        64,
        22,
        28,
        53,
        50,
        50,
        39,
        6,
        27,
        71,
        25,
        74,
        20,
        54,
        0
    ]
}