{
    "id": 45655,
    "category": 38,
    "location": [
        -123.06361,
        41.32083
    ],
    "keywords": [
        13,
        4,
        38,
        51,
        44,
        19,
        41,
        0,
        16,
        72,
        4,
        28,
        55,
        45
    ]
}