{
    "id": 4566,
    "category": 11,
    "location": [
        -118.93528,
        34.17917
    ],
    "keywords": [
        16,
        35,
        39,
        39,
        57,
        15,
        55,
        8,
        73,
        26,
        18,
        38,
        27
    ]
}