{
    "id": 45678,
    "category": 38,
    "location": [
        -123.10528,
        41.32611
    ],
    "keywords": [
        31,
        73,
        18,
        29,
        59,
        6,
        50,
        57,
        7,
        64,
        2,
        2,
        16,
        34
    ]
}