{
    "id": 45684,
    "category": 38,
    "location": [
        -123.11083,
        41.25667
    ],
    "keywords": [
        49,
        7,
        23,
        53,
        19,
        54,
        56,
        67,
        63,
        35,
        13,
        36,
        13,
        47
    ]
}