{
    "id": 4568,
    "category": 11,
    "location": [
        -118.95028,
        35.39944
    ],
    "keywords": [
        45,
        35,
        74
    ]
}