{
    "id": 45698,
    "category": 38,
    "location": [
        -123.12333,
        40.84583
    ],
    "keywords": [
        6,
        2,
        50,
        52,
        56,
        9,
        12,
        10,
        1,
        21,
        31,
        23,
        56
    ]
}