{
    "id": 45737,
    "category": 38,
    "location": [
        -123.30528,
        41.26556
    ],
    "keywords": [
        55,
        53,
        54,
        24
    ]
}