{
    "id": 45750,
    "category": 38,
    "location": [
        -123.34083,
        41.73722
    ],
    "keywords": [
        21,
        54,
        18,
        60,
        0,
        35,
        70,
        55,
        62,
        60,
        12,
        34,
        18
    ]
}