{
    "id": 45764,
    "category": 38,
    "location": [
        -123.38167,
        41.97139
    ],
    "keywords": [
        45,
        63,
        30,
        69,
        38,
        9,
        21,
        48,
        50,
        75,
        7,
        67,
        65,
        70
    ]
}