{
    "id": 45786,
    "category": 38,
    "location": [
        -123.52667,
        41.32306
    ],
    "keywords": [
        16,
        48
    ]
}