{
    "id": 45795,
    "category": 38,
    "location": [
        -123.77694,
        41.83389
    ],
    "keywords": [
        39,
        19,
        69,
        31,
        13,
        26,
        23,
        39,
        27,
        22,
        9
    ]
}