{
    "id": 45827,
    "category": 38,
    "location": [
        -123.97417,
        41.75111
    ],
    "keywords": [
        16,
        46,
        18,
        34,
        31,
        38,
        18,
        50,
        4,
        32,
        22
    ]
}