{
    "id": 45834,
    "category": 38,
    "location": [
        -123.98806,
        41.80722
    ],
    "keywords": [
        50,
        61,
        60,
        18,
        38,
        44,
        36,
        15,
        56,
        3,
        75,
        43,
        24
    ]
}