{
    "id": 45830,
    "category": 38,
    "location": [
        -123.97639,
        41.85861
    ],
    "keywords": [
        0,
        34,
        54,
        34,
        30,
        66,
        16,
        3,
        35,
        30,
        48,
        31,
        65
    ]
}