{
    "id": 45842,
    "category": 38,
    "location": [
        -124.05167,
        41.91056
    ],
    "keywords": [
        42,
        37,
        31,
        44,
        26,
        26,
        0,
        54,
        43
    ]
}