{
    "id": 45862,
    "category": 39,
    "location": [
        -118.73889,
        34.42972
    ],
    "keywords": [
        44,
        13,
        62,
        45,
        26,
        44,
        1,
        59,
        29,
        43,
        70,
        34,
        55,
        66
    ]
}