{
    "id": 45889,
    "category": 39,
    "location": [
        -119.22806,
        35.40639
    ],
    "keywords": [
        43,
        29,
        0,
        0,
        43,
        62,
        4,
        27,
        55,
        19,
        60
    ]
}