{
    "id": 45883,
    "category": 39,
    "location": [
        -119.15167,
        35.29472
    ],
    "keywords": [
        61,
        30,
        12,
        49,
        38,
        20,
        23,
        70,
        14,
        63,
        20,
        72
    ]
}