{
    "id": 45885,
    "category": 39,
    "location": [
        -119.16167,
        35.17778
    ],
    "keywords": [
        63,
        50,
        34,
        52,
        51,
        75,
        28,
        54,
        0,
        19,
        68,
        67,
        35,
        58,
        42
    ]
}