{
    "id": 45892,
    "category": 39,
    "location": [
        -119.24417,
        35.31889
    ],
    "keywords": [
        66
    ]
}