{
    "id": 45906,
    "category": 39,
    "location": [
        -119.68139,
        35.37167
    ],
    "keywords": [
        9,
        59,
        27,
        23,
        17,
        50,
        32,
        39,
        66,
        5
    ]
}