{
    "id": 45912,
    "category": 39,
    "location": [
        -119.77833,
        35.43861
    ],
    "keywords": [
        52,
        52,
        53,
        0
    ]
}