{
    "id": 45918,
    "category": 39,
    "location": [
        -119.86278,
        35.52917
    ],
    "keywords": [
        53,
        37
    ]
}