{
    "id": 45916,
    "category": 39,
    "location": [
        -119.84306,
        35.06333
    ],
    "keywords": [
        48,
        33,
        28,
        41,
        45,
        58,
        40,
        27,
        46,
        17,
        18,
        43
    ]
}