{
    "id": 45924,
    "category": 39,
    "location": [
        -119.96222,
        35.64722
    ],
    "keywords": [
        35,
        7,
        26,
        75,
        36,
        25,
        71,
        57,
        49,
        45,
        18
    ]
}