{
    "id": 45937,
    "category": 39,
    "location": [
        -120.39639,
        34.82472
    ],
    "keywords": [
        23,
        44,
        62,
        9,
        15,
        10,
        39,
        69,
        2
    ]
}