{
    "id": 4593,
    "category": 11,
    "location": [
        -119.00861,
        38.21194
    ],
    "keywords": [
        11,
        52,
        24,
        69,
        29,
        37,
        39
    ]
}