{
    "id": 45955,
    "category": 39,
    "location": [
        -121.65056,
        37.99444
    ],
    "keywords": [
        25,
        14,
        32
    ]
}