{
    "id": 45953,
    "category": 39,
    "location": [
        -121.58639,
        36.93028
    ],
    "keywords": [
        40,
        32,
        5,
        4,
        34,
        59,
        30,
        45,
        38,
        55,
        12
    ]
}