{
    "id": 45960,
    "category": 39,
    "location": [
        -121.72639,
        38.14722
    ],
    "keywords": [
        3,
        48,
        18,
        37,
        22,
        14,
        21,
        35,
        8,
        47,
        5
    ]
}