{
    "id": 45966,
    "category": 39,
    "location": [
        -122.14444,
        39.89806
    ],
    "keywords": [
        28,
        68,
        44,
        23,
        63
    ]
}