{
    "id": 45983,
    "category": 40,
    "location": [
        -114.58611,
        33.61472
    ],
    "keywords": [
        51,
        40,
        54,
        68,
        7,
        24,
        35,
        53,
        49
    ]
}