{
    "id": 46003,
    "category": 40,
    "location": [
        -115.36583,
        32.81528
    ],
    "keywords": [
        48,
        45,
        75,
        22,
        26,
        41,
        35,
        21,
        58,
        70,
        51
    ]
}