{
    "id": 46008,
    "category": 40,
    "location": [
        -115.48194,
        32.66639
    ],
    "keywords": [
        58,
        15,
        40,
        63
    ]
}