{
    "id": 4601,
    "category": 11,
    "location": [
        -119.00972,
        38.21139
    ],
    "keywords": [
        14
    ]
}