{
    "id": 46035,
    "category": 40,
    "location": [
        -115.54889,
        32.99278
    ],
    "keywords": [
        45,
        62,
        25,
        43,
        51,
        16,
        36
    ]
}