{
    "id": 4603,
    "category": 11,
    "location": [
        -119.01028,
        35.37389
    ],
    "keywords": [
        19,
        54,
        39,
        12,
        28,
        9,
        45,
        39,
        65,
        40,
        33,
        39,
        73,
        71
    ]
}