{
    "id": 46037,
    "category": 40,
    "location": [
        -115.54944,
        32.98917
    ],
    "keywords": [
        64,
        15,
        28,
        27,
        7,
        16,
        43,
        55,
        71,
        35,
        35,
        58,
        10,
        34
    ]
}