{
    "id": 46044,
    "category": 40,
    "location": [
        -115.56472,
        32.84389
    ],
    "keywords": [
        73,
        1,
        9,
        17,
        37,
        73,
        26,
        15,
        26,
        23,
        27
    ]
}