{
    "id": 46053,
    "category": 40,
    "location": [
        -115.61722,
        33.03694
    ],
    "keywords": [
        21,
        42
    ]
}