{
    "id": 46075,
    "category": 40,
    "location": [
        -116.20139,
        33.74583
    ],
    "keywords": [
        11,
        57,
        28,
        43,
        0,
        52,
        62,
        32,
        67,
        22
    ]
}