{
    "id": 46082,
    "category": 40,
    "location": [
        -116.23194,
        33.70806
    ],
    "keywords": [
        19,
        61,
        51
    ]
}