{
    "id": 46107,
    "category": 40,
    "location": [
        -116.43722,
        32.85444
    ],
    "keywords": [
        69,
        52,
        29,
        22
    ]
}