{
    "id": 4611,
    "category": 11,
    "location": [
        -119.01083,
        38.21361
    ],
    "keywords": []
}