{
    "id": 46118,
    "category": 40,
    "location": [
        -116.46694,
        33.83833
    ],
    "keywords": [
        32,
        9,
        62,
        31,
        71,
        26,
        66,
        71,
        16,
        26,
        64,
        53,
        58,
        13,
        13
    ]
}