{
    "id": 46149,
    "category": 40,
    "location": [
        -116.67444,
        33.55417
    ],
    "keywords": [
        63,
        56,
        51,
        64,
        52,
        54,
        52,
        46,
        6,
        6,
        16,
        56
    ]
}