{
    "id": 46152,
    "category": 40,
    "location": [
        -116.68528,
        33.76583
    ],
    "keywords": []
}