{
    "id": 4615,
    "category": 11,
    "location": [
        -119.01111,
        38.21167
    ],
    "keywords": [
        31,
        8,
        67,
        21,
        31,
        63
    ]
}