{
    "id": 46164,
    "category": 40,
    "location": [
        -116.79389,
        33.39028
    ],
    "keywords": [
        71,
        8,
        71,
        18,
        19,
        73,
        4,
        12,
        31,
        52,
        15
    ]
}