{
    "id": 46176,
    "category": 40,
    "location": [
        -116.85972,
        34.22972
    ],
    "keywords": [
        75,
        20,
        2,
        66,
        6
    ]
}