{
    "id": 46171,
    "category": 40,
    "location": [
        -116.83472,
        34.90361
    ],
    "keywords": [
        10,
        57,
        26,
        34,
        16,
        5
    ]
}