{
    "id": 46195,
    "category": 40,
    "location": [
        -116.91028,
        33.34917
    ],
    "keywords": [
        21,
        60,
        9
    ]
}