{
    "id": 46206,
    "category": 40,
    "location": [
        -116.92917,
        32.73361
    ],
    "keywords": [
        19,
        27,
        22,
        12,
        61,
        10,
        9,
        34
    ]
}