{
    "id": 46236,
    "category": 40,
    "location": [
        -116.96694,
        32.81944
    ],
    "keywords": [
        16,
        10,
        25,
        39,
        43,
        13,
        27,
        48,
        32,
        27,
        21,
        18,
        52,
        55
    ]
}