{
    "id": 46259,
    "category": 40,
    "location": [
        -116.99528,
        33.54861
    ],
    "keywords": [
        45,
        70,
        48,
        0,
        39,
        21,
        34,
        15,
        13,
        7,
        27,
        33,
        3
    ]
}