{
    "id": 46251,
    "category": 40,
    "location": [
        -116.98583,
        32.78722
    ],
    "keywords": [
        37,
        74,
        13,
        47,
        54,
        69,
        50,
        64
    ]
}