{
    "id": 46262,
    "category": 40,
    "location": [
        -116.99806,
        32.88083
    ],
    "keywords": [
        19,
        50,
        8,
        58,
        46,
        3,
        61,
        69
    ]
}