{
    "id": 46263,
    "category": 40,
    "location": [
        -116.99861,
        34.89806
    ],
    "keywords": [
        34,
        58
    ]
}