{
    "id": 46271,
    "category": 40,
    "location": [
        -117.00389,
        32.56694
    ],
    "keywords": [
        70,
        20,
        17,
        3,
        48,
        16,
        71,
        31,
        16,
        31,
        1,
        13,
        2,
        11,
        16
    ]
}