{
    "id": 46304,
    "category": 40,
    "location": [
        -117.02528,
        32.70556
    ],
    "keywords": [
        28,
        10,
        52
    ]
}