{
    "id": 46312,
    "category": 40,
    "location": [
        -117.03167,
        32.72444
    ],
    "keywords": [
        60
    ]
}