{
    "id": 46338,
    "category": 40,
    "location": [
        -117.04611,
        32.67472
    ],
    "keywords": [
        50,
        52,
        45
    ]
}