{
    "id": 46335,
    "category": 40,
    "location": [
        -117.04472,
        32.63528
    ],
    "keywords": []
}