{
    "id": 46340,
    "category": 40,
    "location": [
        -117.04639,
        34.05306
    ],
    "keywords": [
        25,
        50,
        22,
        21,
        46,
        34,
        34,
        11,
        3,
        15,
        35
    ]
}