{
    "id": 46369,
    "category": 40,
    "location": [
        -117.06167,
        33.07417
    ],
    "keywords": []
}