{
    "id": 46360,
    "category": 40,
    "location": [
        -117.05722,
        32.78139
    ],
    "keywords": [
        17,
        33,
        57,
        35,
        7,
        4
    ]
}