{
    "id": 4637,
    "category": 11,
    "location": [
        -119.01333,
        36.05083
    ],
    "keywords": []
}