{
    "id": 46395,
    "category": 40,
    "location": [
        -117.08056,
        32.63861
    ],
    "keywords": [
        19,
        24,
        58,
        31,
        74,
        20,
        59,
        72,
        60
    ]
}