{
    "id": 46401,
    "category": 40,
    "location": [
        -117.08361,
        32.66861
    ],
    "keywords": [
        7,
        20,
        63,
        3,
        73,
        56,
        44,
        41,
        28,
        7,
        73
    ]
}