{
    "id": 46411,
    "category": 40,
    "location": [
        -117.09083,
        32.69667
    ],
    "keywords": [
        29,
        68,
        16,
        61,
        66
    ]
}