{
    "id": 46424,
    "category": 40,
    "location": [
        -117.09944,
        32.75083
    ],
    "keywords": [
        37,
        42,
        36,
        4
    ]
}