{
    "id": 46420,
    "category": 40,
    "location": [
        -117.09722,
        33.14639
    ],
    "keywords": [
        38,
        58,
        53,
        16,
        17,
        38,
        35,
        32,
        42
    ]
}