{
    "id": 46432,
    "category": 40,
    "location": [
        -117.10389,
        34.88083
    ],
    "keywords": [
        11,
        72,
        38,
        21,
        27,
        75,
        62,
        74,
        30
    ]
}