{
    "id": 4644,
    "category": 11,
    "location": [
        -119.01444,
        38.21167
    ],
    "keywords": [
        46,
        72,
        10,
        66,
        15,
        20,
        23,
        33,
        5,
        54
    ]
}