{
    "id": 4645,
    "category": 11,
    "location": [
        -119.01472,
        35.37306
    ],
    "keywords": [
        40,
        29
    ]
}