{
    "id": 46467,
    "category": 40,
    "location": [
        -117.12417,
        32.90889
    ],
    "keywords": [
        66
    ]
}