{
    "id": 4647,
    "category": 11,
    "location": [
        -119.01556,
        36.07083
    ],
    "keywords": [
        39,
        70,
        52,
        7,
        65,
        75,
        69,
        38,
        17,
        20,
        22,
        66
    ]
}