{
    "id": 46485,
    "category": 40,
    "location": [
        -117.13694,
        32.70972
    ],
    "keywords": [
        62,
        10,
        39,
        9,
        11,
        35,
        39,
        57,
        9,
        5,
        41,
        2,
        15
    ]
}