{
    "id": 46499,
    "category": 40,
    "location": [
        -117.14861,
        33.13028
    ],
    "keywords": [
        55,
        65,
        69,
        28,
        14,
        58,
        72,
        27,
        29,
        0,
        53,
        2,
        75
    ]
}