{
    "id": 46516,
    "category": 40,
    "location": [
        -117.15944,
        32.71194
    ],
    "keywords": [
        64,
        33,
        2,
        57,
        59,
        6,
        73,
        31,
        12,
        34,
        33,
        57,
        67
    ]
}