{
    "id": 46549,
    "category": 40,
    "location": [
        -117.17861,
        33.12444
    ],
    "keywords": [
        46,
        60,
        19,
        4,
        3,
        65,
        71,
        12
    ]
}