{
    "id": 46548,
    "category": 40,
    "location": [
        -117.17806,
        32.70167
    ],
    "keywords": [
        2,
        61,
        39,
        53,
        43,
        39,
        63,
        73,
        64
    ]
}