{
    "id": 4658,
    "category": 11,
    "location": [
        -119.02306,
        35.33194
    ],
    "keywords": [
        35,
        62,
        10,
        19,
        29,
        22,
        55,
        62,
        4,
        42,
        66
    ]
}