{
    "id": 46584,
    "category": 40,
    "location": [
        -117.19833,
        32.80611
    ],
    "keywords": [
        71,
        61,
        49,
        46,
        74,
        36,
        14
    ]
}