{
    "id": 46599,
    "category": 40,
    "location": [
        -117.21056,
        32.83389
    ],
    "keywords": [
        52,
        12,
        63,
        55,
        33,
        15,
        22
    ]
}