{
    "id": 466,
    "category": 0,
    "location": [
        -119.18389,
        35.79278
    ],
    "keywords": [
        60,
        74,
        42,
        57,
        47,
        46,
        53,
        70,
        68,
        9
    ]
}