{
    "id": 46606,
    "category": 40,
    "location": [
        -117.21694,
        32.96306
    ],
    "keywords": [
        19,
        5,
        67
    ]
}