{
    "id": 46618,
    "category": 40,
    "location": [
        -117.22778,
        33.78833
    ],
    "keywords": [
        68,
        5,
        39,
        40,
        29,
        51
    ]
}