{
    "id": 46615,
    "category": 40,
    "location": [
        -117.22444,
        33.29667
    ],
    "keywords": [
        42,
        67,
        11,
        25,
        7,
        11,
        12,
        59,
        18,
        69,
        63,
        42,
        47
    ]
}