{
    "id": 46625,
    "category": 40,
    "location": [
        -117.23056,
        32.84778
    ],
    "keywords": [
        62,
        24,
        27,
        36,
        10,
        42,
        37
    ]
}