{
    "id": 46631,
    "category": 40,
    "location": [
        -117.23333,
        32.88472
    ],
    "keywords": []
}