{
    "id": 46646,
    "category": 40,
    "location": [
        -117.24111,
        33.70528
    ],
    "keywords": [
        26,
        32,
        18,
        12,
        51,
        22,
        33,
        38,
        52,
        40,
        53,
        46
    ]
}