{
    "id": 46649,
    "category": 40,
    "location": [
        -117.24167,
        32.79139
    ],
    "keywords": [
        46,
        39,
        24,
        71,
        69,
        40
    ]
}