{
    "id": 46656,
    "category": 40,
    "location": [
        -117.24361,
        33.96194
    ],
    "keywords": [
        39,
        56,
        62,
        73,
        70,
        0,
        39,
        34,
        74,
        66,
        74,
        7,
        0
    ]
}