{
    "id": 467,
    "category": 0,
    "location": [
        -119.18556,
        34.20556
    ],
    "keywords": [
        52
    ]
}