{
    "id": 46747,
    "category": 40,
    "location": [
        -117.28639,
        33.25611
    ],
    "keywords": [
        12,
        33,
        18,
        32,
        37,
        15,
        70,
        34,
        16,
        16,
        71,
        69
    ]
}