{
    "id": 46759,
    "category": 40,
    "location": [
        -117.29583,
        33.66583
    ],
    "keywords": [
        63,
        46,
        18,
        66,
        20,
        52,
        35,
        71
    ]
}