{
    "id": 46768,
    "category": 40,
    "location": [
        -117.30472,
        34.40667
    ],
    "keywords": [
        73,
        65,
        67,
        48,
        30,
        19
    ]
}