{
    "id": 46793,
    "category": 40,
    "location": [
        -117.32139,
        33.23278
    ],
    "keywords": [
        68,
        3,
        48,
        44
    ]
}