{
    "id": 46798,
    "category": 40,
    "location": [
        -117.32583,
        34.11444
    ],
    "keywords": [
        10,
        75,
        49,
        12,
        68,
        58,
        42,
        50,
        48,
        74,
        58
    ]
}