{
    "id": 46797,
    "category": 40,
    "location": [
        -117.32472,
        34.16944
    ],
    "keywords": [
        8,
        42,
        0,
        22,
        70
    ]
}