{
    "id": 4680,
    "category": 11,
    "location": [
        -119.07722,
        34.20722
    ],
    "keywords": [
        59,
        73,
        58,
        29,
        14,
        75,
        61,
        28,
        45,
        26,
        5
    ]
}