{
    "id": 46811,
    "category": 40,
    "location": [
        -117.33806,
        33.22722
    ],
    "keywords": [
        54,
        52,
        48
    ]
}