{
    "id": 4682,
    "category": 11,
    "location": [
        -119.08694,
        36.20417
    ],
    "keywords": [
        33,
        71,
        64,
        17,
        37,
        21,
        36,
        20,
        28,
        26,
        49,
        55,
        41,
        33,
        68
    ]
}