{
    "id": 46842,
    "category": 40,
    "location": [
        -117.36889,
        34.19944
    ],
    "keywords": [
        61,
        27,
        44,
        72,
        58,
        12,
        32,
        33,
        27
    ]
}