{
    "id": 4684,
    "category": 11,
    "location": [
        -119.09111,
        35.33444
    ],
    "keywords": [
        10,
        54,
        32,
        72
    ]
}