{
    "id": 4686,
    "category": 11,
    "location": [
        -119.09778,
        36.41861
    ],
    "keywords": []
}