{
    "id": 46872,
    "category": 40,
    "location": [
        -117.40222,
        34.04778
    ],
    "keywords": [
        38,
        9,
        55,
        11,
        5,
        26,
        8,
        36,
        66
    ]
}