{
    "id": 46926,
    "category": 40,
    "location": [
        -117.51139,
        34.14583
    ],
    "keywords": [
        62,
        75,
        75,
        44,
        49
    ]
}