{
    "id": 46925,
    "category": 40,
    "location": [
        -117.50639,
        33.81944
    ],
    "keywords": [
        2,
        34,
        70,
        34,
        4,
        36
    ]
}