{
    "id": 46923,
    "category": 40,
    "location": [
        -117.49056,
        33.92639
    ],
    "keywords": [
        27,
        59
    ]
}