{
    "id": 46936,
    "category": 40,
    "location": [
        -117.54806,
        34.10056
    ],
    "keywords": [
        19,
        65,
        63,
        50,
        50,
        72,
        35,
        35,
        14,
        16,
        49,
        52,
        47,
        45
    ]
}