{
    "id": 46931,
    "category": 40,
    "location": [
        -117.52861,
        34.12917
    ],
    "keywords": [
        27,
        41,
        2,
        47,
        35,
        20,
        13,
        66,
        13,
        13,
        3,
        74,
        75,
        12,
        52
    ]
}