{
    "id": 46942,
    "category": 40,
    "location": [
        -117.55722,
        33.86389
    ],
    "keywords": [
        41,
        60,
        57,
        75,
        42,
        12,
        71,
        40,
        29,
        37,
        11,
        25,
        66,
        29,
        9
    ]
}