{
    "id": 46941,
    "category": 40,
    "location": [
        -117.55667,
        33.94139
    ],
    "keywords": [
        9,
        57,
        14,
        47,
        16,
        65,
        13,
        54,
        55,
        74,
        23,
        13
    ]
}