{
    "id": 46947,
    "category": 40,
    "location": [
        -117.56306,
        33.87139
    ],
    "keywords": [
        5,
        18,
        30,
        11,
        29,
        71,
        8,
        28
    ]
}