{
    "id": 46969,
    "category": 40,
    "location": [
        -117.59972,
        33.86639
    ],
    "keywords": [
        49,
        75,
        65,
        19,
        59,
        67,
        40,
        61,
        6,
        68,
        20,
        73
    ]
}