{
    "id": 46982,
    "category": 40,
    "location": [
        -117.61056,
        34.12028
    ],
    "keywords": [
        72,
        57
    ]
}