{
    "id": 47,
    "category": 0,
    "location": [
        -116.16472,
        32.61667
    ],
    "keywords": [
        44,
        61,
        57,
        35,
        1,
        49
    ]
}