{
    "id": 47003,
    "category": 40,
    "location": [
        -117.63528,
        33.64444
    ],
    "keywords": []
}