{
    "id": 47001,
    "category": 40,
    "location": [
        -117.62917,
        34.13917
    ],
    "keywords": [
        73,
        64,
        16,
        72,
        56,
        27,
        28,
        30,
        28
    ]
}