{
    "id": 47013,
    "category": 40,
    "location": [
        -117.64667,
        34.11722
    ],
    "keywords": [
        64,
        20,
        20,
        12,
        55,
        75,
        40,
        10,
        17,
        56
    ]
}