{
    "id": 47015,
    "category": 40,
    "location": [
        -117.64806,
        33.63333
    ],
    "keywords": [
        3,
        20,
        44,
        7,
        33,
        48,
        4,
        72,
        9,
        37,
        5,
        28,
        47,
        19,
        66
    ]
}