{
    "id": 47019,
    "category": 40,
    "location": [
        -117.65194,
        34.04917
    ],
    "keywords": [
        11,
        64,
        59,
        22,
        47,
        64,
        30,
        16,
        34,
        10,
        33
    ]
}