{
    "id": 47017,
    "category": 40,
    "location": [
        -117.64972,
        34.99583
    ],
    "keywords": [
        62,
        18,
        50,
        49,
        54,
        18,
        16,
        3,
        22,
        10,
        12,
        48,
        30
    ]
}