{
    "id": 47027,
    "category": 40,
    "location": [
        -117.65722,
        33.61722
    ],
    "keywords": [
        69,
        53,
        55
    ]
}