{
    "id": 47028,
    "category": 40,
    "location": [
        -117.65833,
        35.61472
    ],
    "keywords": [
        16,
        0,
        37,
        12,
        33,
        13,
        66,
        28,
        40,
        38,
        70,
        13
    ]
}