{
    "id": 47031,
    "category": 40,
    "location": [
        -117.65917,
        33.63889
    ],
    "keywords": [
        53,
        58,
        68,
        26,
        53,
        58,
        3,
        35
    ]
}