{
    "id": 4705,
    "category": 11,
    "location": [
        -119.17806,
        34.20056
    ],
    "keywords": [
        46,
        35,
        64,
        51,
        46,
        44,
        52,
        10,
        61,
        25,
        75,
        15,
        44
    ]
}