{
    "id": 47050,
    "category": 40,
    "location": [
        -117.66583,
        34.01139
    ],
    "keywords": [
        2,
        0,
        25,
        71,
        75,
        44,
        62,
        35
    ]
}