{
    "id": 47077,
    "category": 40,
    "location": [
        -117.68056,
        34.07639
    ],
    "keywords": [
        42,
        45,
        4,
        34,
        4,
        51,
        44,
        30,
        49,
        35
    ]
}