{
    "id": 47086,
    "category": 40,
    "location": [
        -117.68611,
        34.06528
    ],
    "keywords": [
        7,
        70,
        70,
        14,
        48,
        45,
        45,
        29,
        9,
        27,
        30,
        53,
        39
    ]
}