{
    "id": 47087,
    "category": 40,
    "location": [
        -117.68639,
        33.60278
    ],
    "keywords": [
        16,
        18,
        52,
        38,
        54
    ]
}