{
    "id": 47088,
    "category": 40,
    "location": [
        -117.68722,
        33.60389
    ],
    "keywords": [
        71,
        56,
        46,
        57,
        45
    ]
}