{
    "id": 47091,
    "category": 40,
    "location": [
        -117.68861,
        33.64139
    ],
    "keywords": [
        44,
        21,
        11,
        54,
        36,
        25,
        65,
        31,
        64,
        40,
        24,
        68
    ]
}