{
    "id": 47097,
    "category": 40,
    "location": [
        -117.69056,
        33.59889
    ],
    "keywords": [
        60,
        25,
        40,
        24,
        2,
        34,
        52,
        63,
        23
    ]
}