{
    "id": 471,
    "category": 0,
    "location": [
        -119.20694,
        34.20056
    ],
    "keywords": [
        66,
        26,
        58,
        25,
        52,
        50,
        46,
        55,
        26,
        20,
        34,
        34,
        20,
        62,
        64
    ]
}