{
    "id": 47100,
    "category": 40,
    "location": [
        -117.69222,
        33.53306
    ],
    "keywords": [
        6,
        16
    ]
}