{
    "id": 47104,
    "category": 40,
    "location": [
        -117.69583,
        34.09111
    ],
    "keywords": [
        60,
        37,
        42,
        50,
        61,
        73,
        25,
        4,
        41,
        65
    ]
}