{
    "id": 47109,
    "category": 40,
    "location": [
        -117.69861,
        33.87417
    ],
    "keywords": [
        2,
        41,
        46,
        46,
        21,
        48,
        53,
        21
    ]
}