{
    "id": 47129,
    "category": 40,
    "location": [
        -117.71222,
        34.08778
    ],
    "keywords": [
        67,
        31,
        31,
        18,
        52,
        70,
        20,
        21,
        60,
        48,
        39,
        74,
        54
    ]
}