{
    "id": 47134,
    "category": 40,
    "location": [
        -117.71528,
        34.11167
    ],
    "keywords": [
        40,
        70,
        60,
        39,
        60,
        70,
        10,
        27,
        5,
        55,
        41,
        19
    ]
}