{
    "id": 47141,
    "category": 40,
    "location": [
        -117.72139,
        33.52944
    ],
    "keywords": [
        35,
        33,
        11,
        44,
        50,
        66,
        45,
        43,
        71,
        6
    ]
}