{
    "id": 47145,
    "category": 40,
    "location": [
        -117.72278,
        33.60472
    ],
    "keywords": [
        57,
        29,
        66,
        18,
        7,
        63,
        62,
        55,
        28,
        63,
        45,
        39,
        13,
        5
    ]
}