{
    "id": 47186,
    "category": 40,
    "location": [
        -117.76556,
        33.70639
    ],
    "keywords": [
        42,
        52,
        25,
        9
    ]
}