{
    "id": 47182,
    "category": 40,
    "location": [
        -117.76306,
        34.06083
    ],
    "keywords": [
        17,
        16,
        20,
        24,
        14,
        0,
        59,
        20,
        26
    ]
}