{
    "id": 47184,
    "category": 40,
    "location": [
        -117.76528,
        33.70333
    ],
    "keywords": [
        11,
        3,
        63,
        9,
        29,
        66,
        30,
        26
    ]
}