{
    "id": 47198,
    "category": 40,
    "location": [
        -117.77306,
        33.85778
    ],
    "keywords": [
        23,
        21,
        34,
        56,
        55
    ]
}