{
    "id": 4719,
    "category": 11,
    "location": [
        -119.23167,
        35.67778
    ],
    "keywords": [
        1,
        28
    ]
}