{
    "id": 47194,
    "category": 40,
    "location": [
        -117.76944,
        34.12028
    ],
    "keywords": [
        23,
        66,
        33,
        40,
        5,
        25,
        20,
        62,
        50,
        61,
        4,
        28
    ]
}