{
    "id": 47242,
    "category": 40,
    "location": [
        -117.79778,
        33.68667
    ],
    "keywords": [
        48,
        13,
        31,
        14,
        74,
        36
    ]
}