{
    "id": 47259,
    "category": 40,
    "location": [
        -117.80556,
        33.64333
    ],
    "keywords": [
        69,
        72,
        1
    ]
}