{
    "id": 47250,
    "category": 40,
    "location": [
        -117.80278,
        34.08472
    ],
    "keywords": [
        42,
        19,
        24,
        28,
        37,
        33,
        33,
        74
    ]
}