{
    "id": 47255,
    "category": 40,
    "location": [
        -117.80361,
        33.68639
    ],
    "keywords": [
        69,
        22,
        73,
        30,
        69,
        54,
        5,
        16,
        27,
        28
    ]
}