{
    "id": 4726,
    "category": 11,
    "location": [
        -119.24083,
        34.24417
    ],
    "keywords": [
        14,
        13,
        38,
        62,
        75,
        11,
        73,
        25,
        67,
        50,
        26,
        39,
        64,
        25
    ]
}