{
    "id": 47273,
    "category": 40,
    "location": [
        -117.81361,
        35.64444
    ],
    "keywords": []
}