{
    "id": 4730,
    "category": 11,
    "location": [
        -119.24278,
        34.44556
    ],
    "keywords": [
        21,
        57,
        15,
        55,
        64,
        35,
        1,
        10,
        66,
        41,
        51,
        57
    ]
}