{
    "id": 47313,
    "category": 40,
    "location": [
        -117.84194,
        33.64583
    ],
    "keywords": [
        20,
        13,
        1,
        17,
        58,
        35,
        73,
        52,
        46,
        39,
        54,
        17,
        65,
        56
    ]
}