{
    "id": 4731,
    "category": 11,
    "location": [
        -119.24278,
        34.44806
    ],
    "keywords": [
        35,
        26,
        14,
        46,
        69,
        21,
        64,
        13,
        18,
        28,
        15
    ]
}