{
    "id": 47316,
    "category": 40,
    "location": [
        -117.84306,
        33.74389
    ],
    "keywords": [
        55
    ]
}