{
    "id": 47328,
    "category": 40,
    "location": [
        -117.85083,
        33.89278
    ],
    "keywords": [
        71,
        74,
        55,
        46
    ]
}