{
    "id": 47358,
    "category": 40,
    "location": [
        -117.86722,
        33.84306
    ],
    "keywords": [
        50,
        35,
        29,
        37,
        28
    ]
}