{
    "id": 47355,
    "category": 40,
    "location": [
        -117.86556,
        34.11806
    ],
    "keywords": [
        30,
        59
    ]
}