{
    "id": 47363,
    "category": 40,
    "location": [
        -117.86944,
        33.92167
    ],
    "keywords": [
        51
    ]
}