{
    "id": 47370,
    "category": 40,
    "location": [
        -117.87194,
        33.74833
    ],
    "keywords": [
        7,
        38
    ]
}