{
    "id": 47385,
    "category": 40,
    "location": [
        -117.87833,
        34.00917
    ],
    "keywords": [
        49,
        19,
        65,
        71,
        16,
        18,
        8,
        75,
        42,
        66,
        37
    ]
}