{
    "id": 47396,
    "category": 40,
    "location": [
        -117.88389,
        33.90611
    ],
    "keywords": [
        30,
        0,
        24,
        4,
        25,
        40,
        46,
        24,
        68
    ]
}