{
    "id": 47403,
    "category": 40,
    "location": [
        -117.89111,
        33.88639
    ],
    "keywords": [
        13,
        31,
        41,
        45,
        56
    ]
}