{
    "id": 47478,
    "category": 40,
    "location": [
        -117.91722,
        34.11222
    ],
    "keywords": [
        12,
        25,
        41,
        59,
        25,
        55,
        25,
        25,
        10,
        47
    ]
}