{
    "id": 47497,
    "category": 40,
    "location": [
        -117.92389,
        33.68278
    ],
    "keywords": [
        69,
        8,
        40,
        32,
        58,
        49,
        37,
        44,
        46,
        42,
        30,
        67,
        53,
        9
    ]
}