{
    "id": 47510,
    "category": 40,
    "location": [
        -117.93028,
        33.80694
    ],
    "keywords": [
        70,
        17,
        43,
        30
    ]
}