{
    "id": 47533,
    "category": 40,
    "location": [
        -117.93917,
        34.15056
    ],
    "keywords": [
        10,
        53,
        24,
        47,
        53,
        1,
        72,
        3,
        14,
        23,
        71,
        14
    ]
}