{
    "id": 47560,
    "category": 40,
    "location": [
        -117.94944,
        33.62556
    ],
    "keywords": [
        0,
        22,
        40
    ]
}