{
    "id": 47569,
    "category": 40,
    "location": [
        -117.95111,
        33.89444
    ],
    "keywords": [
        9,
        16,
        46,
        14,
        54,
        65,
        1,
        17,
        25,
        69,
        45,
        68
    ]
}