{
    "id": 47579,
    "category": 40,
    "location": [
        -117.95389,
        34.13667
    ],
    "keywords": [
        55,
        64,
        69,
        40,
        30,
        15,
        34,
        15,
        55
    ]
}