{
    "id": 47588,
    "category": 40,
    "location": [
        -117.95778,
        33.67722
    ],
    "keywords": [
        18,
        34,
        27,
        58,
        48,
        72,
        6,
        20,
        8,
        30
    ]
}