{
    "id": 47597,
    "category": 40,
    "location": [
        -117.96028,
        33.72778
    ],
    "keywords": [
        67,
        18,
        6,
        13,
        20,
        1,
        62,
        61,
        43,
        12
    ]
}