{
    "id": 47602,
    "category": 40,
    "location": [
        -117.96306,
        33.70444
    ],
    "keywords": [
        39,
        51,
        34,
        9,
        23,
        68,
        62,
        15,
        69,
        19,
        29,
        48,
        73,
        64,
        55
    ]
}