{
    "id": 47611,
    "category": 40,
    "location": [
        -117.96667,
        34.13639
    ],
    "keywords": [
        26,
        61,
        2,
        52,
        48,
        38,
        57,
        46,
        45,
        0,
        28,
        42,
        48,
        4
    ]
}