{
    "id": 47617,
    "category": 40,
    "location": [
        -117.97056,
        34.14083
    ],
    "keywords": [
        66,
        74,
        62,
        9,
        14,
        16,
        70,
        29,
        55,
        37,
        53,
        68,
        72,
        72,
        33
    ]
}