{
    "id": 47631,
    "category": 40,
    "location": [
        -117.97417,
        33.79639
    ],
    "keywords": [
        57,
        15
    ]
}