{
    "id": 47646,
    "category": 40,
    "location": [
        -117.98167,
        33.71028
    ],
    "keywords": [
        30,
        57,
        15,
        64,
        55,
        36,
        40,
        46,
        70,
        3,
        34,
        1,
        58
    ]
}