{
    "id": 47655,
    "category": 40,
    "location": [
        -117.98583,
        34.05139
    ],
    "keywords": [
        59,
        74,
        70,
        28,
        12,
        10,
        11,
        52,
        64
    ]
}