{
    "id": 47650,
    "category": 40,
    "location": [
        -117.98361,
        33.76083
    ],
    "keywords": [
        60,
        23,
        62,
        39,
        49
    ]
}