{
    "id": 47678,
    "category": 40,
    "location": [
        -117.99778,
        33.92083
    ],
    "keywords": [
        34,
        12,
        3,
        45,
        45,
        44,
        14,
        70
    ]
}