{
    "id": 47696,
    "category": 40,
    "location": [
        -118.00778,
        33.84917
    ],
    "keywords": [
        33,
        1,
        6,
        51,
        67,
        14,
        51,
        66,
        13,
        31,
        11,
        58
    ]
}