{
    "id": 47690,
    "category": 40,
    "location": [
        -118.00556,
        34.11472
    ],
    "keywords": [
        56,
        35,
        9,
        0,
        62,
        56,
        27,
        10,
        31,
        74,
        74,
        8
    ]
}