{
    "id": 47695,
    "category": 40,
    "location": [
        -118.00778,
        33.84917
    ],
    "keywords": [
        37
    ]
}