{
    "id": 47709,
    "category": 40,
    "location": [
        -118.01306,
        33.95056
    ],
    "keywords": []
}