{
    "id": 47756,
    "category": 40,
    "location": [
        -118.03556,
        34.13583
    ],
    "keywords": [
        13,
        60,
        60,
        33,
        24,
        21,
        75
    ]
}