{
    "id": 47770,
    "category": 40,
    "location": [
        -118.04222,
        33.81722
    ],
    "keywords": [
        35,
        1
    ]
}