{
    "id": 47790,
    "category": 40,
    "location": [
        -118.04889,
        33.77472
    ],
    "keywords": [
        44,
        0,
        62,
        0,
        14,
        8,
        8,
        12
    ]
}