{
    "id": 47808,
    "category": 40,
    "location": [
        -118.05528,
        33.99083
    ],
    "keywords": [
        21,
        40,
        59,
        65,
        67
    ]
}