{
    "id": 47836,
    "category": 40,
    "location": [
        -118.07028,
        33.90972
    ],
    "keywords": [
        49,
        46,
        25,
        65,
        50,
        27,
        1,
        41,
        9,
        52,
        58,
        17,
        1,
        44
    ]
}