{
    "id": 47838,
    "category": 40,
    "location": [
        -118.07111,
        34.02028
    ],
    "keywords": [
        63,
        44,
        72,
        61,
        8,
        69,
        35,
        16,
        70,
        72,
        14,
        39,
        57,
        37,
        50
    ]
}