{
    "id": 47837,
    "category": 40,
    "location": [
        -118.07111,
        33.72639
    ],
    "keywords": [
        36,
        72
    ]
}