{
    "id": 47850,
    "category": 40,
    "location": [
        -118.07667,
        33.74167
    ],
    "keywords": [
        23,
        73,
        49,
        17,
        68,
        16,
        71,
        14,
        5
    ]
}