{
    "id": 47889,
    "category": 40,
    "location": [
        -118.09556,
        34.16056
    ],
    "keywords": [
        26,
        51,
        75,
        37,
        54,
        8,
        34,
        67,
        39,
        4
    ]
}