{
    "id": 47891,
    "category": 40,
    "location": [
        -118.09583,
        34.17778
    ],
    "keywords": [
        34,
        66,
        3,
        7,
        74,
        12,
        28,
        28
    ]
}