{
    "id": 47901,
    "category": 40,
    "location": [
        -118.10139,
        34.09861
    ],
    "keywords": [
        25,
        18,
        60,
        53,
        53,
        72
    ]
}