{
    "id": 47909,
    "category": 40,
    "location": [
        -118.10583,
        34.00111
    ],
    "keywords": [
        29,
        54,
        23,
        5,
        10,
        19,
        33,
        18
    ]
}