{
    "id": 47916,
    "category": 40,
    "location": [
        -118.11056,
        33.95639
    ],
    "keywords": [
        64,
        8,
        30,
        74,
        14,
        65,
        58
    ]
}