{
    "id": 47933,
    "category": 40,
    "location": [
        -118.12111,
        33.78806
    ],
    "keywords": [
        41,
        34,
        58,
        59,
        47,
        65,
        1,
        19,
        42,
        37
    ]
}