{
    "id": 47937,
    "category": 40,
    "location": [
        -118.12278,
        33.75444
    ],
    "keywords": [
        31,
        18,
        31,
        1,
        30,
        55,
        12,
        7,
        3
    ]
}