{
    "id": 47948,
    "category": 40,
    "location": [
        -118.12583,
        33.97167
    ],
    "keywords": [
        0,
        54,
        16
    ]
}