{
    "id": 47944,
    "category": 40,
    "location": [
        -118.12528,
        33.90472
    ],
    "keywords": [
        48,
        61,
        4,
        32,
        57,
        48,
        52,
        33,
        39,
        37,
        6
    ]
}