{
    "id": 47946,
    "category": 40,
    "location": [
        -118.12528,
        34.18917
    ],
    "keywords": [
        38,
        9,
        23,
        8,
        57,
        62
    ]
}