{
    "id": 47942,
    "category": 40,
    "location": [
        -118.12444,
        34.04083
    ],
    "keywords": [
        18,
        30,
        36,
        37,
        27,
        69,
        62,
        22,
        39,
        69,
        60,
        16,
        27,
        37,
        33
    ]
}