{
    "id": 47947,
    "category": 40,
    "location": [
        -118.12556,
        34.13444
    ],
    "keywords": [
        63,
        12,
        11,
        35,
        6,
        21,
        15,
        5,
        19,
        66
    ]
}