{
    "id": 47957,
    "category": 40,
    "location": [
        -118.12917,
        34.02889
    ],
    "keywords": [
        69,
        1,
        19
    ]
}