{
    "id": 47976,
    "category": 40,
    "location": [
        -118.14056,
        34.10944
    ],
    "keywords": [
        23,
        17,
        61,
        45,
        23,
        0,
        67,
        63,
        56
    ]
}