{
    "id": 47997,
    "category": 40,
    "location": [
        -118.14944,
        34.14583
    ],
    "keywords": [
        70,
        36,
        46,
        64,
        42,
        64,
        32,
        31,
        72
    ]
}