{
    "id": 47995,
    "category": 40,
    "location": [
        -118.14917,
        34.16944
    ],
    "keywords": [
        53,
        16,
        43,
        16,
        35,
        65,
        48,
        66,
        39,
        17,
        38,
        72,
        9,
        51,
        31
    ]
}