{
    "id": 4799,
    "category": 11,
    "location": [
        -119.39056,
        36.54917
    ],
    "keywords": [
        18,
        38,
        53,
        45,
        39,
        33,
        63,
        46
    ]
}