{
    "id": 48004,
    "category": 40,
    "location": [
        -118.15222,
        33.84639
    ],
    "keywords": [
        61,
        39,
        33,
        9,
        9,
        52,
        54
    ]
}