{
    "id": 4801,
    "category": 11,
    "location": [
        -119.40083,
        35.06389
    ],
    "keywords": [
        59,
        3
    ]
}