{
    "id": 48027,
    "category": 40,
    "location": [
        -118.15944,
        34.14639
    ],
    "keywords": [
        21,
        34,
        5
    ]
}