{
    "id": 4803,
    "category": 11,
    "location": [
        -119.44028,
        35.13306
    ],
    "keywords": [
        45,
        73,
        46,
        54,
        5,
        23,
        10,
        34,
        25,
        43,
        46,
        37
    ]
}