{
    "id": 48044,
    "category": 40,
    "location": [
        -118.16639,
        34.14028
    ],
    "keywords": [
        43,
        38,
        42,
        59,
        73,
        47,
        21,
        50,
        21,
        34,
        52
    ]
}