{
    "id": 48042,
    "category": 40,
    "location": [
        -118.16583,
        33.97222
    ],
    "keywords": [
        67
    ]
}