{
    "id": 48053,
    "category": 40,
    "location": [
        -118.17278,
        33.83167
    ],
    "keywords": [
        56,
        19,
        24,
        69,
        17,
        52,
        30,
        49,
        37,
        8,
        61
    ]
}