{
    "id": 48066,
    "category": 40,
    "location": [
        -118.17722,
        34.15833
    ],
    "keywords": [
        49
    ]
}