{
    "id": 48063,
    "category": 40,
    "location": [
        -118.17639,
        33.79194
    ],
    "keywords": [
        39,
        40,
        58,
        16,
        29,
        59
    ]
}