{
    "id": 48077,
    "category": 40,
    "location": [
        -118.18278,
        34.10972
    ],
    "keywords": []
}