{
    "id": 48083,
    "category": 40,
    "location": [
        -118.18694,
        34.11306
    ],
    "keywords": [
        16,
        62,
        32,
        69,
        5,
        0,
        62,
        8,
        3,
        19,
        0,
        20,
        8
    ]
}