{
    "id": 48093,
    "category": 40,
    "location": [
        -118.19167,
        33.81028
    ],
    "keywords": [
        49,
        24,
        12,
        44,
        74,
        73,
        60
    ]
}