{
    "id": 481,
    "category": 0,
    "location": [
        -119.30806,
        35.96028
    ],
    "keywords": [
        8,
        35,
        65
    ]
}