{
    "id": 48103,
    "category": 40,
    "location": [
        -118.19528,
        34.05639
    ],
    "keywords": [
        45,
        56,
        21,
        20
    ]
}