{
    "id": 48111,
    "category": 40,
    "location": [
        -118.19861,
        33.76417
    ],
    "keywords": [
        3,
        25,
        54,
        33,
        57,
        58,
        13,
        63,
        32,
        51
    ]
}