{
    "id": 48121,
    "category": 40,
    "location": [
        -118.20139,
        34.18028
    ],
    "keywords": []
}