{
    "id": 4813,
    "category": 11,
    "location": [
        -119.45861,
        35.14278
    ],
    "keywords": [
        7,
        71,
        74,
        12
    ]
}