{
    "id": 48150,
    "category": 40,
    "location": [
        -118.21417,
        34.07222
    ],
    "keywords": [
        23,
        27,
        68,
        23,
        41,
        59,
        3,
        37,
        60,
        9,
        73,
        43
    ]
}