{
    "id": 48169,
    "category": 40,
    "location": [
        -118.22444,
        34.08917
    ],
    "keywords": [
        59,
        39,
        20,
        51,
        25,
        46,
        20,
        44,
        47,
        46,
        7,
        56,
        56,
        32,
        8
    ]
}