{
    "id": 48170,
    "category": 40,
    "location": [
        -118.22444,
        34.20139
    ],
    "keywords": [
        39,
        48,
        20
    ]
}