{
    "id": 48178,
    "category": 40,
    "location": [
        -118.22972,
        33.88278
    ],
    "keywords": [
        2
    ]
}