{
    "id": 48186,
    "category": 40,
    "location": [
        -118.23667,
        34.07944
    ],
    "keywords": [
        40,
        54,
        67
    ]
}