{
    "id": 48205,
    "category": 40,
    "location": [
        -118.24472,
        33.91528
    ],
    "keywords": [
        54,
        72,
        56,
        2,
        8,
        48,
        56,
        39,
        38,
        73,
        72,
        28
    ]
}