{
    "id": 4821,
    "category": 11,
    "location": [
        -119.47306,
        35.39833
    ],
    "keywords": [
        64,
        59,
        3,
        7,
        40,
        19,
        34
    ]
}