{
    "id": 48267,
    "category": 40,
    "location": [
        -118.28056,
        34.16389
    ],
    "keywords": [
        3
    ]
}