{
    "id": 48279,
    "category": 40,
    "location": [
        -118.28444,
        34.01861
    ],
    "keywords": [
        8
    ]
}