{
    "id": 48316,
    "category": 40,
    "location": [
        -118.29611,
        34.03167
    ],
    "keywords": [
        28,
        73,
        55,
        14
    ]
}