{
    "id": 48326,
    "category": 40,
    "location": [
        -118.29972,
        33.79972
    ],
    "keywords": [
        39,
        34,
        68,
        59,
        49,
        43,
        34,
        58,
        38,
        42,
        24,
        67,
        56,
        59,
        67
    ]
}