{
    "id": 48335,
    "category": 40,
    "location": [
        -118.30333,
        34.08639
    ],
    "keywords": [
        74,
        35,
        8,
        17,
        8,
        15,
        27,
        64,
        75,
        34,
        24,
        6,
        73
    ]
}