{
    "id": 48356,
    "category": 40,
    "location": [
        -118.31389,
        34.20222
    ],
    "keywords": []
}