{
    "id": 48365,
    "category": 40,
    "location": [
        -118.31667,
        33.73222
    ],
    "keywords": [
        49,
        38,
        26,
        1,
        50,
        3,
        59,
        36
    ]
}