{
    "id": 48366,
    "category": 40,
    "location": [
        -118.31667,
        33.82222
    ],
    "keywords": [
        62,
        53,
        57,
        26,
        31,
        67,
        23,
        55
    ]
}