{
    "id": 48379,
    "category": 40,
    "location": [
        -118.32389,
        33.82611
    ],
    "keywords": [
        10,
        27,
        62,
        47,
        19,
        47,
        2,
        72,
        65,
        27,
        47,
        62,
        32,
        24
    ]
}