{
    "id": 4840,
    "category": 11,
    "location": [
        -119.55861,
        36.09944
    ],
    "keywords": [
        12,
        31
    ]
}