{
    "id": 48415,
    "category": 40,
    "location": [
        -118.33833,
        33.88306
    ],
    "keywords": [
        18,
        30,
        0,
        19,
        66,
        70,
        56,
        20,
        26,
        31,
        29
    ]
}