{
    "id": 48424,
    "category": 40,
    "location": [
        -118.34389,
        33.96194
    ],
    "keywords": [
        43,
        3,
        51
    ]
}