{
    "id": 48439,
    "category": 40,
    "location": [
        -118.35056,
        33.79333
    ],
    "keywords": [
        28,
        1,
        68,
        17
    ]
}