{
    "id": 48457,
    "category": 40,
    "location": [
        -118.35806,
        34.05611
    ],
    "keywords": [
        29,
        2,
        46,
        31,
        65,
        45,
        36
    ]
}