{
    "id": 48467,
    "category": 40,
    "location": [
        -118.36361,
        34.02417
    ],
    "keywords": [
        0,
        50,
        63,
        50,
        17,
        67,
        70,
        40,
        41,
        32,
        11,
        30,
        35,
        30
    ]
}