{
    "id": 48468,
    "category": 40,
    "location": [
        -118.36417,
        34.14139
    ],
    "keywords": []
}