{
    "id": 48477,
    "category": 40,
    "location": [
        -118.36972,
        33.80833
    ],
    "keywords": [
        53,
        34,
        63,
        34,
        8,
        8,
        55,
        57,
        61,
        28,
        32,
        54,
        48,
        27
    ]
}