{
    "id": 48487,
    "category": 40,
    "location": [
        -118.37333,
        34.29444
    ],
    "keywords": [
        54,
        35,
        65,
        35
    ]
}