{
    "id": 48508,
    "category": 40,
    "location": [
        -118.38333,
        34.08306
    ],
    "keywords": [
        6,
        21,
        63,
        52,
        64,
        75
    ]
}