{
    "id": 48513,
    "category": 40,
    "location": [
        -118.38528,
        33.88917
    ],
    "keywords": [
        49,
        23,
        7,
        62,
        42,
        12,
        74,
        15,
        24,
        58,
        1
    ]
}