{
    "id": 48516,
    "category": 40,
    "location": [
        -118.38556,
        34.03556
    ],
    "keywords": [
        40,
        41,
        28,
        65,
        34,
        55,
        5
    ]
}