{
    "id": 48521,
    "category": 40,
    "location": [
        -118.38944,
        33.82917
    ],
    "keywords": [
        71,
        59,
        26,
        41,
        47,
        28,
        21,
        17,
        31,
        72,
        58,
        22,
        22,
        51
    ]
}