{
    "id": 4853,
    "category": 11,
    "location": [
        -119.62278,
        34.44472
    ],
    "keywords": [
        71,
        16,
        32,
        41,
        48,
        3
    ]
}