{
    "id": 48558,
    "category": 40,
    "location": [
        -118.40611,
        33.77306
    ],
    "keywords": [
        31,
        44,
        21,
        2,
        71,
        14,
        11,
        37,
        50,
        27,
        1,
        67,
        72,
        5,
        68
    ]
}