{
    "id": 48555,
    "category": 40,
    "location": [
        -118.40528,
        33.99417
    ],
    "keywords": [
        63,
        43,
        72,
        13,
        13,
        59,
        10
    ]
}