{
    "id": 48575,
    "category": 40,
    "location": [
        -118.41167,
        33.92083
    ],
    "keywords": [
        55,
        22,
        48,
        44,
        19,
        51,
        68,
        16,
        71,
        26,
        59,
        22
    ]
}