{
    "id": 48591,
    "category": 40,
    "location": [
        -118.42361,
        35.75306
    ],
    "keywords": [
        29,
        17,
        8,
        70,
        40,
        60,
        33,
        66,
        1,
        61,
        66,
        68
    ]
}