{
    "id": 48624,
    "category": 40,
    "location": [
        -118.45306,
        34.03806
    ],
    "keywords": [
        31,
        35,
        73,
        46,
        22,
        37,
        56,
        15,
        57,
        48,
        70
    ]
}