{
    "id": 48621,
    "category": 40,
    "location": [
        -118.44889,
        34.28583
    ],
    "keywords": [
        50
    ]
}