{
    "id": 48635,
    "category": 40,
    "location": [
        -118.46444,
        34.26861
    ],
    "keywords": [
        27,
        46,
        64,
        11
    ]
}