{
    "id": 48640,
    "category": 40,
    "location": [
        -118.46667,
        33.97861
    ],
    "keywords": [
        42,
        67,
        28
    ]
}