{
    "id": 4864,
    "category": 11,
    "location": [
        -119.64556,
        36.32944
    ],
    "keywords": [
        26,
        38,
        6,
        56,
        17,
        9
    ]
}