{
    "id": 48651,
    "category": 40,
    "location": [
        -118.47833,
        34.04833
    ],
    "keywords": [
        45,
        33,
        10,
        67,
        66,
        63,
        4
    ]
}