{
    "id": 48655,
    "category": 40,
    "location": [
        -118.47972,
        34.00556
    ],
    "keywords": [
        31,
        44,
        49,
        2,
        40,
        38,
        23,
        15,
        73,
        64,
        46
    ]
}