{
    "id": 48678,
    "category": 40,
    "location": [
        -118.50611,
        34.02139
    ],
    "keywords": [
        71,
        59,
        12,
        6,
        35,
        42,
        57,
        61,
        35,
        28,
        24,
        60,
        60,
        1
    ]
}