{
    "id": 48689,
    "category": 40,
    "location": [
        -118.52639,
        34.37556
    ],
    "keywords": [
        11,
        33,
        67,
        16,
        32,
        63,
        71
    ]
}