{
    "id": 48695,
    "category": 40,
    "location": [
        -118.53306,
        34.18833
    ],
    "keywords": [
        73,
        21,
        51,
        32,
        71,
        48,
        56,
        56,
        5,
        26,
        51
    ]
}