{
    "id": 48692,
    "category": 40,
    "location": [
        -118.53056,
        34.38806
    ],
    "keywords": [
        68,
        54,
        63,
        52,
        23,
        42
    ]
}