{
    "id": 487,
    "category": 0,
    "location": [
        -119.35361,
        35.61944
    ],
    "keywords": [
        64,
        54,
        8,
        27,
        11
    ]
}