{
    "id": 4870,
    "category": 11,
    "location": [
        -119.67611,
        36.63028
    ],
    "keywords": [
        49,
        36,
        3,
        65,
        4,
        30,
        51,
        21,
        51,
        30,
        66,
        59
    ]
}