{
    "id": 48704,
    "category": 40,
    "location": [
        -118.54444,
        34.19361
    ],
    "keywords": [
        14,
        32,
        28
    ]
}