{
    "id": 4871,
    "category": 11,
    "location": [
        -119.67944,
        34.42694
    ],
    "keywords": [
        57,
        42,
        16,
        51,
        6,
        18,
        57,
        70,
        47,
        50,
        12,
        74
    ]
}