{
    "id": 48739,
    "category": 40,
    "location": [
        -118.62972,
        34.48972
    ],
    "keywords": [
        72,
        22,
        28,
        40,
        31,
        40,
        23,
        1
    ]
}