{
    "id": 48742,
    "category": 40,
    "location": [
        -118.64306,
        34.23583
    ],
    "keywords": [
        1,
        30,
        23,
        10,
        26,
        29,
        19,
        67,
        21,
        47,
        36
    ]
}