{
    "id": 48759,
    "category": 40,
    "location": [
        -118.67444,
        36.22306
    ],
    "keywords": [
        28,
        26,
        73,
        16,
        53,
        60,
        5
    ]
}