{
    "id": 48771,
    "category": 40,
    "location": [
        -118.72167,
        35.47611
    ],
    "keywords": [
        30,
        29,
        58,
        67,
        74,
        48,
        4,
        18,
        6,
        20,
        41,
        46
    ]
}