{
    "id": 48817,
    "category": 40,
    "location": [
        -118.83111,
        35.20361
    ],
    "keywords": [
        24,
        71,
        49,
        72,
        8,
        39,
        74,
        66,
        26
    ]
}