{
    "id": 4882,
    "category": 11,
    "location": [
        -119.69028,
        34.41083
    ],
    "keywords": [
        72,
        23,
        44,
        23,
        11,
        73,
        45,
        45,
        28,
        33,
        52,
        68,
        31,
        17,
        0
    ]
}