{
    "id": 48821,
    "category": 40,
    "location": [
        -118.83472,
        35.19889
    ],
    "keywords": [
        57,
        11,
        0
    ]
}