{
    "id": 48823,
    "category": 40,
    "location": [
        -118.83944,
        34.14389
    ],
    "keywords": [
        31,
        1,
        68,
        48,
        26,
        5,
        58,
        26,
        63,
        69,
        48
    ]
}