{
    "id": 48857,
    "category": 40,
    "location": [
        -118.88444,
        34.19389
    ],
    "keywords": [
        58,
        69,
        2,
        65,
        55,
        21,
        40,
        35,
        61,
        32,
        3,
        13,
        39,
        32,
        35
    ]
}