{
    "id": 48862,
    "category": 40,
    "location": [
        -118.89194,
        34.27417
    ],
    "keywords": [
        74,
        69,
        46,
        13,
        18
    ]
}