{
    "id": 48866,
    "category": 40,
    "location": [
        -118.89444,
        34.21833
    ],
    "keywords": [
        4,
        57,
        55,
        50,
        8,
        16,
        6,
        6,
        27,
        25,
        68,
        18,
        20
    ]
}