{
    "id": 48887,
    "category": 40,
    "location": [
        -118.92778,
        35.36778
    ],
    "keywords": [
        23,
        42,
        35,
        38,
        27,
        20,
        49
    ]
}