{
    "id": 4889,
    "category": 11,
    "location": [
        -119.69611,
        36.82444
    ],
    "keywords": [
        67,
        31,
        46,
        67,
        10,
        20,
        32,
        6,
        49,
        64,
        11,
        58,
        19
    ]
}