{
    "id": 489,
    "category": 0,
    "location": [
        -119.39278,
        36.31861
    ],
    "keywords": [
        31,
        18,
        52
    ]
}