{
    "id": 48906,
    "category": 40,
    "location": [
        -118.96111,
        34.15972
    ],
    "keywords": [
        46,
        74,
        66,
        21,
        53,
        13,
        36,
        67,
        52,
        73,
        1,
        63
    ]
}