{
    "id": 48915,
    "category": 40,
    "location": [
        -118.97056,
        34.20306
    ],
    "keywords": [
        55,
        61
    ]
}