{
    "id": 48927,
    "category": 40,
    "location": [
        -118.99528,
        35.30194
    ],
    "keywords": [
        34,
        42,
        62,
        10,
        47,
        35,
        10,
        45,
        71,
        70,
        55,
        71
    ]
}