{
    "id": 48925,
    "category": 40,
    "location": [
        -118.99278,
        35.40889
    ],
    "keywords": [
        38,
        22,
        70,
        72,
        58,
        16,
        39,
        60,
        58,
        45,
        35,
        68,
        13,
        39
    ]
}