{
    "id": 48946,
    "category": 40,
    "location": [
        -119.01694,
        34.21833
    ],
    "keywords": []
}