{
    "id": 48954,
    "category": 40,
    "location": [
        -119.02028,
        36.07861
    ],
    "keywords": [
        65,
        18
    ]
}