{
    "id": 48964,
    "category": 40,
    "location": [
        -119.03361,
        34.24056
    ],
    "keywords": [
        4,
        48,
        31,
        25,
        15,
        42,
        16,
        74,
        34,
        31,
        38,
        5
    ]
}