{
    "id": 48966,
    "category": 40,
    "location": [
        -119.03583,
        34.22639
    ],
    "keywords": [
        67,
        52,
        57,
        30,
        33,
        75,
        17,
        22,
        9,
        60
    ]
}