{
    "id": 4897,
    "category": 11,
    "location": [
        -119.69889,
        34.42167
    ],
    "keywords": [
        33,
        50,
        23,
        19,
        63,
        67,
        21,
        22,
        5,
        42,
        5
    ]
}