{
    "id": 4899,
    "category": 11,
    "location": [
        -119.69889,
        34.42417
    ],
    "keywords": [
        64,
        15,
        69,
        12,
        37,
        55,
        7,
        48
    ]
}