{
    "id": 48997,
    "category": 40,
    "location": [
        -119.08528,
        34.22333
    ],
    "keywords": [
        53,
        48,
        31,
        31,
        61,
        18,
        3,
        53,
        48,
        26,
        17,
        44,
        24
    ]
}