{
    "id": 4900,
    "category": 11,
    "location": [
        -119.69972,
        34.42361
    ],
    "keywords": [
        73,
        54,
        64,
        69,
        45,
        32,
        48,
        22
    ]
}