{
    "id": 49032,
    "category": 40,
    "location": [
        -119.18139,
        34.17806
    ],
    "keywords": [
        30,
        35,
        5,
        28,
        72,
        34,
        24,
        52,
        11,
        69,
        61
    ]
}