{
    "id": 49035,
    "category": 40,
    "location": [
        -119.18472,
        34.21444
    ],
    "keywords": [
        54,
        15,
        8,
        41
    ]
}