{
    "id": 49041,
    "category": 40,
    "location": [
        -119.18972,
        34.26611
    ],
    "keywords": [
        35,
        9,
        25,
        13,
        14,
        74,
        75,
        61,
        3,
        14,
        69
    ]
}