{
    "id": 49050,
    "category": 40,
    "location": [
        -119.19833,
        34.14833
    ],
    "keywords": [
        50,
        5,
        6,
        16,
        70,
        69,
        0,
        16,
        66,
        49,
        28,
        25,
        61,
        4
    ]
}