{
    "id": 49064,
    "category": 40,
    "location": [
        -119.21889,
        34.26056
    ],
    "keywords": [
        25,
        43,
        66,
        8,
        2,
        11,
        40,
        20,
        25,
        10,
        58,
        49,
        45,
        55,
        8
    ]
}