{
    "id": 49071,
    "category": 40,
    "location": [
        -119.22806,
        35.67278
    ],
    "keywords": [
        59,
        56,
        2,
        25,
        54,
        49,
        5,
        40,
        62,
        44,
        9,
        69
    ]
}