{
    "id": 49079,
    "category": 40,
    "location": [
        -119.23944,
        34.18278
    ],
    "keywords": [
        27,
        50
    ]
}