{
    "id": 49093,
    "category": 40,
    "location": [
        -119.25417,
        35.75833
    ],
    "keywords": [
        56,
        53,
        14,
        21,
        52,
        3
    ]
}