{
    "id": 4910,
    "category": 11,
    "location": [
        -119.70389,
        34.42417
    ],
    "keywords": [
        29,
        72,
        32,
        21,
        45,
        63,
        2,
        56
    ]
}