{
    "id": 49102,
    "category": 40,
    "location": [
        -119.26944,
        35.49833
    ],
    "keywords": [
        43,
        69,
        58
    ]
}