{
    "id": 49157,
    "category": 40,
    "location": [
        -119.39139,
        34.32056
    ],
    "keywords": [
        73,
        39,
        21,
        67
    ]
}