{
    "id": 49223,
    "category": 40,
    "location": [
        -119.66028,
        36.35028
    ],
    "keywords": [
        17,
        28,
        71,
        19
    ]
}