{
    "id": 49227,
    "category": 40,
    "location": [
        -119.66833,
        34.41861
    ],
    "keywords": [
        15,
        15,
        66,
        43,
        75,
        14,
        53,
        51,
        30,
        47,
        54,
        4,
        59,
        61,
        17
    ]
}