{
    "id": 49229,
    "category": 40,
    "location": [
        -119.67444,
        37.21278
    ],
    "keywords": []
}