{
    "id": 49267,
    "category": 40,
    "location": [
        -119.71056,
        34.43833
    ],
    "keywords": [
        49
    ]
}