{
    "id": 4929,
    "category": 11,
    "location": [
        -119.74278,
        36.72778
    ],
    "keywords": [
        44,
        48,
        38,
        2,
        9,
        71,
        40
    ]
}