{
    "id": 49291,
    "category": 40,
    "location": [
        -119.73583,
        34.44361
    ],
    "keywords": [
        38,
        45,
        65,
        18
    ]
}