{
    "id": 49293,
    "category": 40,
    "location": [
        -119.74111,
        36.80222
    ],
    "keywords": [
        5,
        50,
        28,
        59,
        57,
        59
    ]
}