{
    "id": 4930,
    "category": 11,
    "location": [
        -119.74278,
        36.81194
    ],
    "keywords": [
        25,
        56,
        7,
        0,
        26
    ]
}