{
    "id": 49304,
    "category": 40,
    "location": [
        -119.76083,
        36.77056
    ],
    "keywords": []
}