{
    "id": 49313,
    "category": 40,
    "location": [
        -119.77361,
        36.77139
    ],
    "keywords": [
        39
    ]
}