{
    "id": 49324,
    "category": 40,
    "location": [
        -119.78778,
        36.73694
    ],
    "keywords": [
        33,
        52,
        1,
        32,
        47,
        5,
        72,
        56,
        42,
        32,
        32,
        22,
        18,
        58
    ]
}