{
    "id": 49342,
    "category": 40,
    "location": [
        -119.81833,
        36.72667
    ],
    "keywords": []
}