{
    "id": 49362,
    "category": 40,
    "location": [
        -119.86083,
        34.40917
    ],
    "keywords": [
        42,
        55,
        8,
        6,
        75,
        2,
        10,
        3,
        5,
        0,
        25,
        17,
        31,
        31,
        11
    ]
}