{
    "id": 49364,
    "category": 40,
    "location": [
        -119.86472,
        34.41611
    ],
    "keywords": [
        27,
        30,
        17,
        62,
        43,
        36,
        23,
        23,
        49
    ]
}