{
    "id": 49406,
    "category": 40,
    "location": [
        -120.07917,
        36.97194
    ],
    "keywords": [
        65,
        16,
        35,
        0,
        60,
        70,
        64,
        22,
        38
    ]
}