{
    "id": 4941,
    "category": 11,
    "location": [
        -119.74917,
        36.81083
    ],
    "keywords": [
        52,
        3,
        65,
        26,
        53,
        9,
        39,
        28,
        58,
        9,
        71,
        72,
        1
    ]
}