{
    "id": 49425,
    "category": 40,
    "location": [
        -120.13861,
        34.59583
    ],
    "keywords": [
        58,
        59,
        60,
        49,
        15,
        56,
        44,
        63,
        68,
        56,
        52,
        21
    ]
}