{
    "id": 49424,
    "category": 40,
    "location": [
        -120.13806,
        39.06972
    ],
    "keywords": [
        64,
        31,
        67,
        1,
        65,
        58,
        61,
        55,
        68,
        48,
        2,
        18
    ]
}