{
    "id": 4946,
    "category": 11,
    "location": [
        -119.75056,
        36.81278
    ],
    "keywords": [
        47,
        52,
        33,
        63,
        22,
        55,
        48
    ]
}