{
    "id": 49475,
    "category": 40,
    "location": [
        -120.36167,
        36.14806
    ],
    "keywords": [
        3,
        61,
        30,
        20,
        47,
        15,
        55,
        67,
        43,
        37
    ]
}