{
    "id": 49484,
    "category": 40,
    "location": [
        -120.38917,
        36.75611
    ],
    "keywords": [
        2,
        3,
        62,
        20,
        17,
        51,
        65,
        32
    ]
}