{
    "id": 49499,
    "category": 40,
    "location": [
        -120.42944,
        34.90972
    ],
    "keywords": [
        14,
        71,
        48,
        41,
        11
    ]
}