{
    "id": 49497,
    "category": 40,
    "location": [
        -120.42694,
        34.94306
    ],
    "keywords": [
        1,
        9,
        66,
        33,
        7,
        15,
        41
    ]
}