{
    "id": 49501,
    "category": 40,
    "location": [
        -120.43333,
        34.64306
    ],
    "keywords": [
        11,
        70,
        62,
        43,
        65,
        58,
        71,
        42
    ]
}