{
    "id": 4950,
    "category": 11,
    "location": [
        -119.75083,
        36.81333
    ],
    "keywords": [
        47
    ]
}