{
    "id": 49502,
    "category": 40,
    "location": [
        -120.43389,
        34.95361
    ],
    "keywords": [
        19,
        67
    ]
}