{
    "id": 49503,
    "category": 40,
    "location": [
        -120.43694,
        34.95806
    ],
    "keywords": [
        18,
        58,
        4,
        31,
        28,
        29,
        16
    ]
}