{
    "id": 49500,
    "category": 40,
    "location": [
        -120.43111,
        34.94694
    ],
    "keywords": [
        25,
        5,
        7,
        69,
        43,
        16,
        51,
        17,
        3,
        51,
        74,
        40,
        72,
        23,
        62
    ]
}