{
    "id": 49526,
    "category": 40,
    "location": [
        -120.45972,
        34.64778
    ],
    "keywords": [
        55,
        60,
        65,
        8,
        60,
        1,
        74
    ]
}