{
    "id": 49545,
    "category": 40,
    "location": [
        -120.48222,
        37.31222
    ],
    "keywords": [
        13,
        14,
        44,
        64,
        12,
        18,
        35,
        13,
        18,
        5,
        16,
        62
    ]
}