{
    "id": 49612,
    "category": 40,
    "location": [
        -120.62917,
        35.45333
    ],
    "keywords": [
        24,
        28,
        28,
        66,
        11,
        7,
        52,
        42,
        16,
        53
    ]
}