{
    "id": 49642,
    "category": 40,
    "location": [
        -120.65917,
        35.27083
    ],
    "keywords": []
}