{
    "id": 49651,
    "category": 40,
    "location": [
        -120.66778,
        35.46694
    ],
    "keywords": [
        0,
        42,
        40,
        25
    ]
}