{
    "id": 49675,
    "category": 40,
    "location": [
        -120.71056,
        35.54028
    ],
    "keywords": [
        31,
        43,
        40,
        55,
        32,
        26
    ]
}