{
    "id": 49691,
    "category": 40,
    "location": [
        -120.79611,
        38.17722
    ],
    "keywords": [
        71,
        13
    ]
}