{
    "id": 49726,
    "category": 40,
    "location": [
        -120.85056,
        35.36111
    ],
    "keywords": [
        35,
        34,
        56,
        56,
        66,
        28,
        53,
        67,
        56,
        60,
        15,
        19,
        17,
        74,
        57
    ]
}