{
    "id": 49729,
    "category": 40,
    "location": [
        -120.85194,
        37.85028
    ],
    "keywords": [
        1,
        0,
        1,
        41,
        19,
        10,
        50,
        47,
        70,
        25
    ]
}