{
    "id": 49734,
    "category": 40,
    "location": [
        -120.85583,
        35.37833
    ],
    "keywords": [
        15,
        41,
        7,
        3,
        75,
        48,
        54,
        1
    ]
}