{
    "id": 49747,
    "category": 40,
    "location": [
        -120.86972,
        38.09556
    ],
    "keywords": [
        67
    ]
}