{
    "id": 49809,
    "category": 40,
    "location": [
        -120.98278,
        37.68417
    ],
    "keywords": [
        8,
        74,
        54,
        12,
        65,
        2
    ]
}