{
    "id": 49827,
    "category": 40,
    "location": [
        -121.00472,
        37.68111
    ],
    "keywords": [
        50,
        5,
        0,
        70,
        36,
        11,
        19,
        53,
        11
    ]
}