{
    "id": 49823,
    "category": 40,
    "location": [
        -121.00139,
        37.63222
    ],
    "keywords": [
        8,
        42,
        7
    ]
}