{
    "id": 4982,
    "category": 11,
    "location": [
        -119.79306,
        36.74278
    ],
    "keywords": [
        24
    ]
}