{
    "id": 49835,
    "category": 40,
    "location": [
        -121.01528,
        37.59639
    ],
    "keywords": [
        3,
        54,
        4,
        20,
        50,
        58,
        23,
        20,
        68,
        19,
        66,
        33,
        43
    ]
}