{
    "id": 49838,
    "category": 40,
    "location": [
        -121.01833,
        37.61056
    ],
    "keywords": [
        2,
        7,
        70,
        43,
        52,
        67
    ]
}