{
    "id": 49844,
    "category": 40,
    "location": [
        -121.02528,
        37.31444
    ],
    "keywords": [
        9,
        9,
        13,
        20
    ]
}