{
    "id": 49858,
    "category": 40,
    "location": [
        -121.05417,
        39.21444
    ],
    "keywords": [
        22,
        21,
        24,
        69,
        16,
        3,
        10,
        62,
        25,
        49,
        39,
        47,
        60
    ]
}