{
    "id": 49864,
    "category": 40,
    "location": [
        -121.07278,
        37.58444
    ],
    "keywords": [
        70,
        34,
        26,
        12,
        50,
        39,
        64,
        15,
        19,
        49
    ]
}