{
    "id": 49881,
    "category": 40,
    "location": [
        -121.09417,
        38.71417
    ],
    "keywords": [
        5,
        7,
        21,
        4,
        32,
        66,
        7,
        6,
        19,
        5,
        62,
        1
    ]
}