{
    "id": 4990,
    "category": 11,
    "location": [
        -119.81528,
        34.43583
    ],
    "keywords": [
        71,
        65,
        73,
        15,
        10,
        8,
        2,
        38,
        47,
        19
    ]
}