{
    "id": 49912,
    "category": 40,
    "location": [
        -121.15083,
        38.59861
    ],
    "keywords": [
        16,
        0,
        68,
        4,
        6,
        68
    ]
}