{
    "id": 49938,
    "category": 40,
    "location": [
        -121.19444,
        39.20306
    ],
    "keywords": [
        14,
        46,
        3,
        56,
        47,
        23
    ]
}