{
    "id": 49946,
    "category": 40,
    "location": [
        -121.20528,
        38.71361
    ],
    "keywords": [
        67,
        29,
        64,
        42,
        57,
        19,
        22,
        54,
        3
    ]
}