{
    "id": 49947,
    "category": 40,
    "location": [
        -121.20722,
        37.79389
    ],
    "keywords": [
        64,
        67,
        30
    ]
}