{
    "id": 500,
    "category": 0,
    "location": [
        -119.48417,
        37.06472
    ],
    "keywords": [
        28,
        0,
        9,
        42,
        64,
        48
    ]
}