{
    "id": 50013,
    "category": 40,
    "location": [
        -121.26472,
        37.93389
    ],
    "keywords": [
        14,
        50,
        36
    ]
}