{
    "id": 50017,
    "category": 40,
    "location": [
        -121.26639,
        38.14111
    ],
    "keywords": [
        24,
        13,
        13,
        30,
        7,
        3,
        32,
        35,
        62,
        22,
        24,
        62,
        8,
        74
    ]
}