{
    "id": 50025,
    "category": 40,
    "location": [
        -121.26972,
        37.94806
    ],
    "keywords": [
        50,
        64,
        45
    ]
}