{
    "id": 50035,
    "category": 40,
    "location": [
        -121.27611,
        37.95972
    ],
    "keywords": [
        27,
        8,
        14,
        65,
        72,
        72,
        49,
        70,
        9
    ]
}