{
    "id": 50076,
    "category": 40,
    "location": [
        -121.29278,
        38.70806
    ],
    "keywords": [
        50,
        58,
        42
    ]
}