{
    "id": 50084,
    "category": 40,
    "location": [
        -121.29667,
        38.67361
    ],
    "keywords": [
        50,
        62,
        59,
        48,
        39,
        15
    ]
}