{
    "id": 50083,
    "category": 40,
    "location": [
        -121.29611,
        38.27194
    ],
    "keywords": [
        1,
        16,
        71,
        42,
        71,
        53,
        10,
        60,
        1,
        59,
        68,
        36,
        66,
        54
    ]
}