{
    "id": 50096,
    "category": 40,
    "location": [
        -121.30167,
        38.64528
    ],
    "keywords": [
        43,
        8,
        6
    ]
}