{
    "id": 50107,
    "category": 40,
    "location": [
        -121.30472,
        38.67167
    ],
    "keywords": [
        19,
        13,
        34,
        52,
        3,
        7,
        58,
        1
    ]
}