{
    "id": 50102,
    "category": 40,
    "location": [
        -121.30306,
        36.76778
    ],
    "keywords": [
        2,
        65,
        16,
        13,
        19,
        75,
        15,
        18,
        10
    ]
}