{
    "id": 50115,
    "category": 40,
    "location": [
        -121.30944,
        38.01083
    ],
    "keywords": [
        26,
        27,
        24,
        35,
        32
    ]
}