{
    "id": 5013,
    "category": 11,
    "location": [
        -119.84583,
        34.41528
    ],
    "keywords": [
        63,
        54,
        60,
        28,
        49,
        73,
        36,
        69
    ]
}