{
    "id": 50148,
    "category": 40,
    "location": [
        -121.33472,
        38.65667
    ],
    "keywords": [
        12,
        45,
        73,
        18,
        4,
        71,
        27,
        60,
        29,
        48,
        75
    ]
}