{
    "id": 50158,
    "category": 40,
    "location": [
        -121.34389,
        38.67278
    ],
    "keywords": [
        19,
        23,
        30
    ]
}