{
    "id": 50169,
    "category": 40,
    "location": [
        -121.35306,
        37.99778
    ],
    "keywords": [
        18,
        46,
        36,
        74,
        53,
        54,
        32,
        75,
        5
    ]
}