{
    "id": 50192,
    "category": 40,
    "location": [
        -121.37083,
        38.56111
    ],
    "keywords": [
        18
    ]
}