{
    "id": 5020,
    "category": 11,
    "location": [
        -119.85083,
        34.44306
    ],
    "keywords": [
        13,
        47,
        23,
        61,
        17,
        63,
        69,
        7,
        70
    ]
}