{
    "id": 50244,
    "category": 40,
    "location": [
        -121.40167,
        38.72417
    ],
    "keywords": [
        11,
        45,
        47,
        0,
        5,
        20,
        48,
        42,
        45,
        42,
        41,
        44,
        10,
        7,
        11
    ]
}