{
    "id": 50245,
    "category": 40,
    "location": [
        -121.40278,
        36.83639
    ],
    "keywords": [
        35,
        74,
        37,
        69,
        9,
        72,
        51,
        60,
        10,
        32,
        48,
        17,
        53,
        57,
        67
    ]
}