{
    "id": 5026,
    "category": 11,
    "location": [
        -119.86944,
        37.12778
    ],
    "keywords": [
        23,
        33,
        72,
        54,
        23,
        69,
        68,
        57,
        62
    ]
}