{
    "id": 50274,
    "category": 40,
    "location": [
        -121.42083,
        38.46611
    ],
    "keywords": [
        51,
        27,
        12,
        43,
        7,
        38,
        6,
        2,
        29
    ]
}