{
    "id": 50296,
    "category": 40,
    "location": [
        -121.43167,
        38.65361
    ],
    "keywords": [
        66,
        55,
        4,
        14,
        38,
        27,
        59,
        42,
        42
    ]
}