{
    "id": 50309,
    "category": 40,
    "location": [
        -121.43667,
        37.71583
    ],
    "keywords": [
        30
    ]
}