{
    "id": 50302,
    "category": 40,
    "location": [
        -121.43389,
        38.62194
    ],
    "keywords": [
        17,
        8,
        35,
        68,
        66,
        64,
        20,
        17,
        16,
        2,
        33,
        70,
        20,
        1,
        37
    ]
}