{
    "id": 50306,
    "category": 40,
    "location": [
        -121.43611,
        37.74722
    ],
    "keywords": [
        45,
        39,
        18,
        30
    ]
}