{
    "id": 5031,
    "category": 11,
    "location": [
        -119.91833,
        36.72389
    ],
    "keywords": [
        53,
        65,
        60,
        25,
        20,
        46,
        2,
        43
    ]
}