{
    "id": 50318,
    "category": 40,
    "location": [
        -121.43889,
        38.54722
    ],
    "keywords": [
        34,
        52,
        70,
        1,
        23,
        3,
        17,
        12
    ]
}