{
    "id": 50323,
    "category": 40,
    "location": [
        -121.44028,
        37.75667
    ],
    "keywords": []
}