{
    "id": 50326,
    "category": 40,
    "location": [
        -121.44139,
        38.57667
    ],
    "keywords": [
        59,
        10,
        12,
        10
    ]
}