{
    "id": 50348,
    "category": 40,
    "location": [
        -121.44972,
        38.64667
    ],
    "keywords": [
        67,
        2,
        26,
        3,
        40,
        53,
        74
    ]
}