{
    "id": 50358,
    "category": 40,
    "location": [
        -121.45278,
        38.47167
    ],
    "keywords": [
        19,
        52,
        63,
        64,
        32,
        20,
        19,
        5,
        1,
        47
    ]
}