{
    "id": 50367,
    "category": 40,
    "location": [
        -121.45528,
        39.56361
    ],
    "keywords": [
        14,
        56,
        1,
        2,
        15,
        65,
        53,
        18,
        5,
        65
    ]
}