{
    "id": 50360,
    "category": 40,
    "location": [
        -121.45417,
        38.60556
    ],
    "keywords": [
        67,
        6,
        28,
        58,
        31,
        9,
        34,
        63,
        35,
        55,
        52,
        15,
        47,
        67,
        49
    ]
}