{
    "id": 50406,
    "category": 40,
    "location": [
        -121.47639,
        38.63278
    ],
    "keywords": [
        2,
        17,
        43,
        14,
        29,
        43,
        52,
        16,
        49,
        51,
        46,
        1
    ]
}