{
    "id": 5040,
    "category": 11,
    "location": [
        -119.97222,
        38.94194
    ],
    "keywords": [
        72,
        62,
        7,
        30,
        4,
        19,
        72,
        14,
        25,
        33,
        66,
        38
    ]
}