{
    "id": 5041,
    "category": 11,
    "location": [
        -119.97528,
        38.94361
    ],
    "keywords": [
        38,
        72,
        24,
        4,
        19,
        26,
        71,
        42,
        54,
        14,
        13,
        49
    ]
}