{
    "id": 50423,
    "category": 40,
    "location": [
        -121.48472,
        38.48694
    ],
    "keywords": [
        73,
        25,
        0,
        43,
        54,
        10,
        43
    ]
}