{
    "id": 50420,
    "category": 40,
    "location": [
        -121.48139,
        38.62417
    ],
    "keywords": [
        21,
        35,
        44,
        31,
        14,
        71
    ]
}