{
    "id": 5042,
    "category": 11,
    "location": [
        -120.01583,
        36.80111
    ],
    "keywords": []
}