{
    "id": 50439,
    "category": 40,
    "location": [
        -121.49028,
        38.58472
    ],
    "keywords": []
}