{
    "id": 50435,
    "category": 40,
    "location": [
        -121.48917,
        38.54389
    ],
    "keywords": [
        10,
        48,
        28,
        31,
        20,
        51,
        16,
        24
    ]
}