{
    "id": 50447,
    "category": 40,
    "location": [
        -121.49333,
        38.54944
    ],
    "keywords": [
        37,
        32,
        38,
        35,
        69,
        6,
        53,
        52,
        9,
        55,
        58,
        6,
        27,
        58,
        64
    ]
}