{
    "id": 50469,
    "category": 40,
    "location": [
        -121.50417,
        38.58083
    ],
    "keywords": [
        23,
        32,
        40,
        51,
        44,
        37,
        30,
        29,
        11
    ]
}