{
    "id": 50470,
    "category": 40,
    "location": [
        -121.50417,
        38.58444
    ],
    "keywords": [
        43,
        9,
        66,
        38
    ]
}