{
    "id": 50484,
    "category": 40,
    "location": [
        -121.50917,
        38.62361
    ],
    "keywords": [
        35,
        53,
        63,
        60,
        23,
        23,
        9
    ]
}