{
    "id": 50490,
    "category": 40,
    "location": [
        -121.51083,
        38.60472
    ],
    "keywords": [
        74,
        54,
        15,
        63
    ]
}