{
    "id": 50500,
    "category": 40,
    "location": [
        -121.51667,
        38.56556
    ],
    "keywords": [
        26,
        35,
        40,
        37,
        66,
        67,
        62,
        13,
        0,
        35,
        54,
        22,
        42
    ]
}