{
    "id": 50503,
    "category": 40,
    "location": [
        -121.52556,
        38.50833
    ],
    "keywords": [
        8,
        61,
        23,
        47
    ]
}