{
    "id": 50526,
    "category": 40,
    "location": [
        -121.55972,
        36.37194
    ],
    "keywords": [
        65,
        74,
        51,
        19,
        52,
        35,
        10
    ]
}