{
    "id": 50537,
    "category": 40,
    "location": [
        -121.57444,
        38.60111
    ],
    "keywords": [
        40,
        12,
        8
    ]
}