{
    "id": 50538,
    "category": 40,
    "location": [
        -121.57639,
        39.15917
    ],
    "keywords": [
        41,
        13,
        51,
        34,
        57,
        40,
        52,
        37
    ]
}