{
    "id": 50547,
    "category": 40,
    "location": [
        -121.58472,
        37.00528
    ],
    "keywords": []
}