{
    "id": 50542,
    "category": 40,
    "location": [
        -121.57944,
        39.15167
    ],
    "keywords": [
        11,
        21,
        49,
        62,
        58,
        36,
        23,
        49,
        55,
        30,
        75,
        71,
        65,
        46
    ]
}