{
    "id": 5057,
    "category": 11,
    "location": [
        -120.07056,
        36.95333
    ],
    "keywords": [
        70,
        57,
        46,
        56,
        67
    ]
}