{
    "id": 50602,
    "category": 40,
    "location": [
        -121.64917,
        36.69111
    ],
    "keywords": []
}