{
    "id": 50629,
    "category": 40,
    "location": [
        -121.68333,
        36.16528
    ],
    "keywords": [
        20,
        1,
        35,
        31,
        4,
        55,
        22,
        53,
        69,
        23,
        14,
        24,
        40
    ]
}