{
    "id": 50648,
    "category": 40,
    "location": [
        -121.72361,
        38.54444
    ],
    "keywords": [
        22,
        60,
        47,
        17,
        57,
        75,
        60,
        37,
        32,
        31,
        34,
        67,
        32,
        58,
        68
    ]
}