{
    "id": 50656,
    "category": 40,
    "location": [
        -121.73333,
        36.95194
    ],
    "keywords": [
        53,
        47,
        53,
        73,
        52,
        46,
        22,
        51,
        4,
        5,
        11,
        63,
        40,
        8
    ]
}