{
    "id": 5066,
    "category": 11,
    "location": [
        -120.11222,
        39.05444
    ],
    "keywords": [
        12,
        59,
        62,
        31,
        72,
        8,
        64,
        4,
        52,
        60,
        70,
        6,
        60
    ]
}