{
    "id": 50688,
    "category": 40,
    "location": [
        -121.75861,
        38.54028
    ],
    "keywords": [
        66,
        56
    ]
}