{
    "id": 50728,
    "category": 40,
    "location": [
        -121.77389,
        37.67278
    ],
    "keywords": [
        66,
        9,
        5
    ]
}