{
    "id": 50737,
    "category": 40,
    "location": [
        -121.78083,
        38.68417
    ],
    "keywords": [
        30,
        74,
        25,
        69,
        17,
        40,
        62,
        41,
        32,
        15,
        50,
        40,
        49
    ]
}