{
    "id": 50731,
    "category": 40,
    "location": [
        -121.77833,
        37.67639
    ],
    "keywords": [
        54,
        53,
        4,
        40,
        7,
        67,
        43,
        58,
        32,
        43,
        33,
        45,
        42,
        69,
        1
    ]
}