{
    "id": 50740,
    "category": 40,
    "location": [
        -121.78333,
        37.68639
    ],
    "keywords": [
        2,
        32,
        50,
        10,
        65,
        26,
        40,
        59,
        34,
        3,
        72,
        56,
        41
    ]
}