{
    "id": 50764,
    "category": 40,
    "location": [
        -121.79861,
        37.39778
    ],
    "keywords": [
        74,
        11
    ]
}