{
    "id": 50774,
    "category": 40,
    "location": [
        -121.80667,
        38.04194
    ],
    "keywords": [
        48,
        53,
        27,
        49,
        70,
        66,
        16,
        47,
        8,
        52,
        9,
        74,
        36,
        38,
        36
    ]
}