{
    "id": 50771,
    "category": 40,
    "location": [
        -121.80278,
        36.74167
    ],
    "keywords": [
        55,
        63,
        60,
        68,
        49,
        42,
        64,
        2,
        25,
        62,
        35,
        20,
        2,
        60,
        46
    ]
}