{
    "id": 50786,
    "category": 40,
    "location": [
        -121.81778,
        38.01889
    ],
    "keywords": [
        25,
        45,
        65,
        75
    ]
}