{
    "id": 50790,
    "category": 40,
    "location": [
        -121.81917,
        39.75472
    ],
    "keywords": [
        73,
        61,
        3,
        58,
        72,
        17,
        42,
        50,
        30
    ]
}