{
    "id": 50799,
    "category": 40,
    "location": [
        -121.82278,
        36.61583
    ],
    "keywords": [
        25,
        8,
        63,
        29,
        61,
        13,
        29,
        34,
        58
    ]
}