{
    "id": 50815,
    "category": 40,
    "location": [
        -121.83167,
        38.45528
    ],
    "keywords": [
        70,
        67,
        14,
        15,
        19
    ]
}