{
    "id": 50812,
    "category": 40,
    "location": [
        -121.82944,
        36.62111
    ],
    "keywords": [
        40,
        25,
        65,
        25,
        55,
        33,
        19,
        12,
        30,
        56,
        64,
        67
    ]
}