{
    "id": 50827,
    "category": 40,
    "location": [
        -121.83694,
        36.59417
    ],
    "keywords": [
        35,
        40,
        13,
        30,
        49,
        17,
        27,
        15,
        56,
        3
    ]
}