{
    "id": 50826,
    "category": 40,
    "location": [
        -121.83583,
        36.61583
    ],
    "keywords": [
        0,
        49,
        37,
        69,
        55,
        73,
        71,
        38,
        25,
        54,
        72,
        51,
        10,
        56,
        67
    ]
}