{
    "id": 50830,
    "category": 40,
    "location": [
        -121.83806,
        37.38556
    ],
    "keywords": [
        31,
        13,
        67,
        14,
        60,
        57,
        63,
        23
    ]
}