{
    "id": 50834,
    "category": 40,
    "location": [
        -121.84083,
        37.20028
    ],
    "keywords": [
        21,
        53,
        16,
        17,
        25,
        4
    ]
}