{
    "id": 50840,
    "category": 40,
    "location": [
        -121.84806,
        38.00083
    ],
    "keywords": [
        33,
        48,
        20,
        31,
        42
    ]
}