{
    "id": 50846,
    "category": 40,
    "location": [
        -121.85528,
        37.22528
    ],
    "keywords": [
        34,
        6,
        37,
        72,
        27,
        69,
        24,
        16
    ]
}