{
    "id": 50845,
    "category": 40,
    "location": [
        -121.85444,
        37.66333
    ],
    "keywords": [
        44,
        44,
        12,
        16,
        0,
        55,
        12,
        39
    ]
}