{
    "id": 50852,
    "category": 40,
    "location": [
        -121.86389,
        36.59528
    ],
    "keywords": [
        67,
        55,
        45,
        4,
        24,
        46,
        58,
        42,
        14
    ]
}