{
    "id": 50854,
    "category": 40,
    "location": [
        -121.86472,
        37.65972
    ],
    "keywords": []
}