{
    "id": 5085,
    "category": 11,
    "location": [
        -120.19556,
        37.71417
    ],
    "keywords": [
        75,
        41,
        64,
        60,
        42,
        62,
        27,
        14
    ]
}