{
    "id": 50864,
    "category": 40,
    "location": [
        -121.87139,
        37.69472
    ],
    "keywords": [
        72,
        27,
        37,
        37,
        41
    ]
}