{
    "id": 50891,
    "category": 40,
    "location": [
        -121.88417,
        37.67444
    ],
    "keywords": [
        47,
        52,
        29,
        20,
        70,
        36
    ]
}