{
    "id": 5089,
    "category": 11,
    "location": [
        -120.22611,
        38.03889
    ],
    "keywords": [
        20,
        36,
        28,
        25,
        55,
        61,
        5,
        10,
        24,
        5,
        51,
        28,
        51
    ]
}