{
    "id": 50893,
    "category": 40,
    "location": [
        -121.88472,
        37.68056
    ],
    "keywords": []
}