{
    "id": 50892,
    "category": 40,
    "location": [
        -121.88444,
        36.59806
    ],
    "keywords": [
        65,
        46,
        68,
        61,
        39,
        72,
        14
    ]
}