{
    "id": 50934,
    "category": 40,
    "location": [
        -121.90028,
        37.32306
    ],
    "keywords": [
        51,
        2,
        10,
        32,
        35,
        27,
        52,
        62,
        43,
        48,
        33,
        19,
        27,
        67,
        13
    ]
}