{
    "id": 50958,
    "category": 40,
    "location": [
        -121.91083,
        36.62222
    ],
    "keywords": [
        37,
        5,
        48,
        25,
        48,
        73,
        9,
        2,
        18,
        29,
        2,
        51
    ]
}