{
    "id": 50962,
    "category": 40,
    "location": [
        -121.91194,
        36.62722
    ],
    "keywords": [
        71
    ]
}