{
    "id": 50967,
    "category": 40,
    "location": [
        -121.91389,
        37.52694
    ],
    "keywords": [
        70,
        46,
        71
    ]
}