{
    "id": 50961,
    "category": 40,
    "location": [
        -121.91139,
        37.66083
    ],
    "keywords": [
        75,
        47,
        61,
        49,
        5,
        51,
        56
    ]
}