{
    "id": 50966,
    "category": 40,
    "location": [
        -121.91306,
        36.62194
    ],
    "keywords": [
        65,
        70,
        75,
        24,
        53,
        9,
        58,
        57,
        14
    ]
}