{
    "id": 50975,
    "category": 40,
    "location": [
        -121.91556,
        37.68333
    ],
    "keywords": [
        45,
        14,
        35
    ]
}