{
    "id": 50994,
    "category": 40,
    "location": [
        -121.92222,
        37.72806
    ],
    "keywords": [
        48,
        54,
        69,
        61,
        25,
        12
    ]
}