{
    "id": 50992,
    "category": 40,
    "location": [
        -121.92139,
        36.55472
    ],
    "keywords": [
        44,
        5,
        31,
        39,
        12,
        47,
        12,
        64,
        48,
        8,
        56
    ]
}