{
    "id": 5099,
    "category": 11,
    "location": [
        -120.28694,
        35.89528
    ],
    "keywords": [
        31,
        22,
        15,
        45
    ]
}