{
    "id": 50991,
    "category": 40,
    "location": [
        -121.92083,
        37.92917
    ],
    "keywords": [
        61,
        52,
        42,
        60,
        3,
        65,
        12,
        42,
        4,
        46,
        49,
        32,
        55,
        26
    ]
}