{
    "id": 51010,
    "category": 40,
    "location": [
        -121.92861,
        37.68778
    ],
    "keywords": [
        67,
        40,
        21,
        40,
        58,
        38,
        64,
        42
    ]
}