{
    "id": 51012,
    "category": 40,
    "location": [
        -121.92944,
        37.50889
    ],
    "keywords": [
        61,
        27,
        26,
        57,
        68,
        8,
        30,
        53,
        58
    ]
}