{
    "id": 51026,
    "category": 40,
    "location": [
        -121.93833,
        37.38833
    ],
    "keywords": [
        67,
        10,
        22,
        9,
        1,
        63,
        54,
        1
    ]
}