{
    "id": 51022,
    "category": 40,
    "location": [
        -121.93778,
        36.54611
    ],
    "keywords": [
        63,
        73,
        12
    ]
}