{
    "id": 51076,
    "category": 40,
    "location": [
        -121.96778,
        36.95778
    ],
    "keywords": [
        43,
        1,
        17,
        0,
        69,
        9,
        8,
        58,
        33
    ]
}