{
    "id": 5107,
    "category": 11,
    "location": [
        -120.35972,
        36.14167
    ],
    "keywords": [
        57,
        38,
        60
    ]
}