{
    "id": 51115,
    "category": 40,
    "location": [
        -121.98806,
        37.35944
    ],
    "keywords": [
        25,
        39,
        15,
        72,
        11,
        42,
        58,
        55,
        66
    ]
}