{
    "id": 51122,
    "category": 40,
    "location": [
        -121.99306,
        36.96139
    ],
    "keywords": [
        50,
        34,
        37,
        46,
        27
    ]
}