{
    "id": 51127,
    "category": 40,
    "location": [
        -121.99472,
        37.41333
    ],
    "keywords": [
        50,
        14,
        66,
        8,
        31,
        1,
        63,
        31,
        42,
        41
    ]
}