{
    "id": 51157,
    "category": 40,
    "location": [
        -122.00778,
        37.92083
    ],
    "keywords": [
        36,
        53,
        61,
        61,
        7,
        46,
        12,
        0,
        56,
        29
    ]
}