{
    "id": 51159,
    "category": 40,
    "location": [
        -122.00833,
        37.94889
    ],
    "keywords": [
        15
    ]
}