{
    "id": 51161,
    "category": 40,
    "location": [
        -122.00861,
        38.24861
    ],
    "keywords": [
        10,
        16,
        25,
        4,
        44
    ]
}