{
    "id": 51164,
    "category": 40,
    "location": [
        -122.01167,
        37.58167
    ],
    "keywords": [
        44,
        38,
        26,
        31,
        46,
        74,
        40,
        42,
        6,
        31
    ]
}