{
    "id": 51169,
    "category": 40,
    "location": [
        -122.01333,
        36.97861
    ],
    "keywords": []
}