{
    "id": 51176,
    "category": 40,
    "location": [
        -122.01806,
        37.34806
    ],
    "keywords": [
        20,
        28,
        24,
        44,
        57,
        74,
        63
    ]
}