{
    "id": 51203,
    "category": 40,
    "location": [
        -122.02722,
        36.96944
    ],
    "keywords": [
        7,
        68,
        45,
        61,
        75,
        53,
        10,
        7,
        45,
        25,
        18,
        64,
        0,
        37,
        28
    ]
}