{
    "id": 51219,
    "category": 40,
    "location": [
        -122.03361,
        37.26667
    ],
    "keywords": [
        8,
        13,
        30,
        15,
        5,
        67
    ]
}