{
    "id": 51228,
    "category": 40,
    "location": [
        -122.03667,
        37.36667
    ],
    "keywords": [
        46,
        54,
        42,
        53,
        0
    ]
}