{
    "id": 51232,
    "category": 40,
    "location": [
        -122.03694,
        37.36639
    ],
    "keywords": [
        57,
        62,
        29,
        60,
        55,
        32,
        20,
        36,
        57,
        38,
        46
    ]
}