{
    "id": 51249,
    "category": 40,
    "location": [
        -122.04111,
        36.96833
    ],
    "keywords": [
        18,
        34,
        41,
        23,
        35,
        43,
        5,
        74,
        1,
        65
    ]
}