{
    "id": 51256,
    "category": 40,
    "location": [
        -122.04306,
        37.66722
    ],
    "keywords": [
        16,
        34,
        63,
        45,
        49,
        19,
        36,
        62,
        63
    ]
}