{
    "id": 51257,
    "category": 40,
    "location": [
        -122.04306,
        38.26722
    ],
    "keywords": [
        41
    ]
}