{
    "id": 51275,
    "category": 40,
    "location": [
        -122.05194,
        37.36028
    ],
    "keywords": [
        35,
        47,
        30,
        54,
        49,
        42,
        7
    ]
}