{
    "id": 51318,
    "category": 40,
    "location": [
        -122.06861,
        37.98528
    ],
    "keywords": [
        55,
        39
    ]
}