{
    "id": 51317,
    "category": 40,
    "location": [
        -122.06861,
        37.31861
    ],
    "keywords": [
        57,
        9,
        24,
        13,
        57,
        28,
        31,
        13,
        53,
        23
    ]
}