{
    "id": 51337,
    "category": 40,
    "location": [
        -122.07889,
        37.55417
    ],
    "keywords": [
        69,
        42,
        72,
        61,
        23,
        71,
        10,
        71,
        56,
        45,
        56,
        47
    ]
}