{
    "id": 51335,
    "category": 40,
    "location": [
        -122.07778,
        37.63417
    ],
    "keywords": [
        38,
        48,
        15,
        1,
        5,
        57,
        57,
        72,
        57,
        35,
        53,
        15,
        41,
        67,
        52
    ]
}