{
    "id": 51343,
    "category": 40,
    "location": [
        -122.08167,
        37.67861
    ],
    "keywords": [
        60,
        72,
        29,
        45,
        54
    ]
}