{
    "id": 51347,
    "category": 40,
    "location": [
        -122.08333,
        38.51111
    ],
    "keywords": [
        2,
        25,
        36,
        37,
        8,
        58
    ]
}