{
    "id": 51374,
    "category": 40,
    "location": [
        -122.09639,
        37.65583
    ],
    "keywords": [
        29,
        36,
        7,
        33,
        1,
        11,
        65
    ]
}