{
    "id": 51375,
    "category": 40,
    "location": [
        -122.09667,
        37.40083
    ],
    "keywords": [
        38,
        16,
        43,
        59,
        56,
        24,
        64,
        45,
        28,
        21,
        61,
        41,
        4,
        60
    ]
}