{
    "id": 5138,
    "category": 11,
    "location": [
        -120.40028,
        38.03528
    ],
    "keywords": [
        28,
        72,
        25,
        2,
        70,
        17,
        18
    ]
}