{
    "id": 51382,
    "category": 40,
    "location": [
        -122.10556,
        37.26417
    ],
    "keywords": [
        20,
        51,
        5,
        16,
        38,
        55,
        9,
        6,
        22,
        9,
        37,
        3,
        71,
        43
    ]
}