{
    "id": 51384,
    "category": 40,
    "location": [
        -122.10556,
        37.67583
    ],
    "keywords": [
        47,
        70,
        9
    ]
}