{
    "id": 51398,
    "category": 40,
    "location": [
        -122.11333,
        37.42167
    ],
    "keywords": [
        45,
        2,
        1,
        33,
        69
    ]
}