{
    "id": 51393,
    "category": 40,
    "location": [
        -122.11111,
        37.24889
    ],
    "keywords": [
        24,
        18,
        2,
        52,
        53,
        26,
        56,
        41,
        35,
        5,
        62
    ]
}