{
    "id": 5140,
    "category": 11,
    "location": [
        -120.40056,
        38.03528
    ],
    "keywords": [
        71,
        72,
        19,
        9,
        38,
        54,
        34,
        33,
        37,
        5,
        49,
        66,
        4,
        43,
        65
    ]
}