{
    "id": 51451,
    "category": 40,
    "location": [
        -122.14444,
        37.71972
    ],
    "keywords": [
        7,
        40,
        15,
        70,
        7,
        25,
        74,
        0,
        11
    ]
}