{
    "id": 51505,
    "category": 40,
    "location": [
        -122.16639,
        38.05889
    ],
    "keywords": []
}