{
    "id": 51506,
    "category": 40,
    "location": [
        -122.16694,
        37.44528
    ],
    "keywords": [
        32,
        8,
        0,
        64,
        52,
        39,
        48
    ]
}