{
    "id": 51510,
    "category": 40,
    "location": [
        -122.16861,
        37.42472
    ],
    "keywords": [
        26,
        73,
        64,
        51,
        62,
        55,
        50,
        0,
        4
    ]
}