{
    "id": 51545,
    "category": 40,
    "location": [
        -122.18361,
        37.75056
    ],
    "keywords": [
        73,
        20
    ]
}