{
    "id": 51549,
    "category": 40,
    "location": [
        -122.18528,
        37.70361
    ],
    "keywords": [
        41,
        46,
        60,
        28
    ]
}