{
    "id": 51541,
    "category": 40,
    "location": [
        -122.18222,
        37.81417
    ],
    "keywords": [
        70,
        72,
        49,
        69,
        10,
        21,
        11,
        35
    ]
}