{
    "id": 51566,
    "category": 40,
    "location": [
        -122.19556,
        37.84917
    ],
    "keywords": [
        23,
        37,
        34,
        71,
        2,
        66,
        55,
        75,
        21,
        58,
        4,
        73
    ]
}