{
    "id": 51595,
    "category": 40,
    "location": [
        -122.21028,
        37.81417
    ],
    "keywords": [
        56,
        2,
        64
    ]
}