{
    "id": 516,
    "category": 0,
    "location": [
        -119.62861,
        36.31833
    ],
    "keywords": [
        23,
        72,
        71,
        28,
        56,
        41,
        60,
        18,
        59
    ]
}