{
    "id": 51607,
    "category": 40,
    "location": [
        -122.21806,
        38.05583
    ],
    "keywords": [
        12,
        68,
        29,
        69,
        6,
        1,
        3,
        12
    ]
}