{
    "id": 51609,
    "category": 40,
    "location": [
        -122.21889,
        37.47278
    ],
    "keywords": [
        59,
        67,
        42,
        16,
        46,
        65,
        66,
        74,
        57,
        22,
        27,
        40,
        6,
        75
    ]
}