{
    "id": 51614,
    "category": 40,
    "location": [
        -122.22306,
        37.81889
    ],
    "keywords": [
        42,
        43,
        62,
        60,
        15,
        8,
        28,
        9,
        17,
        69,
        61,
        5,
        1,
        20
    ]
}