{
    "id": 51616,
    "category": 40,
    "location": [
        -122.22333,
        38.13972
    ],
    "keywords": []
}