{
    "id": 51638,
    "category": 40,
    "location": [
        -122.23222,
        37.77556
    ],
    "keywords": [
        62,
        72,
        64,
        51,
        7,
        22
    ]
}