{
    "id": 51635,
    "category": 40,
    "location": [
        -122.23056,
        40.17694
    ],
    "keywords": [
        2,
        59,
        14,
        29,
        26,
        16,
        60,
        24,
        27,
        11,
        1,
        66,
        24
    ]
}