{
    "id": 51634,
    "category": 40,
    "location": [
        -122.23056,
        38.11194
    ],
    "keywords": [
        53,
        64,
        51,
        68
    ]
}