{
    "id": 51653,
    "category": 40,
    "location": [
        -122.23583,
        37.75083
    ],
    "keywords": [
        74,
        8,
        40,
        33,
        73,
        27,
        5
    ]
}