{
    "id": 51667,
    "category": 40,
    "location": [
        -122.24222,
        38.09639
    ],
    "keywords": [
        41,
        65,
        8,
        17,
        32,
        31,
        41,
        36,
        71,
        3,
        9,
        4
    ]
}