{
    "id": 51666,
    "category": 40,
    "location": [
        -122.24222,
        37.49056
    ],
    "keywords": [
        68,
        19,
        10,
        46,
        16,
        71,
        26,
        7
    ]
}