{
    "id": 51676,
    "category": 40,
    "location": [
        -122.24389,
        38.13194
    ],
    "keywords": [
        16,
        32,
        22,
        39,
        72
    ]
}