{
    "id": 51672,
    "category": 40,
    "location": [
        -122.24306,
        37.77167
    ],
    "keywords": [
        22,
        1,
        32,
        4,
        14,
        25,
        61,
        54,
        61,
        19,
        28,
        57,
        13
    ]
}