{
    "id": 51678,
    "category": 40,
    "location": [
        -122.24556,
        37.82056
    ],
    "keywords": [
        7,
        39,
        30
    ]
}