{
    "id": 51688,
    "category": 40,
    "location": [
        -122.24861,
        38.10417
    ],
    "keywords": [
        65,
        7,
        58,
        20,
        5,
        47,
        58,
        62,
        39,
        46,
        12,
        23
    ]
}