{
    "id": 5168,
    "category": 11,
    "location": [
        -120.45861,
        38.13778
    ],
    "keywords": [
        56,
        35,
        28,
        4,
        1,
        11,
        41,
        70,
        62,
        30,
        4,
        48,
        19,
        23
    ]
}