{
    "id": 51712,
    "category": 40,
    "location": [
        -122.25667,
        37.84778
    ],
    "keywords": [
        34,
        48,
        34,
        13,
        16,
        49,
        20,
        2,
        20,
        32,
        9,
        59,
        12,
        41
    ]
}