{
    "id": 51719,
    "category": 40,
    "location": [
        -122.25861,
        37.56694
    ],
    "keywords": []
}