{
    "id": 5171,
    "category": 11,
    "location": [
        -120.46306,
        38.13806
    ],
    "keywords": [
        19
    ]
}