{
    "id": 51723,
    "category": 40,
    "location": [
        -122.25889,
        37.82389
    ],
    "keywords": [
        23,
        26
    ]
}