{
    "id": 51767,
    "category": 40,
    "location": [
        -122.26889,
        37.90139
    ],
    "keywords": [
        29,
        70,
        2,
        2,
        25
    ]
}