{
    "id": 51770,
    "category": 40,
    "location": [
        -122.26944,
        37.52861
    ],
    "keywords": []
}