{
    "id": 51774,
    "category": 40,
    "location": [
        -122.27083,
        37.96306
    ],
    "keywords": []
}