{
    "id": 5178,
    "category": 11,
    "location": [
        -120.46972,
        37.28444
    ],
    "keywords": []
}