{
    "id": 51783,
    "category": 40,
    "location": [
        -122.27222,
        37.76333
    ],
    "keywords": [
        44,
        51,
        16,
        36,
        55
    ]
}