{
    "id": 51794,
    "category": 40,
    "location": [
        -122.27472,
        37.49167
    ],
    "keywords": [
        16,
        5,
        59,
        0,
        26,
        3,
        45
    ]
}