{
    "id": 5179,
    "category": 11,
    "location": [
        -120.47083,
        35.04417
    ],
    "keywords": [
        63,
        16
    ]
}