{
    "id": 51817,
    "category": 40,
    "location": [
        -122.28167,
        37.82611
    ],
    "keywords": [
        68,
        24,
        29,
        54,
        45,
        3,
        54,
        70,
        55,
        19,
        25
    ]
}