{
    "id": 51852,
    "category": 40,
    "location": [
        -122.29417,
        40.47111
    ],
    "keywords": [
        1,
        14,
        41,
        30,
        48,
        51,
        55,
        62,
        43,
        34,
        68,
        1,
        31
    ]
}