{
    "id": 51867,
    "category": 40,
    "location": [
        -122.30194,
        40.44472
    ],
    "keywords": [
        51,
        4,
        75,
        74,
        24,
        34,
        15,
        60
    ]
}