{
    "id": 5187,
    "category": 11,
    "location": [
        -120.48222,
        37.30722
    ],
    "keywords": [
        46,
        30,
        56,
        73,
        69,
        70,
        30,
        7,
        71,
        18,
        62,
        31,
        61,
        63,
        51
    ]
}