{
    "id": 51880,
    "category": 40,
    "location": [
        -122.30639,
        37.53472
    ],
    "keywords": [
        68,
        67,
        55,
        27,
        49,
        45,
        8,
        0,
        51,
        54
    ]
}