{
    "id": 51898,
    "category": 40,
    "location": [
        -122.31611,
        37.86472
    ],
    "keywords": [
        59,
        67,
        69
    ]
}