{
    "id": 51902,
    "category": 40,
    "location": [
        -122.31917,
        38.29861
    ],
    "keywords": [
        61,
        22
    ]
}