{
    "id": 51905,
    "category": 40,
    "location": [
        -122.32056,
        37.93722
    ],
    "keywords": [
        16,
        45,
        45
    ]
}