{
    "id": 51913,
    "category": 40,
    "location": [
        -122.32333,
        40.46639
    ],
    "keywords": [
        41,
        65,
        25,
        35,
        70,
        58,
        0,
        55,
        31,
        55,
        19
    ]
}