{
    "id": 51919,
    "category": 40,
    "location": [
        -122.32583,
        37.11722
    ],
    "keywords": [
        38,
        8,
        69,
        23,
        57,
        12,
        11,
        3,
        58,
        15,
        0,
        56,
        39
    ]
}