{
    "id": 51946,
    "category": 40,
    "location": [
        -122.34361,
        37.92861
    ],
    "keywords": [
        43,
        15,
        57,
        71,
        1,
        70,
        21,
        15,
        51,
        48
    ]
}