{
    "id": 51951,
    "category": 40,
    "location": [
        -122.34694,
        37.57389
    ],
    "keywords": [
        30
    ]
}