{
    "id": 51950,
    "category": 40,
    "location": [
        -122.34639,
        37.91528
    ],
    "keywords": [
        38,
        64,
        51,
        20,
        23,
        10,
        33,
        70,
        13,
        61,
        38,
        75,
        39,
        15
    ]
}