{
    "id": 51958,
    "category": 40,
    "location": [
        -122.35278,
        37.59028
    ],
    "keywords": [
        41,
        16,
        20,
        28,
        29,
        32,
        41,
        12
    ]
}