{
    "id": 5195,
    "category": 11,
    "location": [
        -120.48917,
        37.30389
    ],
    "keywords": [
        15,
        66,
        39,
        8,
        61,
        16,
        49,
        5,
        38
    ]
}