{
    "id": 51954,
    "category": 40,
    "location": [
        -122.35056,
        41.17111
    ],
    "keywords": [
        43,
        20,
        28,
        62,
        17,
        33
    ]
}