{
    "id": 51969,
    "category": 40,
    "location": [
        -122.36139,
        38.00556
    ],
    "keywords": []
}