{
    "id": 51970,
    "category": 40,
    "location": [
        -122.36167,
        37.16528
    ],
    "keywords": [
        56,
        19,
        20,
        25,
        7
    ]
}