{
    "id": 51996,
    "category": 40,
    "location": [
        -122.38472,
        37.60472
    ],
    "keywords": []
}