{
    "id": 52001,
    "category": 40,
    "location": [
        -122.38556,
        41.43806
    ],
    "keywords": [
        35,
        75,
        18,
        24,
        22,
        34,
        65,
        28,
        67,
        67,
        59,
        17,
        9
    ]
}