{
    "id": 52015,
    "category": 40,
    "location": [
        -122.39611,
        37.75611
    ],
    "keywords": [
        51,
        6,
        18,
        47,
        32,
        41,
        40
    ]
}