{
    "id": 52016,
    "category": 40,
    "location": [
        -122.39722,
        37.57972
    ],
    "keywords": [
        37,
        26,
        75,
        63,
        69,
        1,
        20,
        40,
        33,
        8,
        70
    ]
}