{
    "id": 52028,
    "category": 40,
    "location": [
        -122.39889,
        37.59194
    ],
    "keywords": [
        44,
        19,
        46,
        15,
        8,
        46,
        64,
        25,
        70,
        25,
        0,
        65
    ]
}