{
    "id": 52056,
    "category": 40,
    "location": [
        -122.40778,
        38.55889
    ],
    "keywords": [
        40,
        70,
        67,
        7,
        18,
        25,
        27,
        30,
        57,
        46,
        33,
        18,
        66,
        68
    ]
}