{
    "id": 52059,
    "category": 40,
    "location": [
        -122.40889,
        37.72889
    ],
    "keywords": [
        30,
        31,
        23,
        4,
        11,
        57
    ]
}