{
    "id": 52067,
    "category": 40,
    "location": [
        -122.41167,
        37.75833
    ],
    "keywords": [
        70,
        47,
        56,
        73,
        56,
        46,
        18,
        64,
        10,
        43
    ]
}