{
    "id": 52082,
    "category": 40,
    "location": [
        -122.41472,
        37.77917
    ],
    "keywords": [
        26,
        73,
        30,
        54,
        52,
        27,
        15,
        10,
        62
    ]
}