{
    "id": 52088,
    "category": 40,
    "location": [
        -122.41556,
        37.71306
    ],
    "keywords": [
        54,
        18,
        10,
        2,
        49,
        61,
        39,
        71,
        34,
        26
    ]
}