{
    "id": 52127,
    "category": 40,
    "location": [
        -122.42778,
        37.80556
    ],
    "keywords": [
        58,
        17,
        33,
        14,
        43,
        52,
        43,
        73,
        72
    ]
}