{
    "id": 5212,
    "category": 11,
    "location": [
        -120.57722,
        37.36667
    ],
    "keywords": [
        68,
        73,
        69,
        30,
        11
    ]
}