{
    "id": 5213,
    "category": 11,
    "location": [
        -120.57972,
        35.10583
    ],
    "keywords": [
        41,
        22,
        17,
        75,
        7,
        13,
        29,
        0,
        6,
        49
    ]
}