{
    "id": 52145,
    "category": 40,
    "location": [
        -122.43389,
        37.77722
    ],
    "keywords": [
        30
    ]
}