{
    "id": 52156,
    "category": 40,
    "location": [
        -122.43778,
        37.76389
    ],
    "keywords": [
        21,
        54,
        64
    ]
}