{
    "id": 52173,
    "category": 40,
    "location": [
        -122.44722,
        37.76639
    ],
    "keywords": [
        72,
        12,
        56,
        45,
        21,
        72,
        33
    ]
}