{
    "id": 52179,
    "category": 40,
    "location": [
        -122.44889,
        37.88972
    ],
    "keywords": [
        12,
        5
    ]
}