{
    "id": 52189,
    "category": 40,
    "location": [
        -122.45278,
        37.62583
    ],
    "keywords": [
        1,
        50,
        7,
        61,
        61,
        34,
        64,
        56
    ]
}