{
    "id": 5218,
    "category": 11,
    "location": [
        -120.58944,
        35.12472
    ],
    "keywords": [
        64,
        18,
        50,
        69,
        11,
        12,
        1,
        32,
        6,
        34,
        4
    ]
}