{
    "id": 52196,
    "category": 40,
    "location": [
        -122.45528,
        38.29778
    ],
    "keywords": [
        6,
        27,
        0,
        59,
        19,
        75,
        55,
        29,
        64,
        57
    ]
}