{
    "id": 52214,
    "category": 40,
    "location": [
        -122.46361,
        37.77972
    ],
    "keywords": [
        5,
        73,
        36,
        2,
        18,
        35,
        32,
        14,
        48,
        48,
        17,
        4
    ]
}