{
    "id": 52211,
    "category": 40,
    "location": [
        -122.46194,
        38.29861
    ],
    "keywords": [
        30,
        51,
        30,
        62,
        24,
        4,
        73,
        54,
        9,
        49,
        4,
        75
    ]
}