{
    "id": 52230,
    "category": 40,
    "location": [
        -122.46917,
        37.71667
    ],
    "keywords": [
        46,
        67,
        62,
        62,
        14
    ]
}