{
    "id": 52233,
    "category": 40,
    "location": [
        -122.46944,
        38.29944
    ],
    "keywords": [
        10,
        54,
        64,
        38,
        68,
        67,
        27,
        56,
        56,
        15
    ]
}