{
    "id": 52243,
    "category": 40,
    "location": [
        -122.47556,
        37.73972
    ],
    "keywords": [
        63,
        61
    ]
}