{
    "id": 52256,
    "category": 40,
    "location": [
        -122.47889,
        38.30028
    ],
    "keywords": [
        29,
        15,
        69,
        58,
        54,
        75,
        55,
        48,
        64
    ]
}