{
    "id": 5226,
    "category": 11,
    "location": [
        -120.62694,
        36.98639
    ],
    "keywords": [
        32,
        38,
        1,
        8,
        2,
        23,
        5,
        66
    ]
}