{
    "id": 52265,
    "category": 40,
    "location": [
        -122.48194,
        37.68139
    ],
    "keywords": [
        54,
        60,
        7,
        14,
        22,
        56,
        68,
        61,
        5,
        50,
        43,
        30,
        37
    ]
}