{
    "id": 52291,
    "category": 40,
    "location": [
        -122.49333,
        37.66611
    ],
    "keywords": [
        50,
        29,
        62,
        55,
        51,
        50,
        0,
        33,
        56,
        73,
        8,
        75,
        40
    ]
}