{
    "id": 52302,
    "category": 40,
    "location": [
        -122.49833,
        37.72556
    ],
    "keywords": [
        33,
        18,
        74,
        33
    ]
}