{
    "id": 52318,
    "category": 40,
    "location": [
        -122.50861,
        37.51056
    ],
    "keywords": [
        26
    ]
}