{
    "id": 52313,
    "category": 40,
    "location": [
        -122.50472,
        37.89806
    ],
    "keywords": [
        51
    ]
}