{
    "id": 52336,
    "category": 40,
    "location": [
        -122.52333,
        38.00972
    ],
    "keywords": [
        33,
        50,
        74,
        43
    ]
}