{
    "id": 52352,
    "category": 40,
    "location": [
        -122.53472,
        37.93083
    ],
    "keywords": []
}