{
    "id": 52355,
    "category": 40,
    "location": [
        -122.53639,
        38.09806
    ],
    "keywords": [
        27,
        43
    ]
}