{
    "id": 52350,
    "category": 40,
    "location": [
        -122.53333,
        38.06083
    ],
    "keywords": [
        52,
        8,
        4
    ]
}