{
    "id": 5236,
    "category": 11,
    "location": [
        -120.65167,
        35.28889
    ],
    "keywords": [
        12,
        0,
        16,
        25,
        39,
        56,
        60,
        24,
        53,
        21,
        3,
        53,
        58,
        21
    ]
}