{
    "id": 52377,
    "category": 40,
    "location": [
        -122.55528,
        38.00556
    ],
    "keywords": [
        18,
        64,
        32,
        23,
        21,
        58
    ]
}