{
    "id": 5238,
    "category": 11,
    "location": [
        -120.65528,
        35.28083
    ],
    "keywords": [
        53,
        43,
        45,
        42
    ]
}