{
    "id": 52388,
    "category": 40,
    "location": [
        -122.56389,
        37.91306
    ],
    "keywords": [
        34,
        20,
        25,
        14,
        29,
        19
    ]
}