{
    "id": 52386,
    "category": 40,
    "location": [
        -122.56056,
        37.90611
    ],
    "keywords": [
        47,
        20,
        60,
        27,
        5,
        18,
        1,
        25,
        42,
        63,
        9,
        0,
        45,
        43
    ]
}