{
    "id": 5242,
    "category": 11,
    "location": [
        -120.66056,
        40.41972
    ],
    "keywords": [
        53,
        60,
        9,
        13,
        26,
        18,
        21,
        69,
        46,
        48,
        47,
        75,
        17,
        40
    ]
}