{
    "id": 52431,
    "category": 40,
    "location": [
        -122.60917,
        38.23528
    ],
    "keywords": []
}