{
    "id": 52468,
    "category": 40,
    "location": [
        -122.65278,
        38.02222
    ],
    "keywords": [
        26,
        20,
        57,
        53,
        72
    ]
}