{
    "id": 52466,
    "category": 40,
    "location": [
        -122.64889,
        38.11389
    ],
    "keywords": [
        17,
        46,
        7,
        37,
        67,
        35,
        6,
        70,
        16,
        19,
        46,
        11
    ]
}