{
    "id": 52469,
    "category": 40,
    "location": [
        -122.65417,
        38.45417
    ],
    "keywords": [
        63,
        19,
        59
    ]
}