{
    "id": 52489,
    "category": 40,
    "location": [
        -122.69139,
        38.34167
    ],
    "keywords": [
        64,
        6,
        39,
        38,
        40,
        75,
        17
    ]
}