{
    "id": 52499,
    "category": 40,
    "location": [
        -122.69972,
        38.33611
    ],
    "keywords": [
        69,
        56,
        50,
        50,
        41,
        69,
        26,
        6,
        63,
        66,
        38,
        11,
        9
    ]
}