{
    "id": 52511,
    "category": 40,
    "location": [
        -122.70972,
        38.43694
    ],
    "keywords": [
        48,
        61,
        50,
        50,
        72,
        44,
        16,
        7,
        32,
        31,
        29,
        26,
        66,
        62,
        49
    ]
}