{
    "id": 52532,
    "category": 40,
    "location": [
        -122.74861,
        38.44444
    ],
    "keywords": []
}