{
    "id": 52557,
    "category": 40,
    "location": [
        -122.85417,
        38.61556
    ],
    "keywords": [
        50,
        32,
        59,
        70,
        58,
        2,
        67,
        66
    ]
}