{
    "id": 52564,
    "category": 40,
    "location": [
        -122.88333,
        38.06667
    ],
    "keywords": [
        47,
        0,
        16,
        2,
        48,
        28,
        14,
        32,
        14,
        17,
        42,
        36,
        34,
        33,
        22
    ]
}