{
    "id": 5257,
    "category": 11,
    "location": [
        -120.66833,
        35.15472
    ],
    "keywords": [
        37,
        73,
        28,
        69,
        27,
        28
    ]
}