{
    "id": 52585,
    "category": 40,
    "location": [
        -123.05667,
        37.74583
    ],
    "keywords": [
        58,
        26,
        22,
        50,
        66,
        56,
        22,
        6
    ]
}