{
    "id": 52595,
    "category": 40,
    "location": [
        -123.20472,
        39.14806
    ],
    "keywords": [
        16,
        33,
        37,
        36,
        16,
        11,
        46
    ]
}