{
    "id": 52622,
    "category": 40,
    "location": [
        -123.59306,
        39.82694
    ],
    "keywords": [
        59,
        57,
        57
    ]
}