{
    "id": 52636,
    "category": 40,
    "location": [
        -123.77389,
        39.33306
    ],
    "keywords": [
        16,
        63,
        66,
        29,
        64,
        38,
        72,
        58,
        44,
        62,
        40,
        0,
        47,
        52
    ]
}