{
    "id": 52643,
    "category": 40,
    "location": [
        -123.79528,
        39.30861
    ],
    "keywords": [
        19,
        12,
        53,
        9,
        40,
        42,
        70
    ]
}