{
    "id": 5265,
    "category": 11,
    "location": [
        -120.68944,
        35.62694
    ],
    "keywords": [
        4,
        57,
        25,
        12,
        54,
        33
    ]
}