{
    "id": 5266,
    "category": 11,
    "location": [
        -120.68944,
        35.62806
    ],
    "keywords": [
        22,
        60,
        38,
        27,
        71,
        50,
        18,
        50
    ]
}