{
    "id": 52674,
    "category": 40,
    "location": [
        -124.11722,
        41.67083
    ],
    "keywords": [
        14,
        14,
        28,
        22,
        59,
        15,
        27,
        39,
        60,
        52,
        25,
        56,
        70
    ]
}