{
    "id": 52709,
    "category": 41,
    "location": [
        -116.06472,
        33.36778
    ],
    "keywords": [
        3,
        39,
        52,
        17,
        45,
        8,
        62,
        54,
        27,
        53,
        11,
        3,
        43
    ]
}