{
    "id": 52710,
    "category": 41,
    "location": [
        -116.24167,
        34.04722
    ],
    "keywords": [
        73,
        17,
        57,
        28,
        4,
        56,
        25,
        66,
        15,
        58,
        28,
        12,
        24
    ]
}