{
    "id": 52725,
    "category": 41,
    "location": [
        -118.29139,
        36.57444
    ],
    "keywords": [
        41,
        33,
        41,
        22,
        39,
        43,
        67,
        72
    ]
}