{
    "id": 52720,
    "category": 41,
    "location": [
        -117.74806,
        34.26111
    ],
    "keywords": [
        68,
        0,
        41,
        63,
        72,
        4,
        36,
        66
    ]
}