{
    "id": 52727,
    "category": 41,
    "location": [
        -118.34639,
        36.73639
    ],
    "keywords": [
        0,
        60,
        3,
        69,
        73,
        11,
        21,
        29
    ]
}