{
    "id": 52746,
    "category": 41,
    "location": [
        -118.86556,
        36.65583
    ],
    "keywords": [
        31,
        16,
        36,
        60,
        40,
        67,
        26,
        29,
        28,
        52,
        26,
        66,
        69
    ]
}