{
    "id": 52781,
    "category": 41,
    "location": [
        -119.76972,
        38.60306
    ],
    "keywords": [
        63,
        31,
        12
    ]
}