{
    "id": 52783,
    "category": 41,
    "location": [
        -119.98861,
        38.69472
    ],
    "keywords": [
        23,
        4,
        48
    ]
}