{
    "id": 52780,
    "category": 41,
    "location": [
        -119.71361,
        37.71389
    ],
    "keywords": [
        24,
        72,
        6,
        72,
        45,
        62,
        12,
        26,
        37,
        13,
        30,
        10
    ]
}