{
    "id": 528,
    "category": 0,
    "location": [
        -119.72139,
        36.67306
    ],
    "keywords": [
        34,
        54,
        49,
        59,
        65,
        71,
        47,
        50,
        28,
        67,
        3,
        63,
        43,
        43,
        19
    ]
}