{
    "id": 52824,
    "category": 41,
    "location": [
        -121.03361,
        38.89972
    ],
    "keywords": [
        9,
        10,
        5,
        47,
        50,
        40,
        1,
        59,
        51,
        48,
        14,
        19,
        65
    ]
}