{
    "id": 52821,
    "category": 41,
    "location": [
        -120.93333,
        41.42278
    ],
    "keywords": [
        59,
        22
    ]
}