{
    "id": 52835,
    "category": 41,
    "location": [
        -121.31361,
        39.83278
    ],
    "keywords": [
        13,
        39,
        24,
        9,
        64,
        23,
        20,
        62,
        48,
        38,
        42,
        56
    ]
}