{
    "id": 52841,
    "category": 41,
    "location": [
        -121.48917,
        40.53528
    ],
    "keywords": [
        5,
        41,
        63,
        3,
        67,
        33
    ]
}