{
    "id": 52862,
    "category": 41,
    "location": [
        -121.98333,
        37.88139
    ],
    "keywords": [
        68,
        21,
        25,
        6,
        67,
        33
    ]
}