{
    "id": 52872,
    "category": 41,
    "location": [
        -122.19944,
        38.44611
    ],
    "keywords": [
        7,
        60,
        45,
        19,
        22,
        60,
        45,
        72,
        20,
        62
    ]
}