{
    "id": 52879,
    "category": 41,
    "location": [
        -122.26694,
        37.07778
    ],
    "keywords": [
        36,
        22,
        44,
        66,
        59,
        65,
        1,
        40,
        4,
        68,
        37,
        35,
        38
    ]
}