{
    "id": 52897,
    "category": 41,
    "location": [
        -122.63667,
        37.95778
    ],
    "keywords": [
        75,
        72,
        47,
        54,
        26,
        5,
        9,
        36,
        13
    ]
}