{
    "id": 52891,
    "category": 41,
    "location": [
        -122.59528,
        37.90806
    ],
    "keywords": [
        39,
        53,
        66,
        17,
        20
    ]
}