{
    "id": 52905,
    "category": 41,
    "location": [
        -122.71667,
        38.78111
    ],
    "keywords": [
        37,
        2,
        5,
        48,
        13
    ]
}