{
    "id": 52915,
    "category": 41,
    "location": [
        -122.82306,
        39.73056
    ],
    "keywords": [
        63,
        23,
        72,
        27
    ]
}