{
    "id": 52933,
    "category": 41,
    "location": [
        -123.04194,
        38.36417
    ],
    "keywords": []
}