{
    "id": 52940,
    "category": 41,
    "location": [
        -123.05583,
        40.34889
    ],
    "keywords": [
        26,
        51,
        8,
        5,
        64,
        40,
        11,
        21,
        15,
        50
    ]
}