{
    "id": 52966,
    "category": 41,
    "location": [
        -123.51611,
        40.74972
    ],
    "keywords": [
        3,
        27,
        69,
        2,
        34,
        24,
        72,
        49,
        57
    ]
}