{
    "id": 52970,
    "category": 41,
    "location": [
        -123.56028,
        40.07056
    ],
    "keywords": [
        1,
        33,
        10,
        50,
        37,
        74,
        41,
        18,
        66
    ]
}