{
    "id": 52976,
    "category": 41,
    "location": [
        -123.64333,
        40.51194
    ],
    "keywords": [
        6,
        67,
        48,
        6,
        14,
        55,
        42,
        32,
        65
    ]
}