{
    "id": 52971,
    "category": 41,
    "location": [
        -123.56472,
        40.43222
    ],
    "keywords": [
        35,
        4,
        23
    ]
}