{
    "id": 52983,
    "category": 41,
    "location": [
        -123.67361,
        40.61472
    ],
    "keywords": [
        39,
        73
    ]
}