{
    "id": 52982,
    "category": 41,
    "location": [
        -123.66278,
        40.39778
    ],
    "keywords": [
        42,
        72,
        50,
        47,
        0,
        28,
        7,
        57,
        25,
        59,
        29,
        72
    ]
}