{
    "id": 52996,
    "category": 41,
    "location": [
        -123.84361,
        40.56083
    ],
    "keywords": [
        35,
        9,
        58,
        74,
        15,
        31,
        40,
        5,
        66,
        68,
        64,
        28,
        46
    ]
}