{
    "id": 53001,
    "category": 41,
    "location": [
        -123.92167,
        40.17361
    ],
    "keywords": [
        7,
        9,
        53
    ]
}