{
    "id": 5300,
    "category": 11,
    "location": [
        -120.80222,
        38.39361
    ],
    "keywords": [
        59,
        11,
        74,
        51,
        36,
        71,
        75,
        16,
        25,
        60,
        32,
        53,
        1,
        34
    ]
}