{
    "id": 53002,
    "category": 41,
    "location": [
        -123.92333,
        40.37389
    ],
    "keywords": [
        20,
        61,
        14,
        62
    ]
}