{
    "id": 53003,
    "category": 41,
    "location": [
        -123.98472,
        40.34222
    ],
    "keywords": [
        70,
        5,
        40,
        3,
        37,
        61,
        56,
        50,
        21,
        24,
        70,
        9,
        52,
        61,
        50
    ]
}