{
    "id": 5301,
    "category": 11,
    "location": [
        -120.80278,
        35.86194
    ],
    "keywords": [
        39,
        34,
        30,
        27,
        36,
        15,
        42,
        3,
        45,
        63,
        17
    ]
}