{
    "id": 53010,
    "category": 41,
    "location": [
        -124.32028,
        40.45444
    ],
    "keywords": []
}