{
    "id": 53026,
    "category": 42,
    "location": [
        -120.05444,
        35.93083
    ],
    "keywords": [
        24,
        56,
        21,
        9,
        2
    ]
}