{
    "id": 531,
    "category": 0,
    "location": [
        -119.75361,
        36.73694
    ],
    "keywords": [
        58,
        36,
        44,
        9,
        23,
        9,
        74,
        32,
        73,
        52
    ]
}