{
    "id": 5311,
    "category": 11,
    "location": [
        -120.82583,
        38.72667
    ],
    "keywords": [
        74,
        12
    ]
}