{
    "id": 5313,
    "category": 11,
    "location": [
        -120.82917,
        39.55917
    ],
    "keywords": [
        66,
        27,
        40
    ]
}