{
    "id": 5317,
    "category": 11,
    "location": [
        -120.83694,
        35.31306
    ],
    "keywords": [
        44,
        70,
        62,
        9,
        52,
        58,
        10,
        43,
        68,
        36,
        5,
        73
    ]
}