{
    "id": 532,
    "category": 0,
    "location": [
        -119.75972,
        36.71917
    ],
    "keywords": [
        7,
        37,
        8,
        19,
        22,
        27,
        30,
        16,
        6,
        27,
        73
    ]
}