{
    "id": 5324,
    "category": 11,
    "location": [
        -120.84333,
        35.34694
    ],
    "keywords": [
        58,
        18,
        1,
        60
    ]
}