{
    "id": 5327,
    "category": 11,
    "location": [
        -120.84528,
        37.05639
    ],
    "keywords": [
        60,
        73,
        2,
        11,
        16
    ]
}