{
    "id": 5331,
    "category": 11,
    "location": [
        -120.84611,
        38.48111
    ],
    "keywords": [
        66,
        3,
        65,
        7,
        11,
        11,
        51,
        40,
        37,
        68,
        40,
        17,
        11,
        56
    ]
}