{
    "id": 53334,
    "category": 43,
    "location": [
        -115.62111,
        33.03639
    ],
    "keywords": [
        36,
        62,
        57,
        24,
        20,
        63,
        15,
        23,
        47,
        65,
        17,
        51
    ]
}