{
    "id": 53350,
    "category": 43,
    "location": [
        -116.39361,
        33.81667
    ],
    "keywords": [
        24,
        61,
        56,
        42,
        41,
        58,
        45,
        46,
        17,
        71,
        51
    ]
}