{
    "id": 53357,
    "category": 43,
    "location": [
        -116.52806,
        32.82167
    ],
    "keywords": [
        53,
        71,
        16,
        24,
        49,
        74,
        27,
        55,
        35,
        70,
        40,
        73
    ]
}