{
    "id": 53396,
    "category": 43,
    "location": [
        -117.08417,
        32.63944
    ],
    "keywords": [
        72,
        45,
        59,
        29
    ]
}