{
    "id": 53408,
    "category": 43,
    "location": [
        -117.15167,
        33.49694
    ],
    "keywords": [
        4,
        35,
        18,
        64,
        3,
        68,
        30,
        61,
        6,
        64,
        32,
        33,
        5,
        31
    ]
}