{
    "id": 53428,
    "category": 43,
    "location": [
        -117.23278,
        34.23917
    ],
    "keywords": [
        21,
        62,
        19,
        54,
        27,
        37,
        57,
        48,
        8,
        25,
        72,
        19,
        38,
        51,
        8
    ]
}