{
    "id": 53423,
    "category": 43,
    "location": [
        -117.20889,
        34.24611
    ],
    "keywords": [
        55,
        5,
        37,
        28,
        59,
        56
    ]
}