{
    "id": 53432,
    "category": 43,
    "location": [
        -117.24361,
        32.79806
    ],
    "keywords": [
        49,
        55
    ]
}