{
    "id": 53446,
    "category": 43,
    "location": [
        -117.28722,
        34.41611
    ],
    "keywords": [
        38,
        21,
        73,
        1,
        38,
        3,
        5,
        47
    ]
}