{
    "id": 53459,
    "category": 43,
    "location": [
        -117.36444,
        34.58694
    ],
    "keywords": [
        53,
        27,
        35
    ]
}