{
    "id": 53466,
    "category": 43,
    "location": [
        -117.43556,
        34.10306
    ],
    "keywords": [
        52,
        35,
        28,
        16,
        28,
        4,
        36,
        37,
        10,
        53,
        0
    ]
}