{
    "id": 53485,
    "category": 43,
    "location": [
        -117.66833,
        35.62778
    ],
    "keywords": [
        9,
        6,
        37,
        60,
        55,
        35,
        63,
        9,
        2,
        37,
        22,
        42,
        23,
        66
    ]
}