{
    "id": 53493,
    "category": 43,
    "location": [
        -117.81167,
        35.64667
    ],
    "keywords": [
        30,
        55,
        27,
        61,
        1,
        2,
        64,
        12,
        18,
        57,
        48
    ]
}