{
    "id": 53503,
    "category": 43,
    "location": [
        -117.86611,
        34.13806
    ],
    "keywords": []
}