{
    "id": 53512,
    "category": 43,
    "location": [
        -117.95889,
        35.12667
    ],
    "keywords": [
        23,
        51,
        24
    ]
}