{
    "id": 53535,
    "category": 43,
    "location": [
        -118.16556,
        34.86417
    ],
    "keywords": [
        67,
        49,
        10,
        29,
        26,
        59,
        6,
        64,
        56,
        44,
        17,
        57,
        51
    ]
}