{
    "id": 53567,
    "category": 43,
    "location": [
        -118.27278,
        34.05472
    ],
    "keywords": [
        67,
        21,
        75
    ]
}