{
    "id": 53571,
    "category": 43,
    "location": [
        -118.29111,
        34.02583
    ],
    "keywords": [
        71,
        26,
        4,
        39,
        50,
        62,
        31
    ]
}