{
    "id": 53570,
    "category": 43,
    "location": [
        -118.29056,
        34.25167
    ],
    "keywords": [
        51,
        72,
        75,
        33,
        8,
        26,
        53,
        23
    ]
}