{
    "id": 53581,
    "category": 43,
    "location": [
        -118.32611,
        34.03944
    ],
    "keywords": [
        37,
        14,
        21,
        13,
        69,
        22,
        74,
        59,
        1,
        21,
        41,
        26
    ]
}