{
    "id": 53597,
    "category": 43,
    "location": [
        -118.41472,
        33.91806
    ],
    "keywords": [
        20,
        50
    ]
}