{
    "id": 53603,
    "category": 43,
    "location": [
        -118.48194,
        33.99972
    ],
    "keywords": [
        46,
        67,
        29,
        31,
        75,
        67,
        8,
        59,
        71,
        73,
        25,
        0
    ]
}