{
    "id": 53649,
    "category": 43,
    "location": [
        -119.20611,
        36.30056
    ],
    "keywords": [
        16,
        8,
        0,
        69,
        2
    ]
}