{
    "id": 53652,
    "category": 43,
    "location": [
        -119.22611,
        38.25472
    ],
    "keywords": [
        60,
        17,
        36
    ]
}