{
    "id": 53653,
    "category": 43,
    "location": [
        -119.22861,
        35.67778
    ],
    "keywords": [
        17,
        31,
        12,
        37,
        19,
        72
    ]
}