{
    "id": 53664,
    "category": 43,
    "location": [
        -119.29806,
        34.39667
    ],
    "keywords": []
}