{
    "id": 53693,
    "category": 43,
    "location": [
        -119.64889,
        37.33056
    ],
    "keywords": [
        43,
        50,
        44,
        33,
        8,
        47,
        5,
        73,
        26,
        64,
        54,
        2,
        69,
        25,
        34
    ]
}