{
    "id": 53713,
    "category": 43,
    "location": [
        -119.90306,
        36.60083
    ],
    "keywords": [
        4,
        34,
        17,
        31,
        10,
        3
    ]
}