{
    "id": 53721,
    "category": 43,
    "location": [
        -119.97639,
        38.93417
    ],
    "keywords": [
        72,
        50,
        40,
        44,
        51,
        60,
        62,
        26,
        61,
        21,
        49,
        10,
        4
    ]
}