{
    "id": 53724,
    "category": 43,
    "location": [
        -120.01528,
        36.80306
    ],
    "keywords": [
        42,
        43,
        53,
        47,
        65,
        68,
        8,
        61,
        58,
        67,
        69
    ]
}