{
    "id": 53727,
    "category": 43,
    "location": [
        -120.04056,
        38.83389
    ],
    "keywords": [
        22
    ]
}