{
    "id": 53722,
    "category": 43,
    "location": [
        -120.00028,
        38.47861
    ],
    "keywords": [
        20,
        53,
        37,
        33,
        67,
        63
    ]
}