{
    "id": 53745,
    "category": 43,
    "location": [
        -120.15167,
        37.03972
    ],
    "keywords": [
        71,
        4,
        70,
        54,
        58,
        51,
        19,
        47,
        68
    ]
}