{
    "id": 53743,
    "category": 43,
    "location": [
        -120.14028,
        39.07333
    ],
    "keywords": [
        62,
        61,
        2,
        3
    ]
}