{
    "id": 53758,
    "category": 43,
    "location": [
        -120.27611,
        38.30139
    ],
    "keywords": [
        26,
        30,
        27,
        19,
        31,
        1,
        46,
        65,
        70,
        1,
        27,
        75
    ]
}