{
    "id": 53761,
    "category": 43,
    "location": [
        -120.29028,
        39.32111
    ],
    "keywords": []
}