{
    "id": 53804,
    "category": 43,
    "location": [
        -120.62639,
        36.98639
    ],
    "keywords": [
        22,
        66,
        23,
        65,
        66,
        38,
        71,
        51
    ]
}