{
    "id": 53816,
    "category": 43,
    "location": [
        -120.68583,
        38.19806
    ],
    "keywords": [
        19,
        23,
        12,
        46
    ]
}