{
    "id": 53814,
    "category": 43,
    "location": [
        -120.67278,
        38.73806
    ],
    "keywords": [
        24
    ]
}