{
    "id": 53825,
    "category": 43,
    "location": [
        -120.72306,
        38.56222
    ],
    "keywords": [
        37
    ]
}