{
    "id": 5382,
    "category": 11,
    "location": [
        -120.99139,
        37.64417
    ],
    "keywords": [
        3,
        55,
        64,
        8,
        0,
        65,
        32,
        58,
        3,
        37,
        12,
        16
    ]
}