{
    "id": 53826,
    "category": 43,
    "location": [
        -120.73222,
        35.18056
    ],
    "keywords": [
        42,
        56,
        50
    ]
}