{
    "id": 53846,
    "category": 43,
    "location": [
        -120.86444,
        37.59694
    ],
    "keywords": [
        57,
        50,
        53,
        62,
        12,
        24,
        33
    ]
}