{
    "id": 53853,
    "category": 43,
    "location": [
        -120.91111,
        40.09556
    ],
    "keywords": [
        17,
        67,
        1,
        36,
        28,
        5,
        49,
        14,
        64,
        29
    ]
}