{
    "id": 53878,
    "category": 43,
    "location": [
        -121.10139,
        39.37028
    ],
    "keywords": [
        17,
        9,
        14,
        0,
        19,
        67,
        47,
        65,
        48,
        21
    ]
}