{
    "id": 53900,
    "category": 43,
    "location": [
        -121.26944,
        37.88444
    ],
    "keywords": [
        39,
        58,
        21,
        70
    ]
}