{
    "id": 53939,
    "category": 43,
    "location": [
        -121.54972,
        40.91944
    ],
    "keywords": [
        31,
        66,
        31,
        49,
        61,
        25,
        4,
        0,
        54,
        5
    ]
}