{
    "id": 53943,
    "category": 43,
    "location": [
        -121.56722,
        37.00583
    ],
    "keywords": [
        67,
        72,
        4,
        48,
        59,
        58,
        17,
        44,
        13,
        67,
        71,
        31
    ]
}