{
    "id": 53945,
    "category": 43,
    "location": [
        -121.57861,
        39.80667
    ],
    "keywords": [
        14,
        28,
        61,
        75,
        16,
        23
    ]
}