{
    "id": 53957,
    "category": 43,
    "location": [
        -121.66167,
        39.27472
    ],
    "keywords": [
        62
    ]
}