{
    "id": 53964,
    "category": 43,
    "location": [
        -121.70694,
        37.99583
    ],
    "keywords": [
        42,
        59,
        30,
        9,
        50,
        24,
        26
    ]
}