{
    "id": 53977,
    "category": 43,
    "location": [
        -121.80278,
        36.68278
    ],
    "keywords": [
        23
    ]
}