{
    "id": 53978,
    "category": 43,
    "location": [
        -121.80472,
        38.73361
    ],
    "keywords": [
        22,
        61,
        28,
        50,
        53,
        54,
        41,
        25,
        34,
        44,
        16,
        22,
        60,
        33
    ]
}