{
    "id": 53970,
    "category": 43,
    "location": [
        -121.74778,
        39.16056
    ],
    "keywords": [
        55,
        11
    ]
}