{
    "id": 5399,
    "category": 11,
    "location": [
        -121.00889,
        37.65194
    ],
    "keywords": [
        18,
        51,
        70,
        60,
        46,
        39,
        25,
        38,
        2,
        34,
        58,
        46,
        34,
        9
    ]
}