{
    "id": 54010,
    "category": 43,
    "location": [
        -121.95528,
        36.98833
    ],
    "keywords": [
        28,
        44,
        3,
        9,
        19,
        23
    ]
}