{
    "id": 54022,
    "category": 43,
    "location": [
        -122.00528,
        39.21361
    ],
    "keywords": [
        40,
        36,
        11,
        5,
        17,
        33,
        36,
        56
    ]
}