{
    "id": 54032,
    "category": 43,
    "location": [
        -122.03056,
        37.25944
    ],
    "keywords": [
        42,
        21,
        3,
        31,
        64,
        17,
        67,
        12,
        38,
        38,
        12,
        65
    ]
}