{
    "id": 54034,
    "category": 43,
    "location": [
        -122.03194,
        37.35194
    ],
    "keywords": [
        3,
        12,
        38,
        1,
        44,
        44,
        62,
        27
    ]
}