{
    "id": 54046,
    "category": 43,
    "location": [
        -122.07778,
        37.69639
    ],
    "keywords": []
}