{
    "id": 54059,
    "category": 43,
    "location": [
        -122.13806,
        41.25417
    ],
    "keywords": [
        22,
        61,
        23,
        74,
        34,
        1,
        45,
        3,
        1,
        22
    ]
}