{
    "id": 54061,
    "category": 43,
    "location": [
        -122.14917,
        39.15417
    ],
    "keywords": [
        16,
        59,
        54,
        29,
        56,
        43,
        41,
        44,
        1,
        62,
        20,
        21,
        4,
        61,
        64
    ]
}