{
    "id": 54074,
    "category": 43,
    "location": [
        -122.19417,
        39.27667
    ],
    "keywords": [
        59,
        22,
        54,
        34,
        54,
        72,
        40
    ]
}