{
    "id": 54096,
    "category": 43,
    "location": [
        -122.26306,
        37.55167
    ],
    "keywords": [
        35,
        60
    ]
}