{
    "id": 54101,
    "category": 43,
    "location": [
        -122.26778,
        37.85472
    ],
    "keywords": [
        7,
        47,
        56,
        9,
        66,
        21,
        21,
        75,
        41,
        9,
        6,
        65,
        73,
        8,
        38
    ]
}