{
    "id": 54114,
    "category": 43,
    "location": [
        -122.29028,
        38.00444
    ],
    "keywords": [
        32,
        44,
        24,
        59,
        24,
        63,
        40,
        63,
        37,
        62,
        60,
        31,
        27,
        71,
        7
    ]
}