{
    "id": 54111,
    "category": 43,
    "location": [
        -122.27861,
        37.85472
    ],
    "keywords": [
        37,
        10,
        57,
        24
    ]
}