{
    "id": 5414,
    "category": 11,
    "location": [
        -121.02694,
        37.62194
    ],
    "keywords": [
        73,
        32,
        15,
        5
    ]
}