{
    "id": 54166,
    "category": 43,
    "location": [
        -122.48139,
        38.31444
    ],
    "keywords": [
        62,
        47,
        62,
        32,
        28,
        4,
        44,
        26,
        8
    ]
}