{
    "id": 54160,
    "category": 43,
    "location": [
        -122.45722,
        38.28944
    ],
    "keywords": []
}