{
    "id": 54173,
    "category": 43,
    "location": [
        -122.49667,
        37.59889
    ],
    "keywords": []
}