{
    "id": 54172,
    "category": 43,
    "location": [
        -122.49056,
        37.64917
    ],
    "keywords": [
        18,
        70,
        44,
        39,
        44,
        61,
        70,
        4,
        35,
        14,
        65,
        35,
        61
    ]
}