{
    "id": 54171,
    "category": 43,
    "location": [
        -122.48722,
        40.59667
    ],
    "keywords": [
        40,
        21,
        64,
        22,
        56,
        68,
        43,
        23,
        69,
        65,
        41,
        64
    ]
}