{
    "id": 54183,
    "category": 43,
    "location": [
        -122.53472,
        37.93639
    ],
    "keywords": [
        56,
        65,
        6,
        56
    ]
}