{
    "id": 54192,
    "category": 43,
    "location": [
        -122.57667,
        38.57833
    ],
    "keywords": [
        28
    ]
}