{
    "id": 54210,
    "category": 43,
    "location": [
        -122.69833,
        38.32833
    ],
    "keywords": [
        7,
        71,
        1,
        45,
        19,
        48,
        45,
        11,
        26
    ]
}