{
    "id": 54244,
    "category": 43,
    "location": [
        -122.94139,
        40.73333
    ],
    "keywords": []
}