{
    "id": 54249,
    "category": 43,
    "location": [
        -122.96333,
        38.24944
    ],
    "keywords": [
        42,
        7,
        38,
        19
    ]
}