{
    "id": 54242,
    "category": 43,
    "location": [
        -122.91333,
        39.04389
    ],
    "keywords": [
        45,
        54,
        16
    ]
}