{
    "id": 54256,
    "category": 43,
    "location": [
        -123.02333,
        38.47361
    ],
    "keywords": [
        56,
        31,
        37,
        39,
        75,
        68,
        61,
        39,
        40
    ]
}