{
    "id": 54261,
    "category": 43,
    "location": [
        -123.11417,
        38.44972
    ],
    "keywords": [
        66,
        75,
        19,
        23,
        23,
        54,
        27
    ]
}