{
    "id": 54275,
    "category": 43,
    "location": [
        -123.45611,
        40.61694
    ],
    "keywords": [
        22,
        59,
        24
    ]
}