{
    "id": 5427,
    "category": 11,
    "location": [
        -121.07611,
        37.06889
    ],
    "keywords": [
        50,
        16,
        18,
        35,
        42,
        23,
        56,
        2,
        22
    ]
}