{
    "id": 54282,
    "category": 43,
    "location": [
        -123.80194,
        39.44444
    ],
    "keywords": [
        68,
        19,
        24,
        30,
        30,
        71
    ]
}