{
    "id": 54287,
    "category": 43,
    "location": [
        -124.10083,
        40.94417
    ],
    "keywords": [
        62,
        66,
        8,
        61,
        12,
        44,
        27,
        53,
        43,
        20,
        56,
        60
    ]
}