{
    "id": 54288,
    "category": 43,
    "location": [
        -124.16278,
        40.80194
    ],
    "keywords": [
        48,
        51,
        1,
        3,
        8
    ]
}