{
    "id": 54290,
    "category": 43,
    "location": [
        -124.22389,
        40.63972
    ],
    "keywords": [
        26,
        74,
        63,
        29,
        17,
        3,
        21,
        54,
        4,
        26,
        74,
        52,
        61
    ]
}