{
    "id": 5432,
    "category": 11,
    "location": [
        -121.09194,
        35.56278
    ],
    "keywords": []
}