{
    "id": 5437,
    "category": 11,
    "location": [
        -121.11278,
        37.73889
    ],
    "keywords": [
        3,
        21,
        12
    ]
}