{
    "id": 5439,
    "category": 11,
    "location": [
        -121.12306,
        36.21444
    ],
    "keywords": [
        69,
        47,
        21,
        41,
        8,
        23,
        25,
        44,
        41,
        12,
        23
    ]
}