{
    "id": 5467,
    "category": 11,
    "location": [
        -121.17722,
        38.67694
    ],
    "keywords": [
        53,
        43,
        56,
        34,
        32,
        17,
        14,
        10,
        3,
        61,
        70
    ]
}