{
    "id": 5484,
    "category": 11,
    "location": [
        -121.24889,
        35.88139
    ],
    "keywords": [
        41,
        18,
        29,
        23,
        56,
        30,
        63,
        30,
        44,
        61
    ]
}