{
    "id": 5490,
    "category": 11,
    "location": [
        -121.26472,
        38.12639
    ],
    "keywords": [
        0,
        40,
        1,
        48,
        40,
        2
    ]
}