{
    "id": 54929,
    "category": 44,
    "location": [
        -114.64917,
        33.69417
    ],
    "keywords": [
        57,
        74,
        30,
        27,
        37,
        36,
        38,
        63,
        71
    ]
}