{
    "id": 54928,
    "category": 44,
    "location": [
        -114.63389,
        32.73944
    ],
    "keywords": [
        35,
        15,
        1,
        57,
        33,
        27,
        23,
        0,
        74,
        53,
        29
    ]
}