{
    "id": 54930,
    "category": 44,
    "location": [
        -114.65528,
        33.52528
    ],
    "keywords": [
        5,
        11,
        70,
        55,
        20,
        59
    ]
}