{
    "id": 54944,
    "category": 44,
    "location": [
        -114.80139,
        33.86111
    ],
    "keywords": [
        27,
        5,
        54,
        11,
        60,
        51,
        66,
        73,
        12,
        52,
        34,
        24,
        22,
        60
    ]
}