{
    "id": 5495,
    "category": 11,
    "location": [
        -121.27444,
        38.51278
    ],
    "keywords": [
        43,
        55,
        29
    ]
}