{
    "id": 54950,
    "category": 44,
    "location": [
        -114.89611,
        32.86222
    ],
    "keywords": [
        74,
        19,
        70,
        13,
        17,
        61
    ]
}