{
    "id": 54976,
    "category": 44,
    "location": [
        -115.30972,
        35.34056
    ],
    "keywords": [
        54,
        18,
        4,
        1,
        64,
        55,
        33,
        8,
        72
    ]
}