{
    "id": 54995,
    "category": 44,
    "location": [
        -115.41417,
        33.04056
    ],
    "keywords": [
        17,
        56,
        24,
        54,
        14,
        70,
        6,
        75,
        68,
        48,
        33,
        59
    ]
}