{
    "id": 54999,
    "category": 44,
    "location": [
        -115.44861,
        35.27111
    ],
    "keywords": [
        58,
        5,
        18,
        23,
        6,
        9,
        45
    ]
}