{
    "id": 55017,
    "category": 44,
    "location": [
        -115.52889,
        32.73083
    ],
    "keywords": [
        19,
        21,
        53,
        74,
        7,
        21
    ]
}