{
    "id": 55024,
    "category": 44,
    "location": [
        -115.56833,
        33.27361
    ],
    "keywords": [
        13,
        75,
        7,
        28,
        19,
        75,
        54,
        64,
        18
    ]
}