{
    "id": 55033,
    "category": 44,
    "location": [
        -115.63833,
        32.67833
    ],
    "keywords": [
        4,
        12,
        20,
        8
    ]
}