{
    "id": 55047,
    "category": 44,
    "location": [
        -115.76944,
        32.79083
    ],
    "keywords": [
        17,
        17,
        0,
        26,
        75,
        4,
        53,
        47,
        1,
        72,
        22,
        63,
        2,
        6,
        41
    ]
}