{
    "id": 55068,
    "category": 44,
    "location": [
        -115.96306,
        33.67833
    ],
    "keywords": [
        62,
        28,
        73,
        55,
        50,
        66,
        72,
        72,
        16,
        39,
        14,
        59,
        51,
        73
    ]
}