{
    "id": 55069,
    "category": 44,
    "location": [
        -115.96667,
        32.73861
    ],
    "keywords": [
        57,
        48,
        51,
        73,
        35,
        39,
        69,
        44,
        64,
        9,
        55,
        67,
        41
    ]
}