{
    "id": 55070,
    "category": 44,
    "location": [
        -115.97639,
        33.29694
    ],
    "keywords": [
        36,
        38,
        39,
        6,
        1,
        64,
        72,
        24,
        12,
        17,
        63,
        40,
        51,
        61,
        16
    ]
}