{
    "id": 55086,
    "category": 44,
    "location": [
        -116.08944,
        34.13528
    ],
    "keywords": [
        34,
        64,
        75,
        25,
        41,
        30,
        23,
        32
    ]
}