{
    "id": 55092,
    "category": 44,
    "location": [
        -116.12361,
        35.47778
    ],
    "keywords": [
        15,
        21,
        45
    ]
}