{
    "id": 55093,
    "category": 44,
    "location": [
        -116.12389,
        35.58556
    ],
    "keywords": [
        26,
        16
    ]
}