{
    "id": 55108,
    "category": 44,
    "location": [
        -116.17944,
        33.56889
    ],
    "keywords": [
        22,
        16,
        31,
        61,
        40,
        46,
        17,
        66,
        22,
        23
    ]
}