{
    "id": 55119,
    "category": 44,
    "location": [
        -116.21778,
        32.91972
    ],
    "keywords": [
        9
    ]
}