{
    "id": 55148,
    "category": 44,
    "location": [
        -116.29417,
        35.04306
    ],
    "keywords": [
        61,
        65,
        58,
        48,
        40
    ]
}