{
    "id": 55141,
    "category": 44,
    "location": [
        -116.27278,
        32.66361
    ],
    "keywords": [
        67,
        8,
        56,
        25,
        17,
        6,
        7,
        41,
        57,
        65,
        43,
        29,
        23
    ]
}