{
    "id": 55145,
    "category": 44,
    "location": [
        -116.28833,
        33.74278
    ],
    "keywords": []
}