{
    "id": 55144,
    "category": 44,
    "location": [
        -116.28083,
        33.82417
    ],
    "keywords": [
        17,
        65
    ]
}