{
    "id": 55152,
    "category": 44,
    "location": [
        -116.30917,
        33.66333
    ],
    "keywords": [
        11,
        69,
        73,
        24,
        28,
        25,
        4
    ]
}