{
    "id": 55167,
    "category": 44,
    "location": [
        -116.36889,
        33.81056
    ],
    "keywords": [
        53,
        44,
        69
    ]
}