{
    "id": 55186,
    "category": 44,
    "location": [
        -116.43639,
        33.60861
    ],
    "keywords": [
        32,
        9,
        39,
        37,
        43,
        28,
        14,
        16,
        26,
        61,
        29,
        37,
        1
    ]
}