{
    "id": 55192,
    "category": 44,
    "location": [
        -116.45194,
        33.58944
    ],
    "keywords": [
        62,
        65,
        35,
        41,
        30,
        59,
        74,
        43,
        42
    ]
}