{
    "id": 55205,
    "category": 44,
    "location": [
        -116.47806,
        33.78417
    ],
    "keywords": [
        21,
        15
    ]
}