{
    "id": 55227,
    "category": 44,
    "location": [
        -116.54472,
        33.90194
    ],
    "keywords": [
        57,
        38,
        14,
        2,
        53,
        61,
        5,
        16,
        73
    ]
}