{
    "id": 55225,
    "category": 44,
    "location": [
        -116.54222,
        33.92278
    ],
    "keywords": [
        26,
        16,
        52,
        25,
        55,
        3,
        52,
        45,
        41,
        44,
        37,
        67,
        0,
        14,
        70
    ]
}