{
    "id": 55234,
    "category": 44,
    "location": [
        -116.56833,
        33.02611
    ],
    "keywords": [
        75,
        65,
        27,
        49,
        45,
        19,
        37,
        31,
        17,
        28,
        48,
        18,
        24,
        56
    ]
}