{
    "id": 55236,
    "category": 44,
    "location": [
        -116.57472,
        33.07167
    ],
    "keywords": [
        60,
        17
    ]
}