{
    "id": 55230,
    "category": 44,
    "location": [
        -116.55361,
        34.19806
    ],
    "keywords": [
        72,
        5
    ]
}