{
    "id": 55240,
    "category": 44,
    "location": [
        -116.59333,
        34.98194
    ],
    "keywords": [
        7,
        19,
        46
    ]
}