{
    "id": 55261,
    "category": 44,
    "location": [
        -116.67056,
        36.32306
    ],
    "keywords": []
}