{
    "id": 55275,
    "category": 44,
    "location": [
        -116.72167,
        32.83472
    ],
    "keywords": [
        34
    ]
}