{
    "id": 55288,
    "category": 44,
    "location": [
        -116.76833,
        33.18028
    ],
    "keywords": [
        53,
        26,
        12,
        36,
        41
    ]
}