{
    "id": 55310,
    "category": 44,
    "location": [
        -116.84139,
        34.85611
    ],
    "keywords": [
        23,
        5,
        32,
        33,
        34,
        23,
        10,
        54,
        20
    ]
}