{
    "id": 55311,
    "category": 44,
    "location": [
        -116.84417,
        34.26111
    ],
    "keywords": [
        52,
        55,
        22,
        24,
        10,
        9,
        73,
        74,
        36
    ]
}