{
    "id": 55322,
    "category": 44,
    "location": [
        -116.86417,
        33.44278
    ],
    "keywords": []
}