{
    "id": 55354,
    "category": 44,
    "location": [
        -116.91306,
        35.29722
    ],
    "keywords": [
        49,
        7,
        4,
        1
    ]
}