{
    "id": 55359,
    "category": 44,
    "location": [
        -116.92139,
        32.85722
    ],
    "keywords": [
        53,
        8,
        20,
        55,
        53,
        69,
        42,
        46,
        7
    ]
}