{
    "id": 55362,
    "category": 44,
    "location": [
        -116.92472,
        32.95722
    ],
    "keywords": []
}