{
    "id": 55388,
    "category": 44,
    "location": [
        -116.95778,
        33.78389
    ],
    "keywords": []
}