{
    "id": 55404,
    "category": 44,
    "location": [
        -116.97444,
        33.60611
    ],
    "keywords": [
        52,
        74,
        48,
        7,
        45,
        45,
        2,
        59,
        69,
        23,
        44,
        1,
        61,
        40,
        66
    ]
}