{
    "id": 55413,
    "category": 44,
    "location": [
        -116.98056,
        33.30333
    ],
    "keywords": [
        71,
        28,
        53,
        70
    ]
}