{
    "id": 55426,
    "category": 44,
    "location": [
        -117.01056,
        32.83389
    ],
    "keywords": [
        12,
        34,
        29,
        38,
        30,
        43
    ]
}