{
    "id": 55439,
    "category": 44,
    "location": [
        -117.02722,
        34.92139
    ],
    "keywords": [
        19,
        38,
        56
    ]
}