{
    "id": 55465,
    "category": 44,
    "location": [
        -117.05444,
        33.89556
    ],
    "keywords": [
        9,
        38,
        11,
        38,
        53,
        75,
        52,
        54,
        48,
        17
    ]
}