{
    "id": 55470,
    "category": 44,
    "location": [
        -117.05833,
        36.84667
    ],
    "keywords": [
        74,
        49,
        2,
        49,
        39,
        3,
        15,
        14,
        28
    ]
}