{
    "id": 55500,
    "category": 44,
    "location": [
        -117.08028,
        32.71667
    ],
    "keywords": [
        68,
        26,
        1,
        58,
        55,
        30,
        54,
        19,
        2,
        39,
        55,
        41,
        17,
        36,
        57
    ]
}