{
    "id": 55514,
    "category": 44,
    "location": [
        -117.08944,
        33.60278
    ],
    "keywords": [
        44,
        70,
        26,
        5,
        56
    ]
}