{
    "id": 55517,
    "category": 44,
    "location": [
        -117.09056,
        33.15944
    ],
    "keywords": [
        12,
        52,
        55,
        17,
        68,
        46,
        51,
        56,
        65,
        42,
        47
    ]
}