{
    "id": 55518,
    "category": 44,
    "location": [
        -117.09167,
        32.60167
    ],
    "keywords": [
        66,
        24,
        5,
        15,
        67,
        58,
        66,
        3,
        40,
        13,
        73,
        64
    ]
}