{
    "id": 55533,
    "category": 44,
    "location": [
        -117.10361,
        32.68028
    ],
    "keywords": [
        20,
        20,
        47
    ]
}