{
    "id": 55536,
    "category": 44,
    "location": [
        -117.10667,
        32.71417
    ],
    "keywords": []
}