{
    "id": 55541,
    "category": 44,
    "location": [
        -117.10833,
        33.18028
    ],
    "keywords": []
}