{
    "id": 55576,
    "category": 44,
    "location": [
        -117.12694,
        32.60083
    ],
    "keywords": [
        69,
        23,
        58,
        68,
        22,
        32,
        66,
        71,
        55,
        64,
        37,
        22
    ]
}