{
    "id": 55572,
    "category": 44,
    "location": [
        -117.12278,
        32.91472
    ],
    "keywords": [
        62,
        16,
        53,
        14,
        3,
        69,
        62,
        6,
        69,
        54,
        66,
        68,
        69,
        61
    ]
}