{
    "id": 55580,
    "category": 44,
    "location": [
        -117.12972,
        32.74083
    ],
    "keywords": [
        49,
        43,
        62,
        2,
        36,
        67,
        36,
        30,
        61,
        20
    ]
}