{
    "id": 55593,
    "category": 44,
    "location": [
        -117.13778,
        33.15278
    ],
    "keywords": [
        19,
        23,
        17,
        36,
        21,
        71
    ]
}