{
    "id": 556,
    "category": 0,
    "location": [
        -119.99528,
        38.89361
    ],
    "keywords": [
        12,
        32,
        3,
        40,
        4,
        46
    ]
}