{
    "id": 5560,
    "category": 11,
    "location": [
        -121.39194,
        38.60222
    ],
    "keywords": [
        5,
        42,
        29,
        63,
        71,
        49,
        6,
        37,
        3,
        54,
        7,
        48,
        65
    ]
}