{
    "id": 55622,
    "category": 44,
    "location": [
        -117.16528,
        33.14333
    ],
    "keywords": [
        19,
        61,
        10,
        37,
        64,
        18,
        45,
        43,
        25,
        27,
        42
    ]
}