{
    "id": 55638,
    "category": 44,
    "location": [
        -117.18222,
        32.68583
    ],
    "keywords": [
        23,
        44,
        20,
        6,
        14,
        7,
        9,
        50,
        42,
        40,
        17,
        36,
        66
    ]
}