{
    "id": 5564,
    "category": 11,
    "location": [
        -121.40194,
        38.61833
    ],
    "keywords": [
        49,
        51,
        3,
        68,
        23,
        22,
        25
    ]
}