{
    "id": 55643,
    "category": 44,
    "location": [
        -117.18611,
        32.75278
    ],
    "keywords": [
        20,
        17,
        74,
        7,
        29,
        62,
        19,
        18,
        7,
        1,
        11
    ]
}