{
    "id": 55647,
    "category": 44,
    "location": [
        -117.19083,
        34.03139
    ],
    "keywords": [
        9
    ]
}