{
    "id": 5565,
    "category": 11,
    "location": [
        -121.40333,
        36.85194
    ],
    "keywords": [
        13,
        62,
        3,
        26,
        38
    ]
}