{
    "id": 55662,
    "category": 44,
    "location": [
        -117.20556,
        32.78167
    ],
    "keywords": [
        56,
        41,
        35,
        0,
        66,
        67,
        40,
        61,
        57,
        23,
        34,
        34,
        67,
        60,
        14
    ]
}