{
    "id": 55683,
    "category": 44,
    "location": [
        -117.21806,
        32.74389
    ],
    "keywords": [
        56,
        10,
        69,
        73,
        46,
        73,
        74
    ]
}