{
    "id": 55704,
    "category": 44,
    "location": [
        -117.23278,
        34.23889
    ],
    "keywords": []
}