{
    "id": 55708,
    "category": 44,
    "location": [
        -117.23944,
        32.79778
    ],
    "keywords": [
        27,
        29,
        39,
        7,
        9,
        1
    ]
}