{
    "id": 55714,
    "category": 44,
    "location": [
        -117.24417,
        33.70694
    ],
    "keywords": [
        42,
        1,
        30
    ]
}