{
    "id": 55720,
    "category": 44,
    "location": [
        -117.24722,
        32.72778
    ],
    "keywords": [
        7,
        6,
        34,
        26,
        29,
        58,
        22,
        34,
        20,
        61
    ]
}