{
    "id": 55736,
    "category": 44,
    "location": [
        -117.25722,
        32.98722
    ],
    "keywords": []
}