{
    "id": 55768,
    "category": 44,
    "location": [
        -117.27694,
        33.90333
    ],
    "keywords": [
        21,
        61,
        51,
        39,
        4,
        74,
        55,
        62,
        49,
        19
    ]
}