{
    "id": 55762,
    "category": 44,
    "location": [
        -117.27222,
        34.39472
    ],
    "keywords": [
        20,
        31,
        24,
        39,
        33,
        12,
        2,
        64,
        38,
        50,
        57,
        65
    ]
}