{
    "id": 5576,
    "category": 11,
    "location": [
        -121.42333,
        38.56194
    ],
    "keywords": [
        47,
        55,
        32,
        22,
        13,
        54,
        68,
        71
    ]
}