{
    "id": 5577,
    "category": 11,
    "location": [
        -121.42361,
        38.22611
    ],
    "keywords": [
        32,
        60,
        69,
        65,
        4,
        27,
        7,
        72,
        6
    ]
}