{
    "id": 55782,
    "category": 44,
    "location": [
        -117.28556,
        33.49083
    ],
    "keywords": [
        33,
        30,
        19,
        48,
        44,
        23,
        28,
        29,
        22,
        12,
        18
    ]
}