{
    "id": 55821,
    "category": 44,
    "location": [
        -117.32639,
        33.66806
    ],
    "keywords": [
        36,
        50,
        59,
        54
    ]
}