{
    "id": 5583,
    "category": 11,
    "location": [
        -121.42528,
        37.73944
    ],
    "keywords": [
        56,
        55,
        50,
        47,
        59,
        69
    ]
}