{
    "id": 55840,
    "category": 44,
    "location": [
        -117.33972,
        34.39972
    ],
    "keywords": [
        41,
        22,
        36,
        39,
        12,
        63,
        70,
        63,
        38,
        25,
        10,
        9
    ]
}