{
    "id": 55857,
    "category": 44,
    "location": [
        -117.35833,
        34.43417
    ],
    "keywords": [
        62,
        62,
        21,
        62,
        9,
        28
    ]
}