{
    "id": 55869,
    "category": 44,
    "location": [
        -117.37389,
        33.70306
    ],
    "keywords": [
        34,
        22,
        26,
        71,
        5,
        25,
        1,
        58,
        36,
        46
    ]
}