{
    "id": 55862,
    "category": 44,
    "location": [
        -117.36278,
        34.93972
    ],
    "keywords": [
        50,
        52,
        6,
        25,
        56,
        25,
        44,
        74
    ]
}