{
    "id": 55873,
    "category": 44,
    "location": [
        -117.38417,
        33.94667
    ],
    "keywords": [
        67,
        19
    ]
}