{
    "id": 55935,
    "category": 44,
    "location": [
        -117.48361,
        34.06528
    ],
    "keywords": [
        16
    ]
}