{
    "id": 55951,
    "category": 44,
    "location": [
        -117.50861,
        33.59083
    ],
    "keywords": [
        66,
        15,
        3,
        55,
        45,
        30,
        52,
        55,
        61
    ]
}