{
    "id": 55969,
    "category": 44,
    "location": [
        -117.56556,
        33.87528
    ],
    "keywords": [
        36,
        69,
        36,
        11,
        66,
        14,
        71,
        41,
        59
    ]
}