{
    "id": 55991,
    "category": 44,
    "location": [
        -117.60833,
        35.31472
    ],
    "keywords": [
        50,
        19,
        28,
        15,
        43
    ]
}