{
    "id": 55997,
    "category": 44,
    "location": [
        -117.61583,
        35.35833
    ],
    "keywords": []
}