{
    "id": 56009,
    "category": 44,
    "location": [
        -117.63778,
        33.82028
    ],
    "keywords": [
        60,
        15,
        3,
        67,
        66,
        70,
        66,
        10,
        58,
        56,
        49,
        17,
        25,
        48
    ]
}