{
    "id": 56005,
    "category": 44,
    "location": [
        -117.63389,
        35.37278
    ],
    "keywords": [
        17,
        12,
        4,
        65,
        6,
        19,
        75,
        67,
        64,
        75,
        71,
        47,
        60,
        60,
        23
    ]
}