{
    "id": 56010,
    "category": 44,
    "location": [
        -117.63972,
        34.10944
    ],
    "keywords": [
        28,
        18,
        32,
        75
    ]
}