{
    "id": 56025,
    "category": 44,
    "location": [
        -117.66306,
        33.48583
    ],
    "keywords": [
        31,
        41,
        16
    ]
}