{
    "id": 56039,
    "category": 44,
    "location": [
        -117.68333,
        33.46556
    ],
    "keywords": [
        36,
        59,
        28,
        23,
        4,
        71,
        58,
        8,
        26,
        1,
        40
    ]
}