{
    "id": 56034,
    "category": 44,
    "location": [
        -117.67417,
        33.46667
    ],
    "keywords": [
        10,
        17,
        23,
        23,
        27,
        59,
        9,
        11,
        71,
        48,
        72,
        60,
        33,
        41
    ]
}