{
    "id": 56043,
    "category": 44,
    "location": [
        -117.68639,
        37.21611
    ],
    "keywords": [
        35,
        43,
        62,
        19,
        62,
        60,
        52,
        59,
        60,
        34
    ]
}