{
    "id": 56046,
    "category": 44,
    "location": [
        -117.68833,
        34.10667
    ],
    "keywords": [
        63,
        41,
        55,
        39,
        59
    ]
}