{
    "id": 5606,
    "category": 11,
    "location": [
        -121.46333,
        38.54278
    ],
    "keywords": [
        60,
        35,
        40,
        24
    ]
}