{
    "id": 56083,
    "category": 44,
    "location": [
        -117.76528,
        34.42694
    ],
    "keywords": [
        31,
        51,
        66,
        8,
        28,
        16,
        9,
        21,
        34,
        44
    ]
}