{
    "id": 56087,
    "category": 44,
    "location": [
        -117.77306,
        33.77778
    ],
    "keywords": [
        26
    ]
}