{
    "id": 56092,
    "category": 44,
    "location": [
        -117.77778,
        33.94778
    ],
    "keywords": [
        53,
        23,
        33,
        75,
        6,
        75,
        9,
        1,
        36,
        71
    ]
}