{
    "id": 56096,
    "category": 44,
    "location": [
        -117.78139,
        33.80194
    ],
    "keywords": [
        24,
        15,
        24,
        1,
        43,
        29
    ]
}