{
    "id": 56110,
    "category": 44,
    "location": [
        -117.80583,
        34.10667
    ],
    "keywords": [
        60,
        55,
        35,
        10,
        32,
        71,
        39,
        34,
        47,
        71,
        71
    ]
}