{
    "id": 56118,
    "category": 44,
    "location": [
        -117.81222,
        33.81444
    ],
    "keywords": [
        21,
        9,
        61,
        6,
        44,
        46,
        8,
        18,
        2,
        30,
        43,
        15,
        15,
        65,
        34
    ]
}