{
    "id": 5612,
    "category": 11,
    "location": [
        -121.47056,
        38.57306
    ],
    "keywords": [
        31,
        59,
        59,
        75,
        45,
        36,
        26,
        68,
        40,
        57,
        52,
        45,
        71,
        60,
        66
    ]
}