{
    "id": 56134,
    "category": 44,
    "location": [
        -117.82611,
        33.78778
    ],
    "keywords": [
        15,
        9,
        17,
        48,
        72,
        35,
        69,
        19,
        48,
        56,
        11,
        18,
        13
    ]
}