{
    "id": 56144,
    "category": 44,
    "location": [
        -117.83222,
        33.72694
    ],
    "keywords": [
        7,
        74,
        43
    ]
}