{
    "id": 56175,
    "category": 44,
    "location": [
        -117.86722,
        33.71139
    ],
    "keywords": [
        60,
        72,
        18,
        34,
        47,
        64,
        32,
        51,
        0,
        5,
        54,
        70,
        34,
        60
    ]
}