{
    "id": 56173,
    "category": 44,
    "location": [
        -117.86611,
        35.83306
    ],
    "keywords": [
        44,
        68,
        73,
        34,
        43,
        67,
        67,
        44,
        27,
        6,
        73,
        28
    ]
}