{
    "id": 56197,
    "category": 44,
    "location": [
        -117.88667,
        35.35917
    ],
    "keywords": [
        24,
        43
    ]
}