{
    "id": 56199,
    "category": 44,
    "location": [
        -117.89083,
        33.59444
    ],
    "keywords": [
        10,
        54,
        74,
        25,
        52
    ]
}