{
    "id": 56238,
    "category": 44,
    "location": [
        -117.91361,
        33.83528
    ],
    "keywords": [
        42,
        72,
        56,
        38,
        39,
        32,
        19,
        55,
        66,
        57,
        21,
        4,
        50,
        56
    ]
}