{
    "id": 56262,
    "category": 44,
    "location": [
        -117.92806,
        33.61889
    ],
    "keywords": [
        48,
        52,
        1,
        9,
        7,
        50,
        18,
        62,
        38,
        73,
        35,
        23,
        13
    ]
}