{
    "id": 56289,
    "category": 44,
    "location": [
        -117.94056,
        33.77389
    ],
    "keywords": [
        31,
        20,
        26,
        62,
        2,
        4,
        68,
        46
    ]
}