{
    "id": 56298,
    "category": 44,
    "location": [
        -117.94583,
        34.14361
    ],
    "keywords": [
        62,
        61,
        48,
        23,
        70,
        16
    ]
}