{
    "id": 56319,
    "category": 44,
    "location": [
        -117.95944,
        36.03667
    ],
    "keywords": [
        72,
        14,
        62,
        68,
        45,
        29,
        68,
        15,
        69,
        37,
        0,
        54,
        24,
        19,
        48
    ]
}