{
    "id": 56318,
    "category": 44,
    "location": [
        -117.95944,
        34.01417
    ],
    "keywords": [
        9,
        8,
        0,
        43,
        12,
        30,
        33
    ]
}