{
    "id": 5632,
    "category": 11,
    "location": [
        -121.48528,
        38.58056
    ],
    "keywords": [
        38,
        46,
        0,
        33,
        25,
        21,
        32,
        4,
        43,
        48,
        60,
        58,
        43,
        14,
        51
    ]
}