{
    "id": 56324,
    "category": 44,
    "location": [
        -117.96167,
        33.75417
    ],
    "keywords": [
        43,
        14,
        38,
        13,
        4,
        6,
        32,
        66,
        0,
        53,
        32,
        42,
        45,
        53,
        13
    ]
}