{
    "id": 56330,
    "category": 44,
    "location": [
        -117.96694,
        33.93194
    ],
    "keywords": [
        72,
        24
    ]
}