{
    "id": 56367,
    "category": 44,
    "location": [
        -117.99056,
        33.73611
    ],
    "keywords": [
        73,
        51,
        46,
        55,
        32
    ]
}