{
    "id": 56366,
    "category": 44,
    "location": [
        -117.99028,
        34.03611
    ],
    "keywords": [
        74,
        66,
        42,
        0,
        22,
        50,
        61,
        10,
        30,
        31,
        51,
        57,
        26,
        49
    ]
}