{
    "id": 56379,
    "category": 44,
    "location": [
        -117.99583,
        33.83333
    ],
    "keywords": [
        52,
        67,
        7,
        72,
        69,
        49,
        40,
        70,
        39,
        8,
        23,
        63,
        75
    ]
}