{
    "id": 56383,
    "category": 44,
    "location": [
        -117.99667,
        33.76222
    ],
    "keywords": [
        7,
        24,
        72,
        7,
        41,
        40,
        66,
        27,
        44,
        55
    ]
}