{
    "id": 56393,
    "category": 44,
    "location": [
        -118.00111,
        35.49528
    ],
    "keywords": [
        28,
        28,
        74,
        72,
        63,
        68,
        32,
        75,
        52,
        20,
        54,
        8
    ]
}