{
    "id": 56411,
    "category": 44,
    "location": [
        -118.02306,
        33.82444
    ],
    "keywords": [
        41,
        39,
        21,
        74,
        32,
        39,
        46,
        10,
        2,
        3,
        42,
        63,
        52,
        52,
        56
    ]
}