{
    "id": 56422,
    "category": 44,
    "location": [
        -118.03194,
        33.97917
    ],
    "keywords": [
        30,
        62,
        14,
        30,
        7,
        14,
        3,
        66,
        60,
        20
    ]
}