{
    "id": 56438,
    "category": 44,
    "location": [
        -118.04889,
        34.14556
    ],
    "keywords": [
        31,
        71
    ]
}