{
    "id": 56431,
    "category": 44,
    "location": [
        -118.04333,
        36.67833
    ],
    "keywords": [
        68,
        52,
        33,
        28,
        42,
        13,
        32,
        64,
        30,
        23
    ]
}