{
    "id": 56496,
    "category": 44,
    "location": [
        -118.11611,
        33.88167
    ],
    "keywords": [
        10,
        50,
        36,
        56,
        39,
        22,
        50,
        75
    ]
}