{
    "id": 56497,
    "category": 44,
    "location": [
        -118.11639,
        36.80694
    ],
    "keywords": [
        27,
        75,
        49,
        48,
        18,
        27,
        32,
        11,
        10
    ]
}