{
    "id": 56517,
    "category": 44,
    "location": [
        -118.13583,
        34.69806
    ],
    "keywords": [
        20,
        38,
        15,
        3,
        47
    ]
}