{
    "id": 56523,
    "category": 44,
    "location": [
        -118.14722,
        34.12417
    ],
    "keywords": [
        5,
        52,
        60
    ]
}