{
    "id": 56538,
    "category": 44,
    "location": [
        -118.15889,
        34.00056
    ],
    "keywords": [
        59,
        68,
        37,
        74,
        0,
        73,
        46,
        31,
        44,
        26,
        41,
        25,
        0,
        33,
        41
    ]
}