{
    "id": 56554,
    "category": 44,
    "location": [
        -118.17111,
        34.02389
    ],
    "keywords": [
        39,
        13,
        36,
        57,
        63
    ]
}