{
    "id": 56559,
    "category": 44,
    "location": [
        -118.17611,
        34.17139
    ],
    "keywords": [
        37,
        31,
        17,
        45,
        14,
        3,
        17,
        61,
        0,
        25,
        54,
        16
    ]
}