{
    "id": 56552,
    "category": 44,
    "location": [
        -118.16833,
        34.04056
    ],
    "keywords": [
        0,
        13,
        34,
        59,
        36,
        38
    ]
}