{
    "id": 56580,
    "category": 44,
    "location": [
        -118.19111,
        33.91028
    ],
    "keywords": [
        63,
        42,
        48,
        52,
        27
    ]
}