{
    "id": 56594,
    "category": 44,
    "location": [
        -118.20417,
        35.11361
    ],
    "keywords": [
        17,
        19,
        0,
        14,
        56,
        43,
        62,
        54,
        56,
        37,
        39,
        42
    ]
}