{
    "id": 56595,
    "category": 44,
    "location": [
        -118.20444,
        34.03389
    ],
    "keywords": [
        74,
        34,
        54,
        40,
        61,
        50,
        23,
        10
    ]
}