{
    "id": 56605,
    "category": 44,
    "location": [
        -118.21694,
        33.86333
    ],
    "keywords": [
        32,
        21,
        2,
        74,
        20,
        72,
        17,
        51,
        22,
        10,
        65,
        49,
        16,
        57
    ]
}