{
    "id": 56615,
    "category": 44,
    "location": [
        -118.22167,
        34.04028
    ],
    "keywords": [
        2,
        4,
        53,
        41,
        67,
        25,
        26,
        53
    ]
}