{
    "id": 56629,
    "category": 44,
    "location": [
        -118.22556,
        33.83306
    ],
    "keywords": [
        17,
        41,
        22,
        57,
        29,
        43,
        18,
        72,
        3,
        12,
        18,
        44,
        30
    ]
}