{
    "id": 56624,
    "category": 44,
    "location": [
        -118.22417,
        33.98167
    ],
    "keywords": [
        8,
        17,
        33,
        7,
        50,
        3,
        57,
        25
    ]
}