{
    "id": 56621,
    "category": 44,
    "location": [
        -118.22361,
        34.09222
    ],
    "keywords": [
        5,
        3,
        14,
        43,
        63
    ]
}