{
    "id": 56625,
    "category": 44,
    "location": [
        -118.22417,
        34.07528
    ],
    "keywords": [
        35,
        27,
        63,
        23,
        7,
        67,
        41,
        59,
        4,
        72,
        53
    ]
}