{
    "id": 56620,
    "category": 44,
    "location": [
        -118.22333,
        34.20639
    ],
    "keywords": [
        42,
        15
    ]
}