{
    "id": 56651,
    "category": 44,
    "location": [
        -118.24028,
        34.04778
    ],
    "keywords": [
        71,
        2
    ]
}