{
    "id": 56656,
    "category": 44,
    "location": [
        -118.24222,
        33.96556
    ],
    "keywords": [
        20,
        19,
        5,
        35
    ]
}