{
    "id": 5667,
    "category": 11,
    "location": [
        -121.50333,
        38.58306
    ],
    "keywords": [
        7,
        72,
        45
    ]
}