{
    "id": 56718,
    "category": 44,
    "location": [
        -118.31056,
        33.90083
    ],
    "keywords": []
}