{
    "id": 56711,
    "category": 44,
    "location": [
        -118.30278,
        33.86472
    ],
    "keywords": [
        56,
        42,
        51
    ]
}