{
    "id": 56749,
    "category": 44,
    "location": [
        -118.33611,
        34.04722
    ],
    "keywords": [
        69,
        25,
        10,
        46,
        66,
        19,
        44,
        23,
        9
    ]
}