{
    "id": 56768,
    "category": 44,
    "location": [
        -118.35306,
        33.98889
    ],
    "keywords": [
        18,
        32,
        37,
        59,
        36
    ]
}