{
    "id": 56782,
    "category": 44,
    "location": [
        -118.36444,
        34.50917
    ],
    "keywords": [
        52,
        54,
        23,
        3,
        72,
        19
    ]
}