{
    "id": 56784,
    "category": 44,
    "location": [
        -118.36639,
        34.06111
    ],
    "keywords": [
        4,
        43,
        70
    ]
}