{
    "id": 56792,
    "category": 44,
    "location": [
        -118.37333,
        34.09083
    ],
    "keywords": [
        44,
        57,
        16,
        75,
        43,
        66,
        23,
        35
    ]
}