{
    "id": 56820,
    "category": 44,
    "location": [
        -118.39944,
        34.07361
    ],
    "keywords": []
}