{
    "id": 5685,
    "category": 11,
    "location": [
        -121.51028,
        38.52417
    ],
    "keywords": [
        66,
        14,
        17,
        50,
        44,
        39,
        29,
        47,
        46,
        59,
        9
    ]
}