{
    "id": 56865,
    "category": 44,
    "location": [
        -118.43833,
        33.96861
    ],
    "keywords": [
        0,
        74,
        60,
        16,
        75,
        13,
        55,
        12,
        73,
        21,
        69,
        0,
        39,
        74,
        42
    ]
}