{
    "id": 56888,
    "category": 44,
    "location": [
        -118.45417,
        37.36111
    ],
    "keywords": [
        25,
        47,
        67,
        23,
        47,
        17,
        18,
        58,
        6,
        64,
        17,
        38,
        6
    ]
}