{
    "id": 56896,
    "category": 44,
    "location": [
        -118.46611,
        34.25722
    ],
    "keywords": [
        51,
        50,
        22,
        4,
        65,
        54,
        4,
        26,
        32,
        70,
        16,
        2
    ]
}