{
    "id": 5689,
    "category": 11,
    "location": [
        -121.52306,
        38.58028
    ],
    "keywords": [
        10,
        72,
        32,
        24,
        72,
        71,
        20,
        44,
        24,
        15,
        27,
        74
    ]
}