{
    "id": 56903,
    "category": 44,
    "location": [
        -118.47333,
        35.62139
    ],
    "keywords": [
        69,
        22,
        41
    ]
}