{
    "id": 56962,
    "category": 44,
    "location": [
        -118.57889,
        34.20833
    ],
    "keywords": [
        46,
        14,
        23,
        19,
        18,
        66,
        69
    ]
}