{
    "id": 56972,
    "category": 44,
    "location": [
        -118.59722,
        34.20111
    ],
    "keywords": [
        51,
        69
    ]
}