{
    "id": 56996,
    "category": 44,
    "location": [
        -118.62611,
        35.84944
    ],
    "keywords": [
        7,
        6,
        20,
        51,
        10
    ]
}