{
    "id": 57016,
    "category": 44,
    "location": [
        -118.65306,
        36.46556
    ],
    "keywords": []
}