{
    "id": 57011,
    "category": 44,
    "location": [
        -118.64583,
        34.22806
    ],
    "keywords": [
        2,
        57,
        21,
        6,
        53,
        45,
        21,
        8,
        23
    ]
}