{
    "id": 57037,
    "category": 44,
    "location": [
        -118.70278,
        35.72889
    ],
    "keywords": [
        54,
        60
    ]
}