{
    "id": 57030,
    "category": 44,
    "location": [
        -118.68194,
        35.80472
    ],
    "keywords": [
        20,
        50,
        67,
        31,
        7,
        0,
        63,
        55
    ]
}