{
    "id": 57031,
    "category": 44,
    "location": [
        -118.68611,
        34.08083
    ],
    "keywords": [
        67,
        61,
        8,
        15
    ]
}