{
    "id": 57040,
    "category": 44,
    "location": [
        -118.71222,
        37.55472
    ],
    "keywords": []
}