{
    "id": 57044,
    "category": 44,
    "location": [
        -118.73694,
        34.14306
    ],
    "keywords": [
        22,
        63,
        58,
        23,
        26,
        63,
        39,
        57
    ]
}