{
    "id": 57050,
    "category": 44,
    "location": [
        -118.74361,
        37.63528
    ],
    "keywords": [
        23,
        36,
        39,
        44,
        31
    ]
}