{
    "id": 57069,
    "category": 44,
    "location": [
        -118.79306,
        34.41528
    ],
    "keywords": [
        9,
        58,
        8,
        51,
        60,
        31,
        65,
        75,
        5,
        35,
        14,
        17
    ]
}