{
    "id": 57064,
    "category": 44,
    "location": [
        -118.78889,
        34.02028
    ],
    "keywords": [
        34,
        72
    ]
}