{
    "id": 57073,
    "category": 44,
    "location": [
        -118.80194,
        34.27667
    ],
    "keywords": [
        73,
        12,
        75,
        66,
        44,
        30,
        38,
        41,
        48,
        32,
        49
    ]
}