{
    "id": 57078,
    "category": 44,
    "location": [
        -118.81389,
        34.01472
    ],
    "keywords": [
        35,
        41,
        32
    ]
}