{
    "id": 57109,
    "category": 44,
    "location": [
        -118.88111,
        34.28556
    ],
    "keywords": [
        37,
        44,
        24,
        9,
        61,
        75,
        2
    ]
}