{
    "id": 57102,
    "category": 44,
    "location": [
        -118.86028,
        36.46556
    ],
    "keywords": [
        68,
        22,
        36,
        36,
        6,
        3,
        40,
        9
    ]
}