{
    "id": 57117,
    "category": 44,
    "location": [
        -118.90417,
        36.79444
    ],
    "keywords": [
        48
    ]
}