{
    "id": 57125,
    "category": 44,
    "location": [
        -118.91389,
        34.31528
    ],
    "keywords": [
        48,
        5,
        74,
        42,
        48,
        73,
        68,
        0,
        1,
        63,
        23,
        56,
        34
    ]
}