{
    "id": 57134,
    "category": 44,
    "location": [
        -118.92917,
        34.94167
    ],
    "keywords": [
        3,
        29,
        1,
        56
    ]
}