{
    "id": 57147,
    "category": 44,
    "location": [
        -118.95472,
        34.38639
    ],
    "keywords": [
        21,
        14,
        27,
        19,
        53,
        1,
        7,
        46,
        59,
        33,
        48,
        43
    ]
}