{
    "id": 57142,
    "category": 44,
    "location": [
        -118.94389,
        34.82278
    ],
    "keywords": [
        63,
        38,
        6,
        22,
        59,
        1,
        30
    ]
}