{
    "id": 57145,
    "category": 44,
    "location": [
        -118.94972,
        34.26944
    ],
    "keywords": [
        0,
        34,
        11,
        71
    ]
}