{
    "id": 57158,
    "category": 44,
    "location": [
        -118.97111,
        37.64861
    ],
    "keywords": [
        64,
        11,
        9,
        49,
        41,
        57,
        28,
        37,
        24,
        74,
        1,
        63,
        31
    ]
}