{
    "id": 57173,
    "category": 44,
    "location": [
        -118.99639,
        35.42139
    ],
    "keywords": [
        34,
        26
    ]
}