{
    "id": 57189,
    "category": 44,
    "location": [
        -119.01389,
        34.07111
    ],
    "keywords": [
        47,
        6,
        34
    ]
}