{
    "id": 57199,
    "category": 44,
    "location": [
        -119.01861,
        35.41972
    ],
    "keywords": [
        53,
        37,
        63,
        32,
        21,
        60,
        36,
        46,
        44,
        67,
        6
    ]
}