{
    "id": 5719,
    "category": 11,
    "location": [
        -121.56806,
        38.33139
    ],
    "keywords": [
        40,
        74,
        40,
        22,
        21,
        3,
        43,
        60,
        30
    ]
}