{
    "id": 57204,
    "category": 44,
    "location": [
        -119.02361,
        36.38278
    ],
    "keywords": [
        0,
        30,
        28,
        21,
        65,
        63,
        38,
        37,
        6,
        20,
        26,
        72,
        10,
        31
    ]
}