{
    "id": 57211,
    "category": 44,
    "location": [
        -119.03361,
        36.39917
    ],
    "keywords": [
        71
    ]
}