{
    "id": 57222,
    "category": 44,
    "location": [
        -119.04472,
        36.11472
    ],
    "keywords": []
}