{
    "id": 57225,
    "category": 44,
    "location": [
        -119.04639,
        35.89167
    ],
    "keywords": [
        20,
        6,
        32,
        3,
        6,
        36,
        69,
        61,
        48,
        47,
        32
    ]
}