{
    "id": 57234,
    "category": 44,
    "location": [
        -119.05611,
        35.41972
    ],
    "keywords": [
        0
    ]
}