{
    "id": 57287,
    "category": 44,
    "location": [
        -119.11417,
        36.24528
    ],
    "keywords": [
        1,
        48,
        71,
        23,
        18,
        67,
        50,
        44
    ]
}