{
    "id": 57307,
    "category": 44,
    "location": [
        -119.12917,
        36.32528
    ],
    "keywords": [
        35,
        5,
        8,
        3,
        23,
        2,
        58,
        18,
        32,
        11
    ]
}