{
    "id": 57333,
    "category": 44,
    "location": [
        -119.15472,
        34.27417
    ],
    "keywords": []
}