{
    "id": 57394,
    "category": 44,
    "location": [
        -119.24056,
        34.19083
    ],
    "keywords": [
        52,
        74,
        16,
        32,
        42
    ]
}