{
    "id": 5740,
    "category": 11,
    "location": [
        -121.60528,
        39.13556
    ],
    "keywords": [
        69,
        15,
        33,
        1,
        67,
        61,
        48,
        3,
        5,
        21,
        24,
        4
    ]
}