{
    "id": 57403,
    "category": 44,
    "location": [
        -119.24722,
        35.78611
    ],
    "keywords": [
        33,
        16,
        37
    ]
}