{
    "id": 57422,
    "category": 44,
    "location": [
        -119.27778,
        34.43528
    ],
    "keywords": [
        62,
        44,
        21
    ]
}