{
    "id": 5742,
    "category": 11,
    "location": [
        -121.60528,
        39.13583
    ],
    "keywords": [
        64,
        32,
        75
    ]
}