{
    "id": 57455,
    "category": 44,
    "location": [
        -119.30111,
        34.29778
    ],
    "keywords": [
        0,
        3,
        9,
        49,
        20,
        56,
        69,
        23,
        52,
        52,
        4,
        19,
        65
    ]
}