{
    "id": 57452,
    "category": 44,
    "location": [
        -119.29778,
        37.08167
    ],
    "keywords": [
        35,
        42
    ]
}