{
    "id": 57487,
    "category": 44,
    "location": [
        -119.34222,
        36.18389
    ],
    "keywords": [
        72,
        1
    ]
}