{
    "id": 57497,
    "category": 44,
    "location": [
        -119.36722,
        36.27139
    ],
    "keywords": []
}