{
    "id": 57492,
    "category": 44,
    "location": [
        -119.35806,
        36.55194
    ],
    "keywords": [
        75,
        26,
        27,
        58
    ]
}