{
    "id": 57536,
    "category": 44,
    "location": [
        -119.45083,
        38.34861
    ],
    "keywords": [
        19,
        32,
        25
    ]
}