{
    "id": 57548,
    "category": 44,
    "location": [
        -119.46889,
        34.83139
    ],
    "keywords": [
        55,
        5,
        42,
        75,
        40,
        68,
        28,
        32,
        3
    ]
}