{
    "id": 57568,
    "category": 44,
    "location": [
        -119.50611,
        38.56639
    ],
    "keywords": [
        75,
        75
    ]
}