{
    "id": 57581,
    "category": 44,
    "location": [
        -119.52083,
        34.39222
    ],
    "keywords": [
        64,
        71,
        73,
        4,
        29,
        35,
        33,
        29,
        58,
        41,
        23,
        26,
        52
    ]
}