{
    "id": 57583,
    "category": 44,
    "location": [
        -119.52306,
        36.75722
    ],
    "keywords": [
        7,
        46,
        31,
        53,
        49,
        73,
        59,
        15,
        7,
        42,
        45
    ]
}