{
    "id": 57608,
    "category": 44,
    "location": [
        -119.57167,
        34.41861
    ],
    "keywords": [
        37
    ]
}