{
    "id": 57620,
    "category": 44,
    "location": [
        -119.60889,
        36.32972
    ],
    "keywords": [
        45,
        56,
        71,
        68,
        72,
        10,
        0,
        22,
        72,
        41,
        23,
        39
    ]
}