{
    "id": 57628,
    "category": 44,
    "location": [
        -119.62167,
        35.30556
    ],
    "keywords": [
        38,
        30,
        7,
        2,
        50,
        27,
        52,
        33,
        29,
        1,
        61,
        73,
        67,
        6
    ]
}