{
    "id": 5764,
    "category": 11,
    "location": [
        -121.65667,
        37.13556
    ],
    "keywords": [
        45,
        33,
        34,
        20
    ]
}