{
    "id": 57669,
    "category": 44,
    "location": [
        -119.68583,
        36.43333
    ],
    "keywords": [
        7,
        69,
        66,
        42,
        27,
        70,
        56,
        72,
        0,
        6,
        4,
        6
    ]
}