{
    "id": 57663,
    "category": 44,
    "location": [
        -119.67917,
        37.21111
    ],
    "keywords": [
        10,
        69,
        41,
        42,
        0,
        72,
        8,
        8,
        38,
        9
    ]
}