{
    "id": 57678,
    "category": 44,
    "location": [
        -119.69944,
        36.77583
    ],
    "keywords": [
        14,
        51,
        46,
        2,
        34,
        48,
        64,
        7,
        60
    ]
}