{
    "id": 57704,
    "category": 44,
    "location": [
        -119.72528,
        38.66056
    ],
    "keywords": [
        15,
        46,
        48,
        62
    ]
}