{
    "id": 57716,
    "category": 44,
    "location": [
        -119.74917,
        36.95556
    ],
    "keywords": [
        28,
        34,
        17,
        4,
        68
    ]
}