{
    "id": 57725,
    "category": 44,
    "location": [
        -119.76972,
        37.32472
    ],
    "keywords": [
        46,
        47,
        36,
        50,
        69,
        38,
        28,
        24,
        21,
        29
    ]
}