{
    "id": 57738,
    "category": 44,
    "location": [
        -119.78306,
        37.67472
    ],
    "keywords": [
        25,
        22,
        58,
        15,
        18,
        41,
        51,
        0,
        60
    ]
}