{
    "id": 57754,
    "category": 44,
    "location": [
        -119.80833,
        36.39833
    ],
    "keywords": [
        43,
        25,
        48,
        64,
        66,
        39,
        32,
        0,
        18,
        53,
        43
    ]
}