{
    "id": 57755,
    "category": 44,
    "location": [
        -119.81111,
        37.34306
    ],
    "keywords": [
        11,
        66,
        53,
        18,
        15,
        18,
        24,
        35,
        12,
        12,
        43
    ]
}