{
    "id": 57764,
    "category": 44,
    "location": [
        -119.83278,
        38.34111
    ],
    "keywords": [
        59
    ]
}