{
    "id": 57760,
    "category": 44,
    "location": [
        -119.82222,
        36.18944
    ],
    "keywords": [
        24,
        71,
        64,
        14,
        44,
        28,
        40
    ]
}