{
    "id": 57770,
    "category": 44,
    "location": [
        -119.84167,
        36.40222
    ],
    "keywords": [
        61,
        43
    ]
}