{
    "id": 57803,
    "category": 44,
    "location": [
        -119.90444,
        37.21722
    ],
    "keywords": [
        67,
        24,
        0,
        48,
        48,
        68,
        65,
        26,
        26,
        21,
        42,
        69
    ]
}