{
    "id": 57815,
    "category": 44,
    "location": [
        -119.94694,
        37.46222
    ],
    "keywords": [
        10,
        54,
        7,
        58,
        68,
        3,
        64,
        15,
        47,
        60,
        67,
        18,
        19,
        60,
        61
    ]
}