{
    "id": 57816,
    "category": 44,
    "location": [
        -119.95222,
        37.14972
    ],
    "keywords": [
        24,
        2,
        26,
        59,
        30,
        6,
        34,
        11,
        10,
        41,
        48,
        29
    ]
}