{
    "id": 57812,
    "category": 44,
    "location": [
        -119.93583,
        36.88167
    ],
    "keywords": [
        66,
        29,
        46,
        56,
        47,
        27,
        22
    ]
}