{
    "id": 57821,
    "category": 44,
    "location": [
        -119.95944,
        36.91306
    ],
    "keywords": [
        62,
        14,
        31,
        71,
        25,
        17,
        10
    ]
}