{
    "id": 57833,
    "category": 44,
    "location": [
        -119.98111,
        37.11917
    ],
    "keywords": [
        34,
        68,
        48
    ]
}