{
    "id": 5784,
    "category": 11,
    "location": [
        -121.69611,
        38.11056
    ],
    "keywords": [
        39,
        68,
        11
    ]
}