{
    "id": 57843,
    "category": 44,
    "location": [
        -119.98972,
        38.18861
    ],
    "keywords": [
        57,
        50,
        64,
        22,
        26,
        67,
        74,
        19,
        65,
        6,
        63
    ]
}