{
    "id": 57858,
    "category": 44,
    "location": [
        -120.00556,
        39.67778
    ],
    "keywords": [
        9,
        37,
        62,
        3,
        37,
        55,
        43,
        0,
        25
    ]
}