{
    "id": 57852,
    "category": 44,
    "location": [
        -120.00278,
        38.47861
    ],
    "keywords": [
        63,
        53,
        33,
        24,
        29,
        6,
        51,
        66,
        45,
        6,
        51,
        45,
        26,
        13,
        32
    ]
}