{
    "id": 57888,
    "category": 44,
    "location": [
        -120.03833,
        39.77556
    ],
    "keywords": []
}