{
    "id": 57890,
    "category": 44,
    "location": [
        -120.03917,
        38.93444
    ],
    "keywords": []
}