{
    "id": 57905,
    "category": 44,
    "location": [
        -120.06083,
        39.24083
    ],
    "keywords": [
        7,
        67,
        37,
        50,
        63,
        74,
        75
    ]
}