{
    "id": 57904,
    "category": 44,
    "location": [
        -120.05972,
        36.96139
    ],
    "keywords": []
}