{
    "id": 57915,
    "category": 44,
    "location": [
        -120.07222,
        39.77417
    ],
    "keywords": [
        0,
        6,
        67,
        72,
        1,
        56,
        60,
        11,
        74,
        48,
        27
    ]
}