{
    "id": 57910,
    "category": 44,
    "location": [
        -120.06528,
        38.44611
    ],
    "keywords": [
        72,
        15,
        5,
        29,
        51,
        16,
        45,
        3,
        23,
        69,
        27,
        26
    ]
}