{
    "id": 57911,
    "category": 44,
    "location": [
        -120.06583,
        37.01917
    ],
    "keywords": [
        14,
        39,
        37,
        1,
        51
    ]
}