{
    "id": 57926,
    "category": 44,
    "location": [
        -120.08194,
        38.44028
    ],
    "keywords": [
        53
    ]
}