{
    "id": 57928,
    "category": 44,
    "location": [
        -120.08278,
        41.26583
    ],
    "keywords": [
        11,
        75,
        68,
        46,
        60,
        70,
        70
    ]
}