{
    "id": 57924,
    "category": 44,
    "location": [
        -120.08083,
        35.67083
    ],
    "keywords": [
        7,
        51,
        70,
        35,
        7,
        71,
        69,
        43
    ]
}