{
    "id": 57948,
    "category": 44,
    "location": [
        -120.10556,
        36.93111
    ],
    "keywords": [
        44,
        1,
        7,
        21,
        31,
        60,
        1,
        51,
        55,
        51
    ]
}