{
    "id": 57945,
    "category": 44,
    "location": [
        -120.10194,
        36.42944
    ],
    "keywords": [
        51,
        67,
        7,
        51,
        66,
        45,
        73
    ]
}