{
    "id": 57940,
    "category": 44,
    "location": [
        -120.09944,
        36.53667
    ],
    "keywords": [
        38
    ]
}