{
    "id": 57950,
    "category": 44,
    "location": [
        -120.10722,
        38.00417
    ],
    "keywords": [
        23,
        29,
        61,
        68,
        57,
        9,
        8,
        1
    ]
}