{
    "id": 5796,
    "category": 11,
    "location": [
        -121.74083,
        36.94083
    ],
    "keywords": [
        60,
        41,
        27,
        47,
        15,
        22,
        71,
        29,
        18,
        64,
        45
    ]
}