{
    "id": 57973,
    "category": 44,
    "location": [
        -120.13333,
        38.09306
    ],
    "keywords": [
        13,
        53,
        63,
        24,
        52,
        59,
        28,
        72,
        24,
        45
    ]
}