{
    "id": 57983,
    "category": 44,
    "location": [
        -120.14417,
        38.79694
    ],
    "keywords": [
        18,
        44,
        73,
        15,
        12,
        27,
        37,
        39,
        2,
        24,
        39
    ]
}