{
    "id": 58001,
    "category": 44,
    "location": [
        -120.15806,
        38.40444
    ],
    "keywords": [
        66,
        33,
        62,
        6,
        68,
        69,
        44,
        1,
        37,
        72,
        62
    ]
}