{
    "id": 5801,
    "category": 11,
    "location": [
        -121.74639,
        38.54028
    ],
    "keywords": [
        1,
        49,
        32,
        21,
        32,
        3,
        11,
        5,
        50,
        32,
        58
    ]
}