{
    "id": 58016,
    "category": 44,
    "location": [
        -120.17333,
        39.14361
    ],
    "keywords": [
        50,
        23,
        37,
        12,
        59,
        49,
        26,
        71,
        5
    ]
}