{
    "id": 58032,
    "category": 44,
    "location": [
        -120.19583,
        37.43944
    ],
    "keywords": [
        69,
        68,
        59,
        68,
        54,
        24,
        15
    ]
}