{
    "id": 58040,
    "category": 44,
    "location": [
        -120.20694,
        37.08472
    ],
    "keywords": [
        54,
        26,
        15,
        51,
        45,
        35
    ]
}