{
    "id": 58052,
    "category": 44,
    "location": [
        -120.22333,
        38.02917
    ],
    "keywords": [
        59,
        42,
        35,
        53,
        3,
        60,
        65,
        60,
        74
    ]
}