{
    "id": 58081,
    "category": 44,
    "location": [
        -120.24722,
        37.22861
    ],
    "keywords": [
        61,
        52,
        30,
        3,
        71,
        13,
        71,
        2
    ]
}