{
    "id": 58091,
    "category": 44,
    "location": [
        -120.25917,
        37.12306
    ],
    "keywords": [
        62,
        6,
        9,
        33,
        8,
        19,
        25
    ]
}