{
    "id": 5811,
    "category": 11,
    "location": [
        -121.74778,
        38.54028
    ],
    "keywords": [
        22,
        37,
        42,
        52,
        0,
        23,
        4,
        37,
        64,
        19,
        45,
        34,
        62,
        64,
        60
    ]
}