{
    "id": 58122,
    "category": 44,
    "location": [
        -120.28333,
        37.98361
    ],
    "keywords": [
        70,
        30,
        27,
        60,
        18,
        13,
        27,
        26
    ]
}