{
    "id": 58139,
    "category": 44,
    "location": [
        -120.29611,
        41.99278
    ],
    "keywords": [
        33,
        19,
        67,
        69,
        75,
        16,
        21,
        55,
        62,
        39,
        27,
        29,
        53
    ]
}