{
    "id": 58142,
    "category": 44,
    "location": [
        -120.29833,
        35.16694
    ],
    "keywords": [
        34,
        5
    ]
}