{
    "id": 58141,
    "category": 44,
    "location": [
        -120.29806,
        39.31889
    ],
    "keywords": [
        37,
        21,
        40,
        3,
        55,
        50
    ]
}