{
    "id": 58156,
    "category": 44,
    "location": [
        -120.31444,
        40.55056
    ],
    "keywords": [
        28,
        56,
        65,
        64,
        19
    ]
}