{
    "id": 58167,
    "category": 44,
    "location": [
        -120.32333,
        37.23306
    ],
    "keywords": [
        30,
        57,
        24,
        49,
        43,
        70,
        13,
        18,
        52,
        6,
        17,
        59,
        49
    ]
}