{
    "id": 58190,
    "category": 44,
    "location": [
        -120.33972,
        38.26611
    ],
    "keywords": [
        47,
        29,
        14
    ]
}