{
    "id": 58210,
    "category": 44,
    "location": [
        -120.36222,
        38.18889
    ],
    "keywords": [
        8,
        58,
        58,
        0,
        24,
        50,
        49,
        13
    ]
}