{
    "id": 58265,
    "category": 44,
    "location": [
        -120.40056,
        38.02389
    ],
    "keywords": [
        25
    ]
}