{
    "id": 58273,
    "category": 44,
    "location": [
        -120.40306,
        40.67417
    ],
    "keywords": [
        42
    ]
}