{
    "id": 58272,
    "category": 44,
    "location": [
        -120.40278,
        37.99333
    ],
    "keywords": [
        49,
        66,
        26,
        6,
        71,
        34,
        10,
        29,
        27,
        65,
        25
    ]
}