{
    "id": 58283,
    "category": 44,
    "location": [
        -120.41222,
        37.91778
    ],
    "keywords": [
        20,
        8,
        51,
        71,
        6,
        50,
        25,
        40,
        64,
        22,
        39,
        72,
        7
    ]
}