{
    "id": 58301,
    "category": 44,
    "location": [
        -120.42944,
        38.34806
    ],
    "keywords": [
        70,
        34
    ]
}