{
    "id": 58317,
    "category": 44,
    "location": [
        -120.44028,
        34.97833
    ],
    "keywords": [
        52,
        64,
        51,
        17,
        24,
        51
    ]
}