{
    "id": 58323,
    "category": 44,
    "location": [
        -120.44389,
        40.31167
    ],
    "keywords": []
}