{
    "id": 58338,
    "category": 44,
    "location": [
        -120.45694,
        34.63917
    ],
    "keywords": [
        44
    ]
}