{
    "id": 58355,
    "category": 44,
    "location": [
        -120.46972,
        37.96667
    ],
    "keywords": [
        66,
        9,
        25
    ]
}