{
    "id": 58366,
    "category": 44,
    "location": [
        -120.47694,
        41.11083
    ],
    "keywords": [
        61,
        3,
        25,
        65,
        55,
        45,
        9,
        40,
        29,
        30,
        43,
        20
    ]
}