{
    "id": 58371,
    "category": 44,
    "location": [
        -120.48333,
        38.51333
    ],
    "keywords": [
        42,
        75,
        27,
        20,
        68,
        33,
        13,
        73
    ]
}