{
    "id": 58377,
    "category": 44,
    "location": [
        -120.48889,
        37.36111
    ],
    "keywords": [
        59,
        3,
        30,
        18
    ]
}