{
    "id": 5841,
    "category": 11,
    "location": [
        -121.75444,
        38.54111
    ],
    "keywords": [
        21,
        62,
        47,
        21,
        9,
        0,
        74,
        56,
        27,
        20,
        66,
        26,
        71,
        72
    ]
}