{
    "id": 58430,
    "category": 44,
    "location": [
        -120.52556,
        34.92333
    ],
    "keywords": [
        29,
        41,
        63,
        0,
        34,
        0,
        3,
        64,
        36,
        62
    ]
}