{
    "id": 58452,
    "category": 44,
    "location": [
        -120.53861,
        35.68917
    ],
    "keywords": []
}