{
    "id": 58465,
    "category": 44,
    "location": [
        -120.54556,
        34.93528
    ],
    "keywords": [
        9,
        45,
        62,
        8,
        73
    ]
}