{
    "id": 58471,
    "category": 44,
    "location": [
        -120.55333,
        38.99833
    ],
    "keywords": [
        38,
        49,
        10,
        22,
        11,
        61,
        32,
        45,
        70,
        55,
        11,
        24
    ]
}