{
    "id": 58512,
    "category": 44,
    "location": [
        -120.58639,
        40.38444
    ],
    "keywords": [
        0,
        35,
        46
    ]
}