{
    "id": 58529,
    "category": 44,
    "location": [
        -120.59889,
        38.97417
    ],
    "keywords": [
        55,
        13,
        57,
        60
    ]
}