{
    "id": 58524,
    "category": 44,
    "location": [
        -120.59528,
        35.05306
    ],
    "keywords": [
        33,
        44,
        37,
        8,
        72,
        14,
        61,
        27,
        72,
        33,
        2,
        44,
        49
    ]
}