{
    "id": 58520,
    "category": 44,
    "location": [
        -120.59389,
        35.11889
    ],
    "keywords": [
        19
    ]
}