{
    "id": 58534,
    "category": 44,
    "location": [
        -120.60194,
        35.09694
    ],
    "keywords": [
        5,
        74,
        3,
        5,
        6,
        45,
        37,
        3,
        17,
        4,
        34
    ]
}