{
    "id": 58531,
    "category": 44,
    "location": [
        -120.60028,
        35.09694
    ],
    "keywords": [
        15,
        12,
        46,
        32,
        45,
        1,
        12,
        5,
        23,
        47,
        27
    ]
}