{
    "id": 58572,
    "category": 44,
    "location": [
        -120.63194,
        35.45056
    ],
    "keywords": [
        74,
        59,
        9,
        56,
        57,
        73,
        36,
        23,
        63,
        31,
        17
    ]
}