{
    "id": 58585,
    "category": 44,
    "location": [
        -120.63944,
        41.90111
    ],
    "keywords": [
        21,
        0,
        67,
        39,
        31
    ]
}