{
    "id": 58592,
    "category": 44,
    "location": [
        -120.64639,
        38.28556
    ],
    "keywords": [
        56,
        22,
        14
    ]
}