{
    "id": 58596,
    "category": 44,
    "location": [
        -120.65194,
        40.41639
    ],
    "keywords": [
        11,
        13,
        22,
        29,
        19,
        34,
        24,
        12,
        45,
        31,
        15,
        26,
        72,
        26,
        18
    ]
}