{
    "id": 58608,
    "category": 44,
    "location": [
        -120.66639,
        37.41972
    ],
    "keywords": []
}