{
    "id": 58616,
    "category": 44,
    "location": [
        -120.67083,
        38.18778
    ],
    "keywords": [
        35,
        9,
        3,
        21,
        45,
        44,
        4,
        54,
        43
    ]
}