{
    "id": 58626,
    "category": 44,
    "location": [
        -120.67667,
        35.32667
    ],
    "keywords": [
        47,
        70
    ]
}