{
    "id": 58620,
    "category": 44,
    "location": [
        -120.67333,
        36.41694
    ],
    "keywords": [
        10,
        32,
        44,
        69,
        57,
        3,
        6,
        61
    ]
}