{
    "id": 58640,
    "category": 44,
    "location": [
        -120.68472,
        38.64778
    ],
    "keywords": [
        61,
        0
    ]
}