{
    "id": 58651,
    "category": 44,
    "location": [
        -120.69444,
        39.76083
    ],
    "keywords": [
        31,
        31,
        20,
        45,
        55,
        50,
        16,
        58
    ]
}