{
    "id": 58657,
    "category": 44,
    "location": [
        -120.69972,
        38.34806
    ],
    "keywords": [
        59,
        73,
        61,
        65,
        30,
        5,
        75,
        41,
        58,
        69,
        14,
        73
    ]
}