{
    "id": 58668,
    "category": 44,
    "location": [
        -120.70667,
        39.75889
    ],
    "keywords": [
        29,
        27,
        22,
        52,
        28,
        19,
        50,
        57,
        31,
        63,
        40,
        19
    ]
}