{
    "id": 58672,
    "category": 44,
    "location": [
        -120.71194,
        38.73833
    ],
    "keywords": [
        37,
        65,
        12,
        59,
        53,
        74,
        72,
        12,
        54,
        28,
        2,
        5,
        59,
        20,
        51
    ]
}