{
    "id": 58675,
    "category": 44,
    "location": [
        -120.71667,
        39.79472
    ],
    "keywords": [
        42,
        33,
        73,
        53,
        57,
        70,
        34,
        36,
        41,
        40,
        46,
        47,
        51
    ]
}