{
    "id": 58698,
    "category": 44,
    "location": [
        -120.74972,
        39.90444
    ],
    "keywords": [
        2,
        43,
        50,
        74,
        28,
        73,
        48,
        63,
        1,
        60,
        17,
        21,
        20,
        63
    ]
}