{
    "id": 58695,
    "category": 44,
    "location": [
        -120.74389,
        39.20028
    ],
    "keywords": [
        7,
        37,
        22,
        67,
        0,
        8,
        8,
        55,
        7,
        4
    ]
}