{
    "id": 58715,
    "category": 44,
    "location": [
        -120.76389,
        37.02167
    ],
    "keywords": [
        23
    ]
}