{
    "id": 58748,
    "category": 44,
    "location": [
        -120.81389,
        38.69472
    ],
    "keywords": [
        39,
        59,
        51,
        45,
        49,
        70,
        56,
        20,
        0,
        13,
        69,
        1
    ]
}