{
    "id": 58747,
    "category": 44,
    "location": [
        -120.81028,
        39.20667
    ],
    "keywords": [
        69,
        25,
        10,
        55,
        47,
        51,
        21,
        12,
        74,
        15,
        60,
        60,
        54
    ]
}