{
    "id": 58754,
    "category": 44,
    "location": [
        -120.81694,
        39.02028
    ],
    "keywords": [
        55,
        11,
        68,
        31,
        53,
        12,
        49,
        43
    ]
}