{
    "id": 5876,
    "category": 11,
    "location": [
        -121.78361,
        37.66111
    ],
    "keywords": [
        72,
        28,
        48,
        42
    ]
}