{
    "id": 58802,
    "category": 44,
    "location": [
        -120.84889,
        37.39694
    ],
    "keywords": [
        5,
        52,
        18,
        73,
        41,
        6
    ]
}