{
    "id": 58808,
    "category": 44,
    "location": [
        -120.85111,
        38.03194
    ],
    "keywords": [
        55,
        29,
        1,
        64
    ]
}