{
    "id": 58821,
    "category": 44,
    "location": [
        -120.85917,
        36.70417
    ],
    "keywords": [
        59,
        1,
        34,
        30
    ]
}