{
    "id": 5882,
    "category": 11,
    "location": [
        -121.79639,
        36.65611
    ],
    "keywords": [
        67,
        11,
        24,
        12,
        42,
        1,
        72,
        28,
        16,
        3
    ]
}