{
    "id": 58836,
    "category": 44,
    "location": [
        -120.87278,
        41.12417
    ],
    "keywords": [
        33,
        33,
        6,
        5,
        59,
        48,
        23
    ]
}