{
    "id": 5886,
    "category": 11,
    "location": [
        -121.80111,
        37.71028
    ],
    "keywords": [
        7,
        33,
        54,
        22,
        35,
        59,
        8,
        15,
        42,
        73,
        68,
        75,
        12,
        23
    ]
}