{
    "id": 58886,
    "category": 44,
    "location": [
        -120.91889,
        37.68667
    ],
    "keywords": [
        58,
        65,
        29,
        28,
        37,
        68,
        48
    ]
}