{
    "id": 58884,
    "category": 44,
    "location": [
        -120.91778,
        37.46417
    ],
    "keywords": [
        19,
        67,
        55,
        35,
        25,
        33,
        24,
        7,
        15,
        6,
        35,
        48
    ]
}