{
    "id": 5889,
    "category": 11,
    "location": [
        -121.80389,
        36.68139
    ],
    "keywords": [
        5,
        65,
        75,
        29,
        59,
        57,
        19,
        3,
        60,
        72,
        37,
        42,
        28
    ]
}