{
    "id": 58902,
    "category": 44,
    "location": [
        -120.93472,
        38.19444
    ],
    "keywords": [
        1,
        42,
        17,
        30,
        4,
        63,
        24,
        19,
        17,
        8,
        5,
        25,
        73,
        49
    ]
}