{
    "id": 58913,
    "category": 44,
    "location": [
        -120.94611,
        37.75861
    ],
    "keywords": [
        69,
        4,
        5,
        66,
        65
    ]
}