{
    "id": 58921,
    "category": 44,
    "location": [
        -120.95222,
        39.10083
    ],
    "keywords": [
        26,
        40,
        30,
        18,
        11,
        26,
        35
    ]
}