{
    "id": 58923,
    "category": 44,
    "location": [
        -120.95444,
        37.48972
    ],
    "keywords": [
        36,
        16,
        74,
        18,
        23,
        32,
        28,
        7,
        43,
        46,
        17,
        68,
        67,
        1,
        38
    ]
}