{
    "id": 58938,
    "category": 44,
    "location": [
        -120.96667,
        40.11583
    ],
    "keywords": [
        17,
        61,
        12,
        70,
        50,
        23,
        72,
        41,
        65,
        12,
        31,
        43,
        43
    ]
}