{
    "id": 58935,
    "category": 44,
    "location": [
        -120.96472,
        38.57528
    ],
    "keywords": [
        8,
        24,
        72,
        42,
        65,
        66,
        32,
        38
    ]
}