{
    "id": 58940,
    "category": 44,
    "location": [
        -120.96722,
        37.18028
    ],
    "keywords": []
}