{
    "id": 58956,
    "category": 44,
    "location": [
        -120.97833,
        39.02556
    ],
    "keywords": [
        34,
        65,
        7,
        57,
        12,
        13,
        27,
        62,
        57,
        47,
        12
    ]
}