{
    "id": 58958,
    "category": 44,
    "location": [
        -120.97944,
        37.21111
    ],
    "keywords": [
        75,
        57,
        55,
        38,
        47,
        66,
        22,
        7,
        60
    ]
}