{
    "id": 58966,
    "category": 44,
    "location": [
        -120.98472,
        37.62083
    ],
    "keywords": [
        42,
        27,
        27,
        2,
        57,
        40
    ]
}