{
    "id": 5897,
    "category": 11,
    "location": [
        -121.81417,
        38.01639
    ],
    "keywords": [
        6,
        36,
        36,
        57
    ]
}