{
    "id": 58978,
    "category": 44,
    "location": [
        -120.99389,
        40.03806
    ],
    "keywords": [
        64,
        53,
        30
    ]
}