{
    "id": 59016,
    "category": 44,
    "location": [
        -121.01639,
        38.96944
    ],
    "keywords": [
        70,
        31,
        65,
        68,
        10,
        5,
        17,
        31,
        35,
        48,
        27,
        54,
        29,
        53
    ]
}