{
    "id": 59030,
    "category": 44,
    "location": [
        -121.02667,
        39.18472
    ],
    "keywords": [
        73,
        68,
        57,
        48,
        62,
        38,
        38,
        29,
        20,
        3,
        8
    ]
}