{
    "id": 59039,
    "category": 44,
    "location": [
        -121.03361,
        38.70167
    ],
    "keywords": [
        29,
        71,
        71
    ]
}