{
    "id": 59041,
    "category": 44,
    "location": [
        -121.03444,
        39.24222
    ],
    "keywords": []
}