{
    "id": 59053,
    "category": 44,
    "location": [
        -121.04417,
        39.17472
    ],
    "keywords": [
        44,
        29,
        37,
        46,
        6,
        9,
        19,
        47,
        12,
        2
    ]
}