{
    "id": 59055,
    "category": 44,
    "location": [
        -121.04472,
        37.36194
    ],
    "keywords": [
        40
    ]
}