{
    "id": 59064,
    "category": 44,
    "location": [
        -121.04944,
        38.73806
    ],
    "keywords": [
        52,
        39,
        17,
        25,
        37,
        17
    ]
}