{
    "id": 59072,
    "category": 44,
    "location": [
        -121.05278,
        39.14167
    ],
    "keywords": [
        18,
        38,
        57,
        19,
        66,
        64,
        43,
        66,
        28,
        28,
        44,
        19,
        29,
        62
    ]
}