{
    "id": 59082,
    "category": 44,
    "location": [
        -121.05972,
        39.92972
    ],
    "keywords": [
        3
    ]
}