{
    "id": 59087,
    "category": 44,
    "location": [
        -121.06528,
        37.84306
    ],
    "keywords": [
        70,
        10,
        64,
        55,
        1,
        74,
        19,
        13,
        62
    ]
}