{
    "id": 59114,
    "category": 44,
    "location": [
        -121.07611,
        40.23667
    ],
    "keywords": []
}