{
    "id": 5911,
    "category": 11,
    "location": [
        -121.84194,
        37.60917
    ],
    "keywords": [
        23,
        61,
        4,
        25
    ]
}