{
    "id": 59126,
    "category": 44,
    "location": [
        -121.08028,
        37.79806
    ],
    "keywords": [
        40,
        46,
        27,
        57,
        1,
        8,
        72,
        46
    ]
}