{
    "id": 59133,
    "category": 44,
    "location": [
        -121.08167,
        39.10417
    ],
    "keywords": [
        62,
        42,
        48,
        59,
        16,
        55,
        28,
        69,
        58,
        42,
        58,
        55,
        31,
        61
    ]
}