{
    "id": 59160,
    "category": 44,
    "location": [
        -121.09528,
        39.57944
    ],
    "keywords": [
        43
    ]
}