{
    "id": 59171,
    "category": 44,
    "location": [
        -121.10444,
        40.01861
    ],
    "keywords": [
        2,
        9,
        69,
        32,
        24,
        47
    ]
}