{
    "id": 59173,
    "category": 44,
    "location": [
        -121.10556,
        35.57111
    ],
    "keywords": [
        6,
        10
    ]
}