{
    "id": 59175,
    "category": 44,
    "location": [
        -121.10583,
        35.57417
    ],
    "keywords": [
        0,
        6,
        27,
        28,
        38,
        50,
        9,
        70,
        69,
        24,
        41,
        31,
        61,
        51,
        1
    ]
}