{
    "id": 59206,
    "category": 44,
    "location": [
        -121.14528,
        37.97861
    ],
    "keywords": [
        36,
        27,
        37,
        15,
        6,
        23,
        16,
        9
    ]
}