{
    "id": 59200,
    "category": 44,
    "location": [
        -121.13778,
        39.42278
    ],
    "keywords": [
        71,
        24,
        35,
        6,
        68,
        43,
        51,
        12,
        35,
        63,
        30,
        20
    ]
}