{
    "id": 59202,
    "category": 44,
    "location": [
        -121.14306,
        41.12139
    ],
    "keywords": [
        41,
        15,
        46,
        29
    ]
}