{
    "id": 5920,
    "category": 11,
    "location": [
        -121.85222,
        36.28611
    ],
    "keywords": [
        67,
        0,
        30,
        55,
        18,
        52
    ]
}