{
    "id": 59214,
    "category": 44,
    "location": [
        -121.15472,
        38.64222
    ],
    "keywords": [
        32
    ]
}