{
    "id": 59223,
    "category": 44,
    "location": [
        -121.16417,
        37.76472
    ],
    "keywords": [
        70,
        49,
        1,
        49,
        46,
        29,
        13,
        54,
        72,
        63,
        73,
        12,
        56,
        66
    ]
}