{
    "id": 59236,
    "category": 44,
    "location": [
        -121.17694,
        39.19722
    ],
    "keywords": [
        7,
        33,
        43,
        20,
        44,
        12,
        75,
        57,
        55,
        24,
        11,
        19
    ]
}