{
    "id": 59232,
    "category": 44,
    "location": [
        -121.17528,
        39.81667
    ],
    "keywords": [
        24,
        22
    ]
}