{
    "id": 59242,
    "category": 44,
    "location": [
        -121.18056,
        38.90167
    ],
    "keywords": [
        58,
        4,
        50,
        61,
        20
    ]
}