{
    "id": 59297,
    "category": 44,
    "location": [
        -121.24222,
        38.13528
    ],
    "keywords": [
        65,
        65,
        55,
        59,
        20,
        62,
        50,
        68,
        75
    ]
}