{
    "id": 59306,
    "category": 44,
    "location": [
        -121.24333,
        38.29583
    ],
    "keywords": [
        72,
        10,
        58,
        33,
        68,
        55,
        72
    ]
}