{
    "id": 59310,
    "category": 44,
    "location": [
        -121.24556,
        38.62639
    ],
    "keywords": [
        46,
        8,
        14,
        55,
        72,
        69
    ]
}