{
    "id": 5932,
    "category": 11,
    "location": [
        -121.87833,
        37.33389
    ],
    "keywords": [
        74,
        3,
        9,
        60,
        7,
        25,
        40,
        34
    ]
}