{
    "id": 59339,
    "category": 44,
    "location": [
        -121.27111,
        37.90472
    ],
    "keywords": [
        73,
        51,
        53,
        2,
        11,
        72,
        20,
        26
    ]
}