{
    "id": 59361,
    "category": 44,
    "location": [
        -121.28472,
        37.93889
    ],
    "keywords": [
        18,
        11,
        37,
        18,
        1,
        50,
        22,
        24,
        7
    ]
}