{
    "id": 59363,
    "category": 44,
    "location": [
        -121.28694,
        38.75222
    ],
    "keywords": [
        25,
        36,
        55,
        28,
        75,
        41,
        41,
        44,
        41,
        17,
        57,
        53,
        24
    ]
}