{
    "id": 59367,
    "category": 44,
    "location": [
        -121.29194,
        38.89167
    ],
    "keywords": [
        58,
        32,
        40,
        12,
        17,
        27,
        44,
        39
    ]
}