{
    "id": 59377,
    "category": 44,
    "location": [
        -121.30444,
        38.10083
    ],
    "keywords": [
        52,
        40,
        13
    ]
}