{
    "id": 59370,
    "category": 44,
    "location": [
        -121.29611,
        39.21194
    ],
    "keywords": [
        24,
        48,
        20,
        63,
        66,
        51,
        19,
        26,
        59,
        64
    ]
}