{
    "id": 59384,
    "category": 44,
    "location": [
        -121.31111,
        38.90806
    ],
    "keywords": [
        48,
        13,
        67,
        18,
        66,
        27,
        31,
        34,
        73,
        36,
        23,
        39,
        51,
        70,
        37
    ]
}