{
    "id": 59386,
    "category": 44,
    "location": [
        -121.31333,
        39.77833
    ],
    "keywords": [
        29,
        67,
        50
    ]
}