{
    "id": 59385,
    "category": 44,
    "location": [
        -121.31306,
        41.58917
    ],
    "keywords": []
}