{
    "id": 59403,
    "category": 44,
    "location": [
        -121.32722,
        38.61722
    ],
    "keywords": [
        45,
        3,
        1,
        44,
        67,
        56,
        16,
        26
    ]
}