{
    "id": 59400,
    "category": 44,
    "location": [
        -121.32528,
        36.42472
    ],
    "keywords": [
        9,
        56,
        3,
        36,
        22,
        9,
        43,
        33,
        59,
        49,
        8,
        62
    ]
}