{
    "id": 59426,
    "category": 44,
    "location": [
        -121.36222,
        39.82222
    ],
    "keywords": [
        72,
        6,
        11,
        45,
        48
    ]
}