{
    "id": 59439,
    "category": 44,
    "location": [
        -121.37111,
        41.88833
    ],
    "keywords": [
        55,
        65,
        63,
        19,
        73,
        8,
        15,
        16,
        54,
        40,
        52
    ]
}