{
    "id": 59454,
    "category": 44,
    "location": [
        -121.39056,
        39.02806
    ],
    "keywords": [
        12,
        29
    ]
}