{
    "id": 59457,
    "category": 44,
    "location": [
        -121.39306,
        36.46806
    ],
    "keywords": [
        13,
        49,
        3,
        5,
        15,
        11,
        20,
        14,
        49,
        52,
        75,
        16,
        73,
        46,
        10
    ]
}