{
    "id": 59469,
    "category": 44,
    "location": [
        -121.40333,
        40.44444
    ],
    "keywords": [
        8,
        74,
        5,
        42,
        67,
        30,
        26,
        1,
        75,
        54,
        21,
        31,
        69,
        7,
        1
    ]
}