{
    "id": 59466,
    "category": 44,
    "location": [
        -121.40111,
        39.72778
    ],
    "keywords": [
        5,
        29,
        41,
        37,
        59,
        15,
        49,
        4,
        71,
        27,
        27,
        2,
        67
    ]
}