{
    "id": 59505,
    "category": 44,
    "location": [
        -121.42361,
        38.22611
    ],
    "keywords": [
        58,
        45,
        60,
        11,
        29,
        12,
        21,
        66,
        68,
        32
    ]
}