{
    "id": 59509,
    "category": 44,
    "location": [
        -121.42917,
        39.64167
    ],
    "keywords": [
        29,
        25,
        31,
        41,
        43,
        56
    ]
}