{
    "id": 59541,
    "category": 44,
    "location": [
        -121.46667,
        39.55361
    ],
    "keywords": [
        38,
        73,
        50,
        41,
        58
    ]
}