{
    "id": 5955,
    "category": 11,
    "location": [
        -121.88583,
        37.34972
    ],
    "keywords": [
        22,
        47,
        49,
        60,
        65
    ]
}