{
    "id": 59550,
    "category": 44,
    "location": [
        -121.47222,
        38.65278
    ],
    "keywords": [
        66
    ]
}