{
    "id": 59565,
    "category": 44,
    "location": [
        -121.48917,
        41.06139
    ],
    "keywords": [
        20,
        43,
        15,
        45,
        17,
        47,
        74,
        66,
        62,
        19
    ]
}