{
    "id": 59579,
    "category": 44,
    "location": [
        -121.50056,
        37.93861
    ],
    "keywords": [
        30,
        34,
        67
    ]
}