{
    "id": 5957,
    "category": 11,
    "location": [
        -121.88722,
        37.32389
    ],
    "keywords": [
        17,
        69,
        71
    ]
}