{
    "id": 59574,
    "category": 44,
    "location": [
        -121.49361,
        39.74583
    ],
    "keywords": [
        54,
        17,
        74,
        12,
        10,
        43,
        8,
        3,
        0,
        41,
        1,
        31,
        68,
        54,
        34
    ]
}