{
    "id": 59581,
    "category": 44,
    "location": [
        -121.50139,
        38.32056
    ],
    "keywords": [
        17
    ]
}