{
    "id": 59591,
    "category": 44,
    "location": [
        -121.51417,
        40.06167
    ],
    "keywords": [
        47,
        21,
        31,
        11,
        74,
        42,
        45,
        73,
        10,
        73,
        67
    ]
}