{
    "id": 59607,
    "category": 44,
    "location": [
        -121.52611,
        38.42056
    ],
    "keywords": [
        52,
        28,
        15,
        8,
        41,
        71,
        26,
        38,
        69,
        26,
        50,
        28,
        55,
        35,
        62
    ]
}