{
    "id": 59613,
    "category": 44,
    "location": [
        -121.53278,
        39.32917
    ],
    "keywords": [
        11,
        16,
        2,
        51,
        47,
        12,
        26,
        28,
        8,
        58,
        20,
        7,
        35,
        22,
        39
    ]
}