{
    "id": 59611,
    "category": 44,
    "location": [
        -121.53083,
        36.96611
    ],
    "keywords": [
        18,
        53,
        22,
        41,
        19,
        63,
        10,
        68,
        61,
        16,
        9,
        37,
        70,
        61,
        65
    ]
}