{
    "id": 59629,
    "category": 44,
    "location": [
        -121.54278,
        38.86694
    ],
    "keywords": []
}