{
    "id": 59659,
    "category": 44,
    "location": [
        -121.55944,
        38.23861
    ],
    "keywords": [
        10,
        8,
        41,
        20,
        8,
        8
    ]
}