{
    "id": 59651,
    "category": 44,
    "location": [
        -121.55694,
        37.71472
    ],
    "keywords": [
        70,
        53,
        4,
        75,
        62,
        66,
        8,
        44,
        50,
        11,
        2
    ]
}