{
    "id": 59674,
    "category": 44,
    "location": [
        -121.57139,
        39.92889
    ],
    "keywords": [
        50,
        15,
        53,
        65,
        17,
        61,
        15,
        44,
        1
    ]
}