{
    "id": 59676,
    "category": 44,
    "location": [
        -121.57472,
        38.32833
    ],
    "keywords": []
}