{
    "id": 59693,
    "category": 44,
    "location": [
        -121.58917,
        36.36972
    ],
    "keywords": [
        67,
        72,
        1,
        32,
        11,
        67,
        48
    ]
}