{
    "id": 59700,
    "category": 44,
    "location": [
        -121.59111,
        37.05417
    ],
    "keywords": [
        64,
        24,
        45,
        6,
        41,
        46,
        42,
        25,
        41,
        27,
        4,
        0,
        25,
        22,
        66
    ]
}