{
    "id": 5974,
    "category": 11,
    "location": [
        -121.89139,
        36.59667
    ],
    "keywords": [
        27,
        13,
        38,
        25,
        31,
        18,
        72,
        11,
        35,
        47
    ]
}