{
    "id": 59746,
    "category": 44,
    "location": [
        -121.62528,
        38.95222
    ],
    "keywords": [
        67,
        34,
        48,
        11
    ]
}