{
    "id": 59763,
    "category": 44,
    "location": [
        -121.64167,
        41.91222
    ],
    "keywords": [
        69,
        48,
        63,
        17,
        48,
        57,
        62
    ]
}