{
    "id": 59766,
    "category": 44,
    "location": [
        -121.64278,
        38.33056
    ],
    "keywords": [
        48,
        69,
        69
    ]
}