{
    "id": 59778,
    "category": 44,
    "location": [
        -121.65278,
        39.41528
    ],
    "keywords": []
}