{
    "id": 59798,
    "category": 44,
    "location": [
        -121.66111,
        39.18389
    ],
    "keywords": [
        42,
        4,
        50,
        66
    ]
}