{
    "id": 59804,
    "category": 44,
    "location": [
        -121.66333,
        36.64472
    ],
    "keywords": [
        20,
        44,
        8,
        68,
        31,
        60,
        44,
        67,
        39
    ]
}