{
    "id": 59823,
    "category": 44,
    "location": [
        -121.68056,
        40.70889
    ],
    "keywords": [
        32,
        51,
        12,
        19,
        10,
        23,
        40,
        55,
        50
    ]
}