{
    "id": 59822,
    "category": 44,
    "location": [
        -121.68028,
        40.19583
    ],
    "keywords": [
        61,
        7
    ]
}