{
    "id": 59830,
    "category": 44,
    "location": [
        -121.68972,
        36.89583
    ],
    "keywords": [
        21,
        26,
        50,
        27,
        59,
        65,
        73,
        46,
        30,
        48
    ]
}