{
    "id": 59837,
    "category": 44,
    "location": [
        -121.69306,
        38.54694
    ],
    "keywords": [
        27,
        58,
        66,
        39,
        19,
        36,
        64,
        62,
        75,
        2,
        41,
        27,
        36,
        59,
        47
    ]
}