{
    "id": 59856,
    "category": 44,
    "location": [
        -121.71917,
        36.57639
    ],
    "keywords": [
        7,
        67,
        9,
        2,
        57,
        74
    ]
}