{
    "id": 59886,
    "category": 44,
    "location": [
        -121.74639,
        36.90556
    ],
    "keywords": [
        12,
        68,
        75,
        19,
        59,
        26,
        44,
        50,
        20,
        27,
        46,
        38,
        52,
        69
    ]
}