{
    "id": 59880,
    "category": 44,
    "location": [
        -121.73944,
        36.82444
    ],
    "keywords": [
        65,
        50,
        34,
        37,
        74
    ]
}