{
    "id": 59887,
    "category": 44,
    "location": [
        -121.74639,
        37.69056
    ],
    "keywords": [
        46,
        71,
        75,
        6,
        69,
        40,
        14,
        55,
        32,
        37
    ]
}