{
    "id": 59884,
    "category": 44,
    "location": [
        -121.74361,
        39.49389
    ],
    "keywords": [
        33,
        43,
        64,
        34,
        8,
        17,
        27,
        74,
        35,
        45,
        58,
        15,
        71,
        19
    ]
}