{
    "id": 59897,
    "category": 44,
    "location": [
        -121.75389,
        36.56306
    ],
    "keywords": [
        19,
        70,
        18
    ]
}