{
    "id": 59904,
    "category": 44,
    "location": [
        -121.75944,
        38.61417
    ],
    "keywords": [
        38,
        39,
        59
    ]
}