{
    "id": 59901,
    "category": 44,
    "location": [
        -121.75722,
        38.35083
    ],
    "keywords": [
        35,
        73,
        14,
        65,
        42,
        49,
        5
    ]
}