{
    "id": 59914,
    "category": 44,
    "location": [
        -121.76611,
        36.93472
    ],
    "keywords": [
        14,
        3,
        64,
        24,
        49,
        55,
        73,
        51,
        17
    ]
}