{
    "id": 59974,
    "category": 44,
    "location": [
        -121.82306,
        38.27722
    ],
    "keywords": [
        18,
        25,
        70,
        34,
        57,
        40,
        68,
        26,
        66,
        14,
        50
    ]
}