{
    "id": 59989,
    "category": 44,
    "location": [
        -121.83778,
        37.67278
    ],
    "keywords": [
        10,
        71,
        68,
        6,
        75
    ]
}