{
    "id": 59994,
    "category": 44,
    "location": [
        -121.84306,
        37.15611
    ],
    "keywords": [
        65,
        38,
        73,
        11,
        41,
        17,
        26,
        71,
        65,
        71,
        55,
        74,
        41,
        20
    ]
}