{
    "id": 60,
    "category": 0,
    "location": [
        -116.40556,
        33.76583
    ],
    "keywords": [
        6,
        41,
        70,
        51,
        54,
        1,
        38,
        2,
        53,
        8,
        11,
        71,
        56,
        15,
        43
    ]
}