{
    "id": 60000,
    "category": 44,
    "location": [
        -121.84806,
        39.14528
    ],
    "keywords": [
        33,
        71,
        4,
        71,
        1,
        26,
        64,
        33,
        66,
        67,
        65,
        72
    ]
}