{
    "id": 60004,
    "category": 44,
    "location": [
        -121.85056,
        36.61111
    ],
    "keywords": [
        66,
        6
    ]
}