{
    "id": 60017,
    "category": 44,
    "location": [
        -121.86333,
        37.95694
    ],
    "keywords": [
        74,
        63,
        33,
        21,
        14,
        11,
        61,
        22,
        38,
        16,
        65,
        58
    ]
}