{
    "id": 60025,
    "category": 44,
    "location": [
        -121.86889,
        40.43528
    ],
    "keywords": [
        11,
        5,
        64,
        18,
        40,
        67,
        49,
        14,
        6
    ]
}