{
    "id": 60030,
    "category": 44,
    "location": [
        -121.87111,
        39.64861
    ],
    "keywords": [
        8,
        36,
        12,
        55,
        35,
        12,
        70,
        21,
        61,
        7,
        15,
        14,
        13,
        21
    ]
}