{
    "id": 60035,
    "category": 44,
    "location": [
        -121.87417,
        38.20611
    ],
    "keywords": [
        31,
        69,
        54,
        7,
        11
    ]
}