{
    "id": 60037,
    "category": 44,
    "location": [
        -121.87556,
        38.12583
    ],
    "keywords": [
        40,
        15,
        69,
        6,
        54,
        65,
        34,
        42,
        25,
        26
    ]
}