{
    "id": 60056,
    "category": 44,
    "location": [
        -121.89222,
        38.02167
    ],
    "keywords": []
}