{
    "id": 60063,
    "category": 44,
    "location": [
        -121.89389,
        37.35167
    ],
    "keywords": [
        31,
        33
    ]
}