{
    "id": 60085,
    "category": 44,
    "location": [
        -121.90778,
        38.82444
    ],
    "keywords": [
        10,
        68,
        47,
        48,
        55,
        55,
        41,
        28,
        64,
        14,
        72
    ]
}