{
    "id": 60087,
    "category": 44,
    "location": [
        -121.90889,
        38.34833
    ],
    "keywords": [
        25,
        73,
        59,
        43,
        51,
        59,
        17
    ]
}