{
    "id": 60090,
    "category": 44,
    "location": [
        -121.91139,
        37.45306
    ],
    "keywords": [
        71,
        17,
        2,
        24,
        70,
        61,
        43,
        25,
        8,
        75
    ]
}