{
    "id": 60107,
    "category": 44,
    "location": [
        -121.92222,
        36.55528
    ],
    "keywords": [
        40
    ]
}