{
    "id": 60110,
    "category": 44,
    "location": [
        -121.92333,
        37.59917
    ],
    "keywords": [
        35,
        47,
        7,
        2,
        67,
        47
    ]
}