{
    "id": 60115,
    "category": 44,
    "location": [
        -121.92972,
        37.25694
    ],
    "keywords": [
        17,
        55,
        56
    ]
}