{
    "id": 60121,
    "category": 44,
    "location": [
        -121.93167,
        38.27222
    ],
    "keywords": [
        12
    ]
}