{
    "id": 6015,
    "category": 11,
    "location": [
        -121.89611,
        36.59972
    ],
    "keywords": [
        18,
        9,
        60,
        14,
        44,
        18,
        16,
        51
    ]
}