{
    "id": 60163,
    "category": 44,
    "location": [
        -121.95611,
        40.52417
    ],
    "keywords": [
        25,
        26,
        38
    ]
}