{
    "id": 60177,
    "category": 44,
    "location": [
        -121.96194,
        37.41667
    ],
    "keywords": [
        52,
        8,
        11,
        14
    ]
}