{
    "id": 60172,
    "category": 44,
    "location": [
        -121.96056,
        36.98667
    ],
    "keywords": [
        26,
        72,
        12,
        75,
        43,
        18,
        30
    ]
}