{
    "id": 60195,
    "category": 44,
    "location": [
        -121.96861,
        38.88528
    ],
    "keywords": [
        62
    ]
}