{
    "id": 60210,
    "category": 44,
    "location": [
        -121.97278,
        40.16028
    ],
    "keywords": [
        74,
        20,
        48,
        17,
        30,
        8,
        75
    ]
}