{
    "id": 60222,
    "category": 44,
    "location": [
        -121.97722,
        39.81083
    ],
    "keywords": [
        24
    ]
}