{
    "id": 60229,
    "category": 44,
    "location": [
        -121.98556,
        37.15639
    ],
    "keywords": [
        21,
        9,
        12,
        64,
        57,
        29
    ]
}