{
    "id": 60238,
    "category": 44,
    "location": [
        -121.98833,
        37.95278
    ],
    "keywords": [
        6,
        0
    ]
}