{
    "id": 6024,
    "category": 11,
    "location": [
        -121.89722,
        37.43306
    ],
    "keywords": [
        55,
        26,
        5,
        68
    ]
}