{
    "id": 60249,
    "category": 44,
    "location": [
        -121.99556,
        38.92556
    ],
    "keywords": [
        50,
        18,
        6,
        73,
        38,
        13
    ]
}