{
    "id": 60257,
    "category": 44,
    "location": [
        -121.99917,
        41.73167
    ],
    "keywords": [
        52,
        67,
        72,
        23,
        31,
        46,
        39,
        59,
        17,
        21,
        15,
        67,
        29
    ]
}