{
    "id": 60266,
    "category": 44,
    "location": [
        -122.00444,
        39.62972
    ],
    "keywords": [
        58,
        36,
        39,
        35,
        49,
        27,
        14,
        30,
        66,
        50
    ]
}