{
    "id": 60293,
    "category": 44,
    "location": [
        -122.02111,
        39.45889
    ],
    "keywords": [
        3,
        70,
        57,
        20,
        21,
        73,
        61,
        27,
        52,
        50,
        45,
        49,
        3
    ]
}