{
    "id": 60320,
    "category": 44,
    "location": [
        -122.03667,
        36.97194
    ],
    "keywords": [
        62,
        28,
        40,
        65,
        58,
        10,
        69,
        1,
        34,
        27,
        6,
        52,
        68,
        29
    ]
}