{
    "id": 60346,
    "category": 44,
    "location": [
        -122.05444,
        38.02611
    ],
    "keywords": [
        11,
        22,
        10,
        43,
        26,
        61,
        52,
        72,
        36,
        67,
        19
    ]
}