{
    "id": 60367,
    "category": 44,
    "location": [
        -122.06972,
        37.37694
    ],
    "keywords": [
        30,
        61,
        52,
        75,
        43,
        41,
        31,
        47,
        73,
        63,
        21,
        58,
        33,
        59,
        20
    ]
}