{
    "id": 60361,
    "category": 44,
    "location": [
        -122.06389,
        37.90639
    ],
    "keywords": [
        5,
        68,
        28,
        60
    ]
}