{
    "id": 60374,
    "category": 44,
    "location": [
        -122.07417,
        41.13333
    ],
    "keywords": [
        13,
        47,
        34,
        74,
        17,
        71
    ]
}