{
    "id": 60372,
    "category": 44,
    "location": [
        -122.07417,
        37.98361
    ],
    "keywords": [
        42,
        21,
        71,
        71,
        33,
        63,
        34,
        34,
        51,
        48,
        48,
        27
    ]
}