{
    "id": 6037,
    "category": 11,
    "location": [
        -121.91528,
        36.62222
    ],
    "keywords": []
}