{
    "id": 60389,
    "category": 44,
    "location": [
        -122.08278,
        37.38611
    ],
    "keywords": [
        35,
        66,
        10,
        67,
        52,
        63,
        33,
        35,
        54,
        37,
        27,
        44,
        31,
        49,
        51
    ]
}