{
    "id": 60390,
    "category": 44,
    "location": [
        -122.08278,
        38.24389
    ],
    "keywords": [
        12,
        43,
        63,
        53,
        5,
        8,
        28,
        51,
        61,
        44,
        33
    ]
}