{
    "id": 6039,
    "category": 11,
    "location": [
        -121.91611,
        36.62167
    ],
    "keywords": [
        36,
        13,
        29,
        41,
        70,
        40,
        24,
        51,
        56
    ]
}