{
    "id": 60393,
    "category": 44,
    "location": [
        -122.08528,
        37.08917
    ],
    "keywords": [
        33,
        23,
        70,
        23
    ]
}