{
    "id": 60424,
    "category": 44,
    "location": [
        -122.12111,
        38.24417
    ],
    "keywords": [
        39,
        4,
        13,
        42,
        63,
        9,
        19,
        41
    ]
}