{
    "id": 60440,
    "category": 44,
    "location": [
        -122.13417,
        37.47639
    ],
    "keywords": [
        31
    ]
}