{
    "id": 60457,
    "category": 44,
    "location": [
        -122.14278,
        37.41361
    ],
    "keywords": [
        64,
        57,
        28,
        35,
        10,
        52,
        7,
        33,
        34,
        7,
        20,
        1,
        61
    ]
}