{
    "id": 60468,
    "category": 44,
    "location": [
        -122.15417,
        37.42639
    ],
    "keywords": [
        31,
        27,
        37,
        18,
        66,
        29,
        46,
        11,
        42,
        56,
        69,
        35,
        6
    ]
}