{
    "id": 60462,
    "category": 44,
    "location": [
        -122.14778,
        37.13889
    ],
    "keywords": [
        64,
        18
    ]
}