{
    "id": 60467,
    "category": 44,
    "location": [
        -122.15028,
        37.42167
    ],
    "keywords": [
        59,
        54,
        63,
        50
    ]
}