{
    "id": 60470,
    "category": 44,
    "location": [
        -122.15556,
        37.67694
    ],
    "keywords": [
        74,
        65,
        23,
        31,
        53,
        7,
        58,
        40,
        14,
        47,
        53,
        46
    ]
}