{
    "id": 60479,
    "category": 44,
    "location": [
        -122.16167,
        40.07194
    ],
    "keywords": [
        5,
        4,
        12,
        34,
        0,
        41,
        23,
        58,
        59,
        17,
        5,
        19,
        45
    ]
}