{
    "id": 60485,
    "category": 44,
    "location": [
        -122.16667,
        37.42139
    ],
    "keywords": [
        21,
        73,
        10,
        56,
        29,
        9,
        42
    ]
}