{
    "id": 60492,
    "category": 44,
    "location": [
        -122.17417,
        40.54944
    ],
    "keywords": [
        3,
        49,
        34,
        56,
        6,
        33
    ]
}