{
    "id": 60509,
    "category": 44,
    "location": [
        -122.18667,
        37.83167
    ],
    "keywords": [
        24,
        47,
        57,
        39,
        27
    ]
}