{
    "id": 60569,
    "category": 44,
    "location": [
        -122.22639,
        37.79778
    ],
    "keywords": [
        7,
        18,
        62,
        19,
        41,
        57,
        47,
        27,
        70,
        7,
        41,
        33,
        65
    ]
}