{
    "id": 60561,
    "category": 44,
    "location": [
        -122.21472,
        37.02444
    ],
    "keywords": [
        53,
        69,
        6,
        74,
        66,
        69,
        56,
        38,
        15,
        23,
        4
    ]
}