{
    "id": 6057,
    "category": 11,
    "location": [
        -121.92528,
        37.33194
    ],
    "keywords": [
        27
    ]
}