{
    "id": 60580,
    "category": 44,
    "location": [
        -122.23889,
        38.07639
    ],
    "keywords": [
        69,
        38,
        10,
        44,
        59,
        4,
        24
    ]
}