{
    "id": 60590,
    "category": 44,
    "location": [
        -122.24694,
        37.53194
    ],
    "keywords": [
        41,
        18,
        75,
        34
    ]
}