{
    "id": 60616,
    "category": 44,
    "location": [
        -122.26194,
        37.46667
    ],
    "keywords": [
        53,
        16,
        2,
        75,
        21,
        8,
        3,
        50,
        43,
        18,
        65,
        67,
        22,
        71
    ]
}