{
    "id": 60637,
    "category": 44,
    "location": [
        -122.27472,
        37.52028
    ],
    "keywords": []
}