{
    "id": 60645,
    "category": 44,
    "location": [
        -122.27944,
        38.27861
    ],
    "keywords": [
        71,
        8,
        54,
        23,
        30,
        51,
        72,
        12,
        18,
        70,
        49,
        31,
        14,
        57,
        13
    ]
}