{
    "id": 60646,
    "category": 44,
    "location": [
        -122.27972,
        40.38583
    ],
    "keywords": [
        13,
        52,
        0,
        15,
        51,
        66,
        30,
        70,
        40,
        13,
        52,
        10,
        66,
        53
    ]
}