{
    "id": 60656,
    "category": 44,
    "location": [
        -122.28833,
        38.23194
    ],
    "keywords": [
        62,
        38,
        72,
        46,
        32,
        42
    ]
}