{
    "id": 60654,
    "category": 44,
    "location": [
        -122.28472,
        37.77639
    ],
    "keywords": [
        21,
        71,
        69,
        21,
        47,
        19,
        26,
        30
    ]
}