{
    "id": 60652,
    "category": 44,
    "location": [
        -122.28444,
        38.29222
    ],
    "keywords": [
        3,
        36,
        11,
        34,
        68,
        16,
        7,
        8,
        23
    ]
}