{
    "id": 60668,
    "category": 44,
    "location": [
        -122.29417,
        37.97722
    ],
    "keywords": [
        32,
        34,
        33,
        4
    ]
}