{
    "id": 60679,
    "category": 44,
    "location": [
        -122.30111,
        41.27833
    ],
    "keywords": [
        35,
        54,
        9,
        7
    ]
}