{
    "id": 60675,
    "category": 44,
    "location": [
        -122.29778,
        38.00444
    ],
    "keywords": [
        41,
        15,
        33,
        23,
        53,
        8,
        29,
        27
    ]
}