{
    "id": 60671,
    "category": 44,
    "location": [
        -122.29667,
        37.88694
    ],
    "keywords": [
        4,
        11
    ]
}