{
    "id": 60686,
    "category": 44,
    "location": [
        -122.30833,
        38.22861
    ],
    "keywords": [
        26,
        1,
        28,
        7,
        44,
        9,
        66,
        74
    ]
}