{
    "id": 60685,
    "category": 44,
    "location": [
        -122.30778,
        38.22667
    ],
    "keywords": [
        23,
        71,
        47,
        29,
        0,
        19,
        46,
        23,
        71,
        29,
        49,
        54,
        70
    ]
}