{
    "id": 60691,
    "category": 44,
    "location": [
        -122.30944,
        41.14944
    ],
    "keywords": [
        20,
        6,
        7,
        50,
        70
    ]
}