{
    "id": 60717,
    "category": 44,
    "location": [
        -122.32889,
        37.96528
    ],
    "keywords": [
        2,
        28,
        34,
        3,
        34,
        61,
        32
    ]
}