{
    "id": 60716,
    "category": 44,
    "location": [
        -122.32861,
        40.72722
    ],
    "keywords": [
        64,
        61,
        30,
        55,
        21,
        10,
        35
    ]
}