{
    "id": 60730,
    "category": 44,
    "location": [
        -122.34417,
        37.56667
    ],
    "keywords": [
        65,
        59
    ]
}