{
    "id": 60739,
    "category": 44,
    "location": [
        -122.35417,
        41.33806
    ],
    "keywords": [
        35,
        38,
        72
    ]
}