{
    "id": 60758,
    "category": 44,
    "location": [
        -122.37806,
        40.90528
    ],
    "keywords": [
        30,
        26,
        48,
        24,
        8,
        7,
        29,
        34,
        50,
        46
    ]
}