{
    "id": 6077,
    "category": 11,
    "location": [
        -121.95167,
        37.75611
    ],
    "keywords": [
        35,
        54,
        20,
        72,
        31,
        66,
        27,
        62
    ]
}