{
    "id": 60794,
    "category": 44,
    "location": [
        -122.40333,
        37.61667
    ],
    "keywords": [
        4,
        24,
        23,
        14,
        37
    ]
}