{
    "id": 608,
    "category": 0,
    "location": [
        -120.42472,
        34.94306
    ],
    "keywords": [
        63,
        44,
        36,
        65,
        57,
        7
    ]
}