{
    "id": 60807,
    "category": 44,
    "location": [
        -122.41222,
        37.70639
    ],
    "keywords": [
        75,
        35,
        43,
        69,
        57,
        38,
        71
    ]
}