{
    "id": 60839,
    "category": 44,
    "location": [
        -122.43056,
        41.45833
    ],
    "keywords": [
        32,
        23,
        43,
        72,
        39,
        35
    ]
}