{
    "id": 60832,
    "category": 44,
    "location": [
        -122.42806,
        37.78417
    ],
    "keywords": [
        26,
        5,
        36,
        70,
        45,
        0,
        19,
        23,
        30,
        24,
        68,
        52,
        61,
        15
    ]
}