{
    "id": 60835,
    "category": 44,
    "location": [
        -122.42889,
        37.78583
    ],
    "keywords": [
        60,
        17,
        51,
        19,
        52,
        11,
        42,
        60,
        71,
        59,
        32,
        53,
        46,
        9,
        17
    ]
}