{
    "id": 6084,
    "category": 11,
    "location": [
        -121.95417,
        37.35611
    ],
    "keywords": [
        59,
        68,
        68,
        27,
        64,
        62,
        72,
        59
    ]
}