{
    "id": 60849,
    "category": 44,
    "location": [
        -122.43556,
        38.19861
    ],
    "keywords": [
        7,
        44,
        33,
        71,
        74,
        54
    ]
}