{
    "id": 60851,
    "category": 44,
    "location": [
        -122.43583,
        38.28361
    ],
    "keywords": [
        60,
        28,
        48,
        33,
        62,
        71,
        15,
        40,
        46,
        70,
        49,
        54,
        9
    ]
}