{
    "id": 60864,
    "category": 44,
    "location": [
        -122.44028,
        40.71028
    ],
    "keywords": [
        47,
        49,
        22
    ]
}