{
    "id": 60862,
    "category": 44,
    "location": [
        -122.43889,
        40.94306
    ],
    "keywords": [
        71,
        21,
        40,
        18,
        49,
        63,
        44,
        7,
        34,
        48,
        42
    ]
}