{
    "id": 6087,
    "category": 11,
    "location": [
        -121.95694,
        36.98583
    ],
    "keywords": [
        50
    ]
}