{
    "id": 60872,
    "category": 44,
    "location": [
        -122.44667,
        38.15111
    ],
    "keywords": [
        41,
        48,
        6,
        7
    ]
}