{
    "id": 60888,
    "category": 44,
    "location": [
        -122.45667,
        38.31972
    ],
    "keywords": [
        65,
        48,
        60,
        75,
        6,
        67,
        62,
        19,
        0,
        51,
        12,
        74,
        45,
        65
    ]
}