{
    "id": 60880,
    "category": 44,
    "location": [
        -122.45083,
        38.49111
    ],
    "keywords": [
        32,
        52,
        65
    ]
}