{
    "id": 60896,
    "category": 44,
    "location": [
        -122.45972,
        38.13278
    ],
    "keywords": [
        40,
        40,
        8,
        18,
        4,
        33,
        32,
        25,
        64,
        1,
        66,
        74,
        25,
        10
    ]
}