{
    "id": 60911,
    "category": 44,
    "location": [
        -122.46972,
        38.28694
    ],
    "keywords": [
        13,
        32,
        65,
        34,
        36,
        9,
        27,
        43,
        14,
        75,
        13,
        68
    ]
}