{
    "id": 60946,
    "category": 44,
    "location": [
        -122.48778,
        40.66222
    ],
    "keywords": [
        62,
        42,
        50,
        63,
        49,
        3,
        9,
        73
    ]
}