{
    "id": 60949,
    "category": 44,
    "location": [
        -122.48889,
        38.32028
    ],
    "keywords": [
        48,
        46,
        52,
        0,
        49,
        8,
        30,
        64,
        16,
        50,
        69,
        38,
        24,
        29,
        70
    ]
}