{
    "id": 60963,
    "category": 44,
    "location": [
        -122.49833,
        37.50861
    ],
    "keywords": [
        61,
        69,
        61,
        34,
        55,
        44,
        56
    ]
}