{
    "id": 60972,
    "category": 44,
    "location": [
        -122.50806,
        37.86861
    ],
    "keywords": [
        59,
        68,
        65,
        28,
        50
    ]
}