{
    "id": 60971,
    "category": 44,
    "location": [
        -122.50778,
        37.89694
    ],
    "keywords": [
        59,
        6,
        17,
        30,
        46,
        40,
        21,
        55,
        11
    ]
}