{
    "id": 61000,
    "category": 44,
    "location": [
        -122.52667,
        41.72833
    ],
    "keywords": [
        38,
        17,
        63,
        37,
        4,
        35,
        20,
        14,
        51,
        61,
        14,
        56,
        5
    ]
}