{
    "id": 61003,
    "category": 44,
    "location": [
        -122.53028,
        37.99167
    ],
    "keywords": [
        1,
        34,
        10,
        38,
        18,
        2,
        17,
        47,
        58,
        41
    ]
}