{
    "id": 61009,
    "category": 44,
    "location": [
        -122.53389,
        40.13111
    ],
    "keywords": [
        37,
        26,
        4,
        28,
        11,
        8,
        48,
        45,
        4
    ]
}