{
    "id": 61024,
    "category": 44,
    "location": [
        -122.54306,
        39.37528
    ],
    "keywords": [
        40,
        74,
        56,
        50,
        65
    ]
}