{
    "id": 61035,
    "category": 44,
    "location": [
        -122.54861,
        38.00417
    ],
    "keywords": [
        69,
        41,
        27,
        35,
        29,
        68,
        65,
        4,
        33,
        23,
        66,
        8,
        57,
        69
    ]
}