{
    "id": 61048,
    "category": 44,
    "location": [
        -122.56056,
        37.97472
    ],
    "keywords": [
        4,
        74,
        50
    ]
}