{
    "id": 61055,
    "category": 44,
    "location": [
        -122.56778,
        38.09583
    ],
    "keywords": [
        24,
        23,
        42,
        7,
        12,
        67,
        26,
        3
    ]
}