{
    "id": 61067,
    "category": 44,
    "location": [
        -122.58694,
        40.13722
    ],
    "keywords": []
}