{
    "id": 61060,
    "category": 44,
    "location": [
        -122.57583,
        40.17833
    ],
    "keywords": [
        69,
        0,
        45,
        64,
        57,
        4,
        10,
        71,
        36
    ]
}