{
    "id": 61064,
    "category": 44,
    "location": [
        -122.58194,
        40.64917
    ],
    "keywords": [
        35,
        5,
        19,
        45
    ]
}