{
    "id": 6109,
    "category": 11,
    "location": [
        -121.98583,
        36.97861
    ],
    "keywords": [
        51,
        50,
        35,
        57,
        9,
        30
    ]
}