{
    "id": 61106,
    "category": 44,
    "location": [
        -122.65444,
        38.78778
    ],
    "keywords": [
        29,
        28,
        73,
        22,
        50,
        66
    ]
}