{
    "id": 61116,
    "category": 44,
    "location": [
        -122.66667,
        39.00778
    ],
    "keywords": [
        69,
        8,
        32,
        36,
        14,
        57,
        8,
        42,
        16,
        50,
        10
    ]
}