{
    "id": 61144,
    "category": 44,
    "location": [
        -122.70194,
        40.15667
    ],
    "keywords": [
        10,
        27,
        40,
        27,
        61,
        50
    ]
}