{
    "id": 61178,
    "category": 44,
    "location": [
        -122.72944,
        38.88778
    ],
    "keywords": []
}