{
    "id": 61189,
    "category": 44,
    "location": [
        -122.74361,
        39.96444
    ],
    "keywords": [
        57
    ]
}