{
    "id": 61188,
    "category": 44,
    "location": [
        -122.74306,
        38.98083
    ],
    "keywords": [
        18,
        9,
        70,
        34,
        30,
        45,
        9
    ]
}