{
    "id": 61186,
    "category": 44,
    "location": [
        -122.73972,
        38.02917
    ],
    "keywords": [
        32,
        59,
        48,
        22,
        29,
        19,
        28,
        28,
        64,
        71,
        74,
        66,
        52,
        75,
        71
    ]
}