{
    "id": 61193,
    "category": 44,
    "location": [
        -122.75028,
        38.45278
    ],
    "keywords": []
}