{
    "id": 61217,
    "category": 44,
    "location": [
        -122.78806,
        39.00111
    ],
    "keywords": [
        46,
        30,
        62,
        47,
        37,
        47,
        5,
        23,
        75
    ]
}