{
    "id": 61222,
    "category": 44,
    "location": [
        -122.79472,
        38.52361
    ],
    "keywords": [
        68,
        64,
        48,
        75,
        35,
        63,
        13
    ]
}