{
    "id": 61221,
    "category": 44,
    "location": [
        -122.79361,
        38.37361
    ],
    "keywords": [
        50,
        21
    ]
}