{
    "id": 61235,
    "category": 44,
    "location": [
        -122.81528,
        38.54722
    ],
    "keywords": [
        51,
        23,
        46
    ]
}