{
    "id": 61242,
    "category": 44,
    "location": [
        -122.82444,
        41.86139
    ],
    "keywords": [
        61,
        40,
        34
    ]
}