{
    "id": 61262,
    "category": 44,
    "location": [
        -122.85083,
        38.48528
    ],
    "keywords": [
        9,
        50,
        41,
        19,
        32,
        61,
        26,
        11,
        53,
        65,
        2,
        5,
        29,
        68,
        64
    ]
}