{
    "id": 61283,
    "category": 44,
    "location": [
        -122.87889,
        39.31361
    ],
    "keywords": [
        47,
        65,
        35,
        43,
        60,
        58,
        12,
        25,
        58,
        34,
        39,
        23
    ]
}