{
    "id": 61287,
    "category": 44,
    "location": [
        -122.88472,
        38.45861
    ],
    "keywords": [
        46,
        13,
        64,
        62,
        46,
        8,
        44,
        8,
        7,
        75
    ]
}