{
    "id": 61284,
    "category": 44,
    "location": [
        -122.87917,
        38.68778
    ],
    "keywords": [
        25,
        30,
        3,
        5
    ]
}