{
    "id": 61281,
    "category": 44,
    "location": [
        -122.87778,
        38.45056
    ],
    "keywords": [
        36,
        43
    ]
}