{
    "id": 6130,
    "category": 11,
    "location": [
        -122.01639,
        37.59056
    ],
    "keywords": [
        48,
        40,
        43,
        9,
        6,
        61,
        61,
        75,
        73,
        38,
        50
    ]
}