{
    "id": 61320,
    "category": 44,
    "location": [
        -122.92028,
        41.58056
    ],
    "keywords": [
        15,
        68,
        70,
        31,
        35,
        64,
        20,
        27,
        44,
        26,
        1
    ]
}