{
    "id": 61323,
    "category": 44,
    "location": [
        -122.92389,
        38.21611
    ],
    "keywords": [
        63,
        61,
        70,
        25,
        62
    ]
}