{
    "id": 61348,
    "category": 44,
    "location": [
        -122.95778,
        41.25389
    ],
    "keywords": [
        46,
        45,
        16,
        62,
        68,
        36,
        35,
        0,
        50,
        11,
        68,
        61,
        63
    ]
}