{
    "id": 61360,
    "category": 44,
    "location": [
        -122.97972,
        39.17528
    ],
    "keywords": [
        36,
        49,
        47,
        35,
        45,
        12,
        48,
        22,
        5,
        64,
        55,
        69
    ]
}