{
    "id": 61386,
    "category": 44,
    "location": [
        -123.02611,
        38.50389
    ],
    "keywords": [
        12,
        1,
        9,
        34,
        34,
        56,
        50,
        73,
        18,
        37,
        10,
        44,
        11
    ]
}