{
    "id": 61387,
    "category": 44,
    "location": [
        -123.03417,
        39.79278
    ],
    "keywords": [
        11,
        1,
        27,
        64,
        44
    ]
}