{
    "id": 61389,
    "category": 44,
    "location": [
        -123.03556,
        38.50833
    ],
    "keywords": [
        43,
        74,
        18,
        37,
        53
    ]
}