{
    "id": 61393,
    "category": 44,
    "location": [
        -123.05167,
        38.83528
    ],
    "keywords": [
        17,
        11,
        47,
        32,
        24
    ]
}