{
    "id": 61403,
    "category": 44,
    "location": [
        -123.06667,
        41.09889
    ],
    "keywords": [
        6,
        19,
        71,
        35,
        66,
        67
    ]
}