{
    "id": 61427,
    "category": 44,
    "location": [
        -123.13889,
        41.14111
    ],
    "keywords": [
        22,
        74,
        41,
        24,
        62,
        66,
        2,
        63,
        6,
        67,
        46,
        56,
        37,
        10
    ]
}