{
    "id": 61434,
    "category": 44,
    "location": [
        -123.16139,
        40.26083
    ],
    "keywords": [
        23,
        11,
        27,
        55,
        26
    ]
}