{
    "id": 61450,
    "category": 44,
    "location": [
        -123.20667,
        39.15028
    ],
    "keywords": [
        72,
        60,
        0,
        72,
        30,
        68,
        49,
        27,
        4,
        75
    ]
}