{
    "id": 61460,
    "category": 44,
    "location": [
        -123.24694,
        39.79306
    ],
    "keywords": [
        14,
        9,
        10,
        68,
        54,
        41,
        11,
        13,
        40
    ]
}