{
    "id": 61501,
    "category": 44,
    "location": [
        -123.38556,
        40.94417
    ],
    "keywords": [
        1,
        40,
        7,
        70,
        15,
        2,
        11,
        23,
        29,
        49,
        31,
        73,
        48
    ]
}