{
    "id": 61505,
    "category": 44,
    "location": [
        -123.39556,
        40.31306
    ],
    "keywords": [
        72,
        60,
        56
    ]
}