{
    "id": 61525,
    "category": 44,
    "location": [
        -123.43306,
        39.42278
    ],
    "keywords": [
        7,
        57
    ]
}