{
    "id": 61527,
    "category": 44,
    "location": [
        -123.44083,
        38.79306
    ],
    "keywords": [
        15,
        7,
        72,
        51,
        21,
        26,
        8,
        23
    ]
}