{
    "id": 61520,
    "category": 44,
    "location": [
        -123.42694,
        39.41639
    ],
    "keywords": [
        58,
        9,
        40,
        0,
        73,
        28,
        4,
        38,
        13,
        43
    ]
}