{
    "id": 61548,
    "category": 44,
    "location": [
        -123.49417,
        39.08222
    ],
    "keywords": [
        64,
        59,
        40,
        1,
        2
    ]
}