{
    "id": 61551,
    "category": 44,
    "location": [
        -123.51639,
        39.42222
    ],
    "keywords": [
        19,
        3,
        5,
        55,
        50,
        1,
        14,
        10,
        28,
        69,
        32
    ]
}