{
    "id": 61562,
    "category": 44,
    "location": [
        -123.54389,
        39.47083
    ],
    "keywords": [
        9
    ]
}