{
    "id": 61564,
    "category": 44,
    "location": [
        -123.55139,
        39.35139
    ],
    "keywords": [
        31,
        75,
        4,
        58,
        8,
        4,
        30,
        67
    ]
}