{
    "id": 6157,
    "category": 11,
    "location": [
        -122.03639,
        37.32556
    ],
    "keywords": [
        45,
        67,
        12,
        13,
        51,
        56,
        23,
        64,
        30,
        13,
        38
    ]
}