{
    "id": 61588,
    "category": 44,
    "location": [
        -123.64222,
        40.22306
    ],
    "keywords": [
        67,
        6,
        69,
        30,
        42,
        29,
        64
    ]
}