{
    "id": 61600,
    "category": 44,
    "location": [
        -123.68944,
        39.44111
    ],
    "keywords": [
        60,
        14,
        20,
        0,
        63,
        42,
        15
    ]
}