{
    "id": 61621,
    "category": 44,
    "location": [
        -123.75417,
        41.21694
    ],
    "keywords": [
        53,
        56,
        18,
        11,
        47,
        3,
        4
    ]
}