{
    "id": 61635,
    "category": 44,
    "location": [
        -123.78333,
        40.06861
    ],
    "keywords": [
        74,
        10
    ]
}