{
    "id": 61650,
    "category": 44,
    "location": [
        -123.80611,
        39.97806
    ],
    "keywords": [
        11,
        7,
        37,
        63,
        38,
        34,
        49,
        5
    ]
}