{
    "id": 61662,
    "category": 44,
    "location": [
        -123.84389,
        41.87528
    ],
    "keywords": []
}