{
    "id": 61695,
    "category": 44,
    "location": [
        -123.99139,
        41.84278
    ],
    "keywords": [
        44,
        21,
        43,
        39,
        11
    ]
}