{
    "id": 61702,
    "category": 44,
    "location": [
        -124.01472,
        40.45028
    ],
    "keywords": [
        68,
        20,
        48,
        5,
        65,
        37,
        22,
        4
    ]
}