{
    "id": 61706,
    "category": 44,
    "location": [
        -124.02139,
        41.36444
    ],
    "keywords": []
}