{
    "id": 6170,
    "category": 11,
    "location": [
        -122.04556,
        37.32167
    ],
    "keywords": [
        5,
        25,
        45,
        29,
        73,
        69,
        68,
        54,
        38,
        7,
        2,
        20,
        16,
        48
    ]
}