{
    "id": 61710,
    "category": 44,
    "location": [
        -124.03417,
        40.90611
    ],
    "keywords": []
}