{
    "id": 61728,
    "category": 44,
    "location": [
        -124.07083,
        41.79278
    ],
    "keywords": [
        40,
        62,
        61,
        58,
        71,
        75,
        65,
        48
    ]
}