{
    "id": 61732,
    "category": 44,
    "location": [
        -124.08167,
        40.86667
    ],
    "keywords": [
        19,
        23,
        20
    ]
}