{
    "id": 61763,
    "category": 44,
    "location": [
        -124.14583,
        41.92833
    ],
    "keywords": [
        0,
        24
    ]
}