{
    "id": 61789,
    "category": 44,
    "location": [
        -124.20194,
        41.94861
    ],
    "keywords": [
        6,
        11,
        74,
        60,
        45,
        58,
        16,
        58,
        3,
        48,
        60,
        14
    ]
}