{
    "id": 61792,
    "category": 44,
    "location": [
        -124.21722,
        40.67333
    ],
    "keywords": [
        38,
        12,
        18,
        41,
        73,
        68,
        5,
        62,
        42,
        47,
        15,
        32,
        55
    ]
}