{
    "id": 61815,
    "category": 45,
    "location": [
        -114.77944,
        32.86806
    ],
    "keywords": [
        23,
        37,
        42,
        74,
        75,
        48,
        23,
        72,
        28,
        7,
        0,
        25,
        48
    ]
}