{
    "id": 61833,
    "category": 45,
    "location": [
        -115.17167,
        34.92194
    ],
    "keywords": [
        58,
        27,
        20,
        20,
        53,
        36,
        59,
        44,
        43
    ]
}