{
    "id": 61857,
    "category": 45,
    "location": [
        -115.70944,
        34.79306
    ],
    "keywords": []
}