{
    "id": 61859,
    "category": 45,
    "location": [
        -115.73889,
        35.08917
    ],
    "keywords": [
        60,
        37,
        55,
        68,
        68,
        24,
        30,
        47,
        10,
        13,
        75,
        8,
        34,
        26,
        71
    ]
}