{
    "id": 61852,
    "category": 45,
    "location": [
        -115.56167,
        34.61583
    ],
    "keywords": [
        13,
        12,
        3,
        73,
        1,
        62,
        2,
        49
    ]
}