{
    "id": 61861,
    "category": 45,
    "location": [
        -115.81222,
        33.02083
    ],
    "keywords": [
        67,
        67,
        46,
        66,
        17,
        40,
        63,
        41,
        52,
        72,
        40,
        53,
        2
    ]
}