{
    "id": 61871,
    "category": 45,
    "location": [
        -116.05417,
        34.84917
    ],
    "keywords": []
}