{
    "id": 61883,
    "category": 45,
    "location": [
        -116.23333,
        36.08333
    ],
    "keywords": [
        50,
        69,
        37,
        60,
        17,
        5,
        66,
        10,
        63
    ]
}