{
    "id": 61892,
    "category": 45,
    "location": [
        -116.31833,
        33.83833
    ],
    "keywords": [
        71,
        50,
        18,
        59,
        47,
        62,
        55,
        6,
        63,
        62,
        45,
        4
    ]
}