{
    "id": 6190,
    "category": 11,
    "location": [
        -122.08194,
        37.67028
    ],
    "keywords": [
        67,
        34,
        47,
        66,
        47,
        17,
        64,
        39,
        48
    ]
}