{
    "id": 61921,
    "category": 45,
    "location": [
        -116.80389,
        33.28139
    ],
    "keywords": [
        13,
        61,
        49,
        72,
        42,
        30,
        16,
        60,
        8,
        62,
        6,
        19
    ]
}