{
    "id": 61953,
    "category": 45,
    "location": [
        -117.29528,
        33.99194
    ],
    "keywords": [
        29,
        12,
        21,
        17,
        24,
        43,
        7,
        33
    ]
}