{
    "id": 6195,
    "category": 11,
    "location": [
        -122.10194,
        37.43194
    ],
    "keywords": [
        45,
        48,
        58,
        19,
        13,
        33,
        10,
        12,
        21,
        63
    ]
}