{
    "id": 61955,
    "category": 45,
    "location": [
        -117.31556,
        34.15806
    ],
    "keywords": [
        67
    ]
}