{
    "id": 61988,
    "category": 45,
    "location": [
        -117.84639,
        34.12111
    ],
    "keywords": [
        71,
        36,
        63
    ]
}