{
    "id": 6198,
    "category": 11,
    "location": [
        -122.10528,
        37.42972
    ],
    "keywords": [
        0,
        21,
        13,
        45,
        16,
        54,
        43
    ]
}