{
    "id": 61990,
    "category": 45,
    "location": [
        -117.90111,
        33.89222
    ],
    "keywords": [
        14,
        73,
        14,
        59
    ]
}