{
    "id": 62027,
    "category": 45,
    "location": [
        -119.39194,
        38.27222
    ],
    "keywords": [
        46,
        25,
        7,
        39,
        3,
        37,
        74,
        32,
        12,
        4,
        40,
        45,
        67
    ]
}