{
    "id": 62022,
    "category": 45,
    "location": [
        -119.18028,
        36.37361
    ],
    "keywords": [
        64
    ]
}