{
    "id": 62047,
    "category": 45,
    "location": [
        -119.98389,
        35.93389
    ],
    "keywords": [
        33,
        18,
        6,
        23,
        47
    ]
}