{
    "id": 62046,
    "category": 45,
    "location": [
        -119.95028,
        35.95056
    ],
    "keywords": []
}