{
    "id": 62056,
    "category": 45,
    "location": [
        -120.05611,
        36.00389
    ],
    "keywords": [
        42,
        18,
        2,
        57,
        16,
        16,
        4,
        0,
        12,
        50
    ]
}