{
    "id": 6205,
    "category": 11,
    "location": [
        -122.11278,
        37.38278
    ],
    "keywords": [
        1,
        54,
        34,
        1,
        52,
        41,
        52,
        74,
        14,
        20,
        74,
        17,
        51
    ]
}