{
    "id": 62064,
    "category": 45,
    "location": [
        -120.20667,
        38.90972
    ],
    "keywords": [
        3,
        46,
        62,
        17,
        23
    ]
}