{
    "id": 62089,
    "category": 45,
    "location": [
        -120.76917,
        40.72417
    ],
    "keywords": [
        63,
        34,
        61,
        65,
        41,
        33,
        75,
        36,
        25,
        75,
        25
    ]
}