{
    "id": 62083,
    "category": 45,
    "location": [
        -120.55639,
        40.26139
    ],
    "keywords": [
        12,
        68,
        64,
        22,
        20,
        71,
        68,
        1,
        51,
        33,
        31,
        48
    ]
}