{
    "id": 62118,
    "category": 45,
    "location": [
        -121.92667,
        37.81889
    ],
    "keywords": [
        37,
        73,
        14,
        20,
        31,
        37,
        25,
        26,
        10,
        47,
        44,
        15,
        64,
        3,
        3
    ]
}