{
    "id": 62144,
    "category": 45,
    "location": [
        -123.04722,
        41.00056
    ],
    "keywords": [
        11,
        16,
        71,
        54,
        18,
        33,
        18,
        48,
        62,
        71
    ]
}