{
    "id": 62143,
    "category": 45,
    "location": [
        -123.04722,
        41.00056
    ],
    "keywords": [
        50,
        25,
        72,
        3,
        35
    ]
}