{
    "id": 62145,
    "category": 45,
    "location": [
        -123.04722,
        41.00083
    ],
    "keywords": [
        55,
        27,
        5,
        26,
        70,
        55,
        68,
        48
    ]
}