{
    "id": 62159,
    "category": 46,
    "location": [
        -120.91167,
        38.95528
    ],
    "keywords": [
        5,
        18,
        23,
        64,
        23,
        36,
        29,
        28,
        75
    ]
}