{
    "id": 62215,
    "category": 47,
    "location": [
        -116.19583,
        33.87528
    ],
    "keywords": [
        48,
        22,
        15,
        22,
        75,
        8,
        49,
        2
    ]
}