{
    "id": 62223,
    "category": 47,
    "location": [
        -116.36583,
        32.67778
    ],
    "keywords": [
        17,
        24,
        5,
        31,
        71,
        75,
        22,
        29,
        52,
        69,
        0,
        65,
        26,
        6
    ]
}