{
    "id": 62246,
    "category": 47,
    "location": [
        -116.82778,
        34.10056
    ],
    "keywords": [
        64,
        50,
        58,
        33,
        42,
        64
    ]
}