{
    "id": 62242,
    "category": 47,
    "location": [
        -116.72056,
        33.51694
    ],
    "keywords": [
        17,
        58,
        23,
        20,
        38,
        56,
        2,
        14,
        31
    ]
}