{
    "id": 6226,
    "category": 11,
    "location": [
        -122.13333,
        38.01889
    ],
    "keywords": [
        10,
        25,
        57,
        70,
        24,
        57,
        41,
        24
    ]
}