{
    "id": 6227,
    "category": 11,
    "location": [
        -122.13417,
        37.43806
    ],
    "keywords": [
        43,
        53,
        38,
        31,
        70
    ]
}