{
    "id": 62283,
    "category": 47,
    "location": [
        -118.05444,
        36.59694
    ],
    "keywords": [
        72,
        51,
        11,
        57,
        49,
        74,
        22,
        15
    ]
}