{
    "id": 62394,
    "category": 48,
    "location": [
        -115.45361,
        35.30944
    ],
    "keywords": [
        66,
        36,
        39,
        53,
        50,
        18,
        5,
        49,
        71,
        17,
        46,
        6,
        68,
        58,
        1
    ]
}