{
    "id": 62399,
    "category": 48,
    "location": [
        -115.54583,
        33.51639
    ],
    "keywords": [
        37,
        11,
        56,
        74
    ]
}