{
    "id": 62400,
    "category": 48,
    "location": [
        -115.54722,
        35.23889
    ],
    "keywords": [
        20,
        69,
        33,
        33,
        44,
        53,
        3,
        67,
        23,
        65,
        10,
        60
    ]
}