{
    "id": 62401,
    "category": 48,
    "location": [
        -115.58611,
        33.89167
    ],
    "keywords": [
        29,
        59,
        69,
        29,
        13,
        41,
        70,
        51,
        75,
        68,
        12,
        62,
        49
    ]
}