{
    "id": 62409,
    "category": 48,
    "location": [
        -115.77444,
        35.17556
    ],
    "keywords": [
        61,
        56,
        52,
        44,
        52,
        7,
        16,
        69,
        44,
        17,
        57,
        72
    ]
}