{
    "id": 62454,
    "category": 48,
    "location": [
        -116.90083,
        33.34056
    ],
    "keywords": [
        72,
        12,
        32,
        37,
        52
    ]
}