{
    "id": 62455,
    "category": 48,
    "location": [
        -116.91778,
        33.72889
    ],
    "keywords": [
        20,
        0,
        75,
        68,
        71
    ]
}