{
    "id": 62459,
    "category": 48,
    "location": [
        -116.93917,
        34.23139
    ],
    "keywords": [
        47,
        44
    ]
}