{
    "id": 62468,
    "category": 48,
    "location": [
        -116.99889,
        33.79611
    ],
    "keywords": [
        19,
        15,
        49,
        27,
        50,
        51,
        53,
        68,
        32,
        72,
        70,
        2,
        43,
        31
    ]
}