{
    "id": 62471,
    "category": 48,
    "location": [
        -117.00722,
        32.69139
    ],
    "keywords": [
        55,
        50,
        62,
        64,
        46,
        46,
        6,
        7,
        63,
        1,
        72,
        4
    ]
}