{
    "id": 62477,
    "category": 48,
    "location": [
        -117.05194,
        32.61389
    ],
    "keywords": [
        43,
        39,
        36,
        1,
        4,
        66,
        37
    ]
}