{
    "id": 62479,
    "category": 48,
    "location": [
        -117.06611,
        32.73694
    ],
    "keywords": [
        32,
        58,
        40,
        61,
        68,
        20,
        23,
        37,
        60
    ]
}