{
    "id": 62472,
    "category": 48,
    "location": [
        -117.00972,
        33.00972
    ],
    "keywords": [
        28,
        33,
        5,
        41,
        69,
        19,
        24,
        37,
        26,
        24,
        6,
        14,
        68,
        17,
        36
    ]
}