{
    "id": 62492,
    "category": 48,
    "location": [
        -117.16472,
        34.26028
    ],
    "keywords": [
        74,
        48,
        41,
        67,
        48,
        18,
        46,
        37
    ]
}