{
    "id": 62498,
    "category": 48,
    "location": [
        -117.18056,
        33.00278
    ],
    "keywords": [
        32,
        29,
        39,
        67,
        6
    ]
}