{
    "id": 62506,
    "category": 48,
    "location": [
        -117.21722,
        34.26167
    ],
    "keywords": [
        27,
        62,
        3,
        30
    ]
}