{
    "id": 62501,
    "category": 48,
    "location": [
        -117.18861,
        33.84917
    ],
    "keywords": [
        55,
        36,
        4,
        74,
        29,
        41,
        3,
        6,
        55,
        54,
        2,
        61,
        75
    ]
}