{
    "id": 62519,
    "category": 48,
    "location": [
        -117.28083,
        34.10944
    ],
    "keywords": [
        7
    ]
}