{
    "id": 62511,
    "category": 48,
    "location": [
        -117.24639,
        33.95361
    ],
    "keywords": [
        57,
        14,
        65,
        49,
        62,
        56,
        24,
        51
    ]
}