{
    "id": 62531,
    "category": 48,
    "location": [
        -117.32833,
        33.51472
    ],
    "keywords": []
}