{
    "id": 62537,
    "category": 48,
    "location": [
        -117.33556,
        34.16028
    ],
    "keywords": [
        70,
        10,
        12,
        34,
        23,
        4,
        26
    ]
}