{
    "id": 62559,
    "category": 48,
    "location": [
        -117.64111,
        34.35972
    ],
    "keywords": [
        21,
        63,
        54,
        48
    ]
}