{
    "id": 62552,
    "category": 48,
    "location": [
        -117.62306,
        33.71444
    ],
    "keywords": [
        19,
        39,
        15,
        28,
        19,
        64,
        31,
        7,
        48,
        9,
        58,
        45,
        55
    ]
}