{
    "id": 62582,
    "category": 48,
    "location": [
        -117.76972,
        33.75944
    ],
    "keywords": [
        15,
        67,
        47,
        41,
        26,
        60,
        50,
        31,
        64
    ]
}