{
    "id": 62599,
    "category": 48,
    "location": [
        -117.87944,
        34.17417
    ],
    "keywords": [
        63,
        25,
        3,
        3
    ]
}