{
    "id": 6260,
    "category": 11,
    "location": [
        -122.15917,
        38.05083
    ],
    "keywords": [
        7,
        21,
        54,
        2,
        70,
        67,
        58,
        40,
        5,
        61
    ]
}