{
    "id": 62612,
    "category": 48,
    "location": [
        -117.96861,
        34.11306
    ],
    "keywords": [
        22
    ]
}