{
    "id": 62623,
    "category": 48,
    "location": [
        -118.11417,
        34.79167
    ],
    "keywords": [
        56
    ]
}