{
    "id": 62631,
    "category": 48,
    "location": [
        -118.18833,
        34.14611
    ],
    "keywords": [
        5,
        47,
        25,
        18,
        13,
        55,
        53,
        32,
        34,
        66,
        60,
        34,
        25,
        55,
        61
    ]
}