{
    "id": 62634,
    "category": 48,
    "location": [
        -118.22917,
        35.22417
    ],
    "keywords": [
        61,
        8,
        0,
        16,
        57,
        15,
        55,
        16,
        26,
        52,
        33,
        54,
        69,
        4,
        48
    ]
}