{
    "id": 62645,
    "category": 48,
    "location": [
        -118.34167,
        33.84528
    ],
    "keywords": [
        59,
        75,
        43,
        62,
        40
    ]
}