{
    "id": 62655,
    "category": 48,
    "location": [
        -118.39556,
        34.33472
    ],
    "keywords": []
}