{
    "id": 62666,
    "category": 48,
    "location": [
        -118.46083,
        33.43389
    ],
    "keywords": [
        73,
        70,
        74,
        55,
        35,
        52,
        0,
        73,
        53,
        16
    ]
}