{
    "id": 62672,
    "category": 48,
    "location": [
        -118.48139,
        35.64639
    ],
    "keywords": [
        58
    ]
}