{
    "id": 62707,
    "category": 48,
    "location": [
        -118.74583,
        35.03556
    ],
    "keywords": [
        63,
        37,
        59,
        12,
        25,
        34,
        37,
        59,
        61
    ]
}