{
    "id": 62740,
    "category": 48,
    "location": [
        -119.18083,
        35.73944
    ],
    "keywords": [
        45,
        21,
        4,
        41,
        68,
        2,
        43,
        17,
        46,
        13
    ]
}