{
    "id": 62742,
    "category": 48,
    "location": [
        -119.19667,
        37.85833
    ],
    "keywords": [
        28,
        35,
        49,
        33,
        40,
        32,
        25
    ]
}