{
    "id": 62753,
    "category": 48,
    "location": [
        -119.31167,
        37.64167
    ],
    "keywords": [
        48,
        44
    ]
}