{
    "id": 62773,
    "category": 48,
    "location": [
        -119.56917,
        34.44389
    ],
    "keywords": []
}