{
    "id": 6277,
    "category": 11,
    "location": [
        -122.16361,
        37.42722
    ],
    "keywords": [
        64,
        68,
        2,
        67,
        4,
        40
    ]
}