{
    "id": 62782,
    "category": 48,
    "location": [
        -119.68611,
        34.52722
    ],
    "keywords": [
        70,
        34,
        31,
        12,
        33,
        28,
        20,
        47,
        39,
        58,
        61,
        42,
        9
    ]
}