{
    "id": 62806,
    "category": 48,
    "location": [
        -119.90944,
        37.97528
    ],
    "keywords": [
        27,
        45,
        67,
        4,
        41,
        49,
        4,
        33,
        4
    ]
}