{
    "id": 62807,
    "category": 48,
    "location": [
        -119.91333,
        34.47167
    ],
    "keywords": [
        4,
        46
    ]
}