{
    "id": 62829,
    "category": 48,
    "location": [
        -120.00556,
        41.73389
    ],
    "keywords": []
}