{
    "id": 62825,
    "category": 48,
    "location": [
        -119.99667,
        38.42972
    ],
    "keywords": [
        32,
        50,
        70,
        6,
        39,
        55,
        24,
        39,
        42,
        15,
        22,
        59,
        70,
        67,
        4
    ]
}