{
    "id": 62834,
    "category": 48,
    "location": [
        -120.02444,
        38.88972
    ],
    "keywords": [
        73,
        18,
        43,
        62,
        2,
        23,
        51,
        24,
        15,
        73,
        60
    ]
}