{
    "id": 62832,
    "category": 48,
    "location": [
        -120.01611,
        41.67972
    ],
    "keywords": []
}