{
    "id": 62844,
    "category": 48,
    "location": [
        -120.07417,
        38.20417
    ],
    "keywords": [
        10,
        75,
        42,
        74,
        45,
        52,
        4,
        15,
        18
    ]
}