{
    "id": 62846,
    "category": 48,
    "location": [
        -120.09306,
        40.85167
    ],
    "keywords": [
        33,
        38,
        70,
        28,
        61
    ]
}