{
    "id": 62868,
    "category": 48,
    "location": [
        -120.18194,
        40.92333
    ],
    "keywords": [
        41
    ]
}