{
    "id": 62860,
    "category": 48,
    "location": [
        -120.14694,
        37.29167
    ],
    "keywords": [
        32,
        4,
        69
    ]
}