{
    "id": 62889,
    "category": 48,
    "location": [
        -120.26917,
        37.58528
    ],
    "keywords": [
        13,
        13,
        30,
        8
    ]
}