{
    "id": 62921,
    "category": 48,
    "location": [
        -120.39222,
        38.05111
    ],
    "keywords": [
        69,
        31,
        60,
        71,
        11,
        2,
        59,
        69
    ]
}