{
    "id": 62927,
    "category": 48,
    "location": [
        -120.40861,
        39.05917
    ],
    "keywords": [
        69,
        5
    ]
}