{
    "id": 62936,
    "category": 48,
    "location": [
        -120.43111,
        39.31111
    ],
    "keywords": [
        27,
        63,
        31,
        57,
        30,
        33
    ]
}