{
    "id": 62937,
    "category": 48,
    "location": [
        -120.43333,
        40.40667
    ],
    "keywords": [
        8,
        12,
        29,
        3,
        58,
        71,
        43,
        70,
        71,
        21,
        22,
        25,
        72,
        53
    ]
}