{
    "id": 62931,
    "category": 48,
    "location": [
        -120.42333,
        41.42417
    ],
    "keywords": []
}