{
    "id": 62942,
    "category": 48,
    "location": [
        -120.43972,
        36.84667
    ],
    "keywords": [
        18,
        53,
        2,
        17,
        53,
        55,
        51
    ]
}