{
    "id": 62945,
    "category": 48,
    "location": [
        -120.44417,
        37.67222
    ],
    "keywords": []
}