{
    "id": 62941,
    "category": 48,
    "location": [
        -120.43722,
        40.48056
    ],
    "keywords": []
}