{
    "id": 62947,
    "category": 48,
    "location": [
        -120.45639,
        38.85194
    ],
    "keywords": [
        30,
        38,
        25,
        48,
        60,
        35,
        43,
        41,
        2,
        71,
        67,
        67,
        58,
        69,
        4
    ]
}