{
    "id": 62959,
    "category": 48,
    "location": [
        -120.47722,
        38.45333
    ],
    "keywords": [
        3,
        12,
        34,
        38,
        26,
        70,
        20,
        30,
        16
    ]
}