{
    "id": 62950,
    "category": 48,
    "location": [
        -120.46361,
        40.95056
    ],
    "keywords": [
        59,
        10,
        63,
        34,
        52
    ]
}