{
    "id": 62971,
    "category": 48,
    "location": [
        -120.49222,
        41.83694
    ],
    "keywords": [
        60,
        32,
        75,
        69,
        24,
        59,
        31,
        11,
        55,
        64,
        45,
        59
    ]
}