{
    "id": 62994,
    "category": 48,
    "location": [
        -120.52556,
        40.56167
    ],
    "keywords": [
        65,
        65,
        10,
        61,
        30
    ]
}