{
    "id": 62997,
    "category": 48,
    "location": [
        -120.53278,
        35.17028
    ],
    "keywords": [
        36,
        75,
        64
    ]
}