{
    "id": 6299,
    "category": 11,
    "location": [
        -122.16694,
        37.45972
    ],
    "keywords": [
        29,
        59,
        44,
        58,
        30,
        44,
        33
    ]
}