{
    "id": 630,
    "category": 0,
    "location": [
        -120.56583,
        37.04972
    ],
    "keywords": [
        56,
        62,
        4,
        33
    ]
}