{
    "id": 63004,
    "category": 48,
    "location": [
        -120.54083,
        39.42056
    ],
    "keywords": [
        58,
        23,
        72,
        53,
        11,
        29,
        71,
        48,
        10,
        51,
        18,
        44
    ]
}