{
    "id": 63014,
    "category": 48,
    "location": [
        -120.55583,
        41.59167
    ],
    "keywords": [
        66,
        2,
        55,
        5,
        58,
        39,
        5,
        11,
        5,
        42
    ]
}