{
    "id": 63031,
    "category": 48,
    "location": [
        -120.58111,
        41.78167
    ],
    "keywords": [
        35,
        24,
        43,
        59,
        66,
        27,
        38,
        45,
        19
    ]
}