{
    "id": 63056,
    "category": 48,
    "location": [
        -120.62556,
        41.57806
    ],
    "keywords": [
        58,
        14,
        17,
        49,
        15,
        33,
        45,
        61,
        5,
        26,
        64,
        60,
        46
    ]
}