{
    "id": 63068,
    "category": 48,
    "location": [
        -120.63667,
        39.65167
    ],
    "keywords": [
        18,
        19,
        58,
        67,
        34,
        37,
        45
    ]
}