{
    "id": 6306,
    "category": 11,
    "location": [
        -122.16917,
        37.42833
    ],
    "keywords": [
        22,
        61,
        72
    ]
}