{
    "id": 6308,
    "category": 11,
    "location": [
        -122.16972,
        37.43278
    ],
    "keywords": [
        31,
        49,
        68,
        64,
        60,
        45
    ]
}