{
    "id": 63090,
    "category": 48,
    "location": [
        -120.66167,
        39.46833
    ],
    "keywords": [
        11
    ]
}