{
    "id": 63107,
    "category": 48,
    "location": [
        -120.68833,
        39.28833
    ],
    "keywords": [
        54,
        3
    ]
}