{
    "id": 63112,
    "category": 48,
    "location": [
        -120.69278,
        41.53889
    ],
    "keywords": [
        8,
        7,
        27,
        61,
        39,
        21,
        50,
        51,
        29
    ]
}