{
    "id": 63124,
    "category": 48,
    "location": [
        -120.72139,
        40.75417
    ],
    "keywords": [
        54,
        24,
        47,
        72,
        61,
        38
    ]
}