{
    "id": 63133,
    "category": 48,
    "location": [
        -120.74583,
        39.00389
    ],
    "keywords": [
        17,
        74,
        15,
        41,
        65
    ]
}