{
    "id": 63144,
    "category": 48,
    "location": [
        -120.75917,
        41.55972
    ],
    "keywords": [
        6,
        59,
        13
    ]
}