{
    "id": 63142,
    "category": 48,
    "location": [
        -120.75833,
        41.08333
    ],
    "keywords": [
        37,
        62,
        47,
        54,
        43,
        38,
        0,
        38
    ]
}