{
    "id": 63143,
    "category": 48,
    "location": [
        -120.75917,
        38.02611
    ],
    "keywords": [
        61,
        3,
        62,
        5,
        67,
        20,
        15
    ]
}