{
    "id": 63167,
    "category": 48,
    "location": [
        -120.79611,
        40.74917
    ],
    "keywords": [
        6,
        36,
        2,
        18,
        27,
        27,
        53,
        33,
        23,
        25
    ]
}