{
    "id": 63178,
    "category": 48,
    "location": [
        -120.80833,
        39.24667
    ],
    "keywords": [
        1,
        70
    ]
}