{
    "id": 63182,
    "category": 48,
    "location": [
        -120.81917,
        40.93444
    ],
    "keywords": [
        12,
        59,
        75,
        11,
        18,
        70,
        34
    ]
}