{
    "id": 63183,
    "category": 48,
    "location": [
        -120.81944,
        40.89472
    ],
    "keywords": [
        58,
        75,
        52,
        6,
        22,
        38,
        31,
        53,
        51,
        68,
        35,
        31
    ]
}