{
    "id": 63202,
    "category": 48,
    "location": [
        -120.85833,
        40.92278
    ],
    "keywords": [
        27,
        66,
        74,
        54,
        38,
        17,
        19,
        33,
        37,
        49,
        27
    ]
}