{
    "id": 6320,
    "category": 11,
    "location": [
        -122.17194,
        37.43167
    ],
    "keywords": [
        0,
        54,
        55,
        37,
        47,
        33
    ]
}