{
    "id": 63208,
    "category": 48,
    "location": [
        -120.86889,
        40.94028
    ],
    "keywords": [
        51,
        7,
        27,
        22,
        72,
        35
    ]
}