{
    "id": 63226,
    "category": 48,
    "location": [
        -120.89722,
        40.43972
    ],
    "keywords": [
        43,
        67
    ]
}