{
    "id": 6322,
    "category": 11,
    "location": [
        -122.17222,
        37.42694
    ],
    "keywords": [
        3,
        58
    ]
}