{
    "id": 63233,
    "category": 48,
    "location": [
        -120.91444,
        40.91111
    ],
    "keywords": [
        66,
        19,
        28,
        36,
        37,
        70,
        67,
        14,
        70,
        32,
        5,
        7,
        36,
        36
    ]
}