{
    "id": 63259,
    "category": 48,
    "location": [
        -120.96167,
        40.11333
    ],
    "keywords": []
}