{
    "id": 63265,
    "category": 48,
    "location": [
        -120.97111,
        39.23778
    ],
    "keywords": []
}