{
    "id": 63268,
    "category": 48,
    "location": [
        -120.97778,
        40.93972
    ],
    "keywords": [
        39,
        42,
        31,
        44
    ]
}