{
    "id": 63278,
    "category": 48,
    "location": [
        -121.00806,
        39.22306
    ],
    "keywords": [
        3,
        12,
        71,
        26,
        5,
        48,
        58
    ]
}