{
    "id": 63284,
    "category": 48,
    "location": [
        -121.01806,
        39.98583
    ],
    "keywords": [
        35,
        15
    ]
}