{
    "id": 63291,
    "category": 48,
    "location": [
        -121.02389,
        38.96333
    ],
    "keywords": [
        5
    ]
}