{
    "id": 6330,
    "category": 11,
    "location": [
        -122.17361,
        37.42611
    ],
    "keywords": []
}