{
    "id": 63319,
    "category": 48,
    "location": [
        -121.10889,
        40.92611
    ],
    "keywords": [
        29,
        49,
        3,
        19,
        4,
        30,
        16,
        70,
        64,
        21,
        23
    ]
}