{
    "id": 63317,
    "category": 48,
    "location": [
        -121.09139,
        40.85444
    ],
    "keywords": [
        21,
        59,
        74,
        34,
        37,
        14,
        1,
        26
    ]
}