{
    "id": 6332,
    "category": 11,
    "location": [
        -122.17361,
        37.75167
    ],
    "keywords": [
        41,
        71,
        2,
        13,
        12,
        41,
        47
    ]
}