{
    "id": 63328,
    "category": 48,
    "location": [
        -121.12722,
        39.31972
    ],
    "keywords": [
        33,
        40,
        73,
        29,
        38,
        35,
        36,
        74,
        72,
        66,
        64,
        34,
        43,
        57
    ]
}