{
    "id": 63325,
    "category": 48,
    "location": [
        -121.11861,
        40.86361
    ],
    "keywords": [
        71,
        34,
        15,
        33,
        73,
        70,
        14,
        21,
        39,
        11,
        70,
        48,
        73,
        19,
        71
    ]
}