{
    "id": 63331,
    "category": 48,
    "location": [
        -121.13333,
        39.23528
    ],
    "keywords": [
        26,
        31,
        57,
        15,
        52,
        33,
        16,
        38,
        2,
        72
    ]
}