{
    "id": 63355,
    "category": 48,
    "location": [
        -121.16417,
        41.04694
    ],
    "keywords": [
        73,
        40,
        38,
        66,
        26,
        56,
        21,
        20,
        54,
        70,
        39,
        53,
        6,
        4
    ]
}