{
    "id": 63351,
    "category": 48,
    "location": [
        -121.15583,
        41.54028
    ],
    "keywords": [
        33,
        18,
        19,
        65,
        60,
        45,
        40,
        16,
        49,
        33,
        8,
        17,
        49,
        73
    ]
}