{
    "id": 6336,
    "category": 11,
    "location": [
        -122.17528,
        37.42917
    ],
    "keywords": [
        74,
        4,
        21,
        31,
        75,
        9,
        37,
        38,
        71
    ]
}