{
    "id": 63362,
    "category": 48,
    "location": [
        -121.18583,
        36.47278
    ],
    "keywords": [
        48,
        39,
        67,
        71,
        9,
        15,
        17,
        50,
        31,
        64
    ]
}