{
    "id": 63365,
    "category": 48,
    "location": [
        -121.19139,
        41.41278
    ],
    "keywords": [
        53,
        51,
        61,
        48,
        66,
        2,
        11
    ]
}