{
    "id": 63373,
    "category": 48,
    "location": [
        -121.21222,
        38.51944
    ],
    "keywords": [
        29
    ]
}