{
    "id": 63386,
    "category": 48,
    "location": [
        -121.23333,
        40.68306
    ],
    "keywords": [
        73,
        17,
        28,
        75,
        65,
        30,
        33,
        54,
        66,
        75,
        64,
        44,
        30,
        14
    ]
}