{
    "id": 63400,
    "category": 48,
    "location": [
        -121.27528,
        40.90361
    ],
    "keywords": [
        14,
        20,
        26,
        56,
        62,
        11,
        75,
        13
    ]
}