{
    "id": 6340,
    "category": 11,
    "location": [
        -122.17556,
        37.75333
    ],
    "keywords": [
        4
    ]
}