{
    "id": 63410,
    "category": 48,
    "location": [
        -121.29083,
        39.89167
    ],
    "keywords": [
        4,
        24
    ]
}