{
    "id": 63428,
    "category": 48,
    "location": [
        -121.33111,
        41.12639
    ],
    "keywords": [
        23,
        75,
        1,
        69,
        52,
        38,
        65,
        20,
        30,
        29,
        58,
        68,
        23,
        68
    ]
}