{
    "id": 63437,
    "category": 48,
    "location": [
        -121.36583,
        38.01028
    ],
    "keywords": [
        67
    ]
}