{
    "id": 63434,
    "category": 48,
    "location": [
        -121.35528,
        40.76806
    ],
    "keywords": [
        16,
        16
    ]
}