{
    "id": 63444,
    "category": 48,
    "location": [
        -121.39333,
        40.87667
    ],
    "keywords": [
        2,
        37,
        39,
        53,
        73,
        10
    ]
}