{
    "id": 63453,
    "category": 48,
    "location": [
        -121.40806,
        39.64972
    ],
    "keywords": [
        64,
        3,
        46,
        19,
        73,
        14,
        72,
        68,
        6,
        39,
        10
    ]
}