{
    "id": 63465,
    "category": 48,
    "location": [
        -121.48333,
        41.33194
    ],
    "keywords": [
        53,
        11,
        46,
        19,
        56,
        25,
        71,
        67
    ]
}