{
    "id": 63514,
    "category": 48,
    "location": [
        -121.78889,
        38.55222
    ],
    "keywords": [
        66,
        17,
        1,
        12,
        61,
        6,
        56
    ]
}