{
    "id": 63541,
    "category": 48,
    "location": [
        -121.96361,
        37.24694
    ],
    "keywords": []
}