{
    "id": 63604,
    "category": 48,
    "location": [
        -122.22833,
        38.25944
    ],
    "keywords": [
        12,
        5,
        1,
        2,
        19,
        5,
        64,
        7,
        18,
        37,
        44,
        58,
        21,
        53,
        60
    ]
}