{
    "id": 63620,
    "category": 48,
    "location": [
        -122.26833,
        38.32056
    ],
    "keywords": [
        16,
        33,
        37,
        44,
        17,
        35,
        0,
        12,
        73,
        56,
        41,
        24,
        52,
        51,
        54
    ]
}