{
    "id": 63644,
    "category": 48,
    "location": [
        -122.37722,
        38.39222
    ],
    "keywords": [
        43
    ]
}