{
    "id": 6365,
    "category": 11,
    "location": [
        -122.18361,
        37.77861
    ],
    "keywords": [
        31,
        6,
        43,
        39,
        68,
        13,
        60,
        4,
        2,
        75,
        74
    ]
}