{
    "id": 63650,
    "category": 48,
    "location": [
        -122.40861,
        38.64889
    ],
    "keywords": [
        42,
        8,
        30,
        2,
        49,
        14,
        44,
        3,
        17,
        38,
        40
    ]
}