{
    "id": 63651,
    "category": 48,
    "location": [
        -122.40889,
        37.58056
    ],
    "keywords": [
        10,
        61,
        44,
        28,
        37,
        55,
        57,
        21
    ]
}