{
    "id": 6366,
    "category": 11,
    "location": [
        -122.18361,
        37.77944
    ],
    "keywords": [
        18,
        48,
        28,
        71,
        71,
        32
    ]
}