{
    "id": 63662,
    "category": 48,
    "location": [
        -122.44111,
        38.73472
    ],
    "keywords": [
        52,
        30,
        6,
        52,
        31
    ]
}