{
    "id": 6367,
    "category": 11,
    "location": [
        -122.18389,
        37.73722
    ],
    "keywords": [
        61,
        18,
        2,
        4,
        61,
        73,
        5,
        1,
        58,
        34,
        0
    ]
}