{
    "id": 6368,
    "category": 11,
    "location": [
        -122.18444,
        37.45333
    ],
    "keywords": [
        43,
        34,
        19,
        47,
        34,
        68,
        27
    ]
}