{
    "id": 63706,
    "category": 48,
    "location": [
        -122.57639,
        38.29722
    ],
    "keywords": [
        28,
        16,
        5,
        53,
        50,
        20,
        19
    ]
}