{
    "id": 63742,
    "category": 48,
    "location": [
        -122.93306,
        40.65833
    ],
    "keywords": [
        12,
        53,
        6,
        50,
        45,
        0,
        34,
        67,
        4
    ]
}