{
    "id": 63754,
    "category": 48,
    "location": [
        -123.31167,
        38.59389
    ],
    "keywords": [
        6,
        2,
        59,
        19,
        45,
        47,
        25,
        7,
        56,
        7
    ]
}