{
    "id": 63794,
    "category": 49,
    "location": [
        -116.71056,
        33.77722
    ],
    "keywords": [
        8,
        5,
        50,
        36,
        19,
        21,
        31,
        45
    ]
}