{
    "id": 63804,
    "category": 49,
    "location": [
        -116.81139,
        34.47556
    ],
    "keywords": [
        74,
        32,
        20,
        71,
        51,
        51,
        38,
        9,
        54,
        56,
        54,
        46,
        29,
        72,
        64
    ]
}