{
    "id": 63814,
    "category": 49,
    "location": [
        -116.93722,
        33.52833
    ],
    "keywords": [
        42,
        39,
        56,
        54,
        27,
        73,
        64,
        16
    ]
}