{
    "id": 63818,
    "category": 49,
    "location": [
        -117.02611,
        34.67361
    ],
    "keywords": [
        38
    ]
}