{
    "id": 63830,
    "category": 49,
    "location": [
        -117.34944,
        33.20417
    ],
    "keywords": [
        2,
        45,
        65,
        55,
        43,
        64,
        16,
        24,
        66,
        15,
        47,
        51
    ]
}