{
    "id": 63880,
    "category": 49,
    "location": [
        -118.31667,
        34.56667
    ],
    "keywords": [
        9,
        15,
        49,
        42,
        60,
        72,
        74,
        27,
        39,
        65,
        71,
        42,
        40
    ]
}