{
    "id": 63890,
    "category": 49,
    "location": [
        -118.42667,
        36.69389
    ],
    "keywords": [
        23,
        67,
        12,
        43,
        31
    ]
}