{
    "id": 63915,
    "category": 49,
    "location": [
        -118.53444,
        36.31806
    ],
    "keywords": [
        32,
        18,
        39,
        62,
        11
    ]
}