{
    "id": 63920,
    "category": 49,
    "location": [
        -118.54639,
        35.91361
    ],
    "keywords": [
        60,
        28,
        11,
        58,
        21,
        72,
        5,
        10,
        4,
        15,
        28
    ]
}