{
    "id": 63926,
    "category": 49,
    "location": [
        -118.56917,
        37.00778
    ],
    "keywords": [
        11,
        30,
        0
    ]
}