{
    "id": 63938,
    "category": 49,
    "location": [
        -118.60528,
        36.32833
    ],
    "keywords": [
        45,
        15,
        65
    ]
}