{
    "id": 63982,
    "category": 49,
    "location": [
        -118.76611,
        36.88333
    ],
    "keywords": [
        48,
        46,
        23,
        12
    ]
}