{
    "id": 64,
    "category": 0,
    "location": [
        -116.42583,
        36.29556
    ],
    "keywords": [
        5,
        60,
        54,
        75,
        44,
        67
    ]
}