{
    "id": 64003,
    "category": 49,
    "location": [
        -118.89444,
        36.86667
    ],
    "keywords": [
        69,
        41,
        65,
        73
    ]
}