{
    "id": 64006,
    "category": 49,
    "location": [
        -118.92056,
        36.55167
    ],
    "keywords": [
        62,
        45,
        23,
        13,
        5,
        37,
        75,
        66,
        12,
        8,
        21
    ]
}