{
    "id": 64019,
    "category": 49,
    "location": [
        -119.01306,
        35.00472
    ],
    "keywords": [
        13,
        32,
        75
    ]
}