{
    "id": 64014,
    "category": 49,
    "location": [
        -118.98194,
        36.47722
    ],
    "keywords": [
        69,
        34,
        74
    ]
}