{
    "id": 64021,
    "category": 49,
    "location": [
        -119.01861,
        37.62417
    ],
    "keywords": [
        17,
        57,
        66,
        66
    ]
}