{
    "id": 64035,
    "category": 49,
    "location": [
        -119.06083,
        37.79722
    ],
    "keywords": [
        59,
        34,
        64,
        42
    ]
}