{
    "id": 64056,
    "category": 49,
    "location": [
        -119.28722,
        34.63417
    ],
    "keywords": [
        69,
        56,
        58,
        72,
        41,
        60,
        56,
        47,
        62,
        12,
        13,
        60
    ]
}