{
    "id": 64069,
    "category": 49,
    "location": [
        -119.40528,
        37.23889
    ],
    "keywords": [
        34,
        37,
        54,
        51,
        65
    ]
}