{
    "id": 64062,
    "category": 49,
    "location": [
        -119.36667,
        37.06111
    ],
    "keywords": [
        35,
        65,
        40,
        39,
        49,
        71,
        40,
        8,
        54
    ]
}