{
    "id": 64080,
    "category": 49,
    "location": [
        -119.47667,
        35.12556
    ],
    "keywords": [
        33,
        26
    ]
}