{
    "id": 64130,
    "category": 49,
    "location": [
        -119.96083,
        37.76167
    ],
    "keywords": [
        73,
        58,
        33,
        61,
        29,
        55,
        41,
        72,
        55
    ]
}