{
    "id": 64145,
    "category": 49,
    "location": [
        -120.03667,
        34.76806
    ],
    "keywords": [
        65,
        23,
        23,
        1,
        70
    ]
}