{
    "id": 64195,
    "category": 49,
    "location": [
        -120.27056,
        38.69917
    ],
    "keywords": [
        0
    ]
}