{
    "id": 64194,
    "category": 49,
    "location": [
        -120.27056,
        34.68472
    ],
    "keywords": [
        21,
        66,
        63,
        27,
        59,
        36,
        58,
        17,
        70,
        46,
        11
    ]
}