{
    "id": 64216,
    "category": 49,
    "location": [
        -120.34306,
        39.91611
    ],
    "keywords": [
        56,
        72
    ]
}