{
    "id": 64231,
    "category": 49,
    "location": [
        -120.40389,
        34.83389
    ],
    "keywords": [
        59,
        12,
        16,
        44,
        26,
        60,
        15,
        31,
        54
    ]
}