{
    "id": 64243,
    "category": 49,
    "location": [
        -120.45194,
        38.50139
    ],
    "keywords": [
        54,
        48,
        12,
        2,
        12,
        61,
        31,
        21,
        51,
        51
    ]
}