{
    "id": 64301,
    "category": 49,
    "location": [
        -120.65861,
        37.98972
    ],
    "keywords": [
        8,
        4,
        36
    ]
}