{
    "id": 64304,
    "category": 49,
    "location": [
        -120.66222,
        38.94167
    ],
    "keywords": [
        25,
        24,
        19,
        69,
        9
    ]
}