{
    "id": 64310,
    "category": 49,
    "location": [
        -120.67389,
        40.84361
    ],
    "keywords": [
        55,
        12,
        51,
        51,
        61,
        43,
        24,
        32,
        72
    ]
}