{
    "id": 6431,
    "category": 11,
    "location": [
        -122.24778,
        37.80917
    ],
    "keywords": [
        50
    ]
}