{
    "id": 64328,
    "category": 49,
    "location": [
        -120.72972,
        38.74361
    ],
    "keywords": [
        18,
        34,
        67,
        66,
        64,
        17,
        48,
        40,
        56,
        10,
        58
    ]
}