{
    "id": 64324,
    "category": 49,
    "location": [
        -120.70667,
        38.94972
    ],
    "keywords": [
        54,
        44,
        9,
        8,
        62
    ]
}