{
    "id": 64337,
    "category": 49,
    "location": [
        -120.76222,
        38.72278
    ],
    "keywords": []
}