{
    "id": 64342,
    "category": 49,
    "location": [
        -120.77222,
        41.19222
    ],
    "keywords": [
        10,
        4,
        62,
        45
    ]
}