{
    "id": 64380,
    "category": 49,
    "location": [
        -120.89306,
        39.76056
    ],
    "keywords": [
        52,
        17,
        30,
        0,
        3,
        1,
        10,
        55
    ]
}