{
    "id": 64391,
    "category": 49,
    "location": [
        -120.92972,
        36.43333
    ],
    "keywords": [
        39,
        66,
        58,
        16,
        67,
        60,
        23,
        25,
        36,
        16,
        8,
        69
    ]
}