{
    "id": 64398,
    "category": 49,
    "location": [
        -120.95167,
        40.93222
    ],
    "keywords": [
        37,
        56,
        28,
        18,
        64,
        37
    ]
}