{
    "id": 64404,
    "category": 49,
    "location": [
        -121.00583,
        38.57556
    ],
    "keywords": [
        40,
        72,
        68,
        18,
        75,
        30,
        67,
        6,
        23,
        1,
        15,
        23,
        58,
        47,
        20
    ]
}