{
    "id": 64426,
    "category": 49,
    "location": [
        -121.10667,
        39.85444
    ],
    "keywords": [
        22,
        56,
        63,
        43,
        10,
        21,
        69,
        43,
        46,
        26,
        63
    ]
}