{
    "id": 64439,
    "category": 49,
    "location": [
        -121.16861,
        39.73639
    ],
    "keywords": [
        40
    ]
}