{
    "id": 64462,
    "category": 49,
    "location": [
        -121.28833,
        39.80778
    ],
    "keywords": [
        46,
        19,
        22,
        8,
        72,
        23,
        40,
        60,
        9,
        32,
        67,
        47,
        13,
        46
    ]
}