{
    "id": 64467,
    "category": 49,
    "location": [
        -121.30667,
        36.16361
    ],
    "keywords": [
        18,
        47,
        44,
        73
    ]
}