{
    "id": 64470,
    "category": 49,
    "location": [
        -121.31778,
        40.09472
    ],
    "keywords": [
        53,
        18,
        37,
        38,
        52,
        16,
        46,
        36,
        15,
        60,
        74,
        60,
        32,
        38,
        2
    ]
}