{
    "id": 64496,
    "category": 49,
    "location": [
        -121.46278,
        37.55222
    ],
    "keywords": [
        74,
        64,
        17,
        19
    ]
}