{
    "id": 64495,
    "category": 49,
    "location": [
        -121.46139,
        37.18417
    ],
    "keywords": [
        0,
        70,
        64,
        21,
        43,
        26,
        32
    ]
}