{
    "id": 64503,
    "category": 49,
    "location": [
        -121.49361,
        39.92167
    ],
    "keywords": [
        38,
        67,
        68
    ]
}