{
    "id": 64547,
    "category": 49,
    "location": [
        -121.62778,
        36.47556
    ],
    "keywords": [
        29,
        29,
        30,
        3,
        53,
        68
    ]
}