{
    "id": 64553,
    "category": 49,
    "location": [
        -121.64694,
        39.70806
    ],
    "keywords": [
        29,
        3,
        36,
        28,
        60,
        38,
        13,
        71,
        55,
        54,
        63,
        42,
        55
    ]
}