{
    "id": 64591,
    "category": 49,
    "location": [
        -121.75028,
        37.47472
    ],
    "keywords": [
        6,
        30,
        43,
        14,
        15
    ]
}