{
    "id": 64607,
    "category": 49,
    "location": [
        -121.78222,
        39.85694
    ],
    "keywords": [
        43,
        27,
        10,
        32,
        71,
        65,
        55,
        61,
        54,
        13,
        71,
        58
    ]
}