{
    "id": 64628,
    "category": 49,
    "location": [
        -121.85306,
        38.93722
    ],
    "keywords": [
        25,
        71,
        29,
        9,
        42,
        41,
        71,
        48
    ]
}