{
    "id": 64626,
    "category": 49,
    "location": [
        -121.84722,
        38.44806
    ],
    "keywords": [
        61,
        37,
        70,
        59
    ]
}