{
    "id": 64639,
    "category": 49,
    "location": [
        -121.88861,
        41.98833
    ],
    "keywords": [
        75,
        48,
        15,
        56,
        9,
        38,
        33,
        8,
        2,
        71
    ]
}