{
    "id": 64643,
    "category": 49,
    "location": [
        -121.89722,
        37.05333
    ],
    "keywords": [
        62,
        9,
        34
    ]
}