{
    "id": 64653,
    "category": 49,
    "location": [
        -121.93333,
        37.88194
    ],
    "keywords": [
        33,
        33,
        33
    ]
}