{
    "id": 64661,
    "category": 49,
    "location": [
        -121.95556,
        40.55167
    ],
    "keywords": [
        14,
        43,
        64,
        22,
        52,
        41,
        26,
        19,
        51,
        68,
        29
    ]
}