{
    "id": 64678,
    "category": 49,
    "location": [
        -122.02361,
        37.81222
    ],
    "keywords": [
        15,
        65,
        18,
        30,
        75,
        71,
        4,
        75,
        48,
        73,
        15
    ]
}