{
    "id": 64691,
    "category": 49,
    "location": [
        -122.09194,
        41.00917
    ],
    "keywords": [
        73,
        75,
        52,
        31,
        32,
        70,
        0,
        74,
        23
    ]
}