{
    "id": 6476,
    "category": 11,
    "location": [
        -122.25583,
        38.10917
    ],
    "keywords": [
        19,
        36,
        58,
        18,
        22
    ]
}