{
    "id": 6477,
    "category": 11,
    "location": [
        -122.25611,
        37.87222
    ],
    "keywords": [
        45,
        71,
        39,
        38,
        13,
        32,
        55,
        10
    ]
}