{
    "id": 64784,
    "category": 49,
    "location": [
        -122.51694,
        40.92556
    ],
    "keywords": [
        4,
        70,
        57,
        53,
        30,
        75,
        1,
        43,
        8,
        52,
        72,
        60
    ]
}