{
    "id": 64797,
    "category": 49,
    "location": [
        -122.55472,
        41.22806
    ],
    "keywords": [
        61,
        55,
        47,
        70,
        75,
        43,
        36,
        48,
        31,
        49,
        50,
        12,
        28,
        1,
        60
    ]
}