{
    "id": 6479,
    "category": 11,
    "location": [
        -122.25611,
        37.87306
    ],
    "keywords": [
        67,
        23,
        56,
        16,
        3
    ]
}