{
    "id": 6480,
    "category": 11,
    "location": [
        -122.25611,
        37.87444
    ],
    "keywords": []
}