{
    "id": 64810,
    "category": 49,
    "location": [
        -122.60306,
        38.05944
    ],
    "keywords": [
        27,
        58
    ]
}