{
    "id": 64828,
    "category": 49,
    "location": [
        -122.63861,
        41.53306
    ],
    "keywords": [
        57,
        66,
        35,
        11
    ]
}