{
    "id": 64840,
    "category": 49,
    "location": [
        -122.64778,
        39.21389
    ],
    "keywords": [
        23,
        50,
        61,
        25,
        63,
        33,
        9,
        44,
        45,
        58,
        60
    ]
}