{
    "id": 64864,
    "category": 49,
    "location": [
        -122.69528,
        39.75889
    ],
    "keywords": [
        73,
        38,
        56,
        58
    ]
}