{
    "id": 64876,
    "category": 49,
    "location": [
        -122.72167,
        40.77417
    ],
    "keywords": [
        12,
        72,
        72,
        15
    ]
}