{
    "id": 64883,
    "category": 49,
    "location": [
        -122.73472,
        41.01111
    ],
    "keywords": []
}