{
    "id": 64899,
    "category": 49,
    "location": [
        -122.76583,
        40.05556
    ],
    "keywords": []
}