{
    "id": 64894,
    "category": 49,
    "location": [
        -122.76056,
        39.13111
    ],
    "keywords": [
        64,
        57,
        43,
        61,
        19,
        24,
        55,
        5,
        16,
        48,
        57
    ]
}