{
    "id": 6490,
    "category": 11,
    "location": [
        -122.25722,
        37.87472
    ],
    "keywords": [
        52,
        18,
        55,
        60,
        47,
        64,
        23,
        13,
        3,
        57,
        24
    ]
}