{
    "id": 64928,
    "category": 49,
    "location": [
        -122.80944,
        39.59333
    ],
    "keywords": [
        51,
        26,
        63,
        25,
        14,
        2,
        37,
        16,
        50
    ]
}