{
    "id": 64920,
    "category": 49,
    "location": [
        -122.79806,
        38.95861
    ],
    "keywords": [
        44,
        67,
        27
    ]
}