{
    "id": 64939,
    "category": 49,
    "location": [
        -122.82583,
        40.86083
    ],
    "keywords": [
        29,
        42,
        33,
        14,
        15
    ]
}