{
    "id": 64932,
    "category": 49,
    "location": [
        -122.81556,
        41.28056
    ],
    "keywords": [
        18,
        60,
        74,
        39,
        75,
        4,
        44,
        8,
        67,
        50,
        66
    ]
}