{
    "id": 64966,
    "category": 49,
    "location": [
        -122.86667,
        40.79556
    ],
    "keywords": [
        57,
        26,
        12,
        12,
        71,
        6,
        28,
        19,
        32,
        51,
        75
    ]
}