{
    "id": 64982,
    "category": 49,
    "location": [
        -122.89167,
        39.52361
    ],
    "keywords": [
        75,
        74,
        3,
        31,
        71,
        43
    ]
}