{
    "id": 64993,
    "category": 49,
    "location": [
        -122.90472,
        40.17139
    ],
    "keywords": [
        2,
        43,
        36,
        4
    ]
}