{
    "id": 65023,
    "category": 49,
    "location": [
        -122.94861,
        38.55472
    ],
    "keywords": [
        9,
        9,
        28,
        6,
        27,
        10,
        40,
        15,
        3,
        49
    ]
}