{
    "id": 65021,
    "category": 49,
    "location": [
        -122.94444,
        39.98111
    ],
    "keywords": [
        0,
        38,
        72,
        67,
        34,
        64
    ]
}