{
    "id": 65037,
    "category": 49,
    "location": [
        -122.97306,
        39.99194
    ],
    "keywords": []
}