{
    "id": 65052,
    "category": 49,
    "location": [
        -122.99583,
        39.41722
    ],
    "keywords": [
        22,
        35,
        53,
        18,
        1,
        71,
        10
    ]
}