{
    "id": 65062,
    "category": 49,
    "location": [
        -123.00389,
        40.16639
    ],
    "keywords": [
        20,
        10,
        38,
        60,
        39,
        39,
        62,
        59
    ]
}