{
    "id": 65071,
    "category": 49,
    "location": [
        -123.01667,
        38.60417
    ],
    "keywords": [
        0,
        64,
        58
    ]
}