{
    "id": 65073,
    "category": 49,
    "location": [
        -123.01694,
        40.09833
    ],
    "keywords": [
        47,
        5,
        59,
        11,
        61,
        12,
        11,
        49,
        53,
        18
    ]
}