{
    "id": 65079,
    "category": 49,
    "location": [
        -123.02389,
        40.12861
    ],
    "keywords": [
        30,
        35,
        47,
        16,
        16,
        57,
        41
    ]
}