{
    "id": 65076,
    "category": 49,
    "location": [
        -123.02139,
        39.46667
    ],
    "keywords": [
        47,
        66,
        21,
        19,
        66,
        67,
        21,
        51,
        26
    ]
}