{
    "id": 6507,
    "category": 11,
    "location": [
        -122.25861,
        37.87528
    ],
    "keywords": [
        41,
        0,
        30,
        65,
        50,
        12,
        40,
        42,
        68,
        61,
        31,
        72,
        42,
        50
    ]
}