{
    "id": 65099,
    "category": 49,
    "location": [
        -123.04611,
        39.91722
    ],
    "keywords": [
        6,
        49,
        59,
        23
    ]
}