{
    "id": 65126,
    "category": 49,
    "location": [
        -123.07778,
        39.94222
    ],
    "keywords": [
        36
    ]
}