{
    "id": 65132,
    "category": 49,
    "location": [
        -123.09028,
        39.74444
    ],
    "keywords": []
}