{
    "id": 65158,
    "category": 49,
    "location": [
        -123.14056,
        38.59389
    ],
    "keywords": [
        39,
        51,
        4,
        67,
        9,
        18,
        28
    ]
}