{
    "id": 65165,
    "category": 49,
    "location": [
        -123.15083,
        40.05833
    ],
    "keywords": []
}