{
    "id": 65174,
    "category": 49,
    "location": [
        -123.16583,
        40.38667
    ],
    "keywords": [
        72,
        35,
        72,
        60,
        61,
        55,
        17,
        1,
        61,
        68,
        24,
        21,
        24,
        0,
        12
    ]
}