{
    "id": 65180,
    "category": 49,
    "location": [
        -123.17639,
        40.16667
    ],
    "keywords": [
        69,
        44,
        68
    ]
}