{
    "id": 65196,
    "category": 49,
    "location": [
        -123.19417,
        40.14889
    ],
    "keywords": [
        12,
        65,
        28,
        73,
        45,
        10,
        61,
        74,
        50,
        70,
        13,
        7,
        73,
        50
    ]
}