{
    "id": 65229,
    "category": 49,
    "location": [
        -123.27167,
        39.48528
    ],
    "keywords": [
        67,
        32,
        39,
        29,
        50,
        70,
        25,
        50
    ]
}