{
    "id": 65237,
    "category": 49,
    "location": [
        -123.30111,
        38.77111
    ],
    "keywords": [
        24,
        37,
        61,
        46,
        17,
        26,
        37,
        42,
        28,
        62,
        49,
        19,
        67,
        5,
        8
    ]
}