{
    "id": 65232,
    "category": 49,
    "location": [
        -123.27611,
        41.26056
    ],
    "keywords": [
        43
    ]
}