{
    "id": 65247,
    "category": 49,
    "location": [
        -123.31889,
        39.11806
    ],
    "keywords": [
        74,
        64,
        55,
        23,
        29,
        23,
        54
    ]
}