{
    "id": 6526,
    "category": 11,
    "location": [
        -122.26028,
        37.87028
    ],
    "keywords": []
}