{
    "id": 65274,
    "category": 49,
    "location": [
        -123.37778,
        41.76028
    ],
    "keywords": []
}