{
    "id": 65287,
    "category": 49,
    "location": [
        -123.42028,
        38.90722
    ],
    "keywords": [
        6,
        67,
        6,
        30,
        41
    ]
}