{
    "id": 65285,
    "category": 49,
    "location": [
        -123.40222,
        39.11056
    ],
    "keywords": [
        28,
        48,
        19,
        68,
        48,
        13,
        4,
        4,
        16,
        6,
        37,
        21,
        29,
        60
    ]
}