{
    "id": 65291,
    "category": 49,
    "location": [
        -123.42472,
        38.93417
    ],
    "keywords": []
}