{
    "id": 65309,
    "category": 49,
    "location": [
        -123.46111,
        38.88389
    ],
    "keywords": [
        75,
        36,
        26,
        9,
        66,
        36,
        8,
        73,
        5,
        26
    ]
}