{
    "id": 6533,
    "category": 11,
    "location": [
        -122.26111,
        37.87444
    ],
    "keywords": [
        43,
        54,
        47,
        43,
        39,
        57,
        13,
        27,
        23,
        32
    ]
}