{
    "id": 6535,
    "category": 11,
    "location": [
        -122.26139,
        37.50611
    ],
    "keywords": [
        0,
        44,
        42,
        40,
        69,
        18,
        64,
        59,
        64,
        24,
        36,
        54
    ]
}