{
    "id": 65359,
    "category": 49,
    "location": [
        -123.59444,
        41.06639
    ],
    "keywords": [
        39,
        27,
        52,
        75,
        67,
        2,
        53,
        70,
        64,
        54,
        21,
        72,
        11,
        28,
        41
    ]
}