{
    "id": 65367,
    "category": 49,
    "location": [
        -123.61722,
        41.64778
    ],
    "keywords": [
        24,
        9
    ]
}