{
    "id": 65381,
    "category": 49,
    "location": [
        -123.65972,
        39.47111
    ],
    "keywords": [
        49,
        44,
        0,
        9,
        69,
        73,
        10,
        32,
        61,
        6,
        74,
        18
    ]
}