{
    "id": 65385,
    "category": 49,
    "location": [
        -123.66889,
        39.14139
    ],
    "keywords": [
        73,
        2,
        69,
        30,
        15,
        52,
        43,
        59,
        72,
        32,
        21,
        6,
        27
    ]
}