{
    "id": 65391,
    "category": 49,
    "location": [
        -123.67639,
        40.73222
    ],
    "keywords": [
        52,
        75,
        15,
        75,
        53
    ]
}