{
    "id": 65412,
    "category": 49,
    "location": [
        -123.76611,
        39.74278
    ],
    "keywords": [
        25,
        33,
        10,
        44,
        27,
        16,
        48,
        41,
        45,
        17
    ]
}