{
    "id": 65427,
    "category": 49,
    "location": [
        -123.82139,
        41.00722
    ],
    "keywords": [
        8,
        71,
        59,
        65,
        47,
        74
    ]
}