{
    "id": 65431,
    "category": 49,
    "location": [
        -123.84861,
        40.92417
    ],
    "keywords": [
        25,
        47,
        43,
        70,
        39,
        4
    ]
}