{
    "id": 6543,
    "category": 11,
    "location": [
        -122.26222,
        37.87333
    ],
    "keywords": [
        67,
        51,
        27,
        7,
        34,
        4
    ]
}