{
    "id": 65447,
    "category": 49,
    "location": [
        -123.90472,
        41.19278
    ],
    "keywords": [
        12,
        49,
        28
    ]
}