{
    "id": 65463,
    "category": 49,
    "location": [
        -124.01278,
        41.54278
    ],
    "keywords": [
        6,
        66
    ]
}