{
    "id": 6546,
    "category": 11,
    "location": [
        -122.26278,
        37.80222
    ],
    "keywords": [
        25,
        64,
        75,
        42,
        9,
        12,
        8,
        25,
        19,
        41,
        3,
        48,
        54
    ]
}