{
    "id": 65462,
    "category": 49,
    "location": [
        -124.01167,
        40.31306
    ],
    "keywords": [
        8,
        4,
        58,
        58,
        14,
        22,
        69,
        4
    ]
}