{
    "id": 6547,
    "category": 11,
    "location": [
        -122.26278,
        37.87028
    ],
    "keywords": [
        51,
        74
    ]
}