{
    "id": 65492,
    "category": 49,
    "location": [
        -124.15056,
        40.18667
    ],
    "keywords": [
        16
    ]
}