{
    "id": 65509,
    "category": 49,
    "location": [
        -124.20861,
        40.25222
    ],
    "keywords": [
        32,
        16,
        69,
        1,
        27,
        28,
        28
    ]
}