{
    "id": 65506,
    "category": 49,
    "location": [
        -124.20806,
        40.21861
    ],
    "keywords": [
        73,
        65,
        63,
        52,
        34,
        73,
        7,
        11,
        9,
        61
    ]
}