{
    "id": 6551,
    "category": 11,
    "location": [
        -122.26306,
        37.86778
    ],
    "keywords": [
        39,
        60,
        72,
        35,
        13,
        11,
        28
    ]
}