{
    "id": 65567,
    "category": 50,
    "location": [
        -115.37833,
        32.81306
    ],
    "keywords": [
        59
    ]
}