{
    "id": 65562,
    "category": 50,
    "location": [
        -115.33583,
        32.83306
    ],
    "keywords": [
        71,
        53,
        8,
        46,
        24,
        45,
        52,
        40
    ]
}