{
    "id": 65607,
    "category": 50,
    "location": [
        -115.53389,
        32.97444
    ],
    "keywords": [
        42,
        70,
        64,
        30,
        30,
        32,
        16
    ]
}