{
    "id": 65613,
    "category": 50,
    "location": [
        -115.54333,
        32.98361
    ],
    "keywords": [
        20,
        67,
        21,
        55,
        49,
        14,
        40,
        37,
        39,
        17,
        68,
        63,
        57,
        39,
        43
    ]
}