{
    "id": 65638,
    "category": 50,
    "location": [
        -115.57944,
        32.77528
    ],
    "keywords": [
        26,
        75
    ]
}