{
    "id": 65647,
    "category": 50,
    "location": [
        -115.69139,
        32.79472
    ],
    "keywords": [
        53
    ]
}