{
    "id": 65645,
    "category": 50,
    "location": [
        -115.64639,
        32.81056
    ],
    "keywords": [
        43,
        42,
        57,
        62,
        32,
        56,
        55,
        22,
        25,
        47,
        65,
        38,
        27,
        59,
        3
    ]
}