{
    "id": 65698,
    "category": 50,
    "location": [
        -116.30667,
        34.14333
    ],
    "keywords": [
        32
    ]
}