{
    "id": 65718,
    "category": 50,
    "location": [
        -116.44944,
        33.79667
    ],
    "keywords": [
        3,
        27,
        30,
        16,
        32,
        50,
        10,
        31,
        22,
        68,
        44,
        2
    ]
}