{
    "id": 65724,
    "category": 50,
    "location": [
        -116.46111,
        33.78111
    ],
    "keywords": [
        43,
        49,
        27,
        69,
        67,
        6,
        17,
        43,
        11,
        17,
        31,
        22,
        3,
        59
    ]
}