{
    "id": 65731,
    "category": 50,
    "location": [
        -116.48389,
        33.93833
    ],
    "keywords": [
        51,
        10,
        15,
        26,
        38,
        54,
        15,
        64,
        66,
        9,
        9,
        38,
        24,
        10,
        52
    ]
}