{
    "id": 65755,
    "category": 50,
    "location": [
        -116.59889,
        33.07889
    ],
    "keywords": [
        66,
        55,
        5,
        36,
        27,
        64,
        35,
        12,
        23,
        7,
        52,
        21,
        7
    ]
}