{
    "id": 65758,
    "category": 50,
    "location": [
        -116.61278,
        32.85889
    ],
    "keywords": [
        57,
        57,
        46,
        67,
        24,
        53,
        30,
        59
    ]
}