{
    "id": 65771,
    "category": 50,
    "location": [
        -116.71389,
        33.08139
    ],
    "keywords": [
        32,
        15,
        74
    ]
}