{
    "id": 65785,
    "category": 50,
    "location": [
        -116.82417,
        34.25417
    ],
    "keywords": [
        5,
        38,
        23,
        67,
        54,
        1,
        1,
        63,
        67,
        15,
        26,
        50,
        61
    ]
}