{
    "id": 65781,
    "category": 50,
    "location": [
        -116.80972,
        33.01722
    ],
    "keywords": [
        69,
        14,
        13,
        9,
        6,
        55,
        19
    ]
}