{
    "id": 65780,
    "category": 50,
    "location": [
        -116.79139,
        33.00833
    ],
    "keywords": [
        35,
        70,
        39,
        26,
        43,
        63
    ]
}