{
    "id": 65791,
    "category": 50,
    "location": [
        -116.86333,
        33.93389
    ],
    "keywords": [
        38,
        44,
        1,
        34
    ]
}