{
    "id": 65827,
    "category": 50,
    "location": [
        -116.91889,
        34.08806
    ],
    "keywords": []
}