{
    "id": 6585,
    "category": 11,
    "location": [
        -122.27083,
        37.77306
    ],
    "keywords": [
        74,
        3
    ]
}