{
    "id": 65863,
    "category": 50,
    "location": [
        -116.94806,
        32.79917
    ],
    "keywords": [
        50,
        23,
        13,
        57,
        51,
        4,
        64,
        9,
        60
    ]
}