{
    "id": 65862,
    "category": 50,
    "location": [
        -116.94722,
        33.08722
    ],
    "keywords": [
        33,
        39,
        18,
        68,
        71,
        69,
        33,
        50,
        18,
        4,
        33
    ]
}