{
    "id": 65870,
    "category": 50,
    "location": [
        -116.95472,
        33.74278
    ],
    "keywords": [
        71,
        3,
        68,
        49,
        59,
        68,
        6
    ]
}