{
    "id": 65899,
    "category": 50,
    "location": [
        -116.97083,
        32.86278
    ],
    "keywords": [
        69,
        26,
        37,
        23,
        67,
        56
    ]
}