{
    "id": 65931,
    "category": 50,
    "location": [
        -116.99444,
        32.80083
    ],
    "keywords": [
        43,
        32,
        51,
        63,
        29,
        13,
        31,
        66
    ]
}