{
    "id": 65936,
    "category": 50,
    "location": [
        -116.99972,
        33.31528
    ],
    "keywords": [
        36
    ]
}