{
    "id": 65944,
    "category": 50,
    "location": [
        -117.00306,
        34.87694
    ],
    "keywords": [
        48,
        47,
        1,
        57,
        29,
        3,
        66,
        35,
        23,
        51,
        24,
        56,
        26,
        41,
        72
    ]
}