{
    "id": 6594,
    "category": 11,
    "location": [
        -122.27528,
        37.80694
    ],
    "keywords": [
        13,
        19,
        69,
        7,
        23,
        69,
        57,
        38
    ]
}