{
    "id": 65943,
    "category": 50,
    "location": [
        -117.00278,
        32.80333
    ],
    "keywords": [
        45,
        12,
        73,
        34,
        62,
        7,
        32,
        37,
        50
    ]
}