{
    "id": 65958,
    "category": 50,
    "location": [
        -117.01056,
        34.89056
    ],
    "keywords": []
}