{
    "id": 65950,
    "category": 50,
    "location": [
        -117.00556,
        34.87944
    ],
    "keywords": []
}