{
    "id": 65956,
    "category": 50,
    "location": [
        -117.00972,
        32.76722
    ],
    "keywords": [
        28,
        19,
        15,
        73,
        68,
        58,
        34,
        35,
        4,
        22,
        12,
        58,
        9,
        16,
        58
    ]
}