{
    "id": 65983,
    "category": 50,
    "location": [
        -117.02306,
        34.87028
    ],
    "keywords": [
        38,
        35,
        69,
        18,
        19,
        46,
        51,
        65,
        8,
        68,
        0,
        39
    ]
}