{
    "id": 65986,
    "category": 50,
    "location": [
        -117.02444,
        34.90167
    ],
    "keywords": [
        39,
        3,
        36,
        36,
        69,
        63,
        53,
        35,
        61,
        1
    ]
}