{
    "id": 65994,
    "category": 50,
    "location": [
        -117.02917,
        32.75472
    ],
    "keywords": [
        71,
        2,
        45,
        52,
        54,
        34,
        11,
        12,
        39
    ]
}