{
    "id": 65993,
    "category": 50,
    "location": [
        -117.02861,
        32.74167
    ],
    "keywords": [
        39,
        74,
        25,
        12,
        15,
        66,
        60,
        55,
        35,
        3,
        74,
        61,
        42
    ]
}