{
    "id": 65997,
    "category": 50,
    "location": [
        -117.03028,
        32.71028
    ],
    "keywords": [
        40,
        52,
        42,
        74,
        33,
        22,
        45,
        16,
        6
    ]
}