{
    "id": 66007,
    "category": 50,
    "location": [
        -117.03417,
        33.13389
    ],
    "keywords": [
        43,
        68,
        18,
        69
    ]
}