{
    "id": 66012,
    "category": 50,
    "location": [
        -117.03639,
        32.71389
    ],
    "keywords": [
        30,
        35,
        27,
        24,
        24,
        55,
        44,
        68,
        27,
        13,
        33,
        30,
        17,
        15
    ]
}