{
    "id": 66024,
    "category": 50,
    "location": [
        -117.04028,
        32.60167
    ],
    "keywords": [
        71,
        48,
        16,
        30,
        21,
        66,
        13,
        70,
        31,
        11,
        37
    ]
}