{
    "id": 66047,
    "category": 50,
    "location": [
        -117.04694,
        32.72389
    ],
    "keywords": [
        8,
        36
    ]
}