{
    "id": 66057,
    "category": 50,
    "location": [
        -117.04944,
        33.13083
    ],
    "keywords": [
        14,
        64,
        75,
        31,
        14,
        26,
        37,
        69
    ]
}