{
    "id": 66071,
    "category": 50,
    "location": [
        -117.05556,
        33.07667
    ],
    "keywords": [
        0,
        17,
        39,
        37
    ]
}