{
    "id": 66075,
    "category": 50,
    "location": [
        -117.05694,
        32.63167
    ],
    "keywords": [
        58,
        47,
        22,
        1,
        52,
        31,
        71,
        34,
        18,
        36
    ]
}