{
    "id": 66073,
    "category": 50,
    "location": [
        -117.05639,
        32.59639
    ],
    "keywords": [
        10,
        71,
        48,
        6,
        25,
        21,
        3,
        20
    ]
}