{
    "id": 66097,
    "category": 50,
    "location": [
        -117.06361,
        32.78333
    ],
    "keywords": [
        74,
        12,
        64,
        4,
        7,
        2,
        56,
        50,
        56,
        2,
        35,
        48
    ]
}