{
    "id": 66099,
    "category": 50,
    "location": [
        -117.06417,
        32.79444
    ],
    "keywords": [
        54,
        29,
        54,
        55,
        43,
        14
    ]
}