{
    "id": 66102,
    "category": 50,
    "location": [
        -117.06528,
        32.56611
    ],
    "keywords": [
        25,
        68,
        12,
        23,
        60,
        6
    ]
}