{
    "id": 66117,
    "category": 50,
    "location": [
        -117.07194,
        32.64944
    ],
    "keywords": [
        57,
        6,
        10,
        53,
        31
    ]
}