{
    "id": 66115,
    "category": 50,
    "location": [
        -117.07139,
        33.11194
    ],
    "keywords": [
        57,
        29,
        28,
        30,
        48,
        72,
        47,
        40,
        75
    ]
}