{
    "id": 66138,
    "category": 50,
    "location": [
        -117.07861,
        32.58028
    ],
    "keywords": [
        6,
        7,
        20,
        60,
        40,
        61,
        67,
        29,
        33
    ]
}