{
    "id": 66159,
    "category": 50,
    "location": [
        -117.08667,
        32.63472
    ],
    "keywords": [
        48
    ]
}