{
    "id": 66173,
    "category": 50,
    "location": [
        -117.09056,
        33.14444
    ],
    "keywords": [
        11,
        35
    ]
}