{
    "id": 66180,
    "category": 50,
    "location": [
        -117.09222,
        32.71556
    ],
    "keywords": [
        7,
        75,
        64,
        56,
        29,
        18,
        9,
        19,
        55,
        55,
        39,
        43,
        28,
        40,
        61
    ]
}