{
    "id": 66188,
    "category": 50,
    "location": [
        -117.09417,
        33.10806
    ],
    "keywords": [
        41,
        63,
        32,
        10,
        65,
        56,
        46,
        37,
        16,
        65,
        39,
        57,
        64,
        55
    ]
}