{
    "id": 66199,
    "category": 50,
    "location": [
        -117.09639,
        33.47611
    ],
    "keywords": [
        66
    ]
}