{
    "id": 66207,
    "category": 50,
    "location": [
        -117.09944,
        32.82167
    ],
    "keywords": [
        57,
        10,
        68,
        59,
        33,
        59,
        66,
        37,
        15,
        22,
        10,
        22,
        23,
        24,
        45
    ]
}