{
    "id": 66219,
    "category": 50,
    "location": [
        -117.10528,
        32.69917
    ],
    "keywords": [
        6,
        47,
        41,
        71,
        38,
        44,
        48,
        37,
        51,
        26
    ]
}