{
    "id": 66220,
    "category": 50,
    "location": [
        -117.10556,
        32.66583
    ],
    "keywords": [
        46,
        48
    ]
}