{
    "id": 66248,
    "category": 50,
    "location": [
        -117.12028,
        34.07083
    ],
    "keywords": []
}