{
    "id": 66254,
    "category": 50,
    "location": [
        -117.12333,
        32.73444
    ],
    "keywords": [
        70,
        22,
        55,
        29,
        43,
        44,
        66,
        69,
        67
    ]
}