{
    "id": 66253,
    "category": 50,
    "location": [
        -117.12167,
        32.92222
    ],
    "keywords": [
        46,
        53,
        49,
        63,
        46,
        4,
        4,
        52,
        72,
        27,
        1,
        51
    ]
}