{
    "id": 66263,
    "category": 50,
    "location": [
        -117.12583,
        32.70917
    ],
    "keywords": [
        52
    ]
}