{
    "id": 66260,
    "category": 50,
    "location": [
        -117.12444,
        32.91167
    ],
    "keywords": [
        3,
        60,
        26,
        74,
        44,
        56,
        28,
        68,
        15,
        34,
        30,
        49,
        6,
        3
    ]
}