{
    "id": 66273,
    "category": 50,
    "location": [
        -117.13167,
        34.02278
    ],
    "keywords": [
        15,
        31,
        67,
        48,
        10,
        50,
        54,
        40
    ]
}