{
    "id": 66284,
    "category": 50,
    "location": [
        -117.13556,
        32.92806
    ],
    "keywords": [
        44,
        49,
        0,
        19,
        21
    ]
}