{
    "id": 66290,
    "category": 50,
    "location": [
        -117.14083,
        32.90611
    ],
    "keywords": [
        61,
        59,
        17,
        53,
        7,
        3,
        60,
        8,
        39,
        42,
        44,
        65,
        63,
        22,
        5
    ]
}