{
    "id": 66293,
    "category": 50,
    "location": [
        -117.14361,
        32.70972
    ],
    "keywords": [
        5,
        24,
        36,
        1,
        2,
        21,
        20,
        11,
        45,
        39,
        67,
        44,
        73,
        40,
        72
    ]
}