{
    "id": 66304,
    "category": 50,
    "location": [
        -117.14833,
        34.05139
    ],
    "keywords": [
        29
    ]
}