{
    "id": 66309,
    "category": 50,
    "location": [
        -117.15083,
        32.72056
    ],
    "keywords": [
        16,
        44,
        37,
        56,
        13,
        39,
        49
    ]
}