{
    "id": 66317,
    "category": 50,
    "location": [
        -117.15639,
        33.18028
    ],
    "keywords": [
        47,
        57,
        7,
        0
    ]
}