{
    "id": 66363,
    "category": 50,
    "location": [
        -117.17306,
        34.06806
    ],
    "keywords": [
        69,
        13,
        71,
        13
    ]
}