{
    "id": 66370,
    "category": 50,
    "location": [
        -117.17583,
        32.75389
    ],
    "keywords": [
        72,
        73,
        69,
        18,
        24,
        17,
        6,
        48,
        34,
        54,
        62,
        22,
        36
    ]
}