{
    "id": 66379,
    "category": 50,
    "location": [
        -117.17917,
        34.07306
    ],
    "keywords": [
        16,
        31,
        41,
        4,
        34,
        16,
        13,
        39,
        1,
        20,
        18,
        15,
        30
    ]
}