{
    "id": 66383,
    "category": 50,
    "location": [
        -117.18056,
        32.83667
    ],
    "keywords": []
}