{
    "id": 66393,
    "category": 50,
    "location": [
        -117.18472,
        32.82028
    ],
    "keywords": [
        7
    ]
}