{
    "id": 66438,
    "category": 50,
    "location": [
        -117.20583,
        33.02111
    ],
    "keywords": [
        57,
        48,
        5,
        3,
        64,
        16,
        72,
        13
    ]
}