{
    "id": 66451,
    "category": 50,
    "location": [
        -117.21028,
        33.94889
    ],
    "keywords": [
        34,
        71,
        11,
        23,
        3,
        2,
        45,
        67,
        72
    ]
}