{
    "id": 66457,
    "category": 50,
    "location": [
        -117.21222,
        33.19111
    ],
    "keywords": [
        45,
        13,
        7,
        75,
        67,
        63,
        56,
        18,
        32,
        71,
        20,
        3,
        67,
        2
    ]
}