{
    "id": 66462,
    "category": 50,
    "location": [
        -117.21333,
        32.74361
    ],
    "keywords": [
        54,
        52,
        21,
        53,
        11,
        30,
        50
    ]
}