{
    "id": 66470,
    "category": 50,
    "location": [
        -117.21611,
        33.92639
    ],
    "keywords": [
        53,
        13
    ]
}