{
    "id": 66475,
    "category": 50,
    "location": [
        -117.21778,
        34.11333
    ],
    "keywords": [
        54
    ]
}