{
    "id": 66516,
    "category": 50,
    "location": [
        -117.23278,
        33.92778
    ],
    "keywords": []
}