{
    "id": 66524,
    "category": 50,
    "location": [
        -117.23444,
        33.82028
    ],
    "keywords": [
        32,
        31,
        46,
        49,
        17,
        63,
        4,
        0
    ]
}