{
    "id": 66542,
    "category": 50,
    "location": [
        -117.23944,
        33.18694
    ],
    "keywords": []
}