{
    "id": 66552,
    "category": 50,
    "location": [
        -117.24056,
        33.34889
    ],
    "keywords": [
        10,
        33,
        11,
        9,
        66,
        46,
        5,
        12,
        18,
        33,
        44,
        5
    ]
}