{
    "id": 66573,
    "category": 50,
    "location": [
        -117.24583,
        33.20806
    ],
    "keywords": [
        1,
        36,
        9,
        57,
        10
    ]
}