{
    "id": 66579,
    "category": 50,
    "location": [
        -117.24722,
        33.24278
    ],
    "keywords": [
        65,
        55
    ]
}