{
    "id": 66593,
    "category": 50,
    "location": [
        -117.25278,
        33.19639
    ],
    "keywords": [
        31,
        63
    ]
}