{
    "id": 666,
    "category": 0,
    "location": [
        -120.84861,
        35.64528
    ],
    "keywords": [
        36,
        67,
        74,
        22,
        40
    ]
}