{
    "id": 66607,
    "category": 50,
    "location": [
        -117.25583,
        34.18694
    ],
    "keywords": [
        70,
        7,
        68,
        49,
        33,
        26,
        19,
        49,
        61,
        2,
        39,
        7,
        31,
        50,
        72
    ]
}