{
    "id": 66611,
    "category": 50,
    "location": [
        -117.25667,
        33.01806
    ],
    "keywords": [
        20,
        53,
        1,
        71,
        22
    ]
}