{
    "id": 66622,
    "category": 50,
    "location": [
        -117.26056,
        32.99333
    ],
    "keywords": [
        31,
        73,
        41,
        6,
        5
    ]
}