{
    "id": 66632,
    "category": 50,
    "location": [
        -117.26278,
        32.81083
    ],
    "keywords": [
        60,
        73,
        24,
        14,
        28,
        28,
        12,
        48,
        12,
        16,
        24,
        44,
        4,
        3
    ]
}