{
    "id": 66647,
    "category": 50,
    "location": [
        -117.27056,
        33.04056
    ],
    "keywords": [
        45,
        28,
        75,
        36
    ]
}