{
    "id": 66641,
    "category": 50,
    "location": [
        -117.26722,
        34.10778
    ],
    "keywords": [
        37,
        39,
        63,
        15,
        12,
        70,
        21,
        31,
        26,
        26
    ]
}