{
    "id": 66689,
    "category": 50,
    "location": [
        -117.28833,
        34.13917
    ],
    "keywords": [
        72,
        20,
        73,
        52,
        0,
        42,
        67,
        16,
        22,
        36
    ]
}