{
    "id": 66716,
    "category": 50,
    "location": [
        -117.29722,
        33.05472
    ],
    "keywords": []
}