{
    "id": 66721,
    "category": 50,
    "location": [
        -117.29889,
        33.20667
    ],
    "keywords": [
        51,
        40,
        73,
        69,
        10,
        59
    ]
}