{
    "id": 66759,
    "category": 50,
    "location": [
        -117.31194,
        34.08722
    ],
    "keywords": [
        70,
        1,
        68
    ]
}