{
    "id": 66769,
    "category": 50,
    "location": [
        -117.31639,
        33.21833
    ],
    "keywords": [
        5,
        42,
        35,
        75,
        68,
        6,
        32,
        54,
        41,
        30,
        49
    ]
}