{
    "id": 66763,
    "category": 50,
    "location": [
        -117.31306,
        34.54389
    ],
    "keywords": [
        52,
        22,
        10,
        59,
        40,
        71,
        39,
        63,
        50,
        49,
        16,
        69,
        14,
        8,
        54
    ]
}