{
    "id": 66784,
    "category": 50,
    "location": [
        -117.32528,
        34.05806
    ],
    "keywords": [
        6,
        69,
        37,
        39,
        57,
        23,
        1,
        0,
        32
    ]
}