{
    "id": 66799,
    "category": 50,
    "location": [
        -117.32972,
        33.67194
    ],
    "keywords": [
        70,
        65,
        68,
        30,
        49,
        51,
        62,
        61
    ]
}