{
    "id": 66795,
    "category": 50,
    "location": [
        -117.32917,
        33.20083
    ],
    "keywords": [
        1,
        22,
        48,
        38,
        66,
        25,
        64,
        49,
        6,
        2,
        71,
        54,
        11,
        0,
        10
    ]
}