{
    "id": 66797,
    "category": 50,
    "location": [
        -117.32917,
        34.12583
    ],
    "keywords": [
        14,
        16,
        59,
        31,
        8,
        0,
        56,
        51,
        30,
        33,
        18,
        71,
        40,
        30,
        39
    ]
}