{
    "id": 6679,
    "category": 11,
    "location": [
        -122.35694,
        37.93528
    ],
    "keywords": []
}