{
    "id": 66820,
    "category": 50,
    "location": [
        -117.33917,
        34.08194
    ],
    "keywords": [
        16,
        27,
        75,
        20,
        56,
        62,
        73
    ]
}