{
    "id": 66851,
    "category": 50,
    "location": [
        -117.36167,
        33.20778
    ],
    "keywords": [
        13,
        73,
        58,
        57,
        18,
        7,
        18,
        24,
        20,
        56,
        9
    ]
}