{
    "id": 66868,
    "category": 50,
    "location": [
        -117.36861,
        33.65361
    ],
    "keywords": [
        58,
        8,
        54,
        53,
        22,
        14,
        10,
        31,
        11,
        44,
        46,
        44,
        27,
        5
    ]
}