{
    "id": 66899,
    "category": 50,
    "location": [
        -117.38611,
        34.07222
    ],
    "keywords": [
        25,
        72,
        3,
        58,
        40,
        31,
        43,
        7,
        60,
        4
    ]
}