{
    "id": 66901,
    "category": 50,
    "location": [
        -117.38639,
        33.95611
    ],
    "keywords": [
        39,
        27,
        1,
        25,
        74,
        66,
        21,
        39,
        9,
        20,
        47,
        15,
        63
    ]
}