{
    "id": 66909,
    "category": 50,
    "location": [
        -117.39278,
        34.06472
    ],
    "keywords": [
        22,
        56,
        11,
        32,
        13,
        46,
        26,
        9,
        25,
        74,
        20,
        50,
        47,
        70
    ]
}