{
    "id": 66941,
    "category": 50,
    "location": [
        -117.41833,
        34.05139
    ],
    "keywords": [
        25,
        42,
        42,
        56,
        43,
        34,
        71,
        7,
        10,
        66,
        75,
        5,
        36
    ]
}