{
    "id": 66951,
    "category": 50,
    "location": [
        -117.42778,
        33.91389
    ],
    "keywords": [
        14,
        47,
        61
    ]
}