{
    "id": 66978,
    "category": 50,
    "location": [
        -117.44944,
        33.92083
    ],
    "keywords": [
        14,
        14,
        67
    ]
}