{
    "id": 66971,
    "category": 50,
    "location": [
        -117.44361,
        34.58444
    ],
    "keywords": [
        55,
        54,
        55,
        26,
        28,
        42
    ]
}