{
    "id": 66982,
    "category": 50,
    "location": [
        -117.45583,
        34.11111
    ],
    "keywords": [
        36,
        44,
        71,
        8,
        39
    ]
}