{
    "id": 67014,
    "category": 50,
    "location": [
        -117.48889,
        34.02056
    ],
    "keywords": [
        16,
        26,
        75,
        42,
        14,
        26,
        40,
        32,
        49,
        29,
        42,
        49,
        38,
        59
    ]
}