{
    "id": 67029,
    "category": 50,
    "location": [
        -117.51056,
        34.12972
    ],
    "keywords": [
        64,
        74,
        1,
        54,
        75,
        5
    ]
}