{
    "id": 67033,
    "category": 50,
    "location": [
        -117.51861,
        34.01889
    ],
    "keywords": [
        28,
        55,
        32,
        29,
        60,
        9,
        0,
        67,
        56,
        52
    ]
}