{
    "id": 67036,
    "category": 50,
    "location": [
        -117.52222,
        34.00056
    ],
    "keywords": [
        19,
        64,
        11,
        22,
        32,
        25,
        26,
        21,
        20
    ]
}