{
    "id": 67030,
    "category": 50,
    "location": [
        -117.51194,
        34.14361
    ],
    "keywords": [
        29,
        24,
        58,
        22,
        0,
        75,
        47,
        75,
        4
    ]
}