{
    "id": 67035,
    "category": 50,
    "location": [
        -117.52028,
        33.87639
    ],
    "keywords": [
        15,
        74,
        62,
        30,
        43,
        50,
        59,
        43,
        31,
        36,
        39,
        1,
        33,
        30
    ]
}