{
    "id": 67039,
    "category": 50,
    "location": [
        -117.52722,
        33.98806
    ],
    "keywords": [
        1,
        14,
        48,
        73,
        25,
        14,
        61
    ]
}