{
    "id": 67034,
    "category": 50,
    "location": [
        -117.51889,
        33.87806
    ],
    "keywords": [
        3,
        75
    ]
}