{
    "id": 67041,
    "category": 50,
    "location": [
        -117.53167,
        33.94861
    ],
    "keywords": [
        42,
        47,
        21,
        0,
        34,
        14,
        50,
        71,
        49,
        54,
        73,
        35,
        42
    ]
}