{
    "id": 67046,
    "category": 50,
    "location": [
        -117.54583,
        34.13194
    ],
    "keywords": [
        50,
        2
    ]
}