{
    "id": 67061,
    "category": 50,
    "location": [
        -117.56528,
        34.11833
    ],
    "keywords": [
        38,
        31
    ]
}