{
    "id": 67070,
    "category": 50,
    "location": [
        -117.57306,
        34.41278
    ],
    "keywords": [
        70,
        21,
        59,
        63,
        26,
        7,
        51,
        3,
        48,
        67,
        24,
        25,
        70,
        57,
        16
    ]
}