{
    "id": 67098,
    "category": 50,
    "location": [
        -117.59833,
        33.40111
    ],
    "keywords": [
        13,
        3,
        10,
        46,
        59,
        6,
        5,
        34,
        32,
        23,
        70
    ]
}