{
    "id": 67096,
    "category": 50,
    "location": [
        -117.59306,
        34.13306
    ],
    "keywords": [
        31,
        30,
        41,
        55,
        74
    ]
}