{
    "id": 67108,
    "category": 50,
    "location": [
        -117.61361,
        34.07889
    ],
    "keywords": [
        7,
        5,
        40,
        68,
        66,
        38,
        47,
        32,
        47,
        17,
        38
    ]
}