{
    "id": 67103,
    "category": 50,
    "location": [
        -117.60417,
        33.85889
    ],
    "keywords": [
        53,
        57
    ]
}