{
    "id": 67143,
    "category": 50,
    "location": [
        -117.64417,
        34.10278
    ],
    "keywords": []
}