{
    "id": 67148,
    "category": 50,
    "location": [
        -117.64667,
        34.11528
    ],
    "keywords": [
        68,
        44,
        46,
        23,
        60,
        56,
        66,
        35,
        35,
        2,
        44,
        51,
        67,
        4
    ]
}