{
    "id": 67152,
    "category": 50,
    "location": [
        -117.65056,
        34.05194
    ],
    "keywords": [
        28,
        34,
        11,
        62,
        56,
        2
    ]
}