{
    "id": 67193,
    "category": 50,
    "location": [
        -117.66694,
        33.61306
    ],
    "keywords": [
        51,
        13,
        27,
        13,
        12,
        10,
        5,
        74,
        36
    ]
}