{
    "id": 67197,
    "category": 50,
    "location": [
        -117.66833,
        33.60472
    ],
    "keywords": [
        13,
        49,
        44,
        45,
        34,
        13
    ]
}