{
    "id": 67216,
    "category": 50,
    "location": [
        -117.67944,
        33.48806
    ],
    "keywords": [
        36,
        42,
        2,
        51,
        62,
        75,
        2,
        51,
        58,
        43,
        27,
        41,
        17
    ]
}