{
    "id": 67223,
    "category": 50,
    "location": [
        -117.68306,
        34.07667
    ],
    "keywords": [
        46,
        50,
        60,
        72,
        73,
        23,
        24,
        45,
        73,
        66,
        66,
        40,
        5
    ]
}