{
    "id": 67226,
    "category": 50,
    "location": [
        -117.68528,
        33.54194
    ],
    "keywords": [
        45,
        14,
        48,
        25,
        44,
        53,
        31,
        24,
        29,
        64,
        66,
        19,
        9,
        27
    ]
}