{
    "id": 67227,
    "category": 50,
    "location": [
        -117.68667,
        34.07028
    ],
    "keywords": [
        69,
        71,
        29,
        33,
        54,
        55,
        55,
        42,
        41,
        68,
        63,
        13,
        67,
        63
    ]
}