{
    "id": 67235,
    "category": 50,
    "location": [
        -117.69278,
        33.63278
    ],
    "keywords": [
        52,
        36,
        15,
        42,
        18,
        1
    ]
}