{
    "id": 6726,
    "category": 11,
    "location": [
        -122.40028,
        37.78944
    ],
    "keywords": [
        1,
        33,
        66,
        26,
        59
    ]
}