{
    "id": 67266,
    "category": 50,
    "location": [
        -117.71306,
        34.10278
    ],
    "keywords": [
        72,
        61,
        74,
        0,
        32
    ]
}