{
    "id": 67267,
    "category": 50,
    "location": [
        -117.71361,
        34.02694
    ],
    "keywords": [
        63,
        38,
        33,
        12,
        70,
        28,
        42,
        41,
        75,
        45,
        0
    ]
}