{
    "id": 67286,
    "category": 50,
    "location": [
        -117.72944,
        34.07056
    ],
    "keywords": [
        44,
        22,
        59,
        51,
        52,
        25,
        5,
        12,
        9
    ]
}