{
    "id": 67280,
    "category": 50,
    "location": [
        -117.72167,
        34.08611
    ],
    "keywords": [
        34,
        69,
        58,
        6,
        43
    ]
}