{
    "id": 67293,
    "category": 50,
    "location": [
        -117.73611,
        34.05222
    ],
    "keywords": [
        19,
        24,
        50,
        25,
        60,
        65
    ]
}