{
    "id": 67304,
    "category": 50,
    "location": [
        -117.74444,
        34.09944
    ],
    "keywords": [
        64,
        65,
        62,
        55,
        38,
        63,
        33,
        33,
        25,
        32,
        2,
        7,
        54
    ]
}