{
    "id": 67311,
    "category": 50,
    "location": [
        -117.75139,
        33.54639
    ],
    "keywords": [
        73,
        54,
        60,
        14,
        23,
        60,
        47,
        37
    ]
}