{
    "id": 67325,
    "category": 50,
    "location": [
        -117.76111,
        34.06528
    ],
    "keywords": [
        10,
        16,
        46,
        47,
        22,
        53,
        3,
        26
    ]
}