{
    "id": 67321,
    "category": 50,
    "location": [
        -117.75806,
        34.04583
    ],
    "keywords": [
        55,
        69,
        6,
        6,
        59,
        26,
        31,
        64,
        37,
        72,
        74,
        8,
        44
    ]
}