{
    "id": 67341,
    "category": 50,
    "location": [
        -117.77583,
        33.54139
    ],
    "keywords": [
        71,
        42,
        30,
        71,
        43,
        39,
        8,
        20,
        17,
        6,
        65,
        11,
        56
    ]
}