{
    "id": 67358,
    "category": 50,
    "location": [
        -117.78806,
        33.88361
    ],
    "keywords": [
        29,
        37,
        65,
        34,
        22,
        66,
        53,
        46,
        12,
        27,
        49,
        11,
        24,
        64
    ]
}