{
    "id": 67352,
    "category": 50,
    "location": [
        -117.78667,
        33.89778
    ],
    "keywords": [
        34,
        72,
        46,
        5,
        60,
        71,
        3,
        55,
        16,
        20,
        57,
        22,
        55,
        74,
        75
    ]
}