{
    "id": 67350,
    "category": 50,
    "location": [
        -117.78528,
        34.11083
    ],
    "keywords": [
        18,
        28,
        69
    ]
}