{
    "id": 6736,
    "category": 11,
    "location": [
        -122.40306,
        37.71222
    ],
    "keywords": [
        49,
        44,
        30,
        62,
        19,
        22
    ]
}