{
    "id": 67369,
    "category": 50,
    "location": [
        -117.79361,
        33.74333
    ],
    "keywords": [
        57,
        37,
        14,
        48,
        63,
        59,
        24,
        12,
        63
    ]
}