{
    "id": 67370,
    "category": 50,
    "location": [
        -117.79472,
        33.80889
    ],
    "keywords": [
        28,
        71,
        41,
        73,
        6,
        4,
        43,
        52,
        5,
        45,
        31,
        70,
        7
    ]
}