{
    "id": 67386,
    "category": 50,
    "location": [
        -117.80528,
        33.66056
    ],
    "keywords": [
        14,
        14,
        36
    ]
}