{
    "id": 67390,
    "category": 50,
    "location": [
        -117.80667,
        33.77917
    ],
    "keywords": [
        12
    ]
}