{
    "id": 67397,
    "category": 50,
    "location": [
        -117.80806,
        33.79278
    ],
    "keywords": [
        21,
        65,
        63,
        36,
        60,
        57,
        39,
        8
    ]
}