{
    "id": 67393,
    "category": 50,
    "location": [
        -117.80694,
        33.66306
    ],
    "keywords": [
        18
    ]
}