{
    "id": 67444,
    "category": 50,
    "location": [
        -117.82667,
        33.80139
    ],
    "keywords": [
        9,
        25,
        58,
        8,
        69,
        64,
        26
    ]
}