{
    "id": 67458,
    "category": 50,
    "location": [
        -117.83667,
        33.86889
    ],
    "keywords": [
        38,
        2,
        73,
        40
    ]
}