{
    "id": 67474,
    "category": 50,
    "location": [
        -117.84278,
        33.80333
    ],
    "keywords": [
        23,
        66,
        44,
        67,
        2,
        70,
        38,
        52
    ]
}