{
    "id": 67483,
    "category": 50,
    "location": [
        -117.84611,
        34.11139
    ],
    "keywords": [
        45,
        42,
        31,
        70,
        63,
        47,
        17,
        55,
        33,
        68,
        1
    ]
}