{
    "id": 67484,
    "category": 50,
    "location": [
        -117.84611,
        34.13694
    ],
    "keywords": [
        51,
        55,
        47,
        31
    ]
}