{
    "id": 675,
    "category": 0,
    "location": [
        -120.92222,
        38.81722
    ],
    "keywords": [
        72,
        44,
        25,
        59,
        39,
        29,
        49,
        25,
        46,
        7,
        7
    ]
}