{
    "id": 67519,
    "category": 50,
    "location": [
        -117.85722,
        33.72944
    ],
    "keywords": [
        48,
        30,
        68,
        13,
        59,
        6,
        1,
        36
    ]
}