{
    "id": 67510,
    "category": 50,
    "location": [
        -117.85417,
        33.79722
    ],
    "keywords": [
        18,
        17,
        31,
        44,
        30,
        56,
        15,
        48,
        53,
        28,
        29,
        45,
        66,
        17
    ]
}