{
    "id": 67559,
    "category": 50,
    "location": [
        -117.86861,
        33.73556
    ],
    "keywords": [
        11,
        55,
        39,
        53,
        42,
        68,
        40,
        18,
        35,
        24,
        10,
        64,
        33
    ]
}