{
    "id": 67571,
    "category": 50,
    "location": [
        -117.87306,
        33.87972
    ],
    "keywords": []
}