{
    "id": 67617,
    "category": 50,
    "location": [
        -117.88528,
        34.12528
    ],
    "keywords": []
}