{
    "id": 67612,
    "category": 50,
    "location": [
        -117.88417,
        33.87722
    ],
    "keywords": [
        48,
        39,
        50,
        30,
        24,
        59,
        32,
        13,
        33,
        52,
        58,
        12,
        47,
        5,
        57
    ]
}