{
    "id": 67613,
    "category": 50,
    "location": [
        -117.88444,
        34.09833
    ],
    "keywords": [
        61,
        36,
        35,
        73
    ]
}