{
    "id": 67620,
    "category": 50,
    "location": [
        -117.88611,
        33.72361
    ],
    "keywords": [
        74,
        30,
        3,
        16,
        61,
        41,
        57
    ]
}