{
    "id": 67628,
    "category": 50,
    "location": [
        -117.88778,
        33.71167
    ],
    "keywords": []
}