{
    "id": 67647,
    "category": 50,
    "location": [
        -117.89389,
        33.92583
    ],
    "keywords": [
        37,
        3,
        65,
        51,
        29
    ]
}