{
    "id": 67648,
    "category": 50,
    "location": [
        -117.89417,
        33.71111
    ],
    "keywords": [
        42,
        4
    ]
}