{
    "id": 6764,
    "category": 11,
    "location": [
        -122.41306,
        37.70583
    ],
    "keywords": [
        47,
        49,
        1,
        49,
        69,
        67
    ]
}