{
    "id": 67658,
    "category": 50,
    "location": [
        -117.89583,
        33.77056
    ],
    "keywords": []
}