{
    "id": 67652,
    "category": 50,
    "location": [
        -117.89528,
        33.71806
    ],
    "keywords": [
        24
    ]
}