{
    "id": 67667,
    "category": 50,
    "location": [
        -117.89694,
        34.06667
    ],
    "keywords": [
        66,
        0,
        61,
        39,
        1,
        31,
        19,
        24,
        44,
        51,
        20,
        12,
        20
    ]
}