{
    "id": 67678,
    "category": 50,
    "location": [
        -117.89889,
        33.67944
    ],
    "keywords": [
        14,
        33,
        37,
        0,
        26,
        64,
        57,
        48
    ]
}