{
    "id": 6767,
    "category": 11,
    "location": [
        -122.41389,
        37.77472
    ],
    "keywords": [
        42,
        67,
        21,
        9,
        2,
        67,
        32
    ]
}