{
    "id": 67699,
    "category": 50,
    "location": [
        -117.90278,
        33.83917
    ],
    "keywords": [
        37,
        27,
        46,
        1,
        29,
        9,
        68,
        40,
        62,
        39
    ]
}