{
    "id": 67704,
    "category": 50,
    "location": [
        -117.90444,
        33.74944
    ],
    "keywords": [
        10,
        47,
        59,
        61,
        33,
        31,
        5
    ]
}