{
    "id": 67716,
    "category": 50,
    "location": [
        -117.90722,
        33.73306
    ],
    "keywords": [
        17,
        43,
        41,
        28,
        11,
        71,
        12,
        11,
        15,
        37,
        35,
        32
    ]
}