{
    "id": 67724,
    "category": 50,
    "location": [
        -117.90861,
        33.72278
    ],
    "keywords": [
        25,
        60,
        68,
        32,
        18,
        3,
        47,
        28,
        6,
        73
    ]
}