{
    "id": 67778,
    "category": 50,
    "location": [
        -117.92306,
        34.03194
    ],
    "keywords": []
}