{
    "id": 67779,
    "category": 50,
    "location": [
        -117.92361,
        33.78583
    ],
    "keywords": [
        27,
        45,
        39,
        32,
        75,
        75,
        19,
        31,
        68,
        50,
        44,
        55
    ]
}