{
    "id": 67793,
    "category": 50,
    "location": [
        -117.92583,
        33.73333
    ],
    "keywords": [
        32,
        36
    ]
}