{
    "id": 6780,
    "category": 11,
    "location": [
        -122.41806,
        37.78389
    ],
    "keywords": [
        66,
        1,
        59,
        42,
        30,
        40,
        3,
        63,
        31,
        42,
        33,
        2
    ]
}