{
    "id": 67808,
    "category": 50,
    "location": [
        -117.92917,
        33.74111
    ],
    "keywords": []
}