{
    "id": 67837,
    "category": 50,
    "location": [
        -117.93583,
        34.02917
    ],
    "keywords": [
        56,
        27,
        45,
        40,
        68,
        57,
        11,
        19,
        61,
        44
    ]
}