{
    "id": 67840,
    "category": 50,
    "location": [
        -117.93722,
        33.78528
    ],
    "keywords": [
        7,
        19,
        17,
        31,
        72,
        73,
        9,
        58,
        26
    ]
}