{
    "id": 67859,
    "category": 50,
    "location": [
        -117.94194,
        34.04861
    ],
    "keywords": [
        50,
        37,
        20,
        65
    ]
}