{
    "id": 67871,
    "category": 50,
    "location": [
        -117.94444,
        33.79472
    ],
    "keywords": [
        5,
        40,
        10,
        68,
        48,
        17,
        5,
        53,
        35,
        42,
        10,
        39,
        60,
        33,
        3
    ]
}