{
    "id": 67889,
    "category": 50,
    "location": [
        -117.94833,
        33.68056
    ],
    "keywords": [
        41,
        28,
        37,
        22,
        71,
        41,
        25,
        59,
        68,
        46,
        31,
        61
    ]
}