{
    "id": 67907,
    "category": 50,
    "location": [
        -117.95167,
        33.81722
    ],
    "keywords": [
        2,
        29,
        62,
        46
    ]
}