{
    "id": 67908,
    "category": 50,
    "location": [
        -117.95167,
        34.13667
    ],
    "keywords": [
        72,
        35,
        17,
        41,
        69,
        42,
        63,
        72,
        46,
        73,
        54
    ]
}