{
    "id": 6792,
    "category": 11,
    "location": [
        -122.42278,
        37.80639
    ],
    "keywords": [
        61,
        19,
        53
    ]
}