{
    "id": 6793,
    "category": 11,
    "location": [
        -122.42472,
        37.80722
    ],
    "keywords": [
        73
    ]
}