{
    "id": 67949,
    "category": 50,
    "location": [
        -117.96028,
        33.78528
    ],
    "keywords": [
        69,
        37,
        33,
        1,
        11,
        50,
        53,
        44,
        15
    ]
}