{
    "id": 67950,
    "category": 50,
    "location": [
        -117.96028,
        33.84083
    ],
    "keywords": [
        25,
        26,
        21,
        30,
        18,
        31,
        6
    ]
}