{
    "id": 67975,
    "category": 50,
    "location": [
        -117.96472,
        33.93333
    ],
    "keywords": [
        56,
        38,
        0
    ]
}