{
    "id": 67996,
    "category": 50,
    "location": [
        -117.96889,
        33.86694
    ],
    "keywords": [
        5,
        14,
        42,
        25,
        71,
        59,
        61,
        68
    ]
}