{
    "id": 68002,
    "category": 50,
    "location": [
        -117.97028,
        34.04444
    ],
    "keywords": []
}