{
    "id": 68003,
    "category": 50,
    "location": [
        -117.97028,
        34.13694
    ],
    "keywords": [
        36,
        57,
        65,
        21,
        34,
        38,
        16,
        67,
        67
    ]
}