{
    "id": 68044,
    "category": 50,
    "location": [
        -117.97694,
        33.98306
    ],
    "keywords": [
        24,
        25,
        74,
        38,
        8,
        54,
        54
    ]
}