{
    "id": 68040,
    "category": 50,
    "location": [
        -117.97667,
        33.82528
    ],
    "keywords": [
        26,
        24,
        49,
        45
    ]
}