{
    "id": 68047,
    "category": 50,
    "location": [
        -117.97778,
        34.01333
    ],
    "keywords": [
        31,
        41,
        14,
        2
    ]
}