{
    "id": 68053,
    "category": 50,
    "location": [
        -117.97944,
        34.04444
    ],
    "keywords": [
        10
    ]
}