{
    "id": 68055,
    "category": 50,
    "location": [
        -117.98111,
        33.70889
    ],
    "keywords": [
        66,
        0,
        73,
        49,
        69,
        39,
        3,
        44,
        8,
        53,
        15
    ]
}