{
    "id": 68060,
    "category": 50,
    "location": [
        -117.98139,
        33.92361
    ],
    "keywords": [
        52,
        42,
        0,
        74,
        23,
        16,
        37,
        5,
        45
    ]
}