{
    "id": 68067,
    "category": 50,
    "location": [
        -117.98333,
        34.14639
    ],
    "keywords": [
        0,
        6
    ]
}