{
    "id": 68072,
    "category": 50,
    "location": [
        -117.98417,
        33.81139
    ],
    "keywords": [
        55,
        70,
        7,
        39,
        41,
        56,
        13,
        69,
        60
    ]
}