{
    "id": 68079,
    "category": 50,
    "location": [
        -117.98611,
        33.78056
    ],
    "keywords": [
        67,
        9,
        47,
        12,
        13,
        48,
        50,
        12,
        67,
        62,
        30,
        72,
        22,
        45,
        14
    ]
}