{
    "id": 68089,
    "category": 50,
    "location": [
        -117.98833,
        33.91556
    ],
    "keywords": [
        59,
        36,
        47,
        74,
        31,
        70,
        5,
        9,
        71
    ]
}