{
    "id": 68106,
    "category": 50,
    "location": [
        -117.99306,
        33.72528
    ],
    "keywords": [
        8,
        27,
        42,
        5,
        57,
        17,
        74,
        54
    ]
}