{
    "id": 68103,
    "category": 50,
    "location": [
        -117.99222,
        34.14972
    ],
    "keywords": [
        0,
        27
    ]
}