{
    "id": 68104,
    "category": 50,
    "location": [
        -117.99278,
        33.87083
    ],
    "keywords": [
        44,
        11,
        55
    ]
}