{
    "id": 68115,
    "category": 50,
    "location": [
        -117.99556,
        33.78778
    ],
    "keywords": [
        38
    ]
}