{
    "id": 68114,
    "category": 50,
    "location": [
        -117.99528,
        33.91361
    ],
    "keywords": [
        9,
        23
    ]
}