{
    "id": 68121,
    "category": 50,
    "location": [
        -117.99722,
        33.91917
    ],
    "keywords": [
        65,
        55,
        34,
        51,
        47,
        17
    ]
}