{
    "id": 68123,
    "category": 50,
    "location": [
        -117.99861,
        33.86028
    ],
    "keywords": [
        1,
        52,
        42,
        26,
        40,
        44,
        72,
        42,
        53,
        20
    ]
}