{
    "id": 68140,
    "category": 50,
    "location": [
        -118.00306,
        33.67056
    ],
    "keywords": [
        38,
        38,
        10,
        75,
        22,
        55
    ]
}