{
    "id": 68163,
    "category": 50,
    "location": [
        -118.00778,
        34.09278
    ],
    "keywords": [
        70,
        57,
        20,
        50,
        42,
        10,
        17,
        21,
        30,
        40
    ]
}