{
    "id": 68172,
    "category": 50,
    "location": [
        -118.01056,
        33.92306
    ],
    "keywords": [
        38,
        73,
        46,
        38,
        69,
        74,
        45,
        48
    ]
}