{
    "id": 68180,
    "category": 50,
    "location": [
        -118.01278,
        33.78194
    ],
    "keywords": [
        0,
        32,
        13,
        26,
        12,
        32,
        64,
        17
    ]
}