{
    "id": 68190,
    "category": 50,
    "location": [
        -118.01611,
        34.12417
    ],
    "keywords": [
        69,
        30,
        70,
        39,
        37,
        12,
        1,
        64,
        13,
        22,
        8,
        34,
        40
    ]
}