{
    "id": 68250,
    "category": 50,
    "location": [
        -118.02861,
        34.08083
    ],
    "keywords": [
        23,
        51,
        27,
        9
    ]
}