{
    "id": 68261,
    "category": 50,
    "location": [
        -118.03194,
        33.96778
    ],
    "keywords": [
        0,
        11
    ]
}