{
    "id": 6827,
    "category": 11,
    "location": [
        -122.44333,
        37.78444
    ],
    "keywords": [
        7,
        13,
        19,
        65,
        14,
        27,
        40,
        38,
        61
    ]
}