{
    "id": 68282,
    "category": 50,
    "location": [
        -118.03722,
        33.93778
    ],
    "keywords": [
        66,
        7,
        68,
        68,
        26,
        60,
        51
    ]
}