{
    "id": 68289,
    "category": 50,
    "location": [
        -118.03972,
        34.04611
    ],
    "keywords": [
        5,
        46,
        52,
        43,
        59,
        31,
        36,
        56,
        28,
        60
    ]
}