{
    "id": 68303,
    "category": 50,
    "location": [
        -118.04194,
        34.09111
    ],
    "keywords": [
        43,
        16,
        19,
        61,
        26,
        10,
        44,
        33,
        55,
        41,
        25,
        32,
        61,
        43,
        11
    ]
}