{
    "id": 68315,
    "category": 50,
    "location": [
        -118.04389,
        34.12667
    ],
    "keywords": [
        57,
        39,
        55,
        12,
        47,
        61,
        17,
        35,
        26
    ]
}