{
    "id": 68326,
    "category": 50,
    "location": [
        -118.04944,
        33.89806
    ],
    "keywords": [
        73,
        5,
        18,
        33,
        19,
        29,
        50,
        47,
        24,
        41,
        68,
        61,
        20,
        0
    ]
}