{
    "id": 6833,
    "category": 11,
    "location": [
        -122.44833,
        37.80278
    ],
    "keywords": []
}