{
    "id": 68370,
    "category": 50,
    "location": [
        -118.06306,
        34.11778
    ],
    "keywords": [
        52,
        26,
        60,
        32,
        1,
        71,
        44,
        49,
        16,
        37,
        40,
        43,
        73
    ]
}