{
    "id": 68393,
    "category": 50,
    "location": [
        -118.06861,
        33.98361
    ],
    "keywords": [
        33,
        67,
        36,
        10,
        11,
        25,
        12,
        54,
        73,
        11,
        34,
        60
    ]
}