{
    "id": 68418,
    "category": 50,
    "location": [
        -118.07472,
        33.97111
    ],
    "keywords": [
        55,
        62,
        28,
        56,
        32,
        71
    ]
}