{
    "id": 68428,
    "category": 50,
    "location": [
        -118.07639,
        33.88361
    ],
    "keywords": []
}