{
    "id": 68449,
    "category": 50,
    "location": [
        -118.08111,
        33.93028
    ],
    "keywords": [
        45,
        12,
        50,
        71,
        60,
        10,
        72
    ]
}