{
    "id": 68446,
    "category": 50,
    "location": [
        -118.08083,
        33.78389
    ],
    "keywords": [
        41,
        32,
        75,
        50,
        40,
        8,
        67,
        35,
        42,
        23
    ]
}