{
    "id": 68458,
    "category": 50,
    "location": [
        -118.08222,
        34.06556
    ],
    "keywords": [
        16,
        68,
        35,
        29,
        61,
        6
    ]
}