{
    "id": 68468,
    "category": 50,
    "location": [
        -118.08361,
        33.92944
    ],
    "keywords": [
        23,
        67,
        72,
        18,
        68,
        19,
        55,
        50
    ]
}