{
    "id": 68491,
    "category": 50,
    "location": [
        -118.08806,
        33.85556
    ],
    "keywords": [
        40,
        5
    ]
}