{
    "id": 68502,
    "category": 50,
    "location": [
        -118.09167,
        34.10389
    ],
    "keywords": [
        10,
        30,
        54,
        46,
        2,
        11,
        19
    ]
}