{
    "id": 68518,
    "category": 50,
    "location": [
        -118.09444,
        33.97556
    ],
    "keywords": [
        74,
        57,
        44,
        22,
        7,
        38,
        64,
        40,
        25,
        7,
        24,
        38,
        46,
        7
    ]
}