{
    "id": 6852,
    "category": 11,
    "location": [
        -122.45444,
        38.29333
    ],
    "keywords": [
        16,
        46,
        72,
        43,
        68,
        70,
        8
    ]
}