{
    "id": 68535,
    "category": 50,
    "location": [
        -118.09861,
        33.92778
    ],
    "keywords": [
        12,
        62,
        26,
        0,
        71,
        46,
        6,
        65,
        31
    ]
}