{
    "id": 68534,
    "category": 50,
    "location": [
        -118.09806,
        34.15889
    ],
    "keywords": [
        72,
        72,
        37,
        26,
        30,
        60,
        46,
        14,
        69,
        48,
        72,
        0,
        19
    ]
}