{
    "id": 68546,
    "category": 50,
    "location": [
        -118.10194,
        33.91944
    ],
    "keywords": [
        29,
        29,
        24,
        31,
        7,
        27,
        5,
        41,
        3,
        3,
        59,
        51
    ]
}