{
    "id": 68561,
    "category": 50,
    "location": [
        -118.10583,
        34.09861
    ],
    "keywords": [
        27,
        65,
        0,
        42,
        60,
        40,
        18,
        18,
        16,
        30
    ]
}