{
    "id": 68569,
    "category": 50,
    "location": [
        -118.10861,
        33.78139
    ],
    "keywords": [
        9,
        50,
        44
    ]
}