{
    "id": 68578,
    "category": 50,
    "location": [
        -118.11056,
        34.18111
    ],
    "keywords": [
        11,
        50,
        72,
        7
    ]
}