{
    "id": 68579,
    "category": 50,
    "location": [
        -118.11056,
        34.19194
    ],
    "keywords": [
        38,
        38,
        56,
        7,
        66,
        60,
        51,
        68,
        40,
        23,
        6,
        4
    ]
}