{
    "id": 68589,
    "category": 50,
    "location": [
        -118.11306,
        34.01556
    ],
    "keywords": [
        1,
        50,
        25,
        59
    ]
}