{
    "id": 68581,
    "category": 50,
    "location": [
        -118.11111,
        33.94278
    ],
    "keywords": [
        69,
        34,
        3,
        16,
        44,
        29,
        67,
        15,
        46,
        75,
        45,
        19,
        10,
        68
    ]
}