{
    "id": 68590,
    "category": 50,
    "location": [
        -118.11306,
        34.11722
    ],
    "keywords": [
        38,
        45,
        60,
        75,
        40,
        68,
        57,
        16,
        62,
        2,
        10
    ]
}