{
    "id": 68625,
    "category": 50,
    "location": [
        -118.12139,
        33.83889
    ],
    "keywords": [
        69,
        68,
        6,
        71
    ]
}