{
    "id": 68636,
    "category": 50,
    "location": [
        -118.12389,
        33.81806
    ],
    "keywords": [
        45,
        30,
        66,
        14,
        8,
        23,
        47,
        28,
        3,
        62,
        65,
        58
    ]
}