{
    "id": 68638,
    "category": 50,
    "location": [
        -118.12444,
        34.70167
    ],
    "keywords": [
        30,
        68,
        31,
        74,
        21,
        23,
        6,
        31,
        62,
        75,
        46,
        48
    ]
}