{
    "id": 68639,
    "category": 50,
    "location": [
        -118.12472,
        34.06194
    ],
    "keywords": [
        47,
        54,
        65,
        12,
        22,
        53
    ]
}