{
    "id": 68641,
    "category": 50,
    "location": [
        -118.12611,
        33.89444
    ],
    "keywords": [
        64
    ]
}