{
    "id": 68658,
    "category": 50,
    "location": [
        -118.12806,
        34.11167
    ],
    "keywords": []
}