{
    "id": 6865,
    "category": 11,
    "location": [
        -122.45639,
        37.74917
    ],
    "keywords": [
        40,
        28,
        31
    ]
}