{
    "id": 68676,
    "category": 50,
    "location": [
        -118.13194,
        34.10139
    ],
    "keywords": [
        55,
        28,
        74,
        28,
        22,
        17,
        23
    ]
}