{
    "id": 68689,
    "category": 50,
    "location": [
        -118.13472,
        33.89222
    ],
    "keywords": [
        10,
        31,
        61,
        54,
        37,
        22,
        71,
        64,
        71,
        20,
        52,
        26,
        48,
        65
    ]
}