{
    "id": 68685,
    "category": 50,
    "location": [
        -118.13417,
        33.84028
    ],
    "keywords": [
        40,
        68,
        75,
        74,
        74,
        33,
        58,
        61,
        42,
        33,
        74,
        52
    ]
}