{
    "id": 68709,
    "category": 50,
    "location": [
        -118.13944,
        34.14806
    ],
    "keywords": [
        55
    ]
}