{
    "id": 68717,
    "category": 50,
    "location": [
        -118.14056,
        34.70083
    ],
    "keywords": []
}