{
    "id": 68736,
    "category": 50,
    "location": [
        -118.14556,
        34.12639
    ],
    "keywords": [
        19,
        53,
        42,
        16,
        0,
        38,
        70,
        73,
        26,
        45,
        1
    ]
}