{
    "id": 68730,
    "category": 50,
    "location": [
        -118.14389,
        34.12056
    ],
    "keywords": [
        32,
        43,
        69,
        18,
        22,
        6,
        28,
        57,
        2,
        42,
        17,
        49,
        55
    ]
}