{
    "id": 68745,
    "category": 50,
    "location": [
        -118.14778,
        34.19778
    ],
    "keywords": [
        17,
        1
    ]
}