{
    "id": 68743,
    "category": 50,
    "location": [
        -118.14778,
        33.84972
    ],
    "keywords": [
        26,
        26,
        24,
        13
    ]
}