{
    "id": 68744,
    "category": 50,
    "location": [
        -118.14778,
        33.92722
    ],
    "keywords": [
        34,
        8,
        67,
        62,
        58,
        24,
        19,
        1
    ]
}