{
    "id": 68758,
    "category": 50,
    "location": [
        -118.15083,
        34.13944
    ],
    "keywords": [
        11,
        1,
        58,
        74,
        59,
        52,
        46,
        73
    ]
}