{
    "id": 68750,
    "category": 50,
    "location": [
        -118.14833,
        34.10833
    ],
    "keywords": [
        25,
        9,
        49,
        73,
        66,
        9,
        52
    ]
}