{
    "id": 68771,
    "category": 50,
    "location": [
        -118.15278,
        33.76694
    ],
    "keywords": [
        28,
        73,
        49,
        38,
        22,
        19,
        28,
        20,
        13
    ]
}