{
    "id": 68786,
    "category": 50,
    "location": [
        -118.15528,
        33.93889
    ],
    "keywords": []
}