{
    "id": 68805,
    "category": 50,
    "location": [
        -118.15889,
        34.03694
    ],
    "keywords": [
        48,
        13,
        19,
        5,
        31,
        51
    ]
}