{
    "id": 68821,
    "category": 50,
    "location": [
        -118.16194,
        34.01583
    ],
    "keywords": [
        72,
        74,
        25,
        32,
        52,
        31,
        23,
        18,
        72,
        37,
        19,
        34
    ]
}