{
    "id": 68837,
    "category": 50,
    "location": [
        -118.16667,
        34.00583
    ],
    "keywords": [
        73,
        69,
        57
    ]
}