{
    "id": 68830,
    "category": 50,
    "location": [
        -118.16528,
        34.19139
    ],
    "keywords": [
        33,
        24,
        44,
        56,
        20,
        14,
        49,
        16,
        40,
        27
    ]
}