{
    "id": 68834,
    "category": 50,
    "location": [
        -118.16583,
        35.05167
    ],
    "keywords": [
        22,
        15,
        46,
        29,
        36
    ]
}