{
    "id": 68845,
    "category": 50,
    "location": [
        -118.16889,
        34.86833
    ],
    "keywords": [
        75,
        7,
        29,
        47,
        15,
        48,
        33,
        27,
        3,
        29,
        64,
        27,
        35,
        52,
        52
    ]
}