{
    "id": 68846,
    "category": 50,
    "location": [
        -118.16944,
        34.02889
    ],
    "keywords": []
}