{
    "id": 68854,
    "category": 50,
    "location": [
        -118.17139,
        34.13667
    ],
    "keywords": [
        58,
        63,
        20,
        73,
        63,
        25,
        49
    ]
}