{
    "id": 68879,
    "category": 50,
    "location": [
        -118.17806,
        34.07944
    ],
    "keywords": [
        29
    ]
}