{
    "id": 68887,
    "category": 50,
    "location": [
        -118.17889,
        33.92139
    ],
    "keywords": []
}