{
    "id": 68898,
    "category": 50,
    "location": [
        -118.18111,
        33.96333
    ],
    "keywords": [
        58,
        21,
        5,
        46,
        16,
        6,
        39,
        75,
        38,
        51
    ]
}