{
    "id": 68899,
    "category": 50,
    "location": [
        -118.18139,
        33.82694
    ],
    "keywords": [
        45,
        3,
        27,
        31,
        43
    ]
}