{
    "id": 68927,
    "category": 50,
    "location": [
        -118.18611,
        33.85389
    ],
    "keywords": [
        0,
        2,
        10,
        60,
        75
    ]
}