{
    "id": 68948,
    "category": 50,
    "location": [
        -118.19111,
        33.85306
    ],
    "keywords": [
        11,
        54,
        37,
        63,
        55,
        7,
        65,
        38,
        2,
        20
    ]
}