{
    "id": 6895,
    "category": 11,
    "location": [
        -122.46889,
        37.72167
    ],
    "keywords": [
        63,
        70,
        33,
        33,
        15
    ]
}