{
    "id": 68951,
    "category": 50,
    "location": [
        -118.19194,
        34.06833
    ],
    "keywords": [
        19,
        59,
        27,
        25,
        70,
        35,
        68,
        15,
        36,
        27
    ]
}