{
    "id": 68966,
    "category": 50,
    "location": [
        -118.19556,
        34.47278
    ],
    "keywords": [
        46,
        50,
        67,
        74,
        70,
        53
    ]
}