{
    "id": 68969,
    "category": 50,
    "location": [
        -118.19583,
        34.05194
    ],
    "keywords": []
}