{
    "id": 68980,
    "category": 50,
    "location": [
        -118.19778,
        34.11556
    ],
    "keywords": [
        65,
        52,
        3,
        5,
        67,
        2,
        55,
        26,
        67,
        44,
        36,
        59,
        36,
        3,
        70
    ]
}