{
    "id": 68986,
    "category": 50,
    "location": [
        -118.19944,
        33.82778
    ],
    "keywords": [
        56
    ]
}