{
    "id": 68995,
    "category": 50,
    "location": [
        -118.20083,
        34.46722
    ],
    "keywords": [
        60,
        21,
        53,
        5,
        46
    ]
}