{
    "id": 69036,
    "category": 50,
    "location": [
        -118.21028,
        33.94639
    ],
    "keywords": [
        21,
        14,
        32,
        26,
        11,
        6,
        17,
        29,
        60,
        26,
        45,
        35,
        3,
        19,
        14
    ]
}