{
    "id": 69042,
    "category": 50,
    "location": [
        -118.21194,
        34.13639
    ],
    "keywords": []
}