{
    "id": 69059,
    "category": 50,
    "location": [
        -118.21556,
        33.83583
    ],
    "keywords": []
}