{
    "id": 69066,
    "category": 50,
    "location": [
        -118.21611,
        33.92528
    ],
    "keywords": [
        46,
        66,
        37
    ]
}