{
    "id": 69065,
    "category": 50,
    "location": [
        -118.21583,
        34.05306
    ],
    "keywords": [
        49,
        37
    ]
}