{
    "id": 6906,
    "category": 11,
    "location": [
        -122.47833,
        37.90361
    ],
    "keywords": [
        74,
        47,
        31,
        47
    ]
}