{
    "id": 69071,
    "category": 50,
    "location": [
        -118.21667,
        33.98056
    ],
    "keywords": [
        2,
        22,
        27,
        24,
        45,
        31,
        49,
        24,
        26,
        28
    ]
}