{
    "id": 69087,
    "category": 50,
    "location": [
        -118.21944,
        34.06944
    ],
    "keywords": [
        11,
        43,
        46,
        22,
        28,
        59
    ]
}