{
    "id": 69091,
    "category": 50,
    "location": [
        -118.22083,
        33.98667
    ],
    "keywords": [
        75,
        13,
        29,
        73,
        57,
        66
    ]
}