{
    "id": 69090,
    "category": 50,
    "location": [
        -118.22056,
        34.15167
    ],
    "keywords": [
        56,
        35,
        65,
        35,
        3,
        62,
        15,
        48,
        28,
        6,
        30,
        16
    ]
}