{
    "id": 69101,
    "category": 50,
    "location": [
        -118.22528,
        34.15639
    ],
    "keywords": [
        37,
        16,
        48,
        33,
        9,
        28,
        51,
        47,
        60,
        31,
        30,
        17,
        70,
        47,
        24
    ]
}