{
    "id": 69104,
    "category": 50,
    "location": [
        -118.22611,
        33.89167
    ],
    "keywords": [
        8,
        28,
        52,
        17,
        53,
        22,
        5,
        53
    ]
}