{
    "id": 69108,
    "category": 50,
    "location": [
        -118.22722,
        33.90361
    ],
    "keywords": [
        1,
        35,
        60,
        65,
        4,
        59,
        40,
        33,
        50,
        15,
        51,
        54,
        33
    ]
}