{
    "id": 69117,
    "category": 50,
    "location": [
        -118.22972,
        34.06444
    ],
    "keywords": [
        25,
        71,
        19,
        23,
        43,
        30,
        0,
        69,
        48,
        22
    ]
}