{
    "id": 69113,
    "category": 50,
    "location": [
        -118.22778,
        34.22472
    ],
    "keywords": [
        1,
        71,
        75,
        10,
        57,
        59,
        29
    ]
}