{
    "id": 69128,
    "category": 50,
    "location": [
        -118.23333,
        33.89111
    ],
    "keywords": [
        20,
        18,
        14,
        30,
        66
    ]
}