{
    "id": 69120,
    "category": 50,
    "location": [
        -118.23028,
        34.00361
    ],
    "keywords": [
        43,
        34,
        23,
        73,
        19
    ]
}