{
    "id": 69148,
    "category": 50,
    "location": [
        -118.23806,
        33.97417
    ],
    "keywords": [
        19,
        10,
        55,
        61
    ]
}