{
    "id": 69141,
    "category": 50,
    "location": [
        -118.23694,
        33.96056
    ],
    "keywords": [
        9
    ]
}