{
    "id": 69169,
    "category": 50,
    "location": [
        -118.24444,
        33.89306
    ],
    "keywords": [
        18,
        72,
        9,
        38,
        8,
        40,
        46,
        15,
        52,
        3,
        70,
        19,
        23,
        64,
        56
    ]
}