{
    "id": 6919,
    "category": 11,
    "location": [
        -122.48778,
        37.85917
    ],
    "keywords": [
        36
    ]
}