{
    "id": 69191,
    "category": 50,
    "location": [
        -118.24861,
        34.08889
    ],
    "keywords": [
        46,
        49,
        12,
        45,
        0,
        1,
        3
    ]
}