{
    "id": 69235,
    "category": 50,
    "location": [
        -118.25694,
        34.07861
    ],
    "keywords": [
        14,
        24,
        13,
        28,
        33,
        60,
        22,
        2,
        67,
        7,
        36,
        66,
        59,
        64,
        24
    ]
}