{
    "id": 69238,
    "category": 50,
    "location": [
        -118.25722,
        34.23972
    ],
    "keywords": [
        13,
        20,
        40,
        28,
        15,
        13,
        64,
        12,
        50,
        40,
        75,
        22,
        21,
        9,
        5
    ]
}