{
    "id": 69232,
    "category": 50,
    "location": [
        -118.25694,
        33.94583
    ],
    "keywords": [
        25,
        56,
        41,
        31,
        18,
        50,
        12,
        41,
        12,
        30
    ]
}