{
    "id": 69259,
    "category": 50,
    "location": [
        -118.26083,
        33.93694
    ],
    "keywords": [
        74,
        50,
        35,
        31,
        57,
        24,
        20,
        33,
        15,
        22,
        30,
        47,
        51,
        47
    ]
}