{
    "id": 69256,
    "category": 50,
    "location": [
        -118.26056,
        33.92889
    ],
    "keywords": [
        38,
        44,
        24,
        68,
        65,
        26,
        52,
        48
    ]
}