{
    "id": 69276,
    "category": 50,
    "location": [
        -118.26361,
        34.16333
    ],
    "keywords": [
        62,
        50,
        71,
        7,
        45,
        25
    ]
}