{
    "id": 69275,
    "category": 50,
    "location": [
        -118.26361,
        34.08389
    ],
    "keywords": [
        41,
        7,
        14,
        24,
        74,
        12,
        13
    ]
}