{
    "id": 69287,
    "category": 50,
    "location": [
        -118.26667,
        33.93556
    ],
    "keywords": [
        27,
        60,
        17,
        67,
        20,
        69,
        59,
        67,
        12,
        57,
        54,
        63,
        48
    ]
}