{
    "id": 69283,
    "category": 50,
    "location": [
        -118.26583,
        34.06361
    ],
    "keywords": [
        48,
        61,
        42,
        1,
        67,
        10,
        28,
        64,
        8,
        20
    ]
}