{
    "id": 693,
    "category": 0,
    "location": [
        -121.05083,
        39.23306
    ],
    "keywords": [
        26,
        73,
        7,
        70,
        33,
        2,
        19,
        45,
        11,
        75,
        41,
        28,
        25,
        19
    ]
}