{
    "id": 69315,
    "category": 50,
    "location": [
        -118.27111,
        33.92583
    ],
    "keywords": [
        46,
        16,
        49,
        12,
        69,
        21,
        26,
        41,
        38,
        24,
        1,
        11,
        65,
        62,
        9
    ]
}