{
    "id": 69394,
    "category": 50,
    "location": [
        -118.28861,
        33.90917
    ],
    "keywords": []
}