{
    "id": 69392,
    "category": 50,
    "location": [
        -118.28806,
        37.16167
    ],
    "keywords": [
        3,
        37
    ]
}