{
    "id": 69405,
    "category": 50,
    "location": [
        -118.28972,
        34.61361
    ],
    "keywords": [
        44,
        25,
        64,
        60,
        28,
        26,
        43,
        35,
        12,
        71,
        11,
        28,
        32,
        5
    ]
}