{
    "id": 69415,
    "category": 50,
    "location": [
        -118.29167,
        34.10222
    ],
    "keywords": [
        66,
        63,
        40,
        48,
        48,
        60
    ]
}