{
    "id": 6941,
    "category": 11,
    "location": [
        -122.51278,
        37.77861
    ],
    "keywords": [
        48,
        65,
        9,
        24,
        18,
        15,
        11
    ]
}