{
    "id": 6942,
    "category": 11,
    "location": [
        -122.51333,
        37.97944
    ],
    "keywords": [
        69
    ]
}