{
    "id": 69421,
    "category": 50,
    "location": [
        -118.29306,
        34.08667
    ],
    "keywords": [
        17,
        52,
        60,
        41,
        17,
        43,
        3,
        7,
        23,
        53,
        50,
        63,
        47,
        52,
        10
    ]
}