{
    "id": 69430,
    "category": 50,
    "location": [
        -118.29472,
        34.04472
    ],
    "keywords": [
        53,
        10,
        51,
        15,
        14,
        13,
        26,
        21,
        36,
        33,
        74
    ]
}