{
    "id": 69457,
    "category": 50,
    "location": [
        -118.29972,
        33.76528
    ],
    "keywords": [
        13,
        58,
        23,
        45,
        9,
        11,
        52,
        40,
        14,
        22,
        54
    ]
}