{
    "id": 6947,
    "category": 11,
    "location": [
        -122.52528,
        41.72667
    ],
    "keywords": [
        71,
        62,
        24,
        50,
        29,
        54
    ]
}