{
    "id": 69485,
    "category": 50,
    "location": [
        -118.30639,
        34.25528
    ],
    "keywords": [
        17,
        12,
        65,
        30,
        61,
        47,
        45,
        40,
        42,
        56,
        64,
        51,
        9,
        6
    ]
}