{
    "id": 69494,
    "category": 50,
    "location": [
        -118.30889,
        34.10722
    ],
    "keywords": [
        59,
        47,
        61,
        68,
        71,
        21,
        57,
        30,
        75
    ]
}