{
    "id": 6949,
    "category": 11,
    "location": [
        -122.52667,
        37.97389
    ],
    "keywords": [
        39,
        31,
        34,
        39,
        34,
        23,
        68,
        48,
        24,
        15,
        27,
        26,
        50,
        13,
        71
    ]
}