{
    "id": 69517,
    "category": 50,
    "location": [
        -118.31417,
        34.08944
    ],
    "keywords": [
        18,
        20,
        38,
        40,
        25,
        17,
        56,
        58
    ]
}