{
    "id": 69512,
    "category": 50,
    "location": [
        -118.31278,
        34.26278
    ],
    "keywords": [
        25,
        26
    ]
}