{
    "id": 69518,
    "category": 50,
    "location": [
        -118.31444,
        33.92806
    ],
    "keywords": [
        43,
        35,
        33
    ]
}