{
    "id": 69525,
    "category": 50,
    "location": [
        -118.31583,
        34.09444
    ],
    "keywords": [
        23,
        61,
        75,
        18,
        54,
        40,
        50
    ]
}