{
    "id": 69534,
    "category": 50,
    "location": [
        -118.31722,
        37.25806
    ],
    "keywords": [
        8,
        6,
        33,
        74,
        40,
        31,
        6,
        38,
        56,
        27,
        64
    ]
}