{
    "id": 69548,
    "category": 50,
    "location": [
        -118.31972,
        34.10611
    ],
    "keywords": [
        67,
        62,
        30,
        15,
        54,
        74,
        58,
        60,
        32,
        32,
        55
    ]
}