{
    "id": 69544,
    "category": 50,
    "location": [
        -118.31917,
        33.99306
    ],
    "keywords": [
        69,
        41,
        36,
        32,
        45,
        44,
        17,
        61,
        20,
        68,
        14,
        26,
        36,
        5
    ]
}