{
    "id": 69557,
    "category": 50,
    "location": [
        -118.32111,
        34.00611
    ],
    "keywords": [
        37,
        15,
        53,
        31
    ]
}