{
    "id": 69566,
    "category": 50,
    "location": [
        -118.32333,
        34.02583
    ],
    "keywords": [
        75,
        15,
        15,
        56,
        50,
        22,
        68
    ]
}