{
    "id": 69565,
    "category": 50,
    "location": [
        -118.32306,
        34.08083
    ],
    "keywords": [
        43,
        74,
        59,
        43,
        1,
        30,
        33,
        41,
        63
    ]
}