{
    "id": 69598,
    "category": 50,
    "location": [
        -118.33139,
        33.89889
    ],
    "keywords": [
        57,
        12
    ]
}