{
    "id": 69602,
    "category": 50,
    "location": [
        -118.33167,
        34.48778
    ],
    "keywords": [
        3,
        63,
        73,
        47,
        20,
        57,
        21,
        66,
        57
    ]
}