{
    "id": 69611,
    "category": 50,
    "location": [
        -118.33389,
        33.90972
    ],
    "keywords": [
        10
    ]
}