{
    "id": 6962,
    "category": 11,
    "location": [
        -122.53417,
        37.97639
    ],
    "keywords": [
        72,
        12,
        34,
        44,
        3,
        68,
        69,
        67
    ]
}