{
    "id": 69651,
    "category": 50,
    "location": [
        -118.34333,
        35.07278
    ],
    "keywords": [
        30,
        41,
        71,
        64,
        26,
        24,
        50,
        5,
        17,
        61
    ]
}