{
    "id": 69675,
    "category": 50,
    "location": [
        -118.34667,
        34.06056
    ],
    "keywords": [
        63,
        42,
        64,
        53,
        35,
        41,
        71,
        62,
        13,
        64,
        23,
        17,
        52,
        39,
        45
    ]
}