{
    "id": 69671,
    "category": 50,
    "location": [
        -118.34611,
        33.94139
    ],
    "keywords": [
        6,
        62,
        63,
        47,
        45,
        35,
        46,
        62,
        40,
        42,
        39,
        59
    ]
}