{
    "id": 69674,
    "category": 50,
    "location": [
        -118.34639,
        33.96889
    ],
    "keywords": [
        55,
        69,
        25,
        58,
        64,
        24,
        40,
        39,
        3,
        71,
        44
    ]
}