{
    "id": 69677,
    "category": 50,
    "location": [
        -118.34722,
        34.07639
    ],
    "keywords": [
        46,
        27,
        7,
        26,
        33,
        55,
        37,
        73,
        37,
        10,
        27
    ]
}