{
    "id": 69706,
    "category": 50,
    "location": [
        -118.35611,
        33.78667
    ],
    "keywords": [
        37
    ]
}