{
    "id": 69716,
    "category": 50,
    "location": [
        -118.35889,
        33.89972
    ],
    "keywords": [
        9,
        17,
        64,
        32,
        60,
        33
    ]
}