{
    "id": 69722,
    "category": 50,
    "location": [
        -118.36028,
        33.77667
    ],
    "keywords": []
}