{
    "id": 69754,
    "category": 50,
    "location": [
        -118.36611,
        33.95472
    ],
    "keywords": [
        48,
        29,
        14,
        27,
        26,
        66,
        0,
        2,
        13
    ]
}