{
    "id": 69766,
    "category": 50,
    "location": [
        -118.36861,
        34.21278
    ],
    "keywords": [
        50,
        47
    ]
}