{
    "id": 6976,
    "category": 11,
    "location": [
        -122.56222,
        37.97444
    ],
    "keywords": [
        25,
        47,
        54,
        51,
        41,
        47,
        5,
        38
    ]
}