{
    "id": 69761,
    "category": 50,
    "location": [
        -118.36722,
        33.77389
    ],
    "keywords": [
        57,
        73,
        23,
        24,
        68,
        10
    ]
}