{
    "id": 69778,
    "category": 50,
    "location": [
        -118.37278,
        33.90833
    ],
    "keywords": [
        3,
        48,
        55,
        50,
        14,
        31,
        43,
        26,
        43,
        65,
        39,
        54
    ]
}