{
    "id": 69788,
    "category": 50,
    "location": [
        -118.37472,
        33.85528
    ],
    "keywords": [
        44,
        64,
        27,
        38,
        18,
        33,
        10,
        11,
        2,
        47,
        7,
        18,
        54,
        64,
        24
    ]
}