{
    "id": 6978,
    "category": 11,
    "location": [
        -122.56806,
        37.97361
    ],
    "keywords": [
        68,
        31,
        65,
        37
    ]
}