{
    "id": 69804,
    "category": 50,
    "location": [
        -118.37722,
        33.82889
    ],
    "keywords": []
}