{
    "id": 6981,
    "category": 11,
    "location": [
        -122.57806,
        38.07556
    ],
    "keywords": [
        23,
        32
    ]
}