{
    "id": 69820,
    "category": 50,
    "location": [
        -118.38361,
        34.03889
    ],
    "keywords": [
        52,
        2,
        54,
        63,
        49,
        21,
        25,
        23,
        19,
        10,
        10,
        23
    ]
}