{
    "id": 69843,
    "category": 50,
    "location": [
        -118.38889,
        34.05083
    ],
    "keywords": [
        38,
        68,
        16
    ]
}