{
    "id": 69861,
    "category": 50,
    "location": [
        -118.39389,
        34.14167
    ],
    "keywords": [
        34,
        70,
        34,
        75,
        13,
        12
    ]
}