{
    "id": 69869,
    "category": 50,
    "location": [
        -118.39694,
        34.15278
    ],
    "keywords": [
        40,
        37,
        41,
        15,
        25,
        20
    ]
}