{
    "id": 69872,
    "category": 50,
    "location": [
        -118.39778,
        34.29472
    ],
    "keywords": [
        25,
        60,
        29,
        28,
        40,
        16,
        42,
        46,
        32,
        69,
        44,
        53,
        69,
        53
    ]
}