{
    "id": 69879,
    "category": 50,
    "location": [
        -118.39917,
        37.36333
    ],
    "keywords": [
        47,
        59,
        31,
        30
    ]
}