{
    "id": 69884,
    "category": 50,
    "location": [
        -118.40111,
        37.36778
    ],
    "keywords": [
        56,
        13,
        56
    ]
}