{
    "id": 69916,
    "category": 50,
    "location": [
        -118.41028,
        37.36083
    ],
    "keywords": [
        18,
        9,
        15,
        41,
        47,
        75,
        18,
        73,
        37,
        1,
        39,
        29,
        25,
        41,
        75
    ]
}