{
    "id": 69914,
    "category": 50,
    "location": [
        -118.40917,
        34.18083
    ],
    "keywords": [
        9,
        6,
        43,
        59
    ]
}