{
    "id": 6992,
    "category": 11,
    "location": [
        -122.61528,
        38.75028
    ],
    "keywords": [
        34,
        15,
        54,
        51,
        59,
        59,
        8,
        48
    ]
}