{
    "id": 69927,
    "category": 50,
    "location": [
        -118.41417,
        33.92472
    ],
    "keywords": [
        8,
        75,
        26,
        43,
        67,
        65,
        47,
        4,
        59,
        22,
        30
    ]
}