{
    "id": 69937,
    "category": 50,
    "location": [
        -118.41583,
        34.21278
    ],
    "keywords": [
        67
    ]
}