{
    "id": 69939,
    "category": 50,
    "location": [
        -118.41667,
        33.92444
    ],
    "keywords": [
        58,
        20,
        5,
        8,
        42,
        57,
        20,
        13,
        56,
        61,
        54,
        31,
        29,
        27
    ]
}