{
    "id": 69941,
    "category": 50,
    "location": [
        -118.41694,
        34.15806
    ],
    "keywords": [
        60,
        54,
        8,
        47,
        32,
        15,
        73,
        71,
        70
    ]
}