{
    "id": 6995,
    "category": 11,
    "location": [
        -122.63028,
        38.25278
    ],
    "keywords": [
        31,
        69,
        26,
        8,
        33,
        67,
        68,
        53,
        37,
        14,
        9,
        29
    ]
}