{
    "id": 69974,
    "category": 50,
    "location": [
        -118.42944,
        34.15778
    ],
    "keywords": [
        72,
        4,
        10,
        19,
        5,
        31,
        64,
        45
    ]
}