{
    "id": 70000,
    "category": 50,
    "location": [
        -118.43611,
        34.23056
    ],
    "keywords": [
        20,
        59
    ]
}