{
    "id": 70005,
    "category": 50,
    "location": [
        -118.43722,
        35.12667
    ],
    "keywords": [
        47,
        30,
        63,
        42,
        62,
        59,
        71
    ]
}