{
    "id": 70018,
    "category": 50,
    "location": [
        -118.44139,
        34.03861
    ],
    "keywords": [
        54,
        20,
        28,
        6,
        65,
        73,
        4,
        12,
        5,
        34
    ]
}