{
    "id": 70021,
    "category": 50,
    "location": [
        -118.44194,
        34.27306
    ],
    "keywords": [
        43,
        33,
        64,
        65,
        33,
        50,
        54
    ]
}