{
    "id": 70035,
    "category": 50,
    "location": [
        -118.44667,
        34.27917
    ],
    "keywords": [
        56,
        11,
        15,
        39,
        16,
        54,
        70,
        65,
        59,
        42,
        66,
        0
    ]
}