{
    "id": 7004,
    "category": 11,
    "location": [
        -122.63833,
        41.72722
    ],
    "keywords": [
        24,
        34,
        75,
        20,
        42,
        12,
        69
    ]
}