{
    "id": 70045,
    "category": 50,
    "location": [
        -118.45083,
        34.31222
    ],
    "keywords": [
        44,
        43
    ]
}