{
    "id": 70054,
    "category": 50,
    "location": [
        -118.45444,
        34.15028
    ],
    "keywords": [
        23,
        26,
        37,
        72,
        2
    ]
}