{
    "id": 70055,
    "category": 50,
    "location": [
        -118.45472,
        34.29056
    ],
    "keywords": [
        46,
        0,
        33,
        55,
        11,
        19,
        14,
        58,
        61,
        25,
        27
    ]
}