{
    "id": 70068,
    "category": 50,
    "location": [
        -118.46167,
        34.04389
    ],
    "keywords": [
        60,
        70,
        63,
        34
    ]
}