{
    "id": 70077,
    "category": 50,
    "location": [
        -118.46417,
        35.60778
    ],
    "keywords": [
        22,
        14,
        29,
        58,
        24,
        2
    ]
}