{
    "id": 70089,
    "category": 50,
    "location": [
        -118.46917,
        34.23444
    ],
    "keywords": [
        51,
        49,
        45,
        71
    ]
}