{
    "id": 70095,
    "category": 50,
    "location": [
        -118.47278,
        34.05028
    ],
    "keywords": []
}