{
    "id": 70091,
    "category": 50,
    "location": [
        -118.47028,
        34.23056
    ],
    "keywords": [
        31,
        7,
        50,
        69,
        64,
        33,
        14,
        23
    ]
}