{
    "id": 70107,
    "category": 50,
    "location": [
        -118.47583,
        34.03194
    ],
    "keywords": [
        9,
        35,
        9,
        63,
        71,
        51,
        43,
        46,
        33
    ]
}