{
    "id": 70110,
    "category": 50,
    "location": [
        -118.47667,
        34.00667
    ],
    "keywords": []
}