{
    "id": 70139,
    "category": 50,
    "location": [
        -118.48917,
        34.02917
    ],
    "keywords": [
        19,
        46,
        53,
        57,
        4,
        58,
        27,
        5
    ]
}