{
    "id": 70136,
    "category": 50,
    "location": [
        -118.48861,
        34.27444
    ],
    "keywords": [
        49,
        67,
        20,
        58,
        62,
        26,
        39,
        47,
        21,
        27,
        18,
        65,
        17
    ]
}