{
    "id": 70147,
    "category": 50,
    "location": [
        -118.49194,
        34.26861
    ],
    "keywords": [
        47,
        72
    ]
}