{
    "id": 70157,
    "category": 50,
    "location": [
        -118.49722,
        34.02389
    ],
    "keywords": [
        53,
        72,
        26
    ]
}