{
    "id": 70152,
    "category": 50,
    "location": [
        -118.49361,
        34.22889
    ],
    "keywords": [
        28,
        3,
        42,
        32,
        35
    ]
}