{
    "id": 70161,
    "category": 50,
    "location": [
        -118.50139,
        34.18694
    ],
    "keywords": [
        22,
        69,
        54
    ]
}