{
    "id": 70186,
    "category": 50,
    "location": [
        -118.51722,
        34.16694
    ],
    "keywords": [
        71,
        11
    ]
}