{
    "id": 70196,
    "category": 50,
    "location": [
        -118.52389,
        34.26056
    ],
    "keywords": [
        7,
        52,
        59,
        70,
        39,
        73,
        0,
        9,
        72,
        3,
        34,
        59,
        75,
        9,
        41
    ]
}