{
    "id": 70199,
    "category": 50,
    "location": [
        -118.52472,
        34.22278
    ],
    "keywords": [
        14,
        16,
        1,
        20,
        9,
        75,
        32,
        21,
        73,
        18,
        5,
        72
    ]
}