{
    "id": 70205,
    "category": 50,
    "location": [
        -118.52833,
        34.20528
    ],
    "keywords": [
        41,
        26,
        35,
        39,
        12,
        73,
        7,
        9,
        37,
        73,
        74,
        75,
        1,
        67,
        59
    ]
}