{
    "id": 70207,
    "category": 50,
    "location": [
        -118.52861,
        34.45111
    ],
    "keywords": [
        2,
        28,
        4,
        27,
        25,
        9,
        22,
        24
    ]
}