{
    "id": 70215,
    "category": 50,
    "location": [
        -118.53444,
        34.44361
    ],
    "keywords": [
        10,
        18,
        31,
        47,
        9,
        27,
        70,
        38,
        23
    ]
}