{
    "id": 70217,
    "category": 50,
    "location": [
        -118.53667,
        34.44194
    ],
    "keywords": [
        55,
        51,
        30,
        62,
        11,
        48
    ]
}