{
    "id": 70224,
    "category": 50,
    "location": [
        -118.54111,
        34.41778
    ],
    "keywords": [
        28,
        17,
        3
    ]
}