{
    "id": 70234,
    "category": 50,
    "location": [
        -118.54694,
        34.40833
    ],
    "keywords": [
        43,
        0,
        35,
        26,
        27,
        54,
        66,
        20
    ]
}