{
    "id": 70239,
    "category": 50,
    "location": [
        -118.55056,
        34.25167
    ],
    "keywords": [
        27,
        23,
        18,
        21,
        10,
        8
    ]
}