{
    "id": 70253,
    "category": 50,
    "location": [
        -118.57111,
        34.20389
    ],
    "keywords": [
        2,
        24,
        9,
        67,
        19,
        5,
        48,
        11,
        13
    ]
}