{
    "id": 70267,
    "category": 50,
    "location": [
        -118.59111,
        34.24222
    ],
    "keywords": []
}