{
    "id": 70262,
    "category": 50,
    "location": [
        -118.58472,
        34.25417
    ],
    "keywords": [
        38,
        54,
        35,
        35,
        49,
        62,
        6,
        5,
        15,
        8,
        47,
        61,
        37,
        38,
        9
    ]
}