{
    "id": 70275,
    "category": 50,
    "location": [
        -118.60472,
        34.20611
    ],
    "keywords": []
}