{
    "id": 70281,
    "category": 50,
    "location": [
        -118.60889,
        34.15889
    ],
    "keywords": [
        66,
        9
    ]
}