{
    "id": 70311,
    "category": 50,
    "location": [
        -118.69722,
        34.03889
    ],
    "keywords": [
        75,
        32,
        1,
        26,
        20,
        18,
        28,
        34,
        61,
        70
    ]
}