{
    "id": 70325,
    "category": 50,
    "location": [
        -118.72611,
        34.27806
    ],
    "keywords": [
        25,
        55
    ]
}