{
    "id": 70331,
    "category": 50,
    "location": [
        -118.73889,
        34.14417
    ],
    "keywords": [
        13,
        57,
        31,
        47,
        70,
        44,
        6,
        45,
        47,
        46,
        18,
        72,
        1
    ]
}