{
    "id": 70334,
    "category": 50,
    "location": [
        -118.74778,
        34.15083
    ],
    "keywords": [
        39,
        18,
        50
    ]
}