{
    "id": 70374,
    "category": 50,
    "location": [
        -118.82222,
        35.58222
    ],
    "keywords": [
        66,
        63,
        14,
        66,
        52,
        70,
        73
    ]
}