{
    "id": 70384,
    "category": 50,
    "location": [
        -118.83833,
        35.20194
    ],
    "keywords": [
        37,
        43,
        38,
        69,
        24,
        58,
        50,
        39
    ]
}