{
    "id": 70383,
    "category": 50,
    "location": [
        -118.83583,
        35.70361
    ],
    "keywords": []
}