{
    "id": 70393,
    "category": 50,
    "location": [
        -118.84972,
        34.14389
    ],
    "keywords": [
        17,
        24,
        62,
        4
    ]
}