{
    "id": 70391,
    "category": 50,
    "location": [
        -118.84667,
        34.20194
    ],
    "keywords": [
        1
    ]
}