{
    "id": 70400,
    "category": 50,
    "location": [
        -118.86528,
        34.19417
    ],
    "keywords": [
        7,
        50,
        15,
        70,
        4,
        70,
        19
    ]
}