{
    "id": 70430,
    "category": 50,
    "location": [
        -118.90833,
        34.40444
    ],
    "keywords": [
        51,
        39
    ]
}