{
    "id": 70468,
    "category": 50,
    "location": [
        -118.95444,
        35.39194
    ],
    "keywords": [
        20,
        40,
        50,
        66,
        5,
        47,
        35,
        26,
        0,
        28,
        4,
        28
    ]
}