{
    "id": 70501,
    "category": 50,
    "location": [
        -118.99667,
        34.25833
    ],
    "keywords": [
        52,
        14,
        60,
        54,
        56
    ]
}