{
    "id": 7051,
    "category": 11,
    "location": [
        -122.76944,
        39.84861
    ],
    "keywords": [
        57,
        56,
        18,
        16,
        9,
        33
    ]
}