{
    "id": 70517,
    "category": 50,
    "location": [
        -119.00583,
        35.32444
    ],
    "keywords": []
}