{
    "id": 70530,
    "category": 50,
    "location": [
        -119.01111,
        35.39361
    ],
    "keywords": [
        56,
        53,
        73,
        0,
        20,
        40,
        32,
        24,
        45,
        73,
        74,
        16,
        38,
        67,
        48
    ]
}