{
    "id": 7055,
    "category": 11,
    "location": [
        -122.80528,
        38.06889
    ],
    "keywords": []
}