{
    "id": 70557,
    "category": 50,
    "location": [
        -119.02639,
        36.06389
    ],
    "keywords": [
        49,
        73,
        4,
        50,
        32,
        16,
        32,
        29,
        36,
        22,
        6,
        52,
        59,
        12,
        4
    ]
}