{
    "id": 70563,
    "category": 50,
    "location": [
        -119.02833,
        34.22528
    ],
    "keywords": [
        32,
        6,
        62,
        46,
        57,
        24,
        10,
        75,
        39,
        48,
        36,
        44,
        45
    ]
}