{
    "id": 70562,
    "category": 50,
    "location": [
        -119.02806,
        35.36528
    ],
    "keywords": [
        19,
        54,
        60,
        14,
        56,
        71,
        42
    ]
}