{
    "id": 7057,
    "category": 11,
    "location": [
        -122.81472,
        39.01778
    ],
    "keywords": [
        41,
        7,
        11,
        6
    ]
}