{
    "id": 70587,
    "category": 50,
    "location": [
        -119.04639,
        35.36472
    ],
    "keywords": [
        31,
        51,
        57,
        68,
        27,
        21,
        73,
        48
    ]
}