{
    "id": 70592,
    "category": 50,
    "location": [
        -119.04778,
        34.22917
    ],
    "keywords": [
        37,
        63,
        74,
        68,
        4,
        60,
        45,
        55,
        37,
        20,
        11,
        54
    ]
}