{
    "id": 70599,
    "category": 50,
    "location": [
        -119.05361,
        36.69056
    ],
    "keywords": []
}