{
    "id": 7059,
    "category": 11,
    "location": [
        -122.82444,
        38.40194
    ],
    "keywords": [
        67,
        71,
        71,
        18,
        50,
        48
    ]
}