{
    "id": 70621,
    "category": 50,
    "location": [
        -119.06722,
        35.32556
    ],
    "keywords": [
        33,
        50,
        39,
        49,
        9,
        42,
        10
    ]
}