{
    "id": 70639,
    "category": 50,
    "location": [
        -119.08139,
        35.38278
    ],
    "keywords": [
        27,
        51,
        61,
        50,
        52,
        30,
        58,
        62,
        57,
        24,
        30,
        62,
        36
    ]
}