{
    "id": 70631,
    "category": 50,
    "location": [
        -119.07389,
        34.20778
    ],
    "keywords": [
        68,
        22,
        44,
        22,
        25,
        16,
        15,
        71,
        38,
        1
    ]
}