{
    "id": 70649,
    "category": 50,
    "location": [
        -119.09444,
        34.20528
    ],
    "keywords": [
        31,
        33,
        60,
        9,
        66,
        7,
        12,
        71,
        26,
        18,
        67,
        45,
        65,
        57,
        74
    ]
}