{
    "id": 70648,
    "category": 50,
    "location": [
        -119.09333,
        34.26222
    ],
    "keywords": [
        39,
        52,
        55,
        50,
        51
    ]
}