{
    "id": 70672,
    "category": 50,
    "location": [
        -119.11028,
        35.22306
    ],
    "keywords": [
        56,
        28,
        34,
        75
    ]
}