{
    "id": 70696,
    "category": 50,
    "location": [
        -119.14861,
        36.29278
    ],
    "keywords": [
        62,
        31,
        39,
        24,
        41,
        23,
        20,
        49,
        70,
        74,
        63,
        42
    ]
}