{
    "id": 70692,
    "category": 50,
    "location": [
        -119.14389,
        36.08389
    ],
    "keywords": [
        39,
        55,
        20,
        39,
        6,
        51,
        26,
        65,
        26,
        18,
        1
    ]
}