{
    "id": 70703,
    "category": 50,
    "location": [
        -119.15611,
        34.28722
    ],
    "keywords": [
        43
    ]
}