{
    "id": 70705,
    "category": 50,
    "location": [
        -119.15722,
        34.23972
    ],
    "keywords": [
        71,
        52,
        10,
        23,
        75
    ]
}