{
    "id": 7071,
    "category": 11,
    "location": [
        -122.86889,
        38.61444
    ],
    "keywords": [
        36,
        64,
        38,
        75,
        43,
        18
    ]
}