{
    "id": 70725,
    "category": 50,
    "location": [
        -119.17389,
        35.49917
    ],
    "keywords": [
        17,
        46,
        14
    ]
}