{
    "id": 70733,
    "category": 50,
    "location": [
        -119.18056,
        34.19056
    ],
    "keywords": [
        68,
        32,
        69,
        57,
        8,
        35,
        19,
        45,
        5,
        17,
        54,
        46,
        20
    ]
}