{
    "id": 70734,
    "category": 50,
    "location": [
        -119.18083,
        35.17889
    ],
    "keywords": [
        18,
        47,
        12,
        69,
        24,
        8,
        68,
        66,
        75,
        37,
        57,
        44
    ]
}