{
    "id": 70745,
    "category": 50,
    "location": [
        -119.18528,
        34.20389
    ],
    "keywords": [
        60,
        39
    ]
}