{
    "id": 70753,
    "category": 50,
    "location": [
        -119.18972,
        34.16167
    ],
    "keywords": [
        48,
        73,
        41,
        32,
        9,
        37,
        70,
        21,
        57
    ]
}