{
    "id": 7076,
    "category": 11,
    "location": [
        -122.89361,
        41.45611
    ],
    "keywords": [
        6,
        62,
        73,
        42,
        38,
        74,
        13
    ]
}