{
    "id": 70767,
    "category": 50,
    "location": [
        -119.20278,
        34.18444
    ],
    "keywords": [
        35,
        20,
        61,
        45,
        75,
        3,
        59,
        38,
        0,
        19,
        4,
        12,
        61,
        39
    ]
}