{
    "id": 7077,
    "category": 11,
    "location": [
        -122.89944,
        39.81556
    ],
    "keywords": [
        23,
        1,
        39,
        45,
        18
    ]
}