{
    "id": 70779,
    "category": 50,
    "location": [
        -119.21306,
        34.18667
    ],
    "keywords": [
        6,
        50,
        31,
        47,
        66,
        45,
        23,
        19,
        37,
        38
    ]
}