{
    "id": 7078,
    "category": 11,
    "location": [
        -122.90917,
        39.16583
    ],
    "keywords": [
        11
    ]
}