{
    "id": 70802,
    "category": 50,
    "location": [
        -119.23611,
        35.78139
    ],
    "keywords": [
        29,
        15,
        38,
        34,
        2,
        30,
        46,
        48,
        71,
        63
    ]
}