{
    "id": 70806,
    "category": 50,
    "location": [
        -119.23861,
        35.77556
    ],
    "keywords": [
        51,
        24,
        65,
        71,
        66,
        9,
        60,
        29,
        40,
        62,
        0,
        17,
        53,
        40
    ]
}