{
    "id": 70820,
    "category": 50,
    "location": [
        -119.24833,
        34.45028
    ],
    "keywords": [
        1,
        67,
        10,
        7,
        54,
        54,
        24,
        63,
        8,
        71,
        56,
        70,
        47,
        0
    ]
}