{
    "id": 70825,
    "category": 50,
    "location": [
        -119.25056,
        35.76778
    ],
    "keywords": [
        52,
        69,
        55,
        26,
        65,
        9,
        36,
        1,
        20
    ]
}