{
    "id": 70843,
    "category": 50,
    "location": [
        -119.25972,
        36.19667
    ],
    "keywords": []
}