{
    "id": 70855,
    "category": 50,
    "location": [
        -119.26778,
        36.32028
    ],
    "keywords": [
        61,
        55,
        53,
        1,
        14,
        69,
        31,
        34,
        65,
        4,
        68,
        26,
        66,
        64
    ]
}