{
    "id": 7087,
    "category": 11,
    "location": [
        -122.93944,
        40.73417
    ],
    "keywords": []
}