{
    "id": 70917,
    "category": 50,
    "location": [
        -119.31444,
        36.34028
    ],
    "keywords": [
        19,
        3,
        70,
        70,
        61,
        53,
        43,
        64
    ]
}