{
    "id": 70937,
    "category": 50,
    "location": [
        -119.33528,
        36.32056
    ],
    "keywords": [
        68,
        3,
        36,
        70,
        42,
        23,
        67,
        45,
        19,
        11,
        64,
        32,
        69,
        53,
        44
    ]
}