{
    "id": 70946,
    "category": 50,
    "location": [
        -119.34056,
        35.59889
    ],
    "keywords": [
        50,
        72,
        52,
        29,
        68,
        32,
        28,
        33,
        12,
        3,
        27,
        39
    ]
}