{
    "id": 70962,
    "category": 50,
    "location": [
        -119.36056,
        36.20194
    ],
    "keywords": []
}