{
    "id": 70975,
    "category": 50,
    "location": [
        -119.37667,
        36.53778
    ],
    "keywords": [
        53,
        37
    ]
}