{
    "id": 70973,
    "category": 50,
    "location": [
        -119.37639,
        36.49528
    ],
    "keywords": [
        57
    ]
}