{
    "id": 70994,
    "category": 50,
    "location": [
        -119.40556,
        37.00389
    ],
    "keywords": [
        27,
        57,
        75,
        33,
        69,
        19,
        75,
        0,
        25,
        27,
        7,
        63
    ]
}