{
    "id": 71014,
    "category": 50,
    "location": [
        -119.45306,
        35.14278
    ],
    "keywords": []
}