{
    "id": 71038,
    "category": 50,
    "location": [
        -119.48222,
        36.60889
    ],
    "keywords": [
        55,
        11
    ]
}