{
    "id": 71039,
    "category": 50,
    "location": [
        -119.48333,
        36.63306
    ],
    "keywords": [
        39,
        47,
        45,
        20,
        41,
        67,
        75,
        7,
        2,
        65,
        18
    ]
}