{
    "id": 71059,
    "category": 50,
    "location": [
        -119.51639,
        36.03639
    ],
    "keywords": [
        64,
        63,
        1,
        47,
        22,
        16,
        64,
        73,
        41,
        28,
        35,
        49,
        21,
        68
    ]
}