{
    "id": 71064,
    "category": 50,
    "location": [
        -119.52472,
        36.61472
    ],
    "keywords": [
        45,
        60,
        16,
        6,
        17
    ]
}