{
    "id": 71060,
    "category": 50,
    "location": [
        -119.51694,
        36.01667
    ],
    "keywords": []
}