{
    "id": 71070,
    "category": 50,
    "location": [
        -119.53667,
        36.79333
    ],
    "keywords": [
        71,
        60,
        62,
        28,
        1,
        5,
        28,
        3,
        31,
        20,
        31,
        6,
        21,
        3,
        39
    ]
}