{
    "id": 71072,
    "category": 50,
    "location": [
        -119.54306,
        35.17278
    ],
    "keywords": [
        33,
        57,
        32,
        38,
        45,
        65,
        35,
        41,
        26,
        7,
        23,
        35,
        22
    ]
}