{
    "id": 71080,
    "category": 50,
    "location": [
        -119.55167,
        36.51444
    ],
    "keywords": [
        51,
        21,
        23,
        50,
        15
    ]
}