{
    "id": 711,
    "category": 0,
    "location": [
        -121.16889,
        38.10944
    ],
    "keywords": [
        29,
        15,
        56,
        47,
        38,
        25
    ]
}