{
    "id": 71102,
    "category": 50,
    "location": [
        -119.56944,
        36.10417
    ],
    "keywords": [
        7,
        52,
        8,
        6,
        49,
        54,
        27,
        26
    ]
}