{
    "id": 71107,
    "category": 50,
    "location": [
        -119.57972,
        34.44194
    ],
    "keywords": [
        57,
        24,
        73,
        49,
        37,
        24,
        50,
        7,
        65,
        70,
        8,
        17
    ]
}