{
    "id": 71126,
    "category": 50,
    "location": [
        -119.60944,
        36.51833
    ],
    "keywords": []
}