{
    "id": 71134,
    "category": 50,
    "location": [
        -119.61861,
        34.42444
    ],
    "keywords": [
        13,
        54,
        10,
        11,
        37,
        54,
        38,
        66,
        60
    ]
}