{
    "id": 71140,
    "category": 50,
    "location": [
        -119.62556,
        35.30139
    ],
    "keywords": [
        35,
        38,
        69,
        14,
        60,
        70,
        70,
        14,
        66,
        1,
        19,
        56,
        49,
        23,
        69
    ]
}