{
    "id": 71151,
    "category": 50,
    "location": [
        -119.63639,
        34.42944
    ],
    "keywords": [
        9
    ]
}