{
    "id": 71160,
    "category": 50,
    "location": [
        -119.64361,
        36.34333
    ],
    "keywords": [
        51,
        57,
        60,
        16,
        42,
        56,
        37
    ]
}