{
    "id": 71179,
    "category": 50,
    "location": [
        -119.66028,
        34.45028
    ],
    "keywords": [
        2,
        54,
        24,
        74,
        60
    ]
}