{
    "id": 71176,
    "category": 50,
    "location": [
        -119.65833,
        35.32111
    ],
    "keywords": [
        38,
        68,
        67,
        5,
        66,
        57,
        57,
        35,
        24,
        56
    ]
}