{
    "id": 71171,
    "category": 50,
    "location": [
        -119.64889,
        36.35028
    ],
    "keywords": []
}