{
    "id": 71210,
    "category": 50,
    "location": [
        -119.68778,
        36.83639
    ],
    "keywords": [
        38,
        75,
        21,
        54,
        56,
        13,
        54,
        53
    ]
}