{
    "id": 71223,
    "category": 50,
    "location": [
        -119.69583,
        34.42222
    ],
    "keywords": []
}