{
    "id": 71229,
    "category": 50,
    "location": [
        -119.69861,
        35.61472
    ],
    "keywords": [
        7,
        64
    ]
}