{
    "id": 71224,
    "category": 50,
    "location": [
        -119.69639,
        34.40639
    ],
    "keywords": [
        22,
        46,
        1,
        74,
        13,
        22,
        5,
        52,
        74,
        48,
        45
    ]
}