{
    "id": 71235,
    "category": 50,
    "location": [
        -119.70444,
        36.81972
    ],
    "keywords": [
        65,
        33,
        45,
        27,
        66,
        47,
        57,
        72,
        73
    ]
}