{
    "id": 71234,
    "category": 50,
    "location": [
        -119.70417,
        34.43889
    ],
    "keywords": [
        74,
        21,
        64,
        49
    ]
}