{
    "id": 71246,
    "category": 50,
    "location": [
        -119.70917,
        36.31167
    ],
    "keywords": [
        74,
        38,
        52,
        73,
        51,
        33,
        10,
        18,
        20,
        61
    ]
}