{
    "id": 71259,
    "category": 50,
    "location": [
        -119.71667,
        36.75528
    ],
    "keywords": [
        2,
        36,
        49,
        42
    ]
}