{
    "id": 71255,
    "category": 50,
    "location": [
        -119.71444,
        34.43944
    ],
    "keywords": [
        59,
        37,
        44,
        27,
        65,
        5,
        69
    ]
}