{
    "id": 71303,
    "category": 50,
    "location": [
        -119.75167,
        36.83611
    ],
    "keywords": [
        25,
        71,
        66,
        67,
        17,
        34,
        1,
        56,
        19,
        38,
        24,
        69
    ]
}