{
    "id": 71317,
    "category": 50,
    "location": [
        -119.75722,
        36.75917
    ],
    "keywords": [
        13,
        41,
        0,
        4,
        27
    ]
}