{
    "id": 71312,
    "category": 50,
    "location": [
        -119.75472,
        36.78722
    ],
    "keywords": [
        17,
        16,
        70,
        11,
        38,
        52
    ]
}