{
    "id": 71325,
    "category": 50,
    "location": [
        -119.76056,
        36.75444
    ],
    "keywords": [
        11,
        37,
        34
    ]
}