{
    "id": 7133,
    "category": 11,
    "location": [
        -123.48972,
        40.27556
    ],
    "keywords": [
        0,
        61,
        14,
        1,
        27,
        46,
        27,
        67
    ]
}