{
    "id": 71347,
    "category": 50,
    "location": [
        -119.76944,
        36.80639
    ],
    "keywords": [
        38,
        44,
        38,
        29,
        2,
        64,
        52,
        65,
        24,
        11
    ]
}