{
    "id": 71359,
    "category": 50,
    "location": [
        -119.77722,
        36.81917
    ],
    "keywords": [
        7,
        26,
        57,
        65
    ]
}