{
    "id": 71365,
    "category": 50,
    "location": [
        -119.77861,
        36.76444
    ],
    "keywords": [
        25,
        29,
        43,
        6,
        45,
        36,
        8
    ]
}