{
    "id": 71374,
    "category": 50,
    "location": [
        -119.77944,
        36.76278
    ],
    "keywords": [
        0,
        43,
        56,
        62,
        37,
        20,
        18,
        46,
        7,
        73,
        43,
        61,
        39,
        11,
        58
    ]
}