{
    "id": 71384,
    "category": 50,
    "location": [
        -119.78639,
        36.29694
    ],
    "keywords": [
        62,
        46,
        71,
        20
    ]
}