{
    "id": 71409,
    "category": 50,
    "location": [
        -119.79583,
        36.55389
    ],
    "keywords": [
        58,
        45,
        25,
        56
    ]
}