{
    "id": 7140,
    "category": 11,
    "location": [
        -123.79806,
        39.30528
    ],
    "keywords": [
        48
    ]
}