{
    "id": 71413,
    "category": 50,
    "location": [
        -119.79722,
        36.81806
    ],
    "keywords": [
        3,
        33,
        4,
        15,
        72,
        61,
        56,
        71
    ]
}