{
    "id": 71412,
    "category": 50,
    "location": [
        -119.79722,
        36.29167
    ],
    "keywords": [
        57,
        3,
        13,
        14,
        4,
        16,
        15
    ]
}