{
    "id": 71425,
    "category": 50,
    "location": [
        -119.80583,
        36.75528
    ],
    "keywords": [
        28,
        56,
        61,
        13,
        49,
        21,
        73,
        48
    ]
}