{
    "id": 71458,
    "category": 50,
    "location": [
        -119.82639,
        36.64889
    ],
    "keywords": [
        16,
        32,
        2,
        60,
        45,
        16,
        29,
        24,
        26,
        28
    ]
}