{
    "id": 71463,
    "category": 50,
    "location": [
        -119.82917,
        36.77611
    ],
    "keywords": [
        12,
        62,
        22,
        34,
        67,
        54,
        41,
        61,
        33
    ]
}