{
    "id": 71479,
    "category": 50,
    "location": [
        -119.84806,
        34.41611
    ],
    "keywords": [
        46,
        43,
        18,
        0,
        37,
        12
    ]
}