{
    "id": 71483,
    "category": 50,
    "location": [
        -119.85444,
        36.83889
    ],
    "keywords": [
        70,
        37,
        53,
        41,
        20,
        46,
        13,
        41,
        15,
        46,
        16,
        5,
        26,
        36,
        26
    ]
}