{
    "id": 71494,
    "category": 50,
    "location": [
        -119.87556,
        36.78722
    ],
    "keywords": [
        33,
        61,
        47,
        1,
        6,
        53,
        72,
        18,
        70,
        70,
        41,
        69,
        51,
        49,
        51
    ]
}