{
    "id": 71490,
    "category": 50,
    "location": [
        -119.87083,
        36.76583
    ],
    "keywords": [
        59,
        57,
        25,
        2,
        72,
        27,
        75
    ]
}