{
    "id": 71517,
    "category": 50,
    "location": [
        -119.92361,
        36.77361
    ],
    "keywords": [
        65,
        41,
        44,
        10,
        72,
        13,
        70,
        53,
        9,
        68
    ]
}