{
    "id": 71516,
    "category": 50,
    "location": [
        -119.92167,
        36.43083
    ],
    "keywords": [
        13,
        17,
        60,
        73
    ]
}