{
    "id": 71529,
    "category": 50,
    "location": [
        -119.96333,
        37.48722
    ],
    "keywords": [
        2,
        27,
        38,
        31,
        68,
        47,
        40,
        0,
        56
    ]
}