{
    "id": 71534,
    "category": 50,
    "location": [
        -119.97111,
        35.75833
    ],
    "keywords": [
        13,
        64,
        63,
        20,
        11,
        19,
        27,
        37,
        9,
        67,
        25,
        44
    ]
}