{
    "id": 7154,
    "category": 11,
    "location": [
        -123.99611,
        40.29028
    ],
    "keywords": [
        46,
        53,
        75,
        29,
        47,
        67
    ]
}