{
    "id": 71588,
    "category": 50,
    "location": [
        -120.08667,
        36.77361
    ],
    "keywords": [
        59,
        51,
        38,
        70,
        10
    ]
}