{
    "id": 71599,
    "category": 50,
    "location": [
        -120.11111,
        34.66583
    ],
    "keywords": [
        56,
        10
    ]
}