{
    "id": 71610,
    "category": 50,
    "location": [
        -120.13417,
        40.14111
    ],
    "keywords": [
        55,
        22,
        29,
        21,
        50,
        46,
        28,
        42
    ]
}