{
    "id": 71648,
    "category": 50,
    "location": [
        -120.24083,
        39.67694
    ],
    "keywords": [
        42
    ]
}