{
    "id": 71689,
    "category": 50,
    "location": [
        -120.35278,
        35.33472
    ],
    "keywords": [
        3,
        29,
        27,
        38,
        7,
        58,
        32,
        4,
        20,
        36,
        38,
        2,
        44
    ]
}