{
    "id": 71711,
    "category": 50,
    "location": [
        -120.38139,
        40.38278
    ],
    "keywords": [
        62,
        23,
        48,
        14,
        4,
        39,
        51,
        69,
        29,
        20
    ]
}