{
    "id": 71735,
    "category": 50,
    "location": [
        -120.41667,
        37.95389
    ],
    "keywords": []
}