{
    "id": 71747,
    "category": 50,
    "location": [
        -120.42778,
        34.93194
    ],
    "keywords": [
        50,
        26,
        29,
        5,
        57,
        54,
        44,
        7,
        15,
        43,
        10,
        19,
        33,
        19,
        29
    ]
}