{
    "id": 71754,
    "category": 50,
    "location": [
        -120.43028,
        34.94917
    ],
    "keywords": [
        49,
        31,
        38,
        43,
        30,
        54,
        57,
        51,
        25,
        67,
        6,
        9,
        72,
        45,
        0
    ]
}