{
    "id": 71755,
    "category": 50,
    "location": [
        -120.43111,
        37.28861
    ],
    "keywords": [
        43,
        43,
        11,
        59,
        54,
        8,
        45,
        4,
        22,
        28,
        10
    ]
}