{
    "id": 7176,
    "category": 11,
    "location": [
        -124.07806,
        40.87417
    ],
    "keywords": [
        13,
        26,
        45,
        55,
        70,
        74,
        5,
        18,
        31,
        71,
        0,
        26,
        61
    ]
}