{
    "id": 71802,
    "category": 50,
    "location": [
        -120.46278,
        34.63639
    ],
    "keywords": [
        8,
        62,
        55,
        15,
        59,
        26,
        7,
        66,
        17,
        25,
        48,
        70,
        53
    ]
}