{
    "id": 71834,
    "category": 50,
    "location": [
        -120.48778,
        37.21528
    ],
    "keywords": [
        25,
        8,
        46,
        5
    ]
}