{
    "id": 71832,
    "category": 50,
    "location": [
        -120.48694,
        35.18722
    ],
    "keywords": [
        71,
        2,
        58,
        0,
        50,
        23,
        53,
        61,
        64,
        51,
        30,
        39
    ]
}