{
    "id": 71856,
    "category": 50,
    "location": [
        -120.51667,
        34.75056
    ],
    "keywords": [
        68,
        13,
        70
    ]
}