{
    "id": 71886,
    "category": 50,
    "location": [
        -120.56444,
        35.63833
    ],
    "keywords": [
        53,
        1,
        60,
        32,
        72,
        1
    ]
}