{
    "id": 71882,
    "category": 50,
    "location": [
        -120.55444,
        41.48806
    ],
    "keywords": [
        0,
        4,
        56,
        26,
        13,
        15,
        55,
        35,
        41,
        21,
        71,
        58,
        72,
        52
    ]
}