{
    "id": 71904,
    "category": 50,
    "location": [
        -120.58278,
        35.81222
    ],
    "keywords": [
        17,
        35,
        32,
        52,
        23,
        62,
        74,
        23,
        2,
        6,
        20,
        14,
        42
    ]
}