{
    "id": 71945,
    "category": 50,
    "location": [
        -120.62083,
        37.38639
    ],
    "keywords": [
        4,
        23,
        49,
        36,
        73,
        7,
        70,
        64,
        75,
        39,
        22,
        44,
        18,
        16
    ]
}