{
    "id": 71948,
    "category": 50,
    "location": [
        -120.62861,
        38.44278
    ],
    "keywords": [
        2,
        10,
        37,
        38,
        16,
        23
    ]
}