{
    "id": 71958,
    "category": 50,
    "location": [
        -120.64222,
        37.26639
    ],
    "keywords": [
        42,
        40,
        61,
        65,
        16
    ]
}