{
    "id": 71967,
    "category": 50,
    "location": [
        -120.64944,
        37.37806
    ],
    "keywords": []
}