{
    "id": 71970,
    "category": 50,
    "location": [
        -120.65222,
        38.16778
    ],
    "keywords": [
        33
    ]
}