{
    "id": 71997,
    "category": 50,
    "location": [
        -120.66556,
        35.49056
    ],
    "keywords": []
}