{
    "id": 72010,
    "category": 50,
    "location": [
        -120.67611,
        38.19917
    ],
    "keywords": [
        5,
        21,
        6,
        22,
        49,
        20,
        19,
        6,
        28,
        43,
        52,
        29
    ]
}