{
    "id": 72013,
    "category": 50,
    "location": [
        -120.67722,
        38.73306
    ],
    "keywords": [
        38,
        38,
        18,
        72,
        0
    ]
}