{
    "id": 72059,
    "category": 50,
    "location": [
        -120.72389,
        38.99389
    ],
    "keywords": [
        3,
        48
    ]
}