{
    "id": 72061,
    "category": 50,
    "location": [
        -120.72472,
        35.32528
    ],
    "keywords": [
        41,
        66,
        42
    ]
}