{
    "id": 72082,
    "category": 50,
    "location": [
        -120.77167,
        37.43583
    ],
    "keywords": [
        39,
        71,
        33,
        39,
        12,
        17,
        63,
        74,
        26,
        7,
        20
    ]
}