{
    "id": 72096,
    "category": 50,
    "location": [
        -120.78806,
        36.36389
    ],
    "keywords": [
        18,
        1,
        30,
        5,
        30,
        74
    ]
}