{
    "id": 72098,
    "category": 50,
    "location": [
        -120.79056,
        38.35694
    ],
    "keywords": [
        40,
        23
    ]
}