{
    "id": 721,
    "category": 0,
    "location": [
        -121.21944,
        38.13444
    ],
    "keywords": [
        9,
        72
    ]
}