{
    "id": 72105,
    "category": 50,
    "location": [
        -120.79944,
        37.52639
    ],
    "keywords": [
        7,
        14,
        4,
        43,
        7,
        66,
        72
    ]
}