{
    "id": 72125,
    "category": 50,
    "location": [
        -120.82056,
        38.69389
    ],
    "keywords": [
        46,
        19,
        11,
        19,
        50,
        51,
        37,
        58,
        52,
        5,
        22
    ]
}