{
    "id": 72126,
    "category": 50,
    "location": [
        -120.82139,
        37.46111
    ],
    "keywords": [
        55,
        54,
        46,
        61,
        10,
        20
    ]
}