{
    "id": 72130,
    "category": 50,
    "location": [
        -120.82389,
        38.42111
    ],
    "keywords": []
}