{
    "id": 72155,
    "category": 50,
    "location": [
        -120.83833,
        38.48222
    ],
    "keywords": [
        66,
        54,
        12,
        54,
        1,
        34,
        42,
        61,
        40,
        73,
        69,
        60,
        29,
        72,
        65
    ]
}