{
    "id": 72177,
    "category": 50,
    "location": [
        -120.85389,
        37.02806
    ],
    "keywords": [
        49,
        25,
        23,
        35,
        3,
        10,
        37,
        0,
        70,
        57
    ]
}