{
    "id": 72183,
    "category": 50,
    "location": [
        -120.85556,
        37.76111
    ],
    "keywords": [
        72,
        69,
        48,
        11
    ]
}