{
    "id": 72192,
    "category": 50,
    "location": [
        -120.85833,
        39.10833
    ],
    "keywords": [
        0,
        56,
        38
    ]
}