{
    "id": 72196,
    "category": 50,
    "location": [
        -120.86194,
        37.59528
    ],
    "keywords": [
        60,
        7,
        58,
        2,
        5
    ]
}