{
    "id": 72221,
    "category": 50,
    "location": [
        -120.90361,
        35.45194
    ],
    "keywords": [
        48,
        27,
        65,
        52,
        7,
        20,
        3,
        67,
        10,
        42,
        70,
        48,
        65
    ]
}