{
    "id": 72231,
    "category": 50,
    "location": [
        -120.91333,
        37.82861
    ],
    "keywords": [
        34,
        64,
        48,
        11,
        28,
        59,
        18,
        74,
        13
    ]
}