{
    "id": 72247,
    "category": 50,
    "location": [
        -120.93083,
        37.41972
    ],
    "keywords": [
        39,
        72,
        63,
        55,
        65,
        3,
        26,
        27,
        34,
        28,
        15,
        23,
        70
    ]
}