{
    "id": 72245,
    "category": 50,
    "location": [
        -120.93028,
        37.73667
    ],
    "keywords": [
        73,
        13,
        47,
        43,
        54,
        58,
        9,
        39
    ]
}