{
    "id": 72255,
    "category": 50,
    "location": [
        -120.93667,
        37.79389
    ],
    "keywords": []
}