{
    "id": 72262,
    "category": 50,
    "location": [
        -120.94028,
        41.18972
    ],
    "keywords": [
        29,
        26,
        10,
        5
    ]
}