{
    "id": 72261,
    "category": 50,
    "location": [
        -120.94028,
        38.58444
    ],
    "keywords": []
}