{
    "id": 72269,
    "category": 50,
    "location": [
        -120.94528,
        38.71167
    ],
    "keywords": [
        5,
        71,
        45,
        52,
        36,
        7,
        15,
        63
    ]
}