{
    "id": 72276,
    "category": 50,
    "location": [
        -120.94944,
        37.59056
    ],
    "keywords": [
        20,
        17,
        48,
        32,
        22,
        20,
        55,
        52,
        70
    ]
}