{
    "id": 72284,
    "category": 50,
    "location": [
        -120.95472,
        37.59583
    ],
    "keywords": [
        55,
        58,
        5,
        70,
        55,
        29
    ]
}