{
    "id": 72288,
    "category": 50,
    "location": [
        -120.95778,
        37.72528
    ],
    "keywords": [
        30,
        47,
        64
    ]
}