{
    "id": 72281,
    "category": 50,
    "location": [
        -120.95417,
        37.58278
    ],
    "keywords": [
        13,
        54
    ]
}