{
    "id": 72311,
    "category": 50,
    "location": [
        -120.97528,
        37.55167
    ],
    "keywords": [
        18,
        18,
        2,
        75,
        33,
        29,
        31,
        40,
        39,
        7,
        2,
        38,
        19
    ]
}