{
    "id": 72345,
    "category": 50,
    "location": [
        -121.00167,
        35.53972
    ],
    "keywords": [
        32,
        43,
        30,
        15,
        20,
        4,
        27,
        68,
        59,
        67,
        10,
        30,
        34
    ]
}