{
    "id": 72359,
    "category": 50,
    "location": [
        -121.00722,
        38.42861
    ],
    "keywords": [
        35,
        50,
        39
    ]
}