{
    "id": 72356,
    "category": 50,
    "location": [
        -121.00639,
        37.63056
    ],
    "keywords": [
        54
    ]
}