{
    "id": 7236,
    "category": 12,
    "location": [
        -114.63806,
        32.76194
    ],
    "keywords": [
        30,
        14,
        16,
        15,
        44,
        29,
        2,
        22,
        71,
        65,
        20,
        75,
        68
    ]
}