{
    "id": 72387,
    "category": 50,
    "location": [
        -121.02417,
        37.68611
    ],
    "keywords": [
        52,
        69,
        47,
        9,
        71,
        62,
        64,
        73,
        49,
        43,
        31
    ]
}