{
    "id": 72400,
    "category": 50,
    "location": [
        -121.03056,
        37.18778
    ],
    "keywords": [
        37
    ]
}