{
    "id": 72438,
    "category": 50,
    "location": [
        -121.06667,
        39.21583
    ],
    "keywords": [
        15,
        9,
        45,
        51,
        26,
        52,
        47,
        7,
        32,
        70,
        74,
        0,
        30,
        25,
        30
    ]
}