{
    "id": 7245,
    "category": 12,
    "location": [
        -114.65389,
        32.75833
    ],
    "keywords": [
        51,
        37,
        29,
        71,
        27,
        38,
        1,
        33
    ]
}