{
    "id": 72456,
    "category": 50,
    "location": [
        -121.08333,
        38.71889
    ],
    "keywords": [
        38
    ]
}