{
    "id": 72461,
    "category": 50,
    "location": [
        -121.08861,
        38.02028
    ],
    "keywords": [
        22,
        30,
        71,
        74,
        49,
        23,
        74,
        38
    ]
}