{
    "id": 7247,
    "category": 12,
    "location": [
        -114.65917,
        32.74694
    ],
    "keywords": [
        51
    ]
}