{
    "id": 72478,
    "category": 50,
    "location": [
        -121.11167,
        38.67861
    ],
    "keywords": [
        71,
        23,
        17,
        4
    ]
}