{
    "id": 72472,
    "category": 50,
    "location": [
        -121.10111,
        38.49861
    ],
    "keywords": [
        32,
        17
    ]
}