{
    "id": 72482,
    "category": 50,
    "location": [
        -121.11639,
        38.70361
    ],
    "keywords": [
        63,
        61
    ]
}