{
    "id": 72481,
    "category": 50,
    "location": [
        -121.11472,
        39.08778
    ],
    "keywords": [
        3,
        15,
        66,
        74,
        56,
        38,
        46,
        30,
        44,
        39,
        1,
        19,
        4
    ]
}