{
    "id": 72495,
    "category": 50,
    "location": [
        -121.12806,
        37.74167
    ],
    "keywords": [
        44,
        72,
        21
    ]
}