{
    "id": 72490,
    "category": 50,
    "location": [
        -121.12556,
        36.20972
    ],
    "keywords": [
        48,
        31,
        2,
        9,
        62,
        6,
        9,
        69,
        43,
        43
    ]
}