{
    "id": 72509,
    "category": 50,
    "location": [
        -121.13917,
        37.47611
    ],
    "keywords": [
        26,
        22,
        57
    ]
}