{
    "id": 72506,
    "category": 50,
    "location": [
        -121.13639,
        37.47167
    ],
    "keywords": [
        28,
        29,
        37
    ]
}