{
    "id": 72561,
    "category": 50,
    "location": [
        -121.19139,
        37.89083
    ],
    "keywords": [
        60,
        6,
        49,
        4,
        35,
        66,
        63
    ]
}