{
    "id": 72570,
    "category": 50,
    "location": [
        -121.19833,
        38.42528
    ],
    "keywords": [
        51,
        2,
        54,
        41,
        20
    ]
}