{
    "id": 72588,
    "category": 50,
    "location": [
        -121.21306,
        38.70111
    ],
    "keywords": [
        5,
        25
    ]
}