{
    "id": 726,
    "category": 0,
    "location": [
        -121.23472,
        38.41056
    ],
    "keywords": []
}