{
    "id": 72625,
    "category": 50,
    "location": [
        -121.23667,
        37.75444
    ],
    "keywords": [
        21
    ]
}