{
    "id": 72630,
    "category": 50,
    "location": [
        -121.23944,
        38.79528
    ],
    "keywords": [
        65,
        43,
        62,
        57,
        33,
        70,
        11,
        64,
        14
    ]
}