{
    "id": 72643,
    "category": 50,
    "location": [
        -121.24861,
        38.04639
    ],
    "keywords": [
        57,
        60,
        15,
        73,
        62
    ]
}