{
    "id": 72644,
    "category": 50,
    "location": [
        -121.24944,
        37.95889
    ],
    "keywords": [
        75,
        50,
        60,
        54,
        59,
        61,
        67,
        37,
        47,
        73,
        64
    ]
}