{
    "id": 72656,
    "category": 50,
    "location": [
        -121.25389,
        37.91944
    ],
    "keywords": []
}