{
    "id": 72678,
    "category": 50,
    "location": [
        -121.26306,
        38.64583
    ],
    "keywords": [
        57,
        3,
        4,
        48,
        37,
        0,
        50,
        73,
        55,
        26,
        18,
        59
    ]
}