{
    "id": 72727,
    "category": 50,
    "location": [
        -121.28306,
        38.75917
    ],
    "keywords": [
        61,
        3,
        34,
        10,
        69,
        22,
        20
    ]
}