{
    "id": 72728,
    "category": 50,
    "location": [
        -121.28361,
        37.91417
    ],
    "keywords": []
}