{
    "id": 7275,
    "category": 12,
    "location": [
        -114.71972,
        32.72611
    ],
    "keywords": [
        58,
        43,
        36,
        15,
        62,
        73,
        20,
        68,
        71,
        18,
        61,
        34,
        21,
        30
    ]
}