{
    "id": 72762,
    "category": 50,
    "location": [
        -121.29056,
        38.63667
    ],
    "keywords": [
        30,
        42
    ]
}