{
    "id": 7276,
    "category": 12,
    "location": [
        -114.72639,
        33.51056
    ],
    "keywords": [
        17,
        54,
        16,
        67,
        42,
        23,
        70,
        68,
        24,
        60,
        3,
        16,
        48
    ]
}