{
    "id": 72774,
    "category": 50,
    "location": [
        -121.29444,
        38.27361
    ],
    "keywords": [
        2,
        18,
        12,
        55,
        46,
        33,
        22,
        11,
        25
    ]
}