{
    "id": 72777,
    "category": 50,
    "location": [
        -121.29472,
        38.13583
    ],
    "keywords": [
        59,
        30,
        29,
        22,
        58,
        72,
        49
    ]
}