{
    "id": 7279,
    "category": 12,
    "location": [
        -114.73861,
        33.44417
    ],
    "keywords": [
        35,
        29,
        8,
        44,
        26,
        1,
        29
    ]
}