{
    "id": 72799,
    "category": 50,
    "location": [
        -121.29972,
        38.65361
    ],
    "keywords": [
        20
    ]
}