{
    "id": 728,
    "category": 0,
    "location": [
        -121.23806,
        37.89389
    ],
    "keywords": [
        52,
        23,
        35,
        73,
        36,
        71,
        74,
        52,
        74,
        33,
        63
    ]
}