{
    "id": 7284,
    "category": 12,
    "location": [
        -115.26028,
        32.70639
    ],
    "keywords": [
        42,
        30,
        33,
        30,
        54,
        52,
        45,
        10,
        55,
        56,
        68,
        13,
        49,
        8
    ]
}