{
    "id": 72843,
    "category": 50,
    "location": [
        -121.31778,
        37.95944
    ],
    "keywords": [
        74,
        38,
        3,
        17,
        22,
        42,
        3,
        20,
        53,
        46,
        40
    ]
}