{
    "id": 72853,
    "category": 50,
    "location": [
        -121.32389,
        35.76889
    ],
    "keywords": [
        36,
        29,
        55,
        17,
        15,
        22,
        7,
        30,
        54,
        9,
        41,
        42
    ]
}