{
    "id": 72864,
    "category": 50,
    "location": [
        -121.33167,
        38.64417
    ],
    "keywords": []
}