{
    "id": 72862,
    "category": 50,
    "location": [
        -121.33083,
        38.00833
    ],
    "keywords": [
        10,
        44,
        38,
        71,
        16,
        59,
        72,
        60,
        19
    ]
}