{
    "id": 72866,
    "category": 50,
    "location": [
        -121.33306,
        37.96583
    ],
    "keywords": [
        60,
        75,
        58,
        71,
        26,
        21,
        25,
        63,
        0,
        26,
        3,
        56,
        12,
        61,
        22
    ]
}