{
    "id": 72874,
    "category": 50,
    "location": [
        -121.33528,
        38.56222
    ],
    "keywords": [
        65,
        34,
        52,
        64,
        23,
        66,
        28
    ]
}