{
    "id": 72880,
    "category": 50,
    "location": [
        -121.33611,
        38.62056
    ],
    "keywords": [
        45,
        11
    ]
}