{
    "id": 72893,
    "category": 50,
    "location": [
        -121.34056,
        37.88806
    ],
    "keywords": [
        46,
        55,
        24,
        63
    ]
}