{
    "id": 72906,
    "category": 50,
    "location": [
        -121.34583,
        38.56111
    ],
    "keywords": [
        58,
        10,
        19,
        37,
        72,
        14,
        33,
        4,
        14,
        16
    ]
}