{
    "id": 72928,
    "category": 50,
    "location": [
        -121.35528,
        38.68611
    ],
    "keywords": [
        6,
        59,
        29,
        18,
        20,
        64,
        67,
        9,
        48,
        34
    ]
}