{
    "id": 72951,
    "category": 50,
    "location": [
        -121.36611,
        38.54222
    ],
    "keywords": [
        22,
        30,
        28
    ]
}