{
    "id": 7296,
    "category": 12,
    "location": [
        -115.28306,
        32.70333
    ],
    "keywords": [
        30,
        75,
        44,
        34,
        16,
        73,
        31
    ]
}