{
    "id": 72962,
    "category": 50,
    "location": [
        -121.36944,
        39.29694
    ],
    "keywords": [
        54,
        68,
        71,
        71,
        54,
        34,
        38
    ]
}