{
    "id": 72975,
    "category": 50,
    "location": [
        -121.37278,
        38.40667
    ],
    "keywords": [
        37
    ]
}