{
    "id": 73009,
    "category": 50,
    "location": [
        -121.38833,
        38.72083
    ],
    "keywords": [
        25,
        27
    ]
}