{
    "id": 73001,
    "category": 50,
    "location": [
        -121.38417,
        38.72028
    ],
    "keywords": [
        59,
        15,
        37,
        17,
        12,
        26,
        49,
        60,
        46
    ]
}