{
    "id": 73013,
    "category": 50,
    "location": [
        -121.39167,
        38.41639
    ],
    "keywords": [
        9,
        57,
        20,
        51,
        46,
        47,
        20,
        20,
        3,
        52
    ]
}