{
    "id": 73015,
    "category": 50,
    "location": [
        -121.39167,
        38.72806
    ],
    "keywords": [
        43,
        0,
        36,
        23,
        47,
        59,
        42,
        12,
        8,
        59
    ]
}