{
    "id": 73019,
    "category": 50,
    "location": [
        -121.39333,
        38.62556
    ],
    "keywords": [
        21,
        14,
        29,
        11,
        69,
        10,
        49,
        20,
        5
    ]
}