{
    "id": 73046,
    "category": 50,
    "location": [
        -121.40667,
        39.39056
    ],
    "keywords": [
        23,
        45,
        22,
        51,
        40
    ]
}