{
    "id": 73057,
    "category": 50,
    "location": [
        -121.41278,
        38.60889
    ],
    "keywords": [
        60,
        73,
        75,
        53,
        58,
        1,
        41,
        53,
        53,
        38,
        7
    ]
}