{
    "id": 7307,
    "category": 12,
    "location": [
        -115.29361,
        32.91639
    ],
    "keywords": [
        39,
        35,
        6,
        28,
        41,
        51,
        65,
        44,
        75,
        18,
        0
    ]
}