{
    "id": 73087,
    "category": 50,
    "location": [
        -121.42444,
        37.90472
    ],
    "keywords": [
        63,
        9,
        74,
        4,
        45
    ]
}