{
    "id": 73103,
    "category": 50,
    "location": [
        -121.42972,
        39.00694
    ],
    "keywords": [
        20,
        67,
        13,
        48,
        47,
        2,
        31,
        20,
        69,
        59
    ]
}