{
    "id": 73100,
    "category": 50,
    "location": [
        -121.42889,
        38.51667
    ],
    "keywords": [
        70,
        50,
        27,
        31,
        36,
        45,
        46,
        3,
        45,
        14
    ]
}