{
    "id": 73110,
    "category": 50,
    "location": [
        -121.43194,
        38.48917
    ],
    "keywords": [
        55,
        66,
        26,
        73,
        35,
        69,
        64,
        28,
        42,
        19,
        42,
        72,
        23
    ]
}