{
    "id": 73119,
    "category": 50,
    "location": [
        -121.43472,
        37.68194
    ],
    "keywords": [
        55,
        55,
        52,
        68,
        68,
        14,
        29,
        59,
        35,
        71,
        32,
        62,
        33,
        51
    ]
}