{
    "id": 73163,
    "category": 50,
    "location": [
        -121.44889,
        37.80306
    ],
    "keywords": [
        75,
        33,
        8,
        46
    ]
}