{
    "id": 73164,
    "category": 50,
    "location": [
        -121.44917,
        38.55694
    ],
    "keywords": [
        9,
        55,
        44,
        58,
        47,
        9,
        21
    ]
}