{
    "id": 73162,
    "category": 50,
    "location": [
        -121.44861,
        38.60306
    ],
    "keywords": [
        35,
        65,
        73,
        43,
        33,
        25,
        30
    ]
}