{
    "id": 73165,
    "category": 50,
    "location": [
        -121.44944,
        38.57722
    ],
    "keywords": [
        73,
        40,
        49,
        2,
        49,
        70,
        4,
        3
    ]
}