{
    "id": 7316,
    "category": 12,
    "location": [
        -115.29917,
        32.97083
    ],
    "keywords": [
        42,
        61,
        49,
        7,
        25,
        24,
        36,
        51,
        20
    ]
}