{
    "id": 73182,
    "category": 50,
    "location": [
        -121.45389,
        38.52639
    ],
    "keywords": [
        2,
        12,
        16,
        72,
        30,
        65,
        0,
        66
    ]
}