{
    "id": 7319,
    "category": 12,
    "location": [
        -115.30194,
        32.89083
    ],
    "keywords": [
        3,
        14,
        35,
        61,
        73,
        52,
        36,
        20,
        72,
        41,
        65
    ]
}