{
    "id": 73211,
    "category": 50,
    "location": [
        -121.46694,
        38.57694
    ],
    "keywords": [
        4,
        9
    ]
}