{
    "id": 73217,
    "category": 50,
    "location": [
        -121.47222,
        38.48056
    ],
    "keywords": [
        68,
        52,
        57,
        38,
        65,
        2
    ]
}