{
    "id": 73254,
    "category": 50,
    "location": [
        -121.49194,
        36.32806
    ],
    "keywords": [
        71,
        40,
        14,
        39,
        20,
        28,
        24,
        7,
        27,
        8,
        7,
        66,
        64
    ]
}