{
    "id": 73259,
    "category": 50,
    "location": [
        -121.49417,
        38.55194
    ],
    "keywords": [
        37,
        71,
        44,
        22
    ]
}