{
    "id": 73279,
    "category": 50,
    "location": [
        -121.50833,
        36.50611
    ],
    "keywords": [
        1,
        28,
        44,
        40,
        29,
        17,
        44,
        73,
        56,
        38,
        71
    ]
}