{
    "id": 73287,
    "category": 50,
    "location": [
        -121.51306,
        37.75111
    ],
    "keywords": [
        24,
        54,
        33,
        49,
        21,
        42
    ]
}