{
    "id": 73288,
    "category": 50,
    "location": [
        -121.51472,
        36.57222
    ],
    "keywords": [
        27,
        23,
        68
    ]
}