{
    "id": 73281,
    "category": 50,
    "location": [
        -121.50944,
        39.21444
    ],
    "keywords": [
        38,
        35,
        23,
        65,
        61,
        23,
        31,
        60,
        45,
        7,
        70,
        66,
        55,
        17
    ]
}