{
    "id": 73295,
    "category": 50,
    "location": [
        -121.52167,
        37.00056
    ],
    "keywords": []
}