{
    "id": 73349,
    "category": 50,
    "location": [
        -121.55028,
        36.03111
    ],
    "keywords": [
        4,
        43,
        2,
        7,
        36,
        67,
        55,
        55,
        35,
        26
    ]
}