{
    "id": 73350,
    "category": 50,
    "location": [
        -121.55083,
        39.07694
    ],
    "keywords": [
        3,
        30,
        34,
        9,
        12,
        55,
        57
    ]
}