{
    "id": 73361,
    "category": 50,
    "location": [
        -121.56389,
        38.33028
    ],
    "keywords": [
        46,
        14,
        66,
        16,
        15,
        30
    ]
}