{
    "id": 73397,
    "category": 50,
    "location": [
        -121.60056,
        39.35028
    ],
    "keywords": [
        70,
        40,
        23,
        31,
        25,
        56,
        12,
        2,
        26,
        67
    ]
}