{
    "id": 73401,
    "category": 50,
    "location": [
        -121.60417,
        36.58889
    ],
    "keywords": []
}