{
    "id": 73406,
    "category": 50,
    "location": [
        -121.60639,
        36.69472
    ],
    "keywords": [
        32,
        69,
        74,
        16,
        12,
        10
    ]
}