{
    "id": 73404,
    "category": 50,
    "location": [
        -121.60556,
        37.13611
    ],
    "keywords": [
        2,
        47,
        22,
        25,
        18,
        0
    ]
}