{
    "id": 73412,
    "category": 50,
    "location": [
        -121.60972,
        39.38306
    ],
    "keywords": [
        60,
        73,
        19,
        27,
        36,
        7,
        70,
        13,
        6,
        68,
        64,
        61
    ]
}