{
    "id": 73423,
    "category": 50,
    "location": [
        -121.61833,
        36.67639
    ],
    "keywords": [
        12,
        4
    ]
}