{
    "id": 73424,
    "category": 50,
    "location": [
        -121.61833,
        38.86556
    ],
    "keywords": [
        11,
        16,
        61,
        42,
        25,
        55,
        58,
        64,
        13,
        31,
        74,
        2
    ]
}