{
    "id": 73433,
    "category": 50,
    "location": [
        -121.62389,
        39.14694
    ],
    "keywords": [
        59,
        1,
        68,
        18,
        56,
        13,
        43,
        40,
        20,
        25
    ]
}