{
    "id": 73454,
    "category": 50,
    "location": [
        -121.64056,
        37.89667
    ],
    "keywords": [
        60,
        0,
        56,
        47,
        27,
        43,
        63,
        14,
        74,
        73,
        10,
        18
    ]
}