{
    "id": 73450,
    "category": 50,
    "location": [
        -121.63611,
        36.70361
    ],
    "keywords": [
        75,
        75,
        56,
        32,
        25,
        19,
        11,
        7,
        29
    ]
}