{
    "id": 73462,
    "category": 50,
    "location": [
        -121.64444,
        36.68694
    ],
    "keywords": [
        2,
        37,
        39,
        69,
        35,
        10,
        25,
        27
    ]
}