{
    "id": 73469,
    "category": 50,
    "location": [
        -121.64833,
        36.73333
    ],
    "keywords": [
        23,
        21,
        11
    ]
}