{
    "id": 73479,
    "category": 50,
    "location": [
        -121.65417,
        40.88278
    ],
    "keywords": [
        65,
        17,
        45,
        7,
        19,
        55,
        60,
        23,
        50,
        3
    ]
}