{
    "id": 73482,
    "category": 50,
    "location": [
        -121.65583,
        36.66694
    ],
    "keywords": []
}