{
    "id": 73481,
    "category": 50,
    "location": [
        -121.65556,
        39.43528
    ],
    "keywords": []
}