{
    "id": 73509,
    "category": 50,
    "location": [
        -121.66778,
        36.77528
    ],
    "keywords": [
        2,
        59,
        49,
        60,
        5,
        32
    ]
}