{
    "id": 73515,
    "category": 50,
    "location": [
        -121.67278,
        39.88278
    ],
    "keywords": [
        2,
        66,
        45,
        23,
        33
    ]
}