{
    "id": 73522,
    "category": 50,
    "location": [
        -121.67806,
        39.18722
    ],
    "keywords": [
        20,
        74,
        43,
        4,
        62,
        12,
        13,
        74
    ]
}