{
    "id": 73548,
    "category": 50,
    "location": [
        -121.70389,
        36.59556
    ],
    "keywords": [
        19
    ]
}