{
    "id": 73545,
    "category": 50,
    "location": [
        -121.69972,
        36.92583
    ],
    "keywords": [
        28,
        67
    ]
}