{
    "id": 73558,
    "category": 50,
    "location": [
        -121.71556,
        37.99444
    ],
    "keywords": [
        38,
        19,
        33,
        40,
        70
    ]
}