{
    "id": 73567,
    "category": 50,
    "location": [
        -121.72389,
        36.53778
    ],
    "keywords": [
        34,
        6,
        60
    ]
}