{
    "id": 73564,
    "category": 50,
    "location": [
        -121.71944,
        38.79833
    ],
    "keywords": [
        40
    ]
}