{
    "id": 73573,
    "category": 50,
    "location": [
        -121.72833,
        37.72583
    ],
    "keywords": [
        70,
        23,
        24,
        59,
        52,
        2
    ]
}