{
    "id": 73582,
    "category": 50,
    "location": [
        -121.73389,
        36.48361
    ],
    "keywords": [
        27,
        34,
        7,
        11,
        54,
        71,
        70,
        26,
        7,
        6,
        32,
        69,
        29,
        2
    ]
}