{
    "id": 73592,
    "category": 50,
    "location": [
        -121.74417,
        38.54778
    ],
    "keywords": [
        20,
        59,
        14,
        50,
        66,
        27,
        0,
        62,
        19,
        29,
        28,
        48,
        12
    ]
}