{
    "id": 73598,
    "category": 50,
    "location": [
        -121.74583,
        40.44194
    ],
    "keywords": [
        51,
        43,
        5,
        49,
        9,
        50,
        42,
        12,
        19,
        21,
        47,
        71
    ]
}