{
    "id": 7359,
    "category": 12,
    "location": [
        -115.33028,
        32.81833
    ],
    "keywords": [
        73,
        22,
        15,
        56
    ]
}