{
    "id": 73625,
    "category": 50,
    "location": [
        -121.75889,
        36.91472
    ],
    "keywords": [
        70,
        26,
        6,
        68,
        42
    ]
}