{
    "id": 73646,
    "category": 50,
    "location": [
        -121.76972,
        36.83833
    ],
    "keywords": [
        50,
        15,
        24,
        17,
        55,
        1,
        22,
        0,
        31,
        70,
        62,
        71
    ]
}