{
    "id": 73657,
    "category": 50,
    "location": [
        -121.77528,
        41.91667
    ],
    "keywords": [
        26,
        12,
        44
    ]
}