{
    "id": 73658,
    "category": 50,
    "location": [
        -121.77556,
        36.97444
    ],
    "keywords": [
        11,
        27,
        56,
        23,
        23,
        53,
        24,
        39,
        74,
        21,
        63,
        75,
        47,
        8
    ]
}