{
    "id": 73654,
    "category": 50,
    "location": [
        -121.77389,
        37.66972
    ],
    "keywords": [
        73,
        40,
        61,
        45,
        65,
        70,
        26,
        57,
        30,
        63,
        70,
        21,
        50,
        63,
        9
    ]
}