{
    "id": 73668,
    "category": 50,
    "location": [
        -121.78389,
        36.24222
    ],
    "keywords": [
        33,
        71,
        32,
        1
    ]
}