{
    "id": 73685,
    "category": 50,
    "location": [
        -121.79139,
        38.00028
    ],
    "keywords": [
        10
    ]
}