{
    "id": 73687,
    "category": 50,
    "location": [
        -121.79194,
        37.66306
    ],
    "keywords": [
        2,
        21,
        53,
        74,
        33,
        1,
        46,
        15,
        14,
        7,
        41,
        75,
        31,
        15,
        12
    ]
}