{
    "id": 73695,
    "category": 50,
    "location": [
        -121.79611,
        37.66611
    ],
    "keywords": [
        1,
        14,
        72,
        26,
        50,
        54,
        73
    ]
}