{
    "id": 73693,
    "category": 50,
    "location": [
        -121.79417,
        37.23444
    ],
    "keywords": [
        25,
        27,
        50,
        40,
        66,
        43,
        31,
        53,
        8,
        17,
        44
    ]
}