{
    "id": 73692,
    "category": 50,
    "location": [
        -121.79361,
        38.65806
    ],
    "keywords": [
        58,
        74,
        30,
        51,
        34,
        55,
        58,
        65
    ]
}