{
    "id": 73705,
    "category": 50,
    "location": [
        -121.79944,
        37.99611
    ],
    "keywords": [
        17,
        27,
        10
    ]
}