{
    "id": 73701,
    "category": 50,
    "location": [
        -121.79806,
        36.88167
    ],
    "keywords": [
        10,
        56,
        8,
        64
    ]
}