{
    "id": 73703,
    "category": 50,
    "location": [
        -121.79889,
        37.99361
    ],
    "keywords": [
        50,
        3,
        48,
        4
    ]
}