{
    "id": 73709,
    "category": 50,
    "location": [
        -121.80056,
        36.67556
    ],
    "keywords": [
        73,
        8,
        47,
        29,
        57,
        55,
        47,
        75,
        75
    ]
}