{
    "id": 73741,
    "category": 50,
    "location": [
        -121.81333,
        39.75833
    ],
    "keywords": [
        8,
        66,
        23,
        75,
        66,
        15,
        59,
        10,
        7,
        25,
        75,
        75,
        5,
        54
    ]
}