{
    "id": 73748,
    "category": 50,
    "location": [
        -121.81472,
        38.00639
    ],
    "keywords": [
        45,
        0,
        0
    ]
}