{
    "id": 73752,
    "category": 50,
    "location": [
        -121.81667,
        36.62389
    ],
    "keywords": [
        63,
        28,
        64,
        46,
        21,
        34,
        41,
        54,
        68,
        31,
        28,
        32,
        50,
        34
    ]
}