{
    "id": 73767,
    "category": 50,
    "location": [
        -121.82194,
        37.70139
    ],
    "keywords": [
        63,
        8,
        32,
        3
    ]
}