{
    "id": 73761,
    "category": 50,
    "location": [
        -121.81972,
        37.24139
    ],
    "keywords": [
        60,
        39,
        46
    ]
}