{
    "id": 73783,
    "category": 50,
    "location": [
        -121.82778,
        37.28194
    ],
    "keywords": [
        42,
        74,
        72,
        69,
        36,
        32,
        57,
        26,
        74,
        47,
        39,
        66,
        2
    ]
}