{
    "id": 73798,
    "category": 50,
    "location": [
        -121.83222,
        37.38167
    ],
    "keywords": [
        15,
        13,
        40,
        18,
        45,
        1,
        27,
        6,
        66,
        1,
        1
    ]
}