{
    "id": 73797,
    "category": 50,
    "location": [
        -121.83194,
        38.44917
    ],
    "keywords": [
        69,
        2,
        57,
        35,
        53,
        56,
        69,
        59,
        5,
        73,
        74,
        41
    ]
}