{
    "id": 73803,
    "category": 50,
    "location": [
        -121.83333,
        37.32667
    ],
    "keywords": []
}