{
    "id": 73845,
    "category": 50,
    "location": [
        -121.84917,
        36.99722
    ],
    "keywords": [
        21,
        68,
        22,
        67,
        74,
        19,
        74,
        59,
        38
    ]
}