{
    "id": 73854,
    "category": 50,
    "location": [
        -121.85083,
        39.73889
    ],
    "keywords": [
        17,
        66,
        28
    ]
}