{
    "id": 73873,
    "category": 50,
    "location": [
        -121.86139,
        36.31389
    ],
    "keywords": [
        32,
        51,
        57,
        72,
        73,
        55,
        58,
        18,
        62,
        16,
        36,
        70,
        44
    ]
}