{
    "id": 7387,
    "category": 12,
    "location": [
        -115.34528,
        32.69056
    ],
    "keywords": [
        66
    ]
}