{
    "id": 73906,
    "category": 50,
    "location": [
        -121.87333,
        38.00639
    ],
    "keywords": [
        9
    ]
}