{
    "id": 73900,
    "category": 50,
    "location": [
        -121.87194,
        37.34667
    ],
    "keywords": [
        64,
        72,
        21,
        57,
        0,
        17,
        14,
        22,
        17
    ]
}