{
    "id": 73903,
    "category": 50,
    "location": [
        -121.87278,
        37.66806
    ],
    "keywords": [
        45,
        31,
        54,
        24,
        44,
        7,
        8,
        10,
        65
    ]
}