{
    "id": 7392,
    "category": 12,
    "location": [
        -115.35194,
        32.68528
    ],
    "keywords": []
}