{
    "id": 73923,
    "category": 50,
    "location": [
        -121.88028,
        37.44222
    ],
    "keywords": []
}