{
    "id": 73927,
    "category": 50,
    "location": [
        -121.88083,
        37.32944
    ],
    "keywords": [
        42
    ]
}