{
    "id": 73930,
    "category": 50,
    "location": [
        -121.88167,
        37.24722
    ],
    "keywords": [
        8,
        37,
        14,
        47,
        26,
        38,
        46,
        56,
        12,
        37,
        42,
        52,
        55
    ]
}