{
    "id": 7394,
    "category": 12,
    "location": [
        -115.35361,
        32.87889
    ],
    "keywords": []
}