{
    "id": 73943,
    "category": 50,
    "location": [
        -121.88389,
        37.59389
    ],
    "keywords": [
        35,
        24,
        30,
        59,
        1,
        57,
        11,
        8,
        2,
        16,
        54,
        63,
        55,
        19
    ]
}