{
    "id": 73953,
    "category": 50,
    "location": [
        -121.88528,
        38.02778
    ],
    "keywords": [
        55,
        5,
        30,
        42,
        51
    ]
}