{
    "id": 73958,
    "category": 50,
    "location": [
        -121.88667,
        37.28028
    ],
    "keywords": [
        69,
        9,
        11,
        60,
        59,
        66
    ]
}