{
    "id": 73951,
    "category": 50,
    "location": [
        -121.88528,
        36.31028
    ],
    "keywords": [
        53,
        10,
        58,
        48,
        20,
        38,
        13,
        17,
        39,
        74,
        27
    ]
}