{
    "id": 73971,
    "category": 50,
    "location": [
        -121.89389,
        36.97722
    ],
    "keywords": [
        61,
        30,
        62,
        25,
        27,
        4,
        71,
        17,
        65,
        33,
        25,
        8,
        10,
        11
    ]
}