{
    "id": 73975,
    "category": 50,
    "location": [
        -121.89528,
        36.60333
    ],
    "keywords": [
        56,
        74,
        60,
        21,
        30,
        60,
        60,
        13,
        11,
        48,
        68,
        65
    ]
}