{
    "id": 73982,
    "category": 50,
    "location": [
        -121.89611,
        37.24917
    ],
    "keywords": [
        18,
        24,
        29,
        17,
        10,
        32,
        59,
        71,
        33,
        71,
        25
    ]
}