{
    "id": 73988,
    "category": 50,
    "location": [
        -121.89861,
        37.34667
    ],
    "keywords": [
        29,
        0,
        70,
        71,
        39,
        56,
        27,
        43,
        18,
        7,
        38,
        54,
        6
    ]
}