{
    "id": 73991,
    "category": 50,
    "location": [
        -121.89917,
        37.35833
    ],
    "keywords": [
        52,
        13,
        10,
        48,
        46,
        75,
        18,
        71,
        55,
        26,
        1,
        67,
        50,
        56
    ]
}