{
    "id": 73999,
    "category": 50,
    "location": [
        -121.90139,
        36.39667
    ],
    "keywords": []
}