{
    "id": 73997,
    "category": 50,
    "location": [
        -121.90028,
        37.31083
    ],
    "keywords": [
        38,
        45,
        29,
        2,
        62,
        42,
        14,
        64,
        63,
        7,
        33,
        31
    ]
}