{
    "id": 740,
    "category": 0,
    "location": [
        -121.29111,
        39.45528
    ],
    "keywords": [
        12,
        70,
        15,
        6,
        74,
        1,
        12,
        19,
        63,
        27,
        71
    ]
}