{
    "id": 74004,
    "category": 50,
    "location": [
        -121.90306,
        36.61333
    ],
    "keywords": [
        51,
        30,
        18,
        0,
        8
    ]
}