{
    "id": 74024,
    "category": 50,
    "location": [
        -121.91083,
        37.36306
    ],
    "keywords": [
        48,
        24,
        0,
        64,
        68,
        9,
        71,
        67,
        8,
        66,
        39,
        28
    ]
}