{
    "id": 74036,
    "category": 50,
    "location": [
        -121.91583,
        36.61778
    ],
    "keywords": [
        8,
        57,
        6,
        64,
        70,
        23,
        14,
        72,
        35,
        71,
        6,
        56,
        40,
        70
    ]
}