{
    "id": 74035,
    "category": 50,
    "location": [
        -121.91583,
        36.61778
    ],
    "keywords": [
        9,
        52,
        18,
        9,
        45
    ]
}