{
    "id": 74049,
    "category": 50,
    "location": [
        -121.91917,
        36.61417
    ],
    "keywords": [
        45,
        43,
        31,
        61
    ]
}