{
    "id": 74055,
    "category": 50,
    "location": [
        -121.91972,
        37.70972
    ],
    "keywords": [
        75,
        58,
        25,
        59,
        74,
        11,
        58,
        12,
        65,
        32,
        34,
        22
    ]
}