{
    "id": 74062,
    "category": 50,
    "location": [
        -121.92194,
        36.56306
    ],
    "keywords": [
        14,
        2,
        29,
        28,
        28,
        13,
        70,
        67
    ]
}