{
    "id": 74065,
    "category": 50,
    "location": [
        -121.92222,
        36.98889
    ],
    "keywords": [
        68,
        13,
        30,
        16,
        71,
        12,
        33,
        41,
        25,
        74,
        64,
        66,
        15,
        14,
        24
    ]
}