{
    "id": 74086,
    "category": 50,
    "location": [
        -121.92639,
        40.73806
    ],
    "keywords": [
        41,
        2,
        6,
        32,
        26,
        55,
        12,
        74,
        55,
        30,
        21
    ]
}