{
    "id": 74103,
    "category": 50,
    "location": [
        -121.93167,
        37.72194
    ],
    "keywords": [
        23,
        48,
        12,
        66,
        41,
        75,
        9
    ]
}