{
    "id": 74128,
    "category": 50,
    "location": [
        -121.94083,
        37.33222
    ],
    "keywords": [
        49,
        57,
        8,
        64,
        16
    ]
}