{
    "id": 74120,
    "category": 50,
    "location": [
        -121.93861,
        37.94194
    ],
    "keywords": []
}