{
    "id": 74129,
    "category": 50,
    "location": [
        -121.94083,
        37.73861
    ],
    "keywords": [
        9,
        61
    ]
}