{
    "id": 74121,
    "category": 50,
    "location": [
        -121.93889,
        37.34917
    ],
    "keywords": [
        23,
        8,
        48,
        50
    ]
}