{
    "id": 74132,
    "category": 50,
    "location": [
        -121.94194,
        37.34722
    ],
    "keywords": [
        12,
        0,
        49,
        3,
        55,
        11,
        21,
        33,
        41,
        53,
        17,
        30,
        30
    ]
}