{
    "id": 7414,
    "category": 12,
    "location": [
        -115.36083,
        32.83333
    ],
    "keywords": [
        7,
        53,
        64,
        29,
        17,
        24,
        24,
        1,
        1,
        29
    ]
}