{
    "id": 74159,
    "category": 50,
    "location": [
        -121.94889,
        37.75528
    ],
    "keywords": [
        59,
        37,
        52,
        43,
        71,
        43,
        42,
        60,
        68,
        70,
        44
    ]
}