{
    "id": 74160,
    "category": 50,
    "location": [
        -121.94944,
        36.58222
    ],
    "keywords": [
        62,
        59,
        44,
        62,
        62,
        72,
        22,
        64,
        2,
        3,
        74,
        52,
        32,
        11
    ]
}