{
    "id": 74163,
    "category": 50,
    "location": [
        -121.95083,
        37.22722
    ],
    "keywords": [
        35,
        8,
        54,
        43
    ]
}