{
    "id": 74165,
    "category": 50,
    "location": [
        -121.95167,
        38.66222
    ],
    "keywords": [
        29,
        17,
        67,
        20,
        66,
        42,
        15
    ]
}