{
    "id": 74185,
    "category": 50,
    "location": [
        -121.95556,
        37.23417
    ],
    "keywords": [
        41,
        66,
        39
    ]
}