{
    "id": 74202,
    "category": 50,
    "location": [
        -121.96028,
        38.27639
    ],
    "keywords": [
        48,
        24,
        19,
        35
    ]
}