{
    "id": 74224,
    "category": 50,
    "location": [
        -121.96611,
        37.42472
    ],
    "keywords": [
        31,
        7,
        39,
        67,
        34,
        43,
        44,
        1
    ]
}