{
    "id": 74222,
    "category": 50,
    "location": [
        -121.96583,
        38.34583
    ],
    "keywords": [
        72,
        44,
        28,
        37
    ]
}