{
    "id": 74232,
    "category": 50,
    "location": [
        -121.96806,
        37.28722
    ],
    "keywords": [
        42,
        5,
        71
    ]
}