{
    "id": 74245,
    "category": 50,
    "location": [
        -121.97167,
        37.31278
    ],
    "keywords": [
        8,
        29,
        0,
        46,
        49,
        47,
        45,
        1,
        12
    ]
}