{
    "id": 74256,
    "category": 50,
    "location": [
        -121.97417,
        37.33972
    ],
    "keywords": [
        23,
        61,
        54
    ]
}