{
    "id": 74328,
    "category": 50,
    "location": [
        -121.98806,
        38.59139
    ],
    "keywords": [
        19
    ]
}