{
    "id": 74338,
    "category": 50,
    "location": [
        -121.99028,
        37.29833
    ],
    "keywords": []
}