{
    "id": 74358,
    "category": 50,
    "location": [
        -121.99556,
        39.36417
    ],
    "keywords": []
}