{
    "id": 74373,
    "category": 50,
    "location": [
        -122.00056,
        37.58167
    ],
    "keywords": [
        22,
        15,
        32,
        55,
        17,
        18,
        19,
        52,
        6,
        37
    ]
}