{
    "id": 74372,
    "category": 50,
    "location": [
        -122.00056,
        37.28917
    ],
    "keywords": [
        47,
        31,
        17,
        74,
        25,
        32,
        6,
        41,
        58
    ]
}