{
    "id": 74374,
    "category": 50,
    "location": [
        -122.00083,
        37.52111
    ],
    "keywords": [
        70,
        59,
        73,
        33,
        24,
        55,
        24,
        63,
        34
    ]
}