{
    "id": 74393,
    "category": 50,
    "location": [
        -122.00639,
        37.30667
    ],
    "keywords": [
        63,
        43,
        7,
        0,
        35,
        3,
        66,
        36,
        36,
        65
    ]
}