{
    "id": 744,
    "category": 0,
    "location": [
        -121.31472,
        38.43583
    ],
    "keywords": [
        20,
        25,
        13,
        56,
        3,
        17
    ]
}