{
    "id": 74412,
    "category": 50,
    "location": [
        -122.00944,
        37.29194
    ],
    "keywords": [
        21
    ]
}