{
    "id": 7443,
    "category": 12,
    "location": [
        -115.37389,
        32.75389
    ],
    "keywords": [
        33,
        57,
        9,
        7,
        52,
        22
    ]
}