{
    "id": 74484,
    "category": 50,
    "location": [
        -122.02556,
        36.95528
    ],
    "keywords": [
        72,
        33,
        14,
        13
    ]
}