{
    "id": 74495,
    "category": 50,
    "location": [
        -122.02694,
        37.84083
    ],
    "keywords": [
        23,
        32,
        30,
        75,
        51,
        47
    ]
}