{
    "id": 74504,
    "category": 50,
    "location": [
        -122.02889,
        38.27111
    ],
    "keywords": [
        40,
        5,
        68,
        50,
        66,
        1,
        58,
        15,
        35,
        56,
        6,
        2,
        3,
        52,
        21
    ]
}