{
    "id": 74511,
    "category": 50,
    "location": [
        -122.02972,
        38.27472
    ],
    "keywords": [
        63,
        0,
        17,
        55,
        65,
        68,
        22,
        59,
        46,
        59,
        33,
        30,
        27,
        68
    ]
}