{
    "id": 74566,
    "category": 50,
    "location": [
        -122.04333,
        37.34361
    ],
    "keywords": [
        35,
        10,
        7,
        29,
        33,
        16,
        22,
        16
    ]
}