{
    "id": 74562,
    "category": 50,
    "location": [
        -122.04278,
        37.57667
    ],
    "keywords": [
        60,
        12,
        52,
        28,
        64,
        57,
        36,
        52,
        54,
        57,
        8,
        19,
        61,
        50,
        71
    ]
}