{
    "id": 74575,
    "category": 50,
    "location": [
        -122.04611,
        37.52861
    ],
    "keywords": [
        26,
        70,
        19,
        8,
        42,
        43,
        59,
        72,
        2,
        54,
        67,
        63,
        52
    ]
}