{
    "id": 74577,
    "category": 50,
    "location": [
        -122.04639,
        37.30361
    ],
    "keywords": [
        54,
        15,
        38,
        61,
        23,
        16,
        65,
        37,
        53,
        27,
        59
    ]
}