{
    "id": 74570,
    "category": 50,
    "location": [
        -122.04444,
        37.95444
    ],
    "keywords": [
        32,
        31,
        17,
        62,
        59,
        23,
        18,
        5,
        65,
        9,
        3,
        10,
        45,
        36
    ]
}