{
    "id": 7461,
    "category": 12,
    "location": [
        -115.39556,
        32.77639
    ],
    "keywords": [
        68,
        44,
        52,
        53,
        56,
        68
    ]
}