{
    "id": 7462,
    "category": 12,
    "location": [
        -115.39583,
        32.73778
    ],
    "keywords": [
        21,
        22,
        31,
        54,
        15,
        49,
        5
    ]
}