{
    "id": 74621,
    "category": 50,
    "location": [
        -122.05806,
        37.39667
    ],
    "keywords": [
        26,
        12,
        44,
        0,
        28,
        25,
        26,
        18,
        68
    ]
}