{
    "id": 74623,
    "category": 50,
    "location": [
        -122.05833,
        37.64389
    ],
    "keywords": [
        64
    ]
}