{
    "id": 74624,
    "category": 50,
    "location": [
        -122.05833,
        39.01611
    ],
    "keywords": [
        32,
        62,
        61,
        74,
        48,
        73,
        11
    ]
}