{
    "id": 74644,
    "category": 50,
    "location": [
        -122.06667,
        37.88722
    ],
    "keywords": [
        9,
        11,
        45,
        44,
        71,
        0,
        55,
        10,
        34,
        46,
        53,
        12,
        58
    ]
}