{
    "id": 74666,
    "category": 50,
    "location": [
        -122.07194,
        37.70694
    ],
    "keywords": [
        56,
        63,
        71,
        5,
        59
    ]
}