{
    "id": 74662,
    "category": 50,
    "location": [
        -122.07111,
        37.38833
    ],
    "keywords": [
        66,
        54,
        17,
        36,
        52,
        31,
        71,
        50,
        12,
        33,
        49,
        57,
        27
    ]
}