{
    "id": 74665,
    "category": 50,
    "location": [
        -122.07139,
        37.98194
    ],
    "keywords": [
        74,
        49,
        69,
        17,
        11,
        52,
        11,
        36,
        68,
        28,
        65,
        74,
        49,
        10,
        33
    ]
}