{
    "id": 74674,
    "category": 50,
    "location": [
        -122.07444,
        37.63833
    ],
    "keywords": [
        47,
        53,
        34,
        54,
        55,
        45,
        11,
        74,
        39,
        42,
        22,
        39,
        1,
        3
    ]
}