{
    "id": 74673,
    "category": 50,
    "location": [
        -122.07444,
        37.59361
    ],
    "keywords": [
        75
    ]
}