{
    "id": 74699,
    "category": 50,
    "location": [
        -122.08139,
        37.33389
    ],
    "keywords": [
        22,
        19,
        5,
        64,
        34
    ]
}