{
    "id": 74702,
    "category": 50,
    "location": [
        -122.08194,
        37.37833
    ],
    "keywords": [
        39,
        75,
        15,
        17,
        8,
        65,
        55,
        37,
        61
    ]
}