{
    "id": 74706,
    "category": 50,
    "location": [
        -122.08278,
        37.38806
    ],
    "keywords": [
        7,
        41,
        65,
        27
    ]
}