{
    "id": 74707,
    "category": 50,
    "location": [
        -122.08333,
        39.79778
    ],
    "keywords": [
        27,
        41,
        56,
        27,
        36,
        45
    ]
}