{
    "id": 74748,
    "category": 50,
    "location": [
        -122.09389,
        37.29028
    ],
    "keywords": []
}