{
    "id": 74782,
    "category": 50,
    "location": [
        -122.10694,
        37.84111
    ],
    "keywords": []
}