{
    "id": 74816,
    "category": 50,
    "location": [
        -122.12111,
        37.39417
    ],
    "keywords": [
        38,
        13,
        41,
        49,
        21,
        65,
        24,
        9,
        15,
        56,
        59,
        65
    ]
}