{
    "id": 7481,
    "category": 12,
    "location": [
        -115.40778,
        32.67556
    ],
    "keywords": [
        23,
        43,
        23,
        25,
        65,
        6,
        14,
        12,
        10,
        55,
        61
    ]
}