{
    "id": 74828,
    "category": 50,
    "location": [
        -122.12361,
        37.69333
    ],
    "keywords": [
        65,
        20,
        29,
        27,
        58,
        22,
        72,
        27
    ]
}