{
    "id": 74835,
    "category": 50,
    "location": [
        -122.12583,
        37.86694
    ],
    "keywords": [
        66,
        59,
        75,
        48,
        27,
        72,
        16,
        23,
        75,
        42
    ]
}