{
    "id": 74830,
    "category": 50,
    "location": [
        -122.12417,
        37.75306
    ],
    "keywords": [
        15,
        59,
        65,
        49
    ]
}