{
    "id": 74845,
    "category": 50,
    "location": [
        -122.12944,
        38.01333
    ],
    "keywords": [
        42,
        9,
        27,
        69,
        0,
        31,
        60,
        49,
        14,
        75,
        10,
        75,
        73,
        2,
        12
    ]
}