{
    "id": 74848,
    "category": 50,
    "location": [
        -122.12972,
        38.00056
    ],
    "keywords": [
        5,
        63,
        52
    ]
}