{
    "id": 74851,
    "category": 50,
    "location": [
        -122.13028,
        38.01333
    ],
    "keywords": [
        20,
        60,
        39,
        14
    ]
}