{
    "id": 74869,
    "category": 50,
    "location": [
        -122.13528,
        37.88889
    ],
    "keywords": [
        66,
        66,
        74,
        15,
        62
    ]
}