{
    "id": 74871,
    "category": 50,
    "location": [
        -122.13611,
        37.41306
    ],
    "keywords": [
        0,
        64,
        28,
        28,
        68,
        22,
        41,
        8,
        57,
        74,
        51,
        69,
        55,
        66,
        64
    ]
}