{
    "id": 7487,
    "category": 12,
    "location": [
        -115.41167,
        32.93861
    ],
    "keywords": [
        39,
        12,
        9,
        71,
        55
    ]
}