{
    "id": 74886,
    "category": 50,
    "location": [
        -122.14194,
        37.68556
    ],
    "keywords": [
        33,
        75,
        73,
        9,
        50,
        67,
        30,
        29,
        74,
        71,
        7,
        5,
        47
    ]
}