{
    "id": 74895,
    "category": 50,
    "location": [
        -122.14472,
        37.69917
    ],
    "keywords": [
        59,
        33,
        42,
        14,
        44,
        24,
        34,
        17,
        23,
        2,
        23,
        37,
        44,
        25,
        9
    ]
}