{
    "id": 74928,
    "category": 50,
    "location": [
        -122.15528,
        37.46167
    ],
    "keywords": [
        35,
        67,
        12,
        23,
        9,
        46,
        20,
        43
    ]
}