{
    "id": 74944,
    "category": 50,
    "location": [
        -122.15806,
        39.15278
    ],
    "keywords": [
        71,
        71
    ]
}