{
    "id": 74952,
    "category": 50,
    "location": [
        -122.16111,
        37.68667
    ],
    "keywords": [
        63,
        10,
        42,
        61,
        47,
        74,
        65,
        37,
        59,
        55
    ]
}