{
    "id": 74958,
    "category": 50,
    "location": [
        -122.16278,
        37.76111
    ],
    "keywords": [
        31,
        14,
        32,
        59,
        21,
        72,
        43,
        71,
        1,
        60,
        51,
        49,
        61,
        17
    ]
}