{
    "id": 75006,
    "category": 50,
    "location": [
        -122.18417,
        37.88389
    ],
    "keywords": [
        9,
        20,
        11,
        6,
        41,
        42,
        72,
        45,
        66,
        18,
        69,
        59,
        55
    ]
}