{
    "id": 75004,
    "category": 50,
    "location": [
        -122.18389,
        37.46472
    ],
    "keywords": [
        62,
        46,
        57,
        68,
        43,
        36,
        5,
        46
    ]
}