{
    "id": 75013,
    "category": 50,
    "location": [
        -122.18667,
        37.78694
    ],
    "keywords": [
        21,
        59,
        34,
        35,
        48,
        42
    ]
}