{
    "id": 75029,
    "category": 50,
    "location": [
        -122.19222,
        37.76167
    ],
    "keywords": [
        37,
        44,
        29,
        71,
        57,
        5,
        30
    ]
}