{
    "id": 75047,
    "category": 50,
    "location": [
        -122.19972,
        37.42694
    ],
    "keywords": [
        6,
        23,
        57,
        9,
        24
    ]
}