{
    "id": 75044,
    "category": 50,
    "location": [
        -122.19806,
        39.27583
    ],
    "keywords": [
        12,
        73,
        67,
        53,
        20,
        58,
        32,
        63,
        2,
        60,
        58
    ]
}