{
    "id": 75054,
    "category": 50,
    "location": [
        -122.20111,
        37.81889
    ],
    "keywords": [
        61,
        62,
        45
    ]
}