{
    "id": 7505,
    "category": 12,
    "location": [
        -115.41889,
        32.99333
    ],
    "keywords": [
        33,
        65,
        42,
        26,
        49,
        39,
        52,
        5,
        69,
        59
    ]
}