{
    "id": 7507,
    "category": 12,
    "location": [
        -115.42111,
        32.77778
    ],
    "keywords": [
        39,
        30,
        9,
        23,
        22,
        39,
        52,
        48,
        74,
        5,
        43,
        48,
        72,
        65,
        37
    ]
}