{
    "id": 75070,
    "category": 50,
    "location": [
        -122.20694,
        40.25917
    ],
    "keywords": [
        11,
        28
    ]
}