{
    "id": 75076,
    "category": 50,
    "location": [
        -122.20972,
        37.81861
    ],
    "keywords": [
        34,
        47
    ]
}