{
    "id": 75104,
    "category": 50,
    "location": [
        -122.22361,
        37.79194
    ],
    "keywords": [
        44,
        14,
        62,
        73,
        8,
        47,
        17,
        30,
        75,
        52,
        28,
        54,
        47,
        6
    ]
}