{
    "id": 75110,
    "category": 50,
    "location": [
        -122.22611,
        38.08222
    ],
    "keywords": [
        21,
        57,
        4,
        48,
        8,
        71,
        60,
        64,
        9,
        34,
        1,
        65
    ]
}