{
    "id": 75121,
    "category": 50,
    "location": [
        -122.23028,
        38.09889
    ],
    "keywords": [
        29,
        8,
        71,
        72,
        51,
        14,
        10,
        54
    ]
}