{
    "id": 75129,
    "category": 50,
    "location": [
        -122.23167,
        37.82361
    ],
    "keywords": [
        57,
        35,
        60,
        69,
        60,
        54,
        45
    ]
}