{
    "id": 75145,
    "category": 50,
    "location": [
        -122.23417,
        37.81972
    ],
    "keywords": [
        48,
        59,
        5,
        29,
        22
    ]
}