{
    "id": 75153,
    "category": 50,
    "location": [
        -122.23611,
        37.80028
    ],
    "keywords": [
        23,
        64,
        9,
        63,
        45,
        36,
        55,
        35,
        67,
        10,
        46,
        12,
        66,
        21,
        25
    ]
}