{
    "id": 75169,
    "category": 50,
    "location": [
        -122.23972,
        37.84917
    ],
    "keywords": [
        64,
        45
    ]
}