{
    "id": 75166,
    "category": 50,
    "location": [
        -122.23833,
        40.49194
    ],
    "keywords": [
        56
    ]
}