{
    "id": 75218,
    "category": 50,
    "location": [
        -122.25306,
        37.76667
    ],
    "keywords": [
        33
    ]
}