{
    "id": 75230,
    "category": 50,
    "location": [
        -122.25611,
        37.85139
    ],
    "keywords": [
        25,
        49,
        47,
        4,
        39,
        75,
        66,
        7
    ]
}