{
    "id": 75239,
    "category": 50,
    "location": [
        -122.25722,
        38.18556
    ],
    "keywords": [
        16,
        15,
        28,
        22,
        6,
        33,
        75,
        17
    ]
}