{
    "id": 75283,
    "category": 50,
    "location": [
        -122.26833,
        37.86861
    ],
    "keywords": []
}