{
    "id": 75285,
    "category": 50,
    "location": [
        -122.26861,
        37.83056
    ],
    "keywords": [
        65,
        17,
        37,
        21
    ]
}