{
    "id": 75299,
    "category": 50,
    "location": [
        -122.27167,
        37.82306
    ],
    "keywords": [
        63,
        36,
        71,
        13,
        34
    ]
}