{
    "id": 753,
    "category": 0,
    "location": [
        -121.35917,
        39.29972
    ],
    "keywords": [
        40,
        3,
        60,
        57,
        9,
        16,
        59,
        51,
        45,
        18,
        13,
        15
    ]
}