{
    "id": 75308,
    "category": 50,
    "location": [
        -122.27278,
        41.22722
    ],
    "keywords": [
        44,
        50,
        54,
        56,
        16,
        17
    ]
}