{
    "id": 75314,
    "category": 50,
    "location": [
        -122.27389,
        37.49278
    ],
    "keywords": [
        61,
        22,
        22,
        69,
        2,
        39,
        18,
        8,
        10,
        48,
        68
    ]
}