{
    "id": 7533,
    "category": 12,
    "location": [
        -115.43583,
        33.08194
    ],
    "keywords": []
}