{
    "id": 75331,
    "category": 50,
    "location": [
        -122.27806,
        38.66583
    ],
    "keywords": [
        58,
        36,
        38,
        55,
        47,
        40,
        53,
        26,
        64,
        53,
        27
    ]
}