{
    "id": 75340,
    "category": 50,
    "location": [
        -122.28083,
        37.82528
    ],
    "keywords": [
        37,
        2
    ]
}