{
    "id": 75341,
    "category": 50,
    "location": [
        -122.28167,
        37.52444
    ],
    "keywords": [
        7,
        48,
        40,
        64,
        29,
        55,
        44,
        60,
        26,
        66,
        73,
        39,
        23,
        67
    ]
}