{
    "id": 75362,
    "category": 50,
    "location": [
        -122.28556,
        37.81333
    ],
    "keywords": [
        66,
        20,
        1,
        59,
        11,
        43,
        64
    ]
}