{
    "id": 75363,
    "category": 50,
    "location": [
        -122.28556,
        37.96806
    ],
    "keywords": [
        49,
        49,
        3,
        53,
        60,
        24,
        6,
        26,
        27,
        57,
        15,
        57,
        44,
        18,
        25
    ]
}