{
    "id": 75373,
    "category": 50,
    "location": [
        -122.28694,
        37.86917
    ],
    "keywords": [
        61,
        33,
        22,
        54,
        4,
        45,
        36,
        43,
        18,
        27,
        36,
        3,
        24
    ]
}