{
    "id": 75419,
    "category": 50,
    "location": [
        -122.29944,
        37.91583
    ],
    "keywords": [
        12,
        17,
        70,
        49,
        53,
        5,
        3
    ]
}