{
    "id": 75412,
    "category": 50,
    "location": [
        -122.29722,
        37.51056
    ],
    "keywords": [
        47,
        51,
        12,
        17,
        16,
        73,
        26,
        17,
        42,
        55,
        50,
        56,
        35,
        60
    ]
}