{
    "id": 75422,
    "category": 50,
    "location": [
        -122.30083,
        38.31444
    ],
    "keywords": [
        27,
        3,
        17,
        68,
        60,
        0,
        48,
        28,
        48
    ]
}