{
    "id": 75436,
    "category": 50,
    "location": [
        -122.30417,
        40.44694
    ],
    "keywords": [
        58,
        17,
        21,
        14,
        72,
        25,
        72,
        40,
        61,
        39
    ]
}