{
    "id": 75430,
    "category": 50,
    "location": [
        -122.30361,
        37.90833
    ],
    "keywords": [
        30
    ]
}