{
    "id": 75439,
    "category": 50,
    "location": [
        -122.30472,
        38.31667
    ],
    "keywords": [
        49
    ]
}