{
    "id": 75445,
    "category": 50,
    "location": [
        -122.30694,
        37.98611
    ],
    "keywords": [
        46,
        4
    ]
}