{
    "id": 75448,
    "category": 50,
    "location": [
        -122.30833,
        37.53056
    ],
    "keywords": [
        55,
        46,
        48,
        6,
        16,
        33,
        13,
        69
    ]
}