{
    "id": 75474,
    "category": 50,
    "location": [
        -122.31611,
        37.94444
    ],
    "keywords": [
        64,
        45,
        16,
        7,
        63,
        33
    ]
}