{
    "id": 75517,
    "category": 50,
    "location": [
        -122.33278,
        40.71639
    ],
    "keywords": [
        60,
        31,
        66
    ]
}