{
    "id": 75518,
    "category": 50,
    "location": [
        -122.33333,
        37.52444
    ],
    "keywords": [
        60,
        75,
        32,
        35,
        7,
        54,
        23,
        15,
        52,
        58,
        9,
        69
    ]
}