{
    "id": 75527,
    "category": 50,
    "location": [
        -122.33611,
        37.97056
    ],
    "keywords": [
        31,
        46,
        25,
        53,
        33,
        1,
        36,
        28,
        37,
        4,
        60,
        30
    ]
}