{
    "id": 75562,
    "category": 50,
    "location": [
        -122.35167,
        37.94722
    ],
    "keywords": [
        11,
        62,
        34,
        8,
        17
    ]
}