{
    "id": 75574,
    "category": 50,
    "location": [
        -122.35889,
        37.92806
    ],
    "keywords": [
        44
    ]
}