{
    "id": 75596,
    "category": 50,
    "location": [
        -122.37278,
        40.67722
    ],
    "keywords": [
        42,
        75,
        34,
        74,
        11,
        52,
        20,
        74
    ]
}