{
    "id": 75606,
    "category": 50,
    "location": [
        -122.37972,
        37.57722
    ],
    "keywords": [
        53,
        27
    ]
}