{
    "id": 75608,
    "category": 50,
    "location": [
        -122.37972,
        41.42778
    ],
    "keywords": [
        49,
        30,
        62,
        42,
        58,
        44,
        27,
        36,
        14,
        48,
        42
    ]
}