{
    "id": 75611,
    "category": 50,
    "location": [
        -122.38167,
        40.56306
    ],
    "keywords": [
        47
    ]
}