{
    "id": 75630,
    "category": 50,
    "location": [
        -122.39056,
        40.55306
    ],
    "keywords": [
        12,
        22,
        9,
        75,
        0,
        27,
        62,
        6,
        9
    ]
}