{
    "id": 75653,
    "category": 50,
    "location": [
        -122.40139,
        37.78361
    ],
    "keywords": [
        49,
        30,
        73
    ]
}