{
    "id": 75673,
    "category": 50,
    "location": [
        -122.40528,
        37.79111
    ],
    "keywords": [
        19,
        26
    ]
}