{
    "id": 75687,
    "category": 50,
    "location": [
        -122.40694,
        40.44722
    ],
    "keywords": [
        42,
        48,
        50,
        41,
        36,
        24,
        56,
        58,
        23,
        50
    ]
}