{
    "id": 75692,
    "category": 50,
    "location": [
        -122.40833,
        37.66361
    ],
    "keywords": [
        31,
        18,
        75,
        23,
        26,
        4,
        62
    ]
}