{
    "id": 75709,
    "category": 50,
    "location": [
        -122.41222,
        37.59306
    ],
    "keywords": []
}