{
    "id": 7570,
    "category": 12,
    "location": [
        -115.45611,
        32.72972
    ],
    "keywords": [
        53,
        44,
        43,
        40,
        38,
        66,
        17,
        13,
        31,
        68,
        57
    ]
}