{
    "id": 75725,
    "category": 50,
    "location": [
        -122.41417,
        37.65722
    ],
    "keywords": [
        70,
        60
    ]
}