{
    "id": 75723,
    "category": 50,
    "location": [
        -122.41389,
        37.74889
    ],
    "keywords": [
        70,
        62,
        35,
        13
    ]
}