{
    "id": 75730,
    "category": 50,
    "location": [
        -122.41556,
        37.80194
    ],
    "keywords": [
        57,
        2
    ]
}