{
    "id": 75744,
    "category": 50,
    "location": [
        -122.41861,
        37.78944
    ],
    "keywords": [
        51,
        20,
        60,
        37,
        53,
        14,
        46
    ]
}