{
    "id": 75756,
    "category": 50,
    "location": [
        -122.42222,
        37.78333
    ],
    "keywords": [
        75,
        71
    ]
}