{
    "id": 75755,
    "category": 50,
    "location": [
        -122.42167,
        37.78028
    ],
    "keywords": [
        22,
        42,
        46,
        2,
        32,
        48,
        15,
        58,
        16,
        49,
        39,
        63,
        53,
        32
    ]
}