{
    "id": 75769,
    "category": 50,
    "location": [
        -122.42472,
        37.76389
    ],
    "keywords": [
        52,
        15,
        8,
        22,
        55
    ]
}