{
    "id": 7576,
    "category": 12,
    "location": [
        -115.45917,
        32.81528
    ],
    "keywords": []
}