{
    "id": 75771,
    "category": 50,
    "location": [
        -122.42528,
        37.75444
    ],
    "keywords": [
        28,
        65
    ]
}