{
    "id": 75782,
    "category": 50,
    "location": [
        -122.42694,
        37.47389
    ],
    "keywords": [
        2,
        37,
        49,
        45,
        37,
        25
    ]
}