{
    "id": 75800,
    "category": 50,
    "location": [
        -122.43139,
        37.72611
    ],
    "keywords": [
        3,
        27,
        26,
        60,
        26,
        56,
        40,
        43,
        9,
        46
    ]
}