{
    "id": 75837,
    "category": 50,
    "location": [
        -122.43722,
        37.70722
    ],
    "keywords": [
        42
    ]
}