{
    "id": 75836,
    "category": 50,
    "location": [
        -122.43694,
        40.97417
    ],
    "keywords": [
        28
    ]
}