{
    "id": 7585,
    "category": 12,
    "location": [
        -115.46444,
        32.89306
    ],
    "keywords": [
        21,
        1,
        66,
        40,
        61,
        45,
        60,
        4,
        50,
        0,
        61,
        28,
        22
    ]
}