{
    "id": 759,
    "category": 0,
    "location": [
        -121.38917,
        38.72889
    ],
    "keywords": [
        55,
        51
    ]
}