{
    "id": 75905,
    "category": 50,
    "location": [
        -122.45333,
        40.47444
    ],
    "keywords": [
        51,
        29,
        25,
        58,
        43,
        30,
        57,
        70
    ]
}