{
    "id": 75926,
    "category": 50,
    "location": [
        -122.46167,
        37.67472
    ],
    "keywords": [
        68,
        35,
        24,
        51,
        24,
        9,
        73,
        68,
        43,
        58,
        39,
        0,
        64,
        53
    ]
}