{
    "id": 75934,
    "category": 50,
    "location": [
        -122.46333,
        37.69139
    ],
    "keywords": [
        25,
        68
    ]
}