{
    "id": 75933,
    "category": 50,
    "location": [
        -122.46306,
        37.88139
    ],
    "keywords": []
}