{
    "id": 7594,
    "category": 12,
    "location": [
        -115.46556,
        32.75167
    ],
    "keywords": [
        37,
        29,
        20,
        34,
        62,
        8
    ]
}