{
    "id": 75954,
    "category": 50,
    "location": [
        -122.46722,
        38.29028
    ],
    "keywords": [
        42,
        69,
        72,
        16
    ]
}