{
    "id": 75963,
    "category": 50,
    "location": [
        -122.47028,
        38.50333
    ],
    "keywords": []
}