{
    "id": 75976,
    "category": 50,
    "location": [
        -122.47556,
        37.76306
    ],
    "keywords": [
        48,
        40,
        59,
        1,
        2,
        12,
        30,
        59,
        6,
        64,
        42,
        70,
        55,
        55
    ]
}