{
    "id": 75982,
    "category": 50,
    "location": [
        -122.47611,
        37.68528
    ],
    "keywords": [
        10,
        23,
        39,
        44,
        65,
        46,
        68,
        47,
        57,
        52,
        34,
        26,
        66,
        59
    ]
}