{
    "id": 76005,
    "category": 50,
    "location": [
        -122.48444,
        38.30667
    ],
    "keywords": [
        8,
        12,
        60,
        69,
        14,
        28,
        1,
        70,
        60,
        12,
        68,
        60,
        46,
        1,
        8
    ]
}