{
    "id": 76010,
    "category": 50,
    "location": [
        -122.48611,
        37.67917
    ],
    "keywords": [
        38,
        69,
        34
    ]
}