{
    "id": 7601,
    "category": 12,
    "location": [
        -115.46917,
        32.91056
    ],
    "keywords": [
        23,
        53,
        57,
        13,
        57,
        17,
        26,
        52,
        33,
        63,
        23,
        56,
        21
    ]
}