{
    "id": 76011,
    "category": 50,
    "location": [
        -122.48639,
        37.66222
    ],
    "keywords": [
        0,
        48,
        37,
        61,
        75,
        53,
        71,
        70,
        46
    ]
}