{
    "id": 76029,
    "category": 50,
    "location": [
        -122.49194,
        37.74861
    ],
    "keywords": [
        45,
        56,
        69,
        2,
        49,
        22,
        55,
        15
    ]
}