{
    "id": 76023,
    "category": 50,
    "location": [
        -122.48917,
        37.97444
    ],
    "keywords": [
        5,
        37,
        38,
        59,
        40,
        70,
        48
    ]
}