{
    "id": 76036,
    "category": 50,
    "location": [
        -122.49639,
        37.90306
    ],
    "keywords": [
        71,
        5,
        61,
        72
    ]
}