{
    "id": 7603,
    "category": 12,
    "location": [
        -115.47056,
        33.11861
    ],
    "keywords": [
        49,
        56,
        45,
        42,
        51,
        33
    ]
}