{
    "id": 76038,
    "category": 50,
    "location": [
        -122.49694,
        37.59333
    ],
    "keywords": [
        59,
        39,
        1,
        56,
        12,
        52,
        24,
        41,
        36
    ]
}