{
    "id": 76063,
    "category": 50,
    "location": [
        -122.51722,
        37.97778
    ],
    "keywords": [
        16
    ]
}