{
    "id": 76091,
    "category": 50,
    "location": [
        -122.53056,
        37.93861
    ],
    "keywords": [
        11,
        7,
        42,
        16
    ]
}