{
    "id": 7611,
    "category": 12,
    "location": [
        -115.47306,
        32.68194
    ],
    "keywords": [
        31,
        34,
        61,
        52,
        39,
        10,
        4,
        75,
        37,
        3,
        4
    ]
}