{
    "id": 76126,
    "category": 50,
    "location": [
        -122.55306,
        38.41556
    ],
    "keywords": [
        32,
        36,
        39,
        42,
        73
    ]
}