{
    "id": 76134,
    "category": 50,
    "location": [
        -122.56083,
        38.08667
    ],
    "keywords": [
        52,
        4,
        33,
        11,
        75,
        8,
        1
    ]
}