{
    "id": 7615,
    "category": 12,
    "location": [
        -115.47306,
        32.89639
    ],
    "keywords": [
        24,
        57,
        40,
        12,
        34,
        18,
        38,
        57,
        1,
        7,
        24,
        67,
        26,
        55,
        4
    ]
}