{
    "id": 76168,
    "category": 50,
    "location": [
        -122.58444,
        38.10556
    ],
    "keywords": [
        56,
        10,
        53
    ]
}