{
    "id": 76164,
    "category": 50,
    "location": [
        -122.58028,
        38.07583
    ],
    "keywords": [
        42,
        39,
        3,
        47,
        68,
        22,
        56,
        28,
        65,
        63,
        37,
        60,
        38,
        71
    ]
}