{
    "id": 76173,
    "category": 50,
    "location": [
        -122.59139,
        38.01444
    ],
    "keywords": [
        49,
        38,
        40,
        13,
        58,
        20,
        48,
        12
    ]
}