{
    "id": 76182,
    "category": 50,
    "location": [
        -122.60361,
        38.91472
    ],
    "keywords": [
        46,
        32,
        63,
        52,
        53,
        3,
        42,
        70,
        43,
        74
    ]
}