{
    "id": 7619,
    "category": 12,
    "location": [
        -115.47389,
        32.92694
    ],
    "keywords": [
        21,
        70,
        52,
        45
    ]
}