{
    "id": 76215,
    "category": 50,
    "location": [
        -122.64361,
        38.95972
    ],
    "keywords": [
        34,
        69,
        53
    ]
}