{
    "id": 76220,
    "category": 50,
    "location": [
        -122.64889,
        38.58139
    ],
    "keywords": [
        70,
        47,
        37,
        48
    ]
}