{
    "id": 76229,
    "category": 50,
    "location": [
        -122.65639,
        38.23222
    ],
    "keywords": [
        53,
        28,
        40,
        26,
        1,
        54,
        55,
        25,
        14,
        13,
        9,
        34,
        43,
        25,
        2
    ]
}