{
    "id": 76235,
    "category": 50,
    "location": [
        -122.66222,
        38.47389
    ],
    "keywords": [
        58,
        68,
        17,
        40,
        38,
        24,
        22,
        13,
        73,
        27,
        61,
        36
    ]
}