{
    "id": 76244,
    "category": 50,
    "location": [
        -122.67083,
        38.01639
    ],
    "keywords": [
        56
    ]
}