{
    "id": 76254,
    "category": 50,
    "location": [
        -122.68139,
        38.32944
    ],
    "keywords": [
        46,
        40,
        55,
        62,
        62,
        61,
        27,
        37
    ]
}