{
    "id": 76250,
    "category": 50,
    "location": [
        -122.67417,
        38.47278
    ],
    "keywords": [
        53,
        22,
        75,
        5,
        71,
        69,
        12,
        34,
        33,
        12,
        7,
        0,
        73,
        18
    ]
}