{
    "id": 76262,
    "category": 50,
    "location": [
        -122.69139,
        38.43806
    ],
    "keywords": [
        43
    ]
}