{
    "id": 76264,
    "category": 50,
    "location": [
        -122.69222,
        38.32556
    ],
    "keywords": [
        57,
        62,
        39
    ]
}