{
    "id": 76280,
    "category": 50,
    "location": [
        -122.70917,
        38.43056
    ],
    "keywords": [
        69,
        50,
        18,
        53,
        64,
        69,
        14,
        63,
        50
    ]
}