{
    "id": 76287,
    "category": 50,
    "location": [
        -122.71472,
        38.43528
    ],
    "keywords": [
        58,
        41,
        1,
        18,
        8,
        14,
        38,
        44,
        9,
        1,
        30
    ]
}