{
    "id": 76309,
    "category": 50,
    "location": [
        -122.73528,
        38.44111
    ],
    "keywords": [
        33,
        70,
        49,
        66,
        41,
        31
    ]
}