{
    "id": 76305,
    "category": 50,
    "location": [
        -122.73389,
        38.83222
    ],
    "keywords": [
        58,
        13,
        70,
        34,
        29
    ]
}