{
    "id": 76321,
    "category": 50,
    "location": [
        -122.74583,
        38.45667
    ],
    "keywords": [
        27,
        39,
        43
    ]
}