{
    "id": 76322,
    "category": 50,
    "location": [
        -122.75056,
        38.45194
    ],
    "keywords": [
        62,
        3,
        44
    ]
}