{
    "id": 76331,
    "category": 50,
    "location": [
        -122.76861,
        38.27667
    ],
    "keywords": [
        0,
        39,
        17,
        10
    ]
}