{
    "id": 76343,
    "category": 50,
    "location": [
        -122.79167,
        39.09139
    ],
    "keywords": [
        3,
        14,
        75,
        19,
        32,
        3,
        29,
        15
    ]
}