{
    "id": 76351,
    "category": 50,
    "location": [
        -122.80528,
        38.45306
    ],
    "keywords": [
        7,
        74,
        8,
        32,
        73,
        69,
        45,
        46,
        74,
        27,
        28,
        18
    ]
}