{
    "id": 76379,
    "category": 50,
    "location": [
        -122.85083,
        38.38889
    ],
    "keywords": [
        70
    ]
}