{
    "id": 76378,
    "category": 50,
    "location": [
        -122.84861,
        38.31139
    ],
    "keywords": [
        62,
        69,
        45,
        65,
        47,
        46
    ]
}