{
    "id": 76384,
    "category": 50,
    "location": [
        -122.86028,
        38.61333
    ],
    "keywords": [
        1,
        54,
        30,
        10,
        26,
        23,
        3,
        46,
        31,
        52,
        33,
        67,
        45,
        67,
        39
    ]
}