{
    "id": 7640,
    "category": 12,
    "location": [
        -115.48167,
        32.71833
    ],
    "keywords": [
        36,
        14,
        49,
        14,
        25,
        53,
        63
    ]
}