{
    "id": 76414,
    "category": 50,
    "location": [
        -122.90361,
        39.16556
    ],
    "keywords": [
        30,
        52,
        70,
        26,
        63,
        12,
        33,
        45,
        58
    ]
}