{
    "id": 76416,
    "category": 50,
    "location": [
        -122.90528,
        40.59389
    ],
    "keywords": [
        26,
        28,
        54,
        14,
        75,
        16,
        57,
        67,
        22
    ]
}