{
    "id": 76447,
    "category": 50,
    "location": [
        -122.97417,
        41.60056
    ],
    "keywords": [
        70,
        10,
        53,
        9,
        2,
        25,
        62,
        64,
        8,
        53,
        39,
        1,
        68,
        29,
        5
    ]
}