{
    "id": 76459,
    "category": 50,
    "location": [
        -123.02361,
        38.81278
    ],
    "keywords": [
        50,
        43,
        37,
        40,
        29
    ]
}