{
    "id": 76460,
    "category": 50,
    "location": [
        -123.03528,
        38.97278
    ],
    "keywords": []
}