{
    "id": 76483,
    "category": 50,
    "location": [
        -123.18556,
        40.55333
    ],
    "keywords": [
        65,
        25,
        6
    ]
}