{
    "id": 76484,
    "category": 50,
    "location": [
        -123.19222,
        41.84222
    ],
    "keywords": [
        28,
        60,
        69,
        47,
        69,
        19,
        19,
        15,
        68,
        19,
        10,
        70,
        43
    ]
}