{
    "id": 76513,
    "category": 50,
    "location": [
        -123.35083,
        39.41278
    ],
    "keywords": [
        52
    ]
}