{
    "id": 76534,
    "category": 50,
    "location": [
        -123.44778,
        40.61778
    ],
    "keywords": [
        57,
        18,
        22,
        29,
        15,
        41,
        75,
        53,
        14,
        36
    ]
}