{
    "id": 76540,
    "category": 50,
    "location": [
        -123.48722,
        40.83361
    ],
    "keywords": [
        5,
        40,
        55,
        51,
        70,
        68,
        67
    ]
}