{
    "id": 76550,
    "category": 50,
    "location": [
        -123.52722,
        41.52417
    ],
    "keywords": [
        27,
        10,
        13,
        50,
        0,
        6,
        74,
        49,
        67
    ]
}