{
    "id": 76559,
    "category": 50,
    "location": [
        -123.67444,
        41.04917
    ],
    "keywords": [
        21
    ]
}