{
    "id": 76554,
    "category": 50,
    "location": [
        -123.60861,
        40.17361
    ],
    "keywords": [
        69,
        41,
        8,
        53
    ]
}