{
    "id": 76594,
    "category": 50,
    "location": [
        -123.86583,
        41.02083
    ],
    "keywords": [
        63,
        24,
        18,
        14,
        65,
        16,
        50,
        8,
        57,
        67,
        12,
        49,
        24,
        59
    ]
}