{
    "id": 76608,
    "category": 50,
    "location": [
        -123.99667,
        40.76583
    ],
    "keywords": [
        39
    ]
}