{
    "id": 76624,
    "category": 50,
    "location": [
        -124.08083,
        40.78611
    ],
    "keywords": [
        5,
        71,
        73,
        6
    ]
}