{
    "id": 76637,
    "category": 50,
    "location": [
        -124.10028,
        40.93472
    ],
    "keywords": [
        47,
        60,
        29,
        38,
        55,
        9,
        7
    ]
}