{
    "id": 76654,
    "category": 50,
    "location": [
        -124.14083,
        40.69389
    ],
    "keywords": [
        27,
        13
    ]
}