{
    "id": 76703,
    "category": 50,
    "location": [
        -124.21889,
        40.56972
    ],
    "keywords": [
        40,
        43,
        23,
        55,
        59,
        75,
        24
    ]
}