{
    "id": 76701,
    "category": 50,
    "location": [
        -124.21528,
        40.59167
    ],
    "keywords": [
        7,
        59,
        35,
        65,
        1,
        47,
        61,
        22,
        64,
        59,
        46
    ]
}