{
    "id": 76716,
    "category": 52,
    "location": [
        -116.41778,
        32.98028
    ],
    "keywords": [
        57,
        38,
        62,
        8,
        17
    ]
}