{
    "id": 76715,
    "category": 51,
    "location": [
        -123.84361,
        39.31056
    ],
    "keywords": [
        56,
        12,
        9,
        72,
        53,
        21,
        38,
        22,
        18,
        31,
        39,
        52
    ]
}