{
    "id": 76727,
    "category": 52,
    "location": [
        -119.97583,
        35.92444
    ],
    "keywords": [
        22,
        59,
        55,
        72,
        6,
        57,
        13,
        68
    ]
}