{
    "id": 76728,
    "category": 52,
    "location": [
        -120.09611,
        41.10889
    ],
    "keywords": [
        20,
        25,
        51,
        39,
        58,
        56,
        57
    ]
}