{
    "id": 76729,
    "category": 52,
    "location": [
        -120.12306,
        35.63333
    ],
    "keywords": [
        51,
        19,
        4,
        51,
        53,
        18,
        42,
        51,
        66,
        44,
        66,
        65,
        36,
        47,
        74
    ]
}