{
    "id": 76721,
    "category": 52,
    "location": [
        -119.16694,
        34.56806
    ],
    "keywords": [
        38,
        0
    ]
}