{
    "id": 76732,
    "category": 52,
    "location": [
        -120.29361,
        37.79972
    ],
    "keywords": [
        26,
        74,
        60,
        50,
        38,
        67,
        11,
        37
    ]
}