{
    "id": 76741,
    "category": 52,
    "location": [
        -122.10667,
        38.74639
    ],
    "keywords": [
        38,
        74,
        2,
        66,
        38,
        25,
        60,
        18,
        22,
        65
    ]
}