{
    "id": 76747,
    "category": 52,
    "location": [
        -123.01083,
        39.42111
    ],
    "keywords": [
        46,
        44,
        66,
        57,
        67,
        48,
        3,
        73,
        41,
        3,
        64,
        15
    ]
}