{
    "id": 76756,
    "category": 52,
    "location": [
        -123.57222,
        40.72444
    ],
    "keywords": [
        22,
        26,
        7,
        49
    ]
}