{
    "id": 76752,
    "category": 52,
    "location": [
        -123.31639,
        40.20083
    ],
    "keywords": [
        69,
        47
    ]
}