{
    "id": 76769,
    "category": 53,
    "location": [
        -114.77444,
        34.31389
    ],
    "keywords": [
        32,
        43,
        45,
        36
    ]
}