{
    "id": 76774,
    "category": 53,
    "location": [
        -114.84722,
        33.11306
    ],
    "keywords": [
        38,
        4,
        60,
        52,
        71,
        11,
        10,
        35,
        16,
        25,
        49,
        47,
        43
    ]
}