{
    "id": 76771,
    "category": 53,
    "location": [
        -114.80944,
        34.81778
    ],
    "keywords": [
        29
    ]
}