{
    "id": 76817,
    "category": 53,
    "location": [
        -115.37694,
        34.76972
    ],
    "keywords": [
        55,
        74,
        75,
        13,
        42,
        16,
        19,
        18,
        6,
        63,
        43,
        67,
        68,
        10
    ]
}