{
    "id": 76815,
    "category": 53,
    "location": [
        -115.36806,
        35.27167
    ],
    "keywords": [
        43
    ]
}