{
    "id": 76823,
    "category": 53,
    "location": [
        -115.41028,
        35.21306
    ],
    "keywords": [
        3,
        8,
        71,
        44,
        12,
        69,
        17,
        69,
        26,
        41,
        58,
        6
    ]
}