{
    "id": 76828,
    "category": 53,
    "location": [
        -115.45694,
        35.20556
    ],
    "keywords": [
        7,
        41,
        44,
        65,
        26,
        19,
        33,
        44,
        50,
        24,
        18,
        52,
        59,
        74,
        9
    ]
}