{
    "id": 76822,
    "category": 53,
    "location": [
        -115.40528,
        34.68611
    ],
    "keywords": [
        53,
        75
    ]
}