{
    "id": 76853,
    "category": 53,
    "location": [
        -115.54278,
        35.03833
    ],
    "keywords": [
        22,
        44,
        21,
        66,
        53,
        45,
        5,
        60,
        44,
        25,
        46,
        46,
        71,
        8,
        45
    ]
}