{
    "id": 76860,
    "category": 53,
    "location": [
        -115.57083,
        34.97167
    ],
    "keywords": [
        70,
        43,
        43,
        74,
        31,
        6,
        9
    ]
}