{
    "id": 76889,
    "category": 53,
    "location": [
        -115.82639,
        33.50889
    ],
    "keywords": []
}