{
    "id": 76898,
    "category": 53,
    "location": [
        -115.93111,
        35.78361
    ],
    "keywords": []
}