{
    "id": 76908,
    "category": 53,
    "location": [
        -116.06083,
        34.04417
    ],
    "keywords": [
        14,
        13,
        19,
        26,
        65,
        3,
        44,
        9,
        23,
        7,
        10,
        63,
        24
    ]
}