{
    "id": 76910,
    "category": 53,
    "location": [
        -116.10083,
        33.16667
    ],
    "keywords": [
        3,
        45,
        8,
        44,
        9,
        70,
        7,
        5,
        32,
        8,
        35,
        68,
        27,
        61
    ]
}