{
    "id": 76912,
    "category": 53,
    "location": [
        -116.10389,
        34.10556
    ],
    "keywords": [
        61,
        28,
        37
    ]
}