{
    "id": 76928,
    "category": 53,
    "location": [
        -116.19833,
        35.01028
    ],
    "keywords": [
        29,
        45,
        11,
        34,
        52,
        72,
        13,
        1
    ]
}