{
    "id": 76926,
    "category": 53,
    "location": [
        -116.18917,
        33.35278
    ],
    "keywords": [
        73,
        65,
        44,
        42,
        34
    ]
}