{
    "id": 76942,
    "category": 53,
    "location": [
        -116.27278,
        35.98028
    ],
    "keywords": [
        71
    ]
}