{
    "id": 76944,
    "category": 53,
    "location": [
        -116.28917,
        34.01694
    ],
    "keywords": [
        65,
        19,
        1,
        4,
        53,
        43,
        28,
        21
    ]
}