{
    "id": 76972,
    "category": 53,
    "location": [
        -116.44861,
        33.53944
    ],
    "keywords": [
        50,
        23,
        0,
        75
    ]
}