{
    "id": 76970,
    "category": 53,
    "location": [
        -116.44167,
        33.50139
    ],
    "keywords": [
        52,
        14,
        29,
        37,
        64,
        29,
        39,
        0,
        7,
        33,
        4
    ]
}