{
    "id": 76985,
    "category": 53,
    "location": [
        -116.46333,
        33.13472
    ],
    "keywords": []
}