{
    "id": 76997,
    "category": 53,
    "location": [
        -116.48222,
        33.53917
    ],
    "keywords": [
        5,
        17,
        37,
        26,
        20,
        40
    ]
}