{
    "id": 77003,
    "category": 53,
    "location": [
        -116.51444,
        34.14444
    ],
    "keywords": [
        18,
        8
    ]
}