{
    "id": 77000,
    "category": 53,
    "location": [
        -116.49111,
        32.77139
    ],
    "keywords": [
        11,
        55,
        50,
        25
    ]
}