{
    "id": 77026,
    "category": 53,
    "location": [
        -116.55528,
        33.16417
    ],
    "keywords": [
        62,
        37,
        71,
        16,
        42,
        8,
        60,
        49,
        60,
        18,
        14,
        12,
        68
    ]
}