{
    "id": 77028,
    "category": 53,
    "location": [
        -116.55583,
        33.58944
    ],
    "keywords": [
        15,
        28,
        30,
        27,
        21,
        71,
        45,
        15,
        60
    ]
}