{
    "id": 77033,
    "category": 53,
    "location": [
        -116.56361,
        33.28778
    ],
    "keywords": [
        41,
        50,
        73,
        23,
        17,
        24,
        23,
        68
    ]
}