{
    "id": 77039,
    "category": 53,
    "location": [
        -116.58028,
        33.66972
    ],
    "keywords": [
        19,
        24,
        31,
        58,
        3,
        33
    ]
}