{
    "id": 77056,
    "category": 53,
    "location": [
        -116.59917,
        32.95556
    ],
    "keywords": []
}