{
    "id": 77092,
    "category": 53,
    "location": [
        -116.67556,
        33.77417
    ],
    "keywords": [
        33,
        10,
        2,
        39,
        31,
        0
    ]
}