{
    "id": 77105,
    "category": 53,
    "location": [
        -116.69833,
        33.64833
    ],
    "keywords": [
        67,
        21,
        59
    ]
}