{
    "id": 77112,
    "category": 53,
    "location": [
        -116.70778,
        36.29444
    ],
    "keywords": [
        53,
        50,
        12,
        51,
        36,
        25,
        72,
        27,
        27,
        23,
        27
    ]
}