{
    "id": 77124,
    "category": 53,
    "location": [
        -116.72917,
        34.20528
    ],
    "keywords": [
        4,
        38,
        42,
        44,
        36,
        33
    ]
}