{
    "id": 77133,
    "category": 53,
    "location": [
        -116.75139,
        34.27194
    ],
    "keywords": [
        70,
        31,
        32,
        13,
        7
    ]
}