{
    "id": 77131,
    "category": 53,
    "location": [
        -116.74917,
        35.10194
    ],
    "keywords": [
        7,
        24,
        22,
        73,
        26,
        26,
        16,
        35,
        62,
        22,
        43,
        41
    ]
}