{
    "id": 77153,
    "category": 53,
    "location": [
        -116.79972,
        33.76472
    ],
    "keywords": [
        47,
        36,
        30,
        23,
        2,
        55,
        21,
        68,
        46,
        11,
        55,
        6
    ]
}