{
    "id": 77152,
    "category": 53,
    "location": [
        -116.79472,
        34.31167
    ],
    "keywords": [
        16,
        38,
        51,
        1,
        42,
        59
    ]
}