{
    "id": 77165,
    "category": 53,
    "location": [
        -116.82167,
        34.11778
    ],
    "keywords": [
        21,
        69,
        54,
        5,
        14,
        50
    ]
}