{
    "id": 77163,
    "category": 53,
    "location": [
        -116.82056,
        36.51194
    ],
    "keywords": [
        49,
        9,
        68,
        70,
        14,
        57,
        5,
        12,
        30,
        20,
        36,
        32,
        26,
        45
    ]
}