{
    "id": 77169,
    "category": 53,
    "location": [
        -116.82389,
        34.69361
    ],
    "keywords": [
        50,
        55,
        41,
        73,
        27,
        36,
        34,
        41,
        49
    ]
}