{
    "id": 77197,
    "category": 53,
    "location": [
        -116.92083,
        36.72222
    ],
    "keywords": [
        7,
        7,
        11,
        51,
        17,
        36,
        7,
        62,
        29,
        3
    ]
}