{
    "id": 77221,
    "category": 53,
    "location": [
        -116.97389,
        34.29694
    ],
    "keywords": [
        51,
        20,
        31,
        51,
        72,
        56,
        41,
        66,
        1,
        71,
        26
    ]
}