{
    "id": 77235,
    "category": 53,
    "location": [
        -117.02944,
        36.18583
    ],
    "keywords": [
        51,
        47,
        4,
        44,
        13,
        25,
        66,
        62,
        59,
        1,
        48
    ]
}