{
    "id": 77244,
    "category": 53,
    "location": [
        -117.04639,
        34.26972
    ],
    "keywords": [
        51,
        20,
        38,
        17,
        36,
        2
    ]
}