{
    "id": 77254,
    "category": 53,
    "location": [
        -117.07111,
        34.30222
    ],
    "keywords": [
        10,
        38,
        16,
        29,
        12,
        18,
        61,
        27,
        72,
        58
    ]
}