{
    "id": 77262,
    "category": 53,
    "location": [
        -117.07972,
        34.52056
    ],
    "keywords": [
        64
    ]
}