{
    "id": 77271,
    "category": 53,
    "location": [
        -117.09278,
        34.36444
    ],
    "keywords": [
        27,
        58,
        68,
        30,
        27,
        43,
        60,
        8,
        18,
        10,
        56,
        43
    ]
}