{
    "id": 77284,
    "category": 53,
    "location": [
        -117.10694,
        36.22167
    ],
    "keywords": []
}