{
    "id": 77285,
    "category": 53,
    "location": [
        -117.11472,
        34.34111
    ],
    "keywords": [
        4,
        31
    ]
}