{
    "id": 77295,
    "category": 53,
    "location": [
        -117.15028,
        36.11389
    ],
    "keywords": [
        59,
        55,
        61,
        75,
        16,
        35
    ]
}