{
    "id": 77318,
    "category": 53,
    "location": [
        -117.23639,
        33.61389
    ],
    "keywords": [
        31,
        21,
        26,
        42
    ]
}