{
    "id": 77321,
    "category": 53,
    "location": [
        -117.29083,
        33.97778
    ],
    "keywords": [
        30,
        53,
        73,
        9,
        58,
        43,
        54,
        30,
        14,
        42,
        46,
        60
    ]
}