{
    "id": 77333,
    "category": 53,
    "location": [
        -117.37694,
        36.51278
    ],
    "keywords": [
        46,
        50,
        40
    ]
}