{
    "id": 77335,
    "category": 53,
    "location": [
        -117.38083,
        35.86028
    ],
    "keywords": [
        3,
        72,
        34,
        33,
        74,
        39,
        71,
        21,
        9,
        20,
        46,
        33,
        3,
        12
    ]
}