{
    "id": 77356,
    "category": 53,
    "location": [
        -117.41333,
        35.86278
    ],
    "keywords": [
        67,
        74,
        41
    ]
}