{
    "id": 77353,
    "category": 53,
    "location": [
        -117.40778,
        35.86167
    ],
    "keywords": [
        33,
        57,
        68,
        61,
        71,
        5,
        19,
        1,
        61,
        42,
        44,
        7
    ]
}