{
    "id": 77352,
    "category": 53,
    "location": [
        -117.40722,
        35.82139
    ],
    "keywords": [
        8,
        28,
        44,
        11,
        57,
        58,
        58,
        26,
        28,
        23,
        52,
        20
    ]
}