{
    "id": 77363,
    "category": 53,
    "location": [
        -117.42444,
        35.89583
    ],
    "keywords": [
        18,
        8,
        12,
        49,
        37,
        70,
        0,
        35,
        4,
        3,
        61,
        66,
        11,
        59,
        3
    ]
}