{
    "id": 77364,
    "category": 53,
    "location": [
        -117.42528,
        33.58944
    ],
    "keywords": [
        26,
        21,
        70,
        18,
        1,
        47,
        34,
        61
    ]
}