{
    "id": 77385,
    "category": 53,
    "location": [
        -117.47417,
        35.86833
    ],
    "keywords": [
        8,
        46,
        6,
        38,
        38,
        11,
        41,
        28,
        55
    ]
}