{
    "id": 77391,
    "category": 53,
    "location": [
        -117.48556,
        33.55528
    ],
    "keywords": [
        23,
        57,
        66,
        43,
        25,
        58
    ]
}