{
    "id": 77395,
    "category": 53,
    "location": [
        -117.50278,
        35.45778
    ],
    "keywords": [
        21,
        22,
        45
    ]
}