{
    "id": 77392,
    "category": 53,
    "location": [
        -117.48722,
        36.54778
    ],
    "keywords": [
        51,
        14,
        54
    ]
}