{
    "id": 77401,
    "category": 53,
    "location": [
        -117.51806,
        36.54139
    ],
    "keywords": [
        45,
        36,
        66,
        40,
        30,
        18
    ]
}