{
    "id": 77407,
    "category": 53,
    "location": [
        -117.54528,
        33.71028
    ],
    "keywords": [
        32,
        53,
        21,
        5,
        31,
        34,
        61,
        55,
        28,
        26,
        57,
        56,
        0,
        1
    ]
}