{
    "id": 77417,
    "category": 53,
    "location": [
        -117.57972,
        33.71444
    ],
    "keywords": [
        29,
        0,
        18,
        28,
        16,
        54,
        57,
        8,
        38,
        75
    ]
}