{
    "id": 77425,
    "category": 53,
    "location": [
        -117.62583,
        36.18167
    ],
    "keywords": [
        19,
        29,
        2,
        7,
        45,
        8,
        35,
        57,
        38,
        61,
        9,
        62
    ]
}