{
    "id": 7743,
    "category": 12,
    "location": [
        -115.52889,
        32.86167
    ],
    "keywords": [
        36,
        6,
        43,
        75,
        47,
        72,
        12,
        57,
        69,
        37,
        35,
        11,
        15,
        42
    ]
}