{
    "id": 77479,
    "category": 53,
    "location": [
        -117.84667,
        34.36694
    ],
    "keywords": [
        40,
        13,
        26,
        30,
        49,
        48,
        43,
        74,
        8,
        4,
        21,
        23
    ]
}