{
    "id": 77493,
    "category": 53,
    "location": [
        -117.94444,
        36.66972
    ],
    "keywords": []
}