{
    "id": 77495,
    "category": 53,
    "location": [
        -117.94833,
        36.32972
    ],
    "keywords": []
}