{
    "id": 77509,
    "category": 53,
    "location": [
        -118.02778,
        35.96667
    ],
    "keywords": [
        75,
        4,
        53,
        4,
        67,
        44,
        23,
        35,
        46
    ]
}