{
    "id": 77512,
    "category": 53,
    "location": [
        -118.03417,
        36.98222
    ],
    "keywords": [
        55,
        36,
        66,
        4,
        67,
        40,
        68,
        23,
        20,
        24,
        12,
        9
    ]
}