{
    "id": 77521,
    "category": 53,
    "location": [
        -118.06194,
        36.80944
    ],
    "keywords": [
        46,
        74,
        17,
        21,
        33
    ]
}