{
    "id": 77524,
    "category": 53,
    "location": [
        -118.07028,
        37.34444
    ],
    "keywords": [
        0,
        12,
        28,
        21,
        47,
        16
    ]
}