{
    "id": 77535,
    "category": 53,
    "location": [
        -118.09917,
        35.45306
    ],
    "keywords": [
        50,
        35,
        49,
        0,
        67,
        44,
        54,
        65
    ]
}