{
    "id": 77532,
    "category": 53,
    "location": [
        -118.08389,
        35.57722
    ],
    "keywords": [
        7,
        68,
        11,
        42,
        65,
        2,
        45,
        65,
        71
    ]
}