{
    "id": 77548,
    "category": 53,
    "location": [
        -118.16139,
        35.59639
    ],
    "keywords": [
        65,
        17,
        19,
        1,
        12,
        40,
        8,
        19,
        22
    ]
}