{
    "id": 77559,
    "category": 53,
    "location": [
        -118.18639,
        35.64139
    ],
    "keywords": [
        46,
        19,
        53,
        49,
        50,
        3,
        4,
        51,
        17,
        20,
        16
    ]
}