{
    "id": 77555,
    "category": 53,
    "location": [
        -118.17778,
        37.17333
    ],
    "keywords": [
        50,
        43,
        41,
        39
    ]
}