{
    "id": 7755,
    "category": 12,
    "location": [
        -115.53417,
        32.94194
    ],
    "keywords": [
        65
    ]
}