{
    "id": 77552,
    "category": 53,
    "location": [
        -118.17361,
        37.40722
    ],
    "keywords": [
        9,
        12,
        23,
        24,
        53,
        63,
        8,
        68,
        41
    ]
}