{
    "id": 77570,
    "category": 53,
    "location": [
        -118.20528,
        36.27333
    ],
    "keywords": [
        62,
        18,
        3,
        22,
        64
    ]
}