{
    "id": 77578,
    "category": 53,
    "location": [
        -118.22528,
        37.02083
    ],
    "keywords": [
        61,
        71,
        8,
        1,
        43,
        65,
        43,
        50,
        52,
        26,
        31,
        28,
        2,
        4,
        46
    ]
}