{
    "id": 77613,
    "category": 53,
    "location": [
        -118.31083,
        35.43833
    ],
    "keywords": [
        0,
        70,
        60,
        62,
        53,
        42,
        26,
        25,
        42
    ]
}