{
    "id": 77622,
    "category": 53,
    "location": [
        -118.32972,
        35.28694
    ],
    "keywords": [
        43,
        2,
        64,
        57,
        44,
        21,
        28
    ]
}