{
    "id": 77620,
    "category": 53,
    "location": [
        -118.32472,
        34.30806
    ],
    "keywords": [
        36,
        66,
        36,
        55
    ]
}