{
    "id": 77621,
    "category": 53,
    "location": [
        -118.32917,
        35.72611
    ],
    "keywords": []
}