{
    "id": 77659,
    "category": 53,
    "location": [
        -118.46111,
        34.69944
    ],
    "keywords": [
        17,
        16,
        13,
        20,
        60,
        29,
        46,
        48,
        65,
        56,
        13
    ]
}