{
    "id": 77660,
    "category": 53,
    "location": [
        -118.46833,
        36.19528
    ],
    "keywords": []
}