{
    "id": 77688,
    "category": 53,
    "location": [
        -118.53417,
        35.25778
    ],
    "keywords": [
        59,
        20,
        25,
        3,
        4,
        22,
        25
    ]
}