{
    "id": 77692,
    "category": 53,
    "location": [
        -118.54028,
        35.26694
    ],
    "keywords": [
        70,
        56,
        39,
        21,
        69,
        19,
        54,
        28,
        4,
        47
    ]
}