{
    "id": 7770,
    "category": 12,
    "location": [
        -115.54306,
        33.01556
    ],
    "keywords": [
        48,
        37,
        48,
        63,
        4,
        44
    ]
}