{
    "id": 77713,
    "category": 53,
    "location": [
        -118.57389,
        35.25639
    ],
    "keywords": [
        63,
        20,
        59,
        31,
        67,
        63,
        26,
        66,
        68,
        18
    ]
}