{
    "id": 77757,
    "category": 53,
    "location": [
        -118.62861,
        34.27806
    ],
    "keywords": [
        72,
        74,
        36,
        8,
        14,
        45,
        71
    ]
}