{
    "id": 77767,
    "category": 53,
    "location": [
        -118.64444,
        35.42694
    ],
    "keywords": [
        18,
        32,
        40,
        45,
        38,
        63,
        68,
        29,
        49,
        50,
        29,
        31,
        35,
        46,
        61
    ]
}