{
    "id": 77771,
    "category": 53,
    "location": [
        -118.64722,
        35.59917
    ],
    "keywords": [
        29,
        26,
        36,
        6,
        45,
        40,
        8,
        34,
        30,
        41
    ]
}