{
    "id": 77774,
    "category": 53,
    "location": [
        -118.64944,
        35.37278
    ],
    "keywords": [
        35,
        40,
        41,
        2,
        23
    ]
}