{
    "id": 77784,
    "category": 53,
    "location": [
        -118.65583,
        35.36361
    ],
    "keywords": [
        11,
        64,
        64,
        72,
        71
    ]
}