{
    "id": 77799,
    "category": 53,
    "location": [
        -118.67278,
        35.41194
    ],
    "keywords": []
}