{
    "id": 7779,
    "category": 12,
    "location": [
        -115.54556,
        33.22694
    ],
    "keywords": [
        12,
        21,
        58,
        12,
        52
    ]
}