{
    "id": 77790,
    "category": 53,
    "location": [
        -118.66694,
        35.31722
    ],
    "keywords": [
        30,
        50,
        34,
        15,
        19,
        12,
        46,
        35,
        2
    ]
}