{
    "id": 77794,
    "category": 53,
    "location": [
        -118.67167,
        35.36917
    ],
    "keywords": [
        21,
        22,
        29,
        60,
        27,
        66,
        18,
        30,
        31,
        39,
        53,
        21
    ]
}