{
    "id": 77806,
    "category": 53,
    "location": [
        -118.68083,
        35.54611
    ],
    "keywords": [
        12,
        74,
        28,
        64,
        30,
        66,
        28,
        64,
        55,
        17,
        50,
        56
    ]
}