{
    "id": 7780,
    "category": 12,
    "location": [
        -115.54583,
        32.94111
    ],
    "keywords": [
        67,
        38,
        40,
        25,
        0,
        36,
        64,
        29,
        51,
        15,
        17,
        53,
        51,
        43,
        21
    ]
}