{
    "id": 77822,
    "category": 53,
    "location": [
        -118.72306,
        34.59889
    ],
    "keywords": [
        33,
        27,
        58,
        62,
        30,
        9,
        5,
        57,
        70,
        65,
        35,
        73,
        21,
        33
    ]
}