{
    "id": 77848,
    "category": 53,
    "location": [
        -118.80778,
        34.47417
    ],
    "keywords": [
        1,
        38,
        20,
        0,
        22,
        8,
        27,
        52,
        40,
        48,
        55
    ]
}