{
    "id": 77869,
    "category": 53,
    "location": [
        -118.88111,
        37.23444
    ],
    "keywords": [
        23
    ]
}