{
    "id": 77884,
    "category": 53,
    "location": [
        -118.94528,
        34.66889
    ],
    "keywords": [
        52,
        18,
        39,
        22
    ]
}