{
    "id": 77906,
    "category": 53,
    "location": [
        -119.06444,
        36.55028
    ],
    "keywords": [
        24,
        75,
        41,
        47,
        41,
        56,
        31,
        6,
        26,
        46,
        50,
        28
    ]
}