{
    "id": 77949,
    "category": 53,
    "location": [
        -119.31194,
        34.64056
    ],
    "keywords": [
        5,
        40,
        59,
        24,
        20,
        21,
        50,
        47,
        2,
        50,
        50,
        17
    ]
}