{
    "id": 77953,
    "category": 53,
    "location": [
        -119.33417,
        34.65083
    ],
    "keywords": [
        26,
        75,
        43
    ]
}