{
    "id": 77962,
    "category": 53,
    "location": [
        -119.39944,
        38.27972
    ],
    "keywords": [
        12,
        16,
        73,
        52
    ]
}