{
    "id": 77972,
    "category": 53,
    "location": [
        -119.55306,
        37.74361
    ],
    "keywords": [
        68,
        16,
        0,
        12
    ]
}