{
    "id": 7797,
    "category": 12,
    "location": [
        -115.55167,
        32.96472
    ],
    "keywords": []
}