{
    "id": 77973,
    "category": 53,
    "location": [
        -119.56167,
        34.53972
    ],
    "keywords": [
        4,
        17,
        2,
        64,
        4,
        50,
        49,
        63
    ]
}