{
    "id": 77989,
    "category": 53,
    "location": [
        -119.63806,
        34.46306
    ],
    "keywords": [
        21,
        13,
        30,
        74,
        37,
        19,
        14,
        56,
        2,
        20,
        31,
        50
    ]
}