{
    "id": 7799,
    "category": 12,
    "location": [
        -115.55194,
        33.12167
    ],
    "keywords": [
        33,
        48,
        39,
        29,
        74,
        64,
        9,
        11,
        67,
        58,
        16
    ]
}