{
    "id": 78009,
    "category": 53,
    "location": [
        -119.70444,
        34.78083
    ],
    "keywords": []
}