{
    "id": 78031,
    "category": 53,
    "location": [
        -119.76528,
        37.64667
    ],
    "keywords": [
        12,
        50,
        29,
        43,
        56,
        24,
        52
    ]
}