{
    "id": 78047,
    "category": 53,
    "location": [
        -119.81306,
        34.89139
    ],
    "keywords": [
        48,
        32,
        20,
        8,
        32,
        12,
        40,
        45,
        12,
        54,
        42
    ]
}