{
    "id": 78058,
    "category": 53,
    "location": [
        -119.84306,
        34.87194
    ],
    "keywords": [
        17,
        72,
        65,
        16,
        58,
        57,
        29,
        72,
        44,
        13,
        43,
        39,
        2,
        65,
        47
    ]
}