{
    "id": 78062,
    "category": 53,
    "location": [
        -119.84528,
        34.70667
    ],
    "keywords": [
        48,
        1,
        57,
        10,
        2,
        63
    ]
}