{
    "id": 78086,
    "category": 53,
    "location": [
        -119.93861,
        35.46222
    ],
    "keywords": [
        15,
        32,
        13,
        16,
        0,
        36,
        4,
        14,
        30,
        59,
        27,
        68,
        38
    ]
}