{
    "id": 78106,
    "category": 53,
    "location": [
        -120.01167,
        34.75667
    ],
    "keywords": [
        60,
        17,
        34
    ]
}