{
    "id": 78125,
    "category": 53,
    "location": [
        -120.04333,
        38.09306
    ],
    "keywords": [
        35,
        71,
        31,
        38,
        4,
        3,
        1,
        55,
        73,
        72,
        52
    ]
}