{
    "id": 78124,
    "category": 53,
    "location": [
        -120.04056,
        35.17361
    ],
    "keywords": [
        17,
        19
    ]
}