{
    "id": 78134,
    "category": 53,
    "location": [
        -120.05556,
        40.39111
    ],
    "keywords": [
        62,
        5,
        0,
        68,
        38,
        53,
        60,
        64,
        64
    ]
}