{
    "id": 78147,
    "category": 53,
    "location": [
        -120.06694,
        38.10417
    ],
    "keywords": [
        8,
        69,
        38,
        6,
        52,
        60,
        74
    ]
}