{
    "id": 78219,
    "category": 53,
    "location": [
        -120.14472,
        35.20944
    ],
    "keywords": [
        53,
        36,
        15,
        62,
        26,
        38
    ]
}