{
    "id": 78213,
    "category": 53,
    "location": [
        -120.14056,
        41.20278
    ],
    "keywords": [
        67,
        57,
        66,
        45,
        69,
        17,
        16,
        58,
        2,
        66,
        33
    ]
}