{
    "id": 78221,
    "category": 53,
    "location": [
        -120.14583,
        38.63972
    ],
    "keywords": []
}