{
    "id": 7822,
    "category": 12,
    "location": [
        -115.56806,
        32.76417
    ],
    "keywords": [
        19,
        30,
        1,
        3,
        15,
        67,
        44,
        10,
        50,
        61,
        39,
        10,
        6,
        41
    ]
}