{
    "id": 78239,
    "category": 53,
    "location": [
        -120.17222,
        40.63806
    ],
    "keywords": [
        19
    ]
}