{
    "id": 78234,
    "category": 53,
    "location": [
        -120.16417,
        39.95667
    ],
    "keywords": [
        14,
        64,
        18,
        69,
        21,
        55,
        39,
        28
    ]
}