{
    "id": 78238,
    "category": 53,
    "location": [
        -120.17222,
        35.95361
    ],
    "keywords": [
        22,
        57,
        33,
        20,
        20,
        52,
        40,
        62,
        41,
        20,
        14,
        29,
        46,
        8,
        15
    ]
}