{
    "id": 78249,
    "category": 53,
    "location": [
        -120.18889,
        35.70083
    ],
    "keywords": [
        19,
        23,
        42,
        8,
        64,
        36,
        24,
        41,
        24,
        40,
        37,
        40,
        56,
        55
    ]
}