{
    "id": 78245,
    "category": 53,
    "location": [
        -120.18639,
        40.68833
    ],
    "keywords": [
        64,
        26,
        25,
        23
    ]
}