{
    "id": 78259,
    "category": 53,
    "location": [
        -120.20139,
        40.63806
    ],
    "keywords": [
        24,
        19,
        59,
        48,
        19,
        25,
        46,
        23,
        69
    ]
}