{
    "id": 78250,
    "category": 53,
    "location": [
        -120.19111,
        35.67583
    ],
    "keywords": [
        62,
        59,
        8,
        65,
        40,
        7,
        16,
        61,
        35,
        19
    ]
}