{
    "id": 78275,
    "category": 53,
    "location": [
        -120.21778,
        40.72806
    ],
    "keywords": [
        43,
        51,
        1,
        27,
        60,
        48,
        45,
        61,
        6,
        10,
        0
    ]
}