{
    "id": 7831,
    "category": 12,
    "location": [
        -115.56972,
        32.96861
    ],
    "keywords": [
        72,
        27,
        62
    ]
}