{
    "id": 78333,
    "category": 53,
    "location": [
        -120.28333,
        35.30528
    ],
    "keywords": [
        40,
        3,
        73,
        2,
        40,
        64,
        18,
        37,
        21,
        37,
        37,
        56,
        48,
        37
    ]
}