{
    "id": 78334,
    "category": 53,
    "location": [
        -120.28417,
        35.70444
    ],
    "keywords": [
        70,
        39,
        19,
        29,
        45,
        58,
        26,
        72,
        51,
        23,
        22,
        41,
        54,
        32
    ]
}