{
    "id": 7834,
    "category": 12,
    "location": [
        -115.57306,
        32.94889
    ],
    "keywords": [
        13,
        65,
        65,
        74,
        16
    ]
}