{
    "id": 78357,
    "category": 53,
    "location": [
        -120.32389,
        41.05028
    ],
    "keywords": []
}