{
    "id": 78352,
    "category": 53,
    "location": [
        -120.31778,
        40.46861
    ],
    "keywords": []
}