{
    "id": 78350,
    "category": 53,
    "location": [
        -120.31306,
        40.10583
    ],
    "keywords": [
        43,
        70,
        20
    ]
}