{
    "id": 78368,
    "category": 53,
    "location": [
        -120.33722,
        39.09667
    ],
    "keywords": [
        51,
        56
    ]
}