{
    "id": 7836,
    "category": 12,
    "location": [
        -115.57583,
        32.69056
    ],
    "keywords": [
        35,
        66,
        53,
        72,
        7,
        69,
        4,
        5,
        13,
        13,
        45
    ]
}