{
    "id": 78371,
    "category": 53,
    "location": [
        -120.34028,
        41.79972
    ],
    "keywords": [
        46,
        24,
        24,
        69,
        39,
        11,
        62,
        30,
        6,
        72,
        29,
        5,
        5,
        43,
        56
    ]
}