{
    "id": 78383,
    "category": 53,
    "location": [
        -120.35194,
        35.28139
    ],
    "keywords": [
        54,
        13,
        44,
        61,
        74
    ]
}