{
    "id": 78385,
    "category": 53,
    "location": [
        -120.35722,
        35.40278
    ],
    "keywords": [
        74,
        1,
        1,
        40,
        44,
        21,
        13,
        48,
        44,
        28,
        27,
        38,
        30
    ]
}