{
    "id": 78404,
    "category": 53,
    "location": [
        -120.37861,
        36.34667
    ],
    "keywords": [
        26,
        9,
        51,
        59,
        31,
        8,
        40,
        27
    ]
}