{
    "id": 78418,
    "category": 53,
    "location": [
        -120.40278,
        38.69333
    ],
    "keywords": []
}