{
    "id": 78426,
    "category": 53,
    "location": [
        -120.40778,
        40.13556
    ],
    "keywords": [
        65,
        28,
        20,
        30,
        27,
        51,
        70,
        5
    ]
}