{
    "id": 7845,
    "category": 12,
    "location": [
        -115.57778,
        33.31444
    ],
    "keywords": [
        64,
        56
    ]
}