{
    "id": 7848,
    "category": 12,
    "location": [
        -115.57861,
        33.14778
    ],
    "keywords": [
        37,
        54,
        27,
        73
    ]
}