{
    "id": 78484,
    "category": 53,
    "location": [
        -120.47611,
        36.17417
    ],
    "keywords": [
        54,
        17,
        2,
        10,
        36,
        9,
        73,
        24,
        62,
        46
    ]
}