{
    "id": 78493,
    "category": 53,
    "location": [
        -120.48583,
        39.01528
    ],
    "keywords": [
        49,
        66,
        37
    ]
}