{
    "id": 78491,
    "category": 53,
    "location": [
        -120.48111,
        40.01222
    ],
    "keywords": [
        44,
        8,
        13,
        35,
        49,
        17,
        46,
        53,
        12,
        3,
        7,
        50,
        62,
        32
    ]
}