{
    "id": 78497,
    "category": 53,
    "location": [
        -120.49056,
        40.60028
    ],
    "keywords": [
        66,
        67,
        49,
        55,
        15,
        4,
        56,
        43,
        53,
        72,
        47,
        30,
        73,
        23,
        65
    ]
}