{
    "id": 7851,
    "category": 12,
    "location": [
        -115.58417,
        33.30694
    ],
    "keywords": [
        65,
        64,
        74
    ]
}