{
    "id": 78526,
    "category": 53,
    "location": [
        -120.52917,
        36.19667
    ],
    "keywords": [
        65,
        19,
        63,
        52,
        38,
        43,
        64,
        74,
        15,
        16,
        75,
        37,
        45,
        56,
        55
    ]
}