{
    "id": 78544,
    "category": 53,
    "location": [
        -120.55278,
        36.20472
    ],
    "keywords": [
        60,
        57,
        48,
        51,
        55,
        4,
        60,
        27,
        28,
        33,
        68,
        15
    ]
}