{
    "id": 78552,
    "category": 53,
    "location": [
        -120.55722,
        39.75056
    ],
    "keywords": [
        7,
        24,
        30,
        70,
        56,
        21
    ]
}