{
    "id": 78551,
    "category": 53,
    "location": [
        -120.55667,
        41.07111
    ],
    "keywords": [
        58,
        71,
        63
    ]
}