{
    "id": 78560,
    "category": 53,
    "location": [
        -120.56278,
        36.20944
    ],
    "keywords": [
        19,
        1
    ]
}