{
    "id": 78583,
    "category": 53,
    "location": [
        -120.59528,
        41.92278
    ],
    "keywords": [
        63,
        53,
        12,
        55,
        23,
        29,
        27,
        8,
        19,
        75
    ]
}