{
    "id": 78584,
    "category": 53,
    "location": [
        -120.59667,
        36.34528
    ],
    "keywords": [
        17,
        54,
        37,
        0,
        62,
        7,
        66,
        0,
        6,
        75,
        56,
        66
    ]
}