{
    "id": 78599,
    "category": 53,
    "location": [
        -120.61056,
        39.59861
    ],
    "keywords": [
        68,
        5,
        43,
        37,
        45,
        34
    ]
}