{
    "id": 78597,
    "category": 53,
    "location": [
        -120.60833,
        39.97778
    ],
    "keywords": [
        7,
        31
    ]
}