{
    "id": 78598,
    "category": 53,
    "location": [
        -120.60833,
        41.11667
    ],
    "keywords": [
        52,
        72,
        38,
        48,
        42,
        34
    ]
}