{
    "id": 78643,
    "category": 53,
    "location": [
        -120.66861,
        36.09194
    ],
    "keywords": [
        73,
        31,
        46,
        65,
        18,
        30,
        13,
        19,
        15,
        8,
        23,
        30,
        8
    ]
}