{
    "id": 78645,
    "category": 53,
    "location": [
        -120.67028,
        35.41194
    ],
    "keywords": [
        74,
        14,
        38,
        2,
        11,
        51,
        14,
        5,
        51
    ]
}