{
    "id": 78650,
    "category": 53,
    "location": [
        -120.67306,
        36.33444
    ],
    "keywords": [
        18,
        31
    ]
}