{
    "id": 7866,
    "category": 12,
    "location": [
        -115.58778,
        33.15694
    ],
    "keywords": [
        39,
        19,
        50,
        37,
        40,
        23,
        30,
        74,
        34,
        1
    ]
}