{
    "id": 78676,
    "category": 53,
    "location": [
        -120.70389,
        41.90111
    ],
    "keywords": [
        1,
        18,
        46,
        56,
        4,
        52,
        69
    ]
}