{
    "id": 78673,
    "category": 53,
    "location": [
        -120.70139,
        40.79222
    ],
    "keywords": []
}