{
    "id": 78696,
    "category": 53,
    "location": [
        -120.73306,
        41.98194
    ],
    "keywords": [
        48,
        2,
        56,
        71,
        72
    ]
}