{
    "id": 78702,
    "category": 53,
    "location": [
        -120.74333,
        41.89611
    ],
    "keywords": [
        48,
        49,
        26,
        41,
        55,
        33,
        45,
        34,
        54,
        74,
        23,
        27
    ]
}