{
    "id": 78700,
    "category": 53,
    "location": [
        -120.74167,
        41.00972
    ],
    "keywords": [
        60,
        17,
        40,
        38
    ]
}