{
    "id": 78713,
    "category": 53,
    "location": [
        -120.75944,
        40.97806
    ],
    "keywords": [
        21,
        0,
        56,
        49,
        48,
        41,
        41,
        10,
        22
    ]
}