{
    "id": 78729,
    "category": 53,
    "location": [
        -120.77944,
        41.17917
    ],
    "keywords": [
        63,
        59,
        19,
        51,
        8,
        43,
        4,
        56,
        11,
        60,
        50,
        35,
        51,
        36,
        47
    ]
}