{
    "id": 78731,
    "category": 53,
    "location": [
        -120.78306,
        40.82139
    ],
    "keywords": [
        58
    ]
}