{
    "id": 78745,
    "category": 53,
    "location": [
        -120.80056,
        40.99083
    ],
    "keywords": [
        37,
        6
    ]
}