{
    "id": 78759,
    "category": 53,
    "location": [
        -120.81556,
        39.49083
    ],
    "keywords": [
        57,
        56,
        27,
        64,
        56,
        19,
        48
    ]
}