{
    "id": 78776,
    "category": 53,
    "location": [
        -120.83278,
        39.38528
    ],
    "keywords": [
        28,
        38,
        1,
        24,
        54
    ]
}