{
    "id": 78790,
    "category": 53,
    "location": [
        -120.84778,
        40.99917
    ],
    "keywords": [
        61,
        62,
        40,
        23,
        32,
        40,
        40,
        17,
        63
    ]
}