{
    "id": 78799,
    "category": 53,
    "location": [
        -120.85333,
        36.27556
    ],
    "keywords": [
        31,
        57,
        14
    ]
}