{
    "id": 78809,
    "category": 53,
    "location": [
        -120.86444,
        41.29833
    ],
    "keywords": [
        36,
        70,
        43,
        1
    ]
}