{
    "id": 78818,
    "category": 53,
    "location": [
        -120.87722,
        40.86111
    ],
    "keywords": [
        56,
        16,
        25,
        30,
        62,
        24,
        54,
        17,
        51,
        35,
        64,
        32,
        66
    ]
}