{
    "id": 78810,
    "category": 53,
    "location": [
        -120.86667,
        39.41111
    ],
    "keywords": [
        7,
        12
    ]
}