{
    "id": 78837,
    "category": 53,
    "location": [
        -120.89889,
        36.34944
    ],
    "keywords": []
}