{
    "id": 78857,
    "category": 53,
    "location": [
        -120.93056,
        38.41389
    ],
    "keywords": [
        12,
        24
    ]
}