{
    "id": 78854,
    "category": 53,
    "location": [
        -120.92611,
        41.26639
    ],
    "keywords": [
        20,
        66,
        31,
        44,
        41,
        63,
        31,
        2,
        49,
        60,
        21,
        28,
        52
    ]
}