{
    "id": 78866,
    "category": 53,
    "location": [
        -120.94194,
        40.98417
    ],
    "keywords": [
        3,
        45,
        19,
        4,
        56,
        46,
        31,
        39,
        62,
        39,
        36
    ]
}