{
    "id": 78889,
    "category": 53,
    "location": [
        -120.99444,
        41.01528
    ],
    "keywords": [
        68,
        59,
        53,
        56,
        5,
        15,
        49,
        5,
        34,
        64,
        49,
        17,
        22
    ]
}