{
    "id": 78880,
    "category": 53,
    "location": [
        -120.97417,
        41.28167
    ],
    "keywords": [
        72,
        54,
        62,
        68,
        53,
        32,
        52,
        22,
        23,
        37,
        36,
        13
    ]
}