{
    "id": 78888,
    "category": 53,
    "location": [
        -120.99444,
        36.90028
    ],
    "keywords": [
        20,
        74
    ]
}