{
    "id": 78891,
    "category": 53,
    "location": [
        -121.00139,
        36.90194
    ],
    "keywords": [
        41,
        27,
        43,
        67,
        40
    ]
}