{
    "id": 78902,
    "category": 53,
    "location": [
        -121.02361,
        40.82667
    ],
    "keywords": [
        25,
        59,
        13,
        32,
        27,
        9,
        66
    ]
}