{
    "id": 78926,
    "category": 53,
    "location": [
        -121.06333,
        41.42361
    ],
    "keywords": [
        49,
        21,
        64,
        73,
        63,
        22,
        31,
        63,
        8,
        14,
        72,
        38,
        35,
        6,
        33
    ]
}