{
    "id": 78930,
    "category": 53,
    "location": [
        -121.06667,
        41.34639
    ],
    "keywords": [
        33,
        45,
        42,
        68,
        46,
        22
    ]
}