{
    "id": 78950,
    "category": 53,
    "location": [
        -121.09556,
        40.27194
    ],
    "keywords": []
}