{
    "id": 78967,
    "category": 53,
    "location": [
        -121.15111,
        37.02889
    ],
    "keywords": []
}