{
    "id": 78960,
    "category": 53,
    "location": [
        -121.12417,
        40.45639
    ],
    "keywords": [
        69,
        23,
        14,
        72,
        70,
        13
    ]
}