{
    "id": 79018,
    "category": 53,
    "location": [
        -121.27722,
        41.14861
    ],
    "keywords": [
        26,
        37,
        64,
        69,
        11,
        60,
        25
    ]
}