{
    "id": 79024,
    "category": 53,
    "location": [
        -121.28556,
        40.40806
    ],
    "keywords": [
        63,
        35,
        29,
        10,
        43,
        48,
        61,
        11,
        61,
        49,
        42,
        38
    ]
}