{
    "id": 79036,
    "category": 53,
    "location": [
        -121.31306,
        39.50333
    ],
    "keywords": [
        26,
        69,
        44,
        9,
        68,
        22,
        24,
        4,
        67,
        62,
        6
    ]
}