{
    "id": 79034,
    "category": 53,
    "location": [
        -121.30889,
        40.95139
    ],
    "keywords": [
        3,
        16,
        33,
        2,
        51,
        37,
        28,
        41,
        51,
        7
    ]
}