{
    "id": 79059,
    "category": 53,
    "location": [
        -121.37167,
        40.30694
    ],
    "keywords": [
        75,
        42,
        69,
        2,
        26,
        56,
        67,
        17,
        57,
        14,
        7,
        18,
        28
    ]
}