{
    "id": 79054,
    "category": 53,
    "location": [
        -121.35917,
        40.09667
    ],
    "keywords": [
        14,
        5,
        57,
        48,
        70,
        73,
        47,
        36,
        62,
        35
    ]
}