{
    "id": 79074,
    "category": 53,
    "location": [
        -121.40833,
        40.43889
    ],
    "keywords": [
        16,
        65,
        8,
        6
    ]
}