{
    "id": 79105,
    "category": 53,
    "location": [
        -121.52556,
        39.61778
    ],
    "keywords": [
        63,
        6,
        37,
        62,
        70,
        66,
        48,
        37,
        30
    ]
}