{
    "id": 79111,
    "category": 53,
    "location": [
        -121.54472,
        37.47472
    ],
    "keywords": [
        20,
        45
    ]
}