{
    "id": 79119,
    "category": 53,
    "location": [
        -121.56194,
        41.55639
    ],
    "keywords": [
        35,
        67,
        45
    ]
}