{
    "id": 79139,
    "category": 53,
    "location": [
        -121.63528,
        36.12306
    ],
    "keywords": [
        19,
        38,
        34,
        59
    ]
}