{
    "id": 79142,
    "category": 53,
    "location": [
        -121.65389,
        37.51194
    ],
    "keywords": [
        45,
        18,
        74,
        61,
        10,
        16,
        72,
        40,
        20,
        42,
        40,
        3,
        31,
        72
    ]
}