{
    "id": 79159,
    "category": 53,
    "location": [
        -121.70333,
        40.46667
    ],
    "keywords": [
        33,
        30,
        49,
        44,
        38,
        38,
        63,
        18,
        47,
        6,
        62,
        44,
        22,
        60,
        33
    ]
}