{
    "id": 79174,
    "category": 53,
    "location": [
        -121.75194,
        40.23528
    ],
    "keywords": [
        29,
        15,
        44,
        27,
        62,
        24,
        49,
        54,
        32,
        63,
        42
    ]
}