{
    "id": 79182,
    "category": 53,
    "location": [
        -121.76694,
        40.02333
    ],
    "keywords": [
        24,
        0,
        2,
        35,
        36,
        48,
        11,
        22,
        70,
        48,
        1
    ]
}