{
    "id": 79181,
    "category": 53,
    "location": [
        -121.76583,
        40.23861
    ],
    "keywords": [
        4,
        22,
        21,
        28,
        24,
        64,
        60,
        60,
        72
    ]
}