{
    "id": 79191,
    "category": 53,
    "location": [
        -121.78028,
        40.51472
    ],
    "keywords": []
}