{
    "id": 792,
    "category": 0,
    "location": [
        -121.59667,
        37.08167
    ],
    "keywords": [
        30,
        56,
        20,
        65,
        24
    ]
}