{
    "id": 7920,
    "category": 12,
    "location": [
        -115.62028,
        32.85056
    ],
    "keywords": []
}