{
    "id": 79226,
    "category": 53,
    "location": [
        -121.85083,
        37.49583
    ],
    "keywords": [
        54,
        50,
        44,
        20,
        74,
        9,
        54,
        68,
        53,
        54
    ]
}