{
    "id": 79237,
    "category": 53,
    "location": [
        -121.90389,
        40.86139
    ],
    "keywords": [
        54,
        12,
        35,
        16,
        64
    ]
}