{
    "id": 7923,
    "category": 12,
    "location": [
        -115.62056,
        32.70194
    ],
    "keywords": [
        31,
        11,
        34
    ]
}