{
    "id": 79248,
    "category": 53,
    "location": [
        -121.95333,
        40.79861
    ],
    "keywords": [
        42,
        11,
        19,
        41,
        61,
        69,
        17,
        51,
        68,
        22,
        55,
        74,
        72,
        39
    ]
}