{
    "id": 79269,
    "category": 53,
    "location": [
        -122.03611,
        41.38556
    ],
    "keywords": [
        56,
        6,
        2,
        12,
        48,
        26,
        24,
        32,
        75,
        67,
        53,
        4,
        63
    ]
}