{
    "id": 79289,
    "category": 53,
    "location": [
        -122.10944,
        41.21833
    ],
    "keywords": []
}