{
    "id": 79288,
    "category": 53,
    "location": [
        -122.10361,
        38.59694
    ],
    "keywords": [
        9,
        20,
        20,
        55,
        41,
        11,
        17,
        62,
        75
    ]
}