{
    "id": 79298,
    "category": 53,
    "location": [
        -122.13333,
        41.72111
    ],
    "keywords": [
        63,
        45,
        61,
        51,
        47,
        32,
        71,
        32,
        14,
        0,
        4,
        37,
        37,
        75
    ]
}