{
    "id": 79312,
    "category": 53,
    "location": [
        -122.18083,
        41.26167
    ],
    "keywords": [
        59,
        60,
        19,
        3,
        39,
        58,
        8,
        10,
        66,
        37,
        7
    ]
}