{
    "id": 79340,
    "category": 53,
    "location": [
        -122.25972,
        38.51889
    ],
    "keywords": [
        36,
        3,
        27,
        2,
        57,
        2,
        64,
        50,
        73,
        53,
        62
    ]
}