{
    "id": 79352,
    "category": 53,
    "location": [
        -122.30306,
        38.94139
    ],
    "keywords": [
        41,
        71,
        30,
        71,
        23,
        24,
        24,
        14,
        15,
        72,
        4,
        38
    ]
}