{
    "id": 79367,
    "category": 53,
    "location": [
        -122.32556,
        41.72528
    ],
    "keywords": [
        3,
        29,
        60,
        53,
        58,
        63,
        21,
        62,
        38,
        8
    ]
}