{
    "id": 79376,
    "category": 53,
    "location": [
        -122.37194,
        41.91861
    ],
    "keywords": [
        43,
        21,
        18,
        44,
        62,
        33,
        11
    ]
}