{
    "id": 79398,
    "category": 53,
    "location": [
        -122.46222,
        40.75944
    ],
    "keywords": [
        0,
        46,
        29,
        17
    ]
}