{
    "id": 79390,
    "category": 53,
    "location": [
        -122.43639,
        39.48111
    ],
    "keywords": [
        3,
        44,
        19,
        69
    ]
}