{
    "id": 79399,
    "category": 53,
    "location": [
        -122.46694,
        39.27972
    ],
    "keywords": [
        18,
        71,
        66,
        30
    ]
}