{
    "id": 79408,
    "category": 53,
    "location": [
        -122.49778,
        40.70361
    ],
    "keywords": [
        15,
        45,
        64
    ]
}