{
    "id": 79419,
    "category": 53,
    "location": [
        -122.53278,
        40.92889
    ],
    "keywords": [
        43,
        21,
        48
    ]
}