{
    "id": 79424,
    "category": 53,
    "location": [
        -122.54222,
        41.81889
    ],
    "keywords": [
        60,
        10,
        41,
        51,
        0,
        8,
        48,
        8,
        25,
        7,
        24,
        10,
        45,
        42
    ]
}