{
    "id": 79438,
    "category": 53,
    "location": [
        -122.58306,
        39.94472
    ],
    "keywords": [
        8,
        41,
        33,
        69,
        29,
        58,
        9
    ]
}