{
    "id": 79449,
    "category": 53,
    "location": [
        -122.60806,
        41.88528
    ],
    "keywords": [
        62,
        34,
        33,
        45,
        62
    ]
}