{
    "id": 79468,
    "category": 53,
    "location": [
        -122.64167,
        41.05944
    ],
    "keywords": [
        13,
        72,
        5,
        21,
        55,
        58,
        17
    ]
}