{
    "id": 79475,
    "category": 53,
    "location": [
        -122.65833,
        41.88722
    ],
    "keywords": [
        18,
        34,
        54,
        24,
        65,
        28,
        26,
        9
    ]
}