{
    "id": 79472,
    "category": 53,
    "location": [
        -122.65583,
        39.70806
    ],
    "keywords": [
        38,
        53,
        34,
        10,
        63,
        9,
        42,
        64
    ]
}