{
    "id": 79480,
    "category": 53,
    "location": [
        -122.66333,
        39.65222
    ],
    "keywords": [
        53,
        63,
        18,
        47,
        27,
        28
    ]
}