{
    "id": 79490,
    "category": 53,
    "location": [
        -122.67361,
        40.04944
    ],
    "keywords": [
        61,
        13,
        22,
        3,
        24,
        6,
        2,
        48,
        12,
        16,
        50,
        64
    ]
}