{
    "id": 79495,
    "category": 53,
    "location": [
        -122.68639,
        38.41528
    ],
    "keywords": [
        3,
        62,
        46,
        61,
        15,
        33,
        65,
        68,
        13,
        9,
        75,
        1
    ]
}