{
    "id": 79502,
    "category": 53,
    "location": [
        -122.70028,
        39.27889
    ],
    "keywords": [
        43
    ]
}