{
    "id": 79505,
    "category": 53,
    "location": [
        -122.70861,
        41.97861
    ],
    "keywords": [
        10,
        75,
        8,
        68,
        33
    ]
}