{
    "id": 79509,
    "category": 53,
    "location": [
        -122.71139,
        38.84722
    ],
    "keywords": [
        11,
        53,
        17,
        33,
        32,
        64,
        36,
        45,
        72,
        54
    ]
}