{
    "id": 79503,
    "category": 53,
    "location": [
        -122.70111,
        39.56139
    ],
    "keywords": [
        12,
        54
    ]
}