{
    "id": 7951,
    "category": 12,
    "location": [
        -115.63722,
        32.68278
    ],
    "keywords": [
        29
    ]
}