{
    "id": 79554,
    "category": 53,
    "location": [
        -122.80722,
        39.14972
    ],
    "keywords": [
        39,
        12,
        25,
        68,
        54,
        74,
        35,
        47,
        61,
        36,
        24,
        22,
        13
    ]
}