{
    "id": 79556,
    "category": 53,
    "location": [
        -122.81194,
        39.21083
    ],
    "keywords": [
        18,
        75
    ]
}