{
    "id": 79566,
    "category": 53,
    "location": [
        -122.82611,
        39.84694
    ],
    "keywords": [
        28
    ]
}