{
    "id": 79587,
    "category": 53,
    "location": [
        -122.89611,
        39.75333
    ],
    "keywords": [
        9,
        58,
        38,
        63,
        52,
        45,
        70,
        65,
        64,
        23,
        53,
        1
    ]
}