{
    "id": 79605,
    "category": 53,
    "location": [
        -122.95472,
        41.95806
    ],
    "keywords": [
        60,
        45,
        55,
        56,
        26,
        72,
        23,
        51,
        40,
        19
    ]
}