{
    "id": 79624,
    "category": 53,
    "location": [
        -123.01389,
        40.31917
    ],
    "keywords": [
        36,
        19,
        48,
        46,
        10,
        10,
        8
    ]
}