{
    "id": 79646,
    "category": 53,
    "location": [
        -123.11278,
        41.74639
    ],
    "keywords": [
        51,
        43,
        30,
        62,
        3,
        35,
        37,
        52,
        56,
        22
    ]
}