{
    "id": 79649,
    "category": 53,
    "location": [
        -123.12472,
        38.60194
    ],
    "keywords": [
        2
    ]
}