{
    "id": 79647,
    "category": 53,
    "location": [
        -123.11639,
        38.55139
    ],
    "keywords": [
        15,
        8,
        71,
        16,
        23
    ]
}