{
    "id": 79656,
    "category": 53,
    "location": [
        -123.14833,
        39.71778
    ],
    "keywords": [
        12,
        49,
        61,
        34,
        26,
        32,
        59,
        21,
        48,
        35,
        39,
        55
    ]
}