{
    "id": 79665,
    "category": 53,
    "location": [
        -123.15917,
        41.74278
    ],
    "keywords": [
        33,
        42,
        0,
        1,
        60,
        1
    ]
}