{
    "id": 79663,
    "category": 53,
    "location": [
        -123.15806,
        38.93583
    ],
    "keywords": [
        52,
        50,
        50,
        42,
        49,
        37
    ]
}