{
    "id": 79668,
    "category": 53,
    "location": [
        -123.17806,
        38.72361
    ],
    "keywords": [
        16,
        24,
        55,
        62
    ]
}