{
    "id": 79672,
    "category": 53,
    "location": [
        -123.18083,
        41.66778
    ],
    "keywords": [
        20,
        44,
        46
    ]
}