{
    "id": 79689,
    "category": 53,
    "location": [
        -123.21639,
        40.99667
    ],
    "keywords": [
        75,
        42,
        16,
        7,
        8,
        69,
        62,
        4,
        66,
        50,
        68,
        69
    ]
}