{
    "id": 797,
    "category": 0,
    "location": [
        -121.61944,
        39.48972
    ],
    "keywords": [
        12,
        45,
        30,
        26,
        27,
        28,
        60,
        58,
        59,
        72,
        30,
        29,
        71,
        6
    ]
}