{
    "id": 7970,
    "category": 12,
    "location": [
        -115.64528,
        32.77028
    ],
    "keywords": [
        57
    ]
}