{
    "id": 79701,
    "category": 53,
    "location": [
        -123.25333,
        40.24639
    ],
    "keywords": [
        57
    ]
}