{
    "id": 79724,
    "category": 53,
    "location": [
        -123.32583,
        40.41444
    ],
    "keywords": [
        49,
        71,
        63,
        63,
        25,
        59,
        34,
        63,
        48
    ]
}