{
    "id": 79740,
    "category": 53,
    "location": [
        -123.39306,
        40.82028
    ],
    "keywords": [
        70,
        61,
        16,
        54,
        12,
        3,
        54,
        37,
        23,
        17
    ]
}