{
    "id": 7974,
    "category": 12,
    "location": [
        -115.64583,
        32.84889
    ],
    "keywords": [
        36,
        61,
        66,
        26,
        66,
        54,
        38,
        30,
        44
    ]
}