{
    "id": 79754,
    "category": 53,
    "location": [
        -123.44861,
        40.52083
    ],
    "keywords": [
        28,
        54,
        53,
        69,
        45,
        27,
        3,
        19,
        46,
        73,
        31,
        19,
        31
    ]
}