{
    "id": 79761,
    "category": 53,
    "location": [
        -123.48639,
        40.49083
    ],
    "keywords": [
        18,
        4,
        51,
        32,
        37,
        8,
        16,
        50,
        72,
        27,
        10,
        55,
        19,
        16,
        35
    ]
}