{
    "id": 79773,
    "category": 53,
    "location": [
        -123.56028,
        41.67389
    ],
    "keywords": []
}