{
    "id": 79790,
    "category": 53,
    "location": [
        -123.61778,
        40.58889
    ],
    "keywords": [
        1,
        32,
        30,
        27,
        41,
        9,
        47,
        37
    ]
}