{
    "id": 79803,
    "category": 53,
    "location": [
        -123.69222,
        40.56667
    ],
    "keywords": [
        57,
        13
    ]
}