{
    "id": 79805,
    "category": 53,
    "location": [
        -123.69361,
        40.81444
    ],
    "keywords": [
        41
    ]
}