{
    "id": 79835,
    "category": 53,
    "location": [
        -124.33833,
        40.30389
    ],
    "keywords": [
        24,
        28,
        30,
        11,
        1,
        46,
        57,
        67,
        65,
        38,
        5,
        68,
        48,
        5
    ]
}