{
    "id": 79863,
    "category": 54,
    "location": [
        -114.67833,
        33.23083
    ],
    "keywords": [
        47,
        64,
        58,
        68,
        31,
        12
    ]
}