{
    "id": 79886,
    "category": 54,
    "location": [
        -115.16667,
        33.63722
    ],
    "keywords": [
        28,
        41,
        18
    ]
}