{
    "id": 79908,
    "category": 54,
    "location": [
        -115.50694,
        34.67389
    ],
    "keywords": [
        50,
        8,
        14,
        60,
        67,
        0,
        22,
        30,
        71,
        64
    ]
}