{
    "id": 79902,
    "category": 54,
    "location": [
        -115.37833,
        34.53333
    ],
    "keywords": [
        58,
        0,
        44,
        29,
        52,
        46,
        47,
        52,
        57,
        14,
        30
    ]
}