{
    "id": 79900,
    "category": 54,
    "location": [
        -115.37139,
        33.12583
    ],
    "keywords": [
        34,
        29,
        15,
        5,
        73,
        58,
        28,
        60,
        44,
        18,
        43,
        72,
        48,
        33,
        68
    ]
}