{
    "id": 79911,
    "category": 54,
    "location": [
        -115.52528,
        33.28167
    ],
    "keywords": []
}