{
    "id": 79924,
    "category": 54,
    "location": [
        -115.69389,
        33.13833
    ],
    "keywords": [
        49,
        45,
        38,
        60,
        37,
        43,
        29,
        63,
        46,
        17
    ]
}