{
    "id": 7994,
    "category": 12,
    "location": [
        -115.65472,
        33.06361
    ],
    "keywords": [
        56,
        57,
        27,
        27,
        72,
        8,
        2,
        12
    ]
}