{
    "id": 79955,
    "category": 54,
    "location": [
        -115.94667,
        33.08917
    ],
    "keywords": [
        16,
        33,
        74,
        8,
        49,
        75,
        8,
        59,
        17,
        42,
        11,
        10,
        57,
        5,
        69
    ]
}