{
    "id": 79965,
    "category": 54,
    "location": [
        -115.99944,
        35.04389
    ],
    "keywords": [
        59,
        7,
        49,
        37,
        31,
        40,
        35,
        67,
        8
    ]
}