{
    "id": 79969,
    "category": 54,
    "location": [
        -116.01417,
        34.70361
    ],
    "keywords": [
        24,
        40,
        12,
        16,
        13,
        54,
        27,
        11,
        38,
        26,
        72,
        60,
        57
    ]
}