{
    "id": 79966,
    "category": 54,
    "location": [
        -116.00194,
        32.73917
    ],
    "keywords": [
        11,
        16
    ]
}