{
    "id": 79990,
    "category": 54,
    "location": [
        -116.14278,
        32.87333
    ],
    "keywords": [
        74,
        27,
        52
    ]
}