{
    "id": 80025,
    "category": 54,
    "location": [
        -116.28444,
        32.69278
    ],
    "keywords": [
        1
    ]
}