{
    "id": 80026,
    "category": 54,
    "location": [
        -116.28722,
        33.14111
    ],
    "keywords": [
        12,
        9,
        6,
        30,
        57,
        38,
        5,
        4,
        64,
        23,
        68,
        7,
        69
    ]
}