{
    "id": 80038,
    "category": 54,
    "location": [
        -116.32917,
        33.13583
    ],
    "keywords": [
        4,
        25,
        60,
        1,
        3,
        74,
        37,
        17,
        31,
        9,
        50,
        69,
        70,
        47,
        0
    ]
}