{
    "id": 8003,
    "category": 12,
    "location": [
        -115.66306,
        32.66056
    ],
    "keywords": [
        35,
        60,
        30,
        5,
        12,
        15,
        33
    ]
}