{
    "id": 80048,
    "category": 54,
    "location": [
        -116.40806,
        32.65083
    ],
    "keywords": [
        44,
        17,
        2
    ]
}