{
    "id": 80050,
    "category": 54,
    "location": [
        -116.42028,
        33.58278
    ],
    "keywords": [
        46,
        10,
        20,
        28,
        62,
        61,
        16,
        55,
        17,
        48,
        13
    ]
}