{
    "id": 80057,
    "category": 54,
    "location": [
        -116.45694,
        34.18583
    ],
    "keywords": [
        6,
        32,
        13,
        0,
        54,
        2,
        49,
        54,
        37,
        7,
        49,
        44,
        44
    ]
}