{
    "id": 80062,
    "category": 54,
    "location": [
        -116.48056,
        33.01861
    ],
    "keywords": [
        52,
        7,
        17,
        55,
        33,
        13,
        40,
        59,
        18,
        50
    ]
}