{
    "id": 80072,
    "category": 54,
    "location": [
        -116.50806,
        34.18833
    ],
    "keywords": [
        46,
        23,
        75,
        72,
        31,
        50,
        36,
        2,
        39
    ]
}