{
    "id": 80075,
    "category": 54,
    "location": [
        -116.52417,
        33.96056
    ],
    "keywords": []
}