{
    "id": 80091,
    "category": 54,
    "location": [
        -116.55278,
        32.93194
    ],
    "keywords": [
        65,
        70,
        4,
        1,
        50,
        17,
        56,
        13,
        39,
        15
    ]
}