{
    "id": 80093,
    "category": 54,
    "location": [
        -116.55806,
        34.00167
    ],
    "keywords": []
}