{
    "id": 80133,
    "category": 54,
    "location": [
        -116.65556,
        32.59778
    ],
    "keywords": [
        35,
        16,
        59,
        68,
        16,
        20,
        60,
        41,
        48,
        26,
        41,
        42
    ]
}