{
    "id": 80135,
    "category": 54,
    "location": [
        -116.66111,
        33.09778
    ],
    "keywords": [
        6,
        54
    ]
}