{
    "id": 80170,
    "category": 54,
    "location": [
        -116.74139,
        36.06722
    ],
    "keywords": [
        17,
        18,
        0,
        46,
        60,
        57,
        51,
        0,
        62,
        4,
        59
    ]
}