{
    "id": 80171,
    "category": 54,
    "location": [
        -116.74306,
        33.26667
    ],
    "keywords": [
        59,
        21,
        25,
        25,
        0,
        53,
        11,
        48,
        17,
        55,
        44,
        56,
        22,
        54,
        15
    ]
}