{
    "id": 8018,
    "category": 12,
    "location": [
        -115.67194,
        33.06556
    ],
    "keywords": []
}