{
    "id": 80180,
    "category": 54,
    "location": [
        -116.76083,
        32.94611
    ],
    "keywords": [
        74,
        24
    ]
}