{
    "id": 80184,
    "category": 54,
    "location": [
        -116.76556,
        32.56722
    ],
    "keywords": [
        19,
        8,
        38,
        8,
        31,
        25,
        65,
        38
    ]
}