{
    "id": 80200,
    "category": 54,
    "location": [
        -116.79806,
        32.77194
    ],
    "keywords": [
        21,
        34,
        6,
        27,
        27,
        22
    ]
}