{
    "id": 80208,
    "category": 54,
    "location": [
        -116.80833,
        33.05056
    ],
    "keywords": [
        29,
        20,
        28,
        53,
        54,
        72,
        42,
        59,
        40,
        19,
        42,
        72,
        43,
        42
    ]
}