{
    "id": 80233,
    "category": 54,
    "location": [
        -116.85806,
        32.96222
    ],
    "keywords": [
        72,
        37,
        10,
        46,
        44,
        75,
        47,
        10,
        29,
        43
    ]
}