{
    "id": 80243,
    "category": 54,
    "location": [
        -116.88139,
        33.90917
    ],
    "keywords": [
        60,
        43,
        72,
        31,
        33,
        46,
        25
    ]
}