{
    "id": 80246,
    "category": 54,
    "location": [
        -116.88778,
        34.08194
    ],
    "keywords": [
        68,
        5,
        51,
        2,
        6,
        59,
        39,
        44,
        17,
        28,
        50,
        10,
        37
    ]
}