{
    "id": 80262,
    "category": 54,
    "location": [
        -116.91111,
        33.34889
    ],
    "keywords": [
        72,
        43,
        8,
        72,
        52,
        60,
        8,
        17,
        37,
        26,
        54,
        25,
        64
    ]
}