{
    "id": 80296,
    "category": 54,
    "location": [
        -116.96167,
        33.49083
    ],
    "keywords": [
        48,
        64,
        62,
        13
    ]
}