{
    "id": 80321,
    "category": 54,
    "location": [
        -117.00778,
        34.42583
    ],
    "keywords": [
        65,
        55,
        26,
        20,
        54,
        35,
        18,
        56
    ]
}