{
    "id": 80334,
    "category": 54,
    "location": [
        -117.02222,
        32.83944
    ],
    "keywords": [
        66,
        33,
        1,
        62,
        47,
        8,
        26,
        47
    ]
}