{
    "id": 80340,
    "category": 54,
    "location": [
        -117.04889,
        32.95056
    ],
    "keywords": [
        37,
        9,
        55,
        57,
        3,
        74,
        75,
        14,
        30,
        30,
        72,
        34,
        32
    ]
}