{
    "id": 80351,
    "category": 54,
    "location": [
        -117.07361,
        34.15861
    ],
    "keywords": []
}