{
    "id": 80355,
    "category": 54,
    "location": [
        -117.09389,
        34.21111
    ],
    "keywords": [
        68,
        61,
        40,
        43,
        34,
        63,
        52,
        26,
        70,
        19
    ]
}