{
    "id": 8037,
    "category": 12,
    "location": [
        -115.68556,
        32.78111
    ],
    "keywords": []
}