{
    "id": 80392,
    "category": 54,
    "location": [
        -117.18139,
        34.17694
    ],
    "keywords": [
        59,
        10,
        22
    ]
}