{
    "id": 80422,
    "category": 54,
    "location": [
        -117.27972,
        34.06944
    ],
    "keywords": [
        7,
        45,
        53,
        17,
        75,
        12,
        70,
        66,
        32,
        27,
        46,
        7,
        44
    ]
}