{
    "id": 80423,
    "category": 54,
    "location": [
        -117.28139,
        34.53167
    ],
    "keywords": [
        26,
        18,
        34
    ]
}