{
    "id": 80434,
    "category": 54,
    "location": [
        -117.31694,
        34.75583
    ],
    "keywords": [
        64,
        42,
        62,
        44,
        0,
        49,
        15,
        52,
        29,
        16,
        57,
        62
    ]
}