{
    "id": 80453,
    "category": 54,
    "location": [
        -117.41528,
        33.23194
    ],
    "keywords": [
        46,
        75,
        33,
        49,
        21,
        15,
        20
    ]
}