{
    "id": 8045,
    "category": 12,
    "location": [
        -115.68972,
        33.05861
    ],
    "keywords": [
        8
    ]
}