{
    "id": 80456,
    "category": 54,
    "location": [
        -117.43306,
        33.96833
    ],
    "keywords": [
        35,
        72,
        62
    ]
}