{
    "id": 80499,
    "category": 54,
    "location": [
        -117.67111,
        33.51944
    ],
    "keywords": [
        74,
        29,
        70,
        52,
        72,
        54,
        22,
        74,
        23,
        68,
        7,
        52,
        35,
        1
    ]
}