{
    "id": 80526,
    "category": 54,
    "location": [
        -117.76556,
        37.33778
    ],
    "keywords": [
        14,
        57,
        61,
        70,
        6,
        73,
        48,
        72,
        55,
        56,
        14
    ]
}