{
    "id": 80520,
    "category": 54,
    "location": [
        -117.75389,
        34.20472
    ],
    "keywords": [
        56,
        21,
        43
    ]
}