{
    "id": 80521,
    "category": 54,
    "location": [
        -117.75389,
        35.93944
    ],
    "keywords": [
        47,
        71,
        66,
        34,
        5,
        27,
        34,
        65,
        44,
        6,
        15,
        5,
        15,
        10
    ]
}