{
    "id": 8053,
    "category": 12,
    "location": [
        -115.70639,
        33.05861
    ],
    "keywords": [
        32,
        6,
        24,
        6,
        62,
        43,
        39,
        32,
        7,
        54,
        21,
        58
    ]
}