{
    "id": 80548,
    "category": 54,
    "location": [
        -117.86222,
        34.00472
    ],
    "keywords": [
        3,
        58,
        51
    ]
}