{
    "id": 80546,
    "category": 54,
    "location": [
        -117.86083,
        33.65139
    ],
    "keywords": [
        31,
        49,
        68,
        51,
        55,
        25,
        39,
        41,
        15,
        37,
        50,
        1,
        33,
        43,
        0
    ]
}