{
    "id": 80593,
    "category": 54,
    "location": [
        -118.01472,
        34.10333
    ],
    "keywords": [
        17,
        65,
        41,
        36,
        57,
        10,
        13,
        26,
        10,
        32
    ]
}