{
    "id": 806,
    "category": 0,
    "location": [
        -121.69583,
        39.45944
    ],
    "keywords": [
        57,
        23,
        26,
        74,
        57,
        45,
        68,
        33,
        67,
        33,
        16,
        69,
        55,
        29
    ]
}