{
    "id": 80606,
    "category": 54,
    "location": [
        -118.02861,
        36.21417
    ],
    "keywords": [
        38,
        41,
        33,
        22,
        40
    ]
}