{
    "id": 80607,
    "category": 54,
    "location": [
        -118.03139,
        37.35972
    ],
    "keywords": [
        73,
        45
    ]
}