{
    "id": 80628,
    "category": 54,
    "location": [
        -118.05361,
        36.38722
    ],
    "keywords": [
        11,
        68,
        40,
        17,
        46,
        27,
        32,
        65,
        70,
        19,
        49
    ]
}