{
    "id": 80627,
    "category": 54,
    "location": [
        -118.05194,
        37.63861
    ],
    "keywords": [
        3,
        14,
        51,
        34,
        40,
        72,
        15
    ]
}