{
    "id": 80642,
    "category": 54,
    "location": [
        -118.07639,
        36.54889
    ],
    "keywords": [
        7,
        45,
        20,
        15,
        41,
        42,
        47
    ]
}