{
    "id": 80664,
    "category": 54,
    "location": [
        -118.12889,
        34.78194
    ],
    "keywords": [
        29,
        53,
        19,
        37,
        72,
        0,
        34,
        26,
        11,
        23
    ]
}