{
    "id": 80673,
    "category": 54,
    "location": [
        -118.13361,
        34.31722
    ],
    "keywords": [
        34,
        8,
        75,
        62,
        60,
        7
    ]
}