{
    "id": 80699,
    "category": 54,
    "location": [
        -118.17556,
        36.20167
    ],
    "keywords": [
        43,
        46,
        60,
        41,
        43
    ]
}