{
    "id": 80719,
    "category": 54,
    "location": [
        -118.21028,
        34.27667
    ],
    "keywords": [
        38,
        50
    ]
}