{
    "id": 80715,
    "category": 54,
    "location": [
        -118.20361,
        33.84167
    ],
    "keywords": [
        59,
        34,
        63,
        2
    ]
}