{
    "id": 80725,
    "category": 54,
    "location": [
        -118.21528,
        36.83139
    ],
    "keywords": [
        14,
        3
    ]
}