{
    "id": 80744,
    "category": 54,
    "location": [
        -118.25083,
        35.57667
    ],
    "keywords": []
}