{
    "id": 80757,
    "category": 54,
    "location": [
        -118.27667,
        36.41167
    ],
    "keywords": [
        39,
        66,
        75,
        61
    ]
}