{
    "id": 80753,
    "category": 54,
    "location": [
        -118.26722,
        36.35611
    ],
    "keywords": [
        5,
        4,
        63,
        43,
        28
    ]
}