{
    "id": 80768,
    "category": 54,
    "location": [
        -118.30333,
        36.04222
    ],
    "keywords": [
        11,
        72,
        35,
        53,
        59,
        50,
        66,
        16,
        49,
        20,
        64,
        52,
        67
    ]
}