{
    "id": 80784,
    "category": 54,
    "location": [
        -118.34111,
        37.37528
    ],
    "keywords": [
        57,
        31,
        32,
        29,
        74,
        34,
        45,
        50,
        20
    ]
}