{
    "id": 80806,
    "category": 54,
    "location": [
        -118.37694,
        35.54306
    ],
    "keywords": [
        57,
        16,
        74,
        58,
        66,
        9,
        72,
        26,
        28
    ]
}