{
    "id": 80864,
    "category": 54,
    "location": [
        -118.44167,
        34.26361
    ],
    "keywords": [
        47,
        48,
        57,
        49,
        36,
        61,
        38,
        8,
        35,
        19,
        0
    ]
}