{
    "id": 80863,
    "category": 54,
    "location": [
        -118.44139,
        35.70583
    ],
    "keywords": [
        55,
        10,
        71,
        14,
        55
    ]
}