{
    "id": 80883,
    "category": 54,
    "location": [
        -118.45944,
        36.20444
    ],
    "keywords": [
        17
    ]
}