{
    "id": 80887,
    "category": 54,
    "location": [
        -118.46639,
        36.06139
    ],
    "keywords": [
        28,
        48,
        6,
        68,
        72,
        63,
        50,
        12,
        52,
        39,
        28,
        42,
        7,
        60,
        53
    ]
}