{
    "id": 80905,
    "category": 54,
    "location": [
        -118.48333,
        37.37444
    ],
    "keywords": [
        3,
        3,
        35,
        47
    ]
}