{
    "id": 80913,
    "category": 54,
    "location": [
        -118.49278,
        35.71528
    ],
    "keywords": [
        35,
        68
    ]
}