{
    "id": 80936,
    "category": 54,
    "location": [
        -118.52667,
        37.05389
    ],
    "keywords": [
        17,
        36,
        45,
        65,
        30,
        52,
        75,
        45,
        28,
        37
    ]
}