{
    "id": 80937,
    "category": 54,
    "location": [
        -118.52694,
        34.18556
    ],
    "keywords": [
        12,
        11,
        26,
        73,
        8,
        68
    ]
}