{
    "id": 80947,
    "category": 54,
    "location": [
        -118.53278,
        35.80056
    ],
    "keywords": [
        27,
        4,
        70,
        66,
        43,
        27,
        52,
        37,
        57
    ]
}