{
    "id": 80976,
    "category": 54,
    "location": [
        -118.55611,
        36.69528
    ],
    "keywords": [
        39,
        33,
        71,
        63,
        37,
        4,
        62,
        11,
        8,
        22,
        52,
        42,
        10,
        37,
        25
    ]
}