{
    "id": 80975,
    "category": 54,
    "location": [
        -118.55528,
        35.21917
    ],
    "keywords": [
        64,
        66,
        26,
        5,
        22,
        35,
        75,
        1,
        19,
        49,
        31,
        20,
        46
    ]
}