{
    "id": 80999,
    "category": 54,
    "location": [
        -118.58667,
        35.93944
    ],
    "keywords": [
        27,
        28,
        64,
        46,
        14
    ]
}