{
    "id": 80994,
    "category": 54,
    "location": [
        -118.58194,
        35.56778
    ],
    "keywords": [
        48,
        27,
        22,
        75,
        56,
        17,
        59,
        4,
        1
    ]
}