{
    "id": 81001,
    "category": 54,
    "location": [
        -118.58722,
        36.14056
    ],
    "keywords": [
        61,
        74,
        42,
        56,
        15,
        54,
        13,
        25,
        39,
        70,
        24
    ]
}