{
    "id": 81012,
    "category": 54,
    "location": [
        -118.59778,
        36.14139
    ],
    "keywords": [
        0,
        0,
        66,
        11,
        30
    ]
}