{
    "id": 81013,
    "category": 54,
    "location": [
        -118.59778,
        36.45222
    ],
    "keywords": [
        29,
        62,
        1,
        6,
        23
    ]
}