{
    "id": 81028,
    "category": 54,
    "location": [
        -118.61611,
        36.45139
    ],
    "keywords": [
        32,
        17,
        72
    ]
}