{
    "id": 81040,
    "category": 54,
    "location": [
        -118.62194,
        36.13222
    ],
    "keywords": [
        53,
        43,
        6,
        47,
        11
    ]
}