{
    "id": 81067,
    "category": 54,
    "location": [
        -118.64139,
        36.07556
    ],
    "keywords": [
        57,
        67,
        15,
        17,
        71,
        74
    ]
}