{
    "id": 8107,
    "category": 12,
    "location": [
        -115.80722,
        33.13194
    ],
    "keywords": []
}