{
    "id": 81087,
    "category": 54,
    "location": [
        -118.65722,
        35.67861
    ],
    "keywords": [
        46,
        0,
        35,
        20,
        32,
        16,
        25,
        25
    ]
}