{
    "id": 81094,
    "category": 54,
    "location": [
        -118.66306,
        36.15472
    ],
    "keywords": [
        51,
        6,
        26,
        6,
        7
    ]
}