{
    "id": 81121,
    "category": 54,
    "location": [
        -118.68083,
        36.01639
    ],
    "keywords": [
        20,
        23,
        6,
        72,
        43,
        71,
        57,
        43
    ]
}