{
    "id": 81141,
    "category": 54,
    "location": [
        -118.70056,
        34.07806
    ],
    "keywords": [
        11,
        10,
        21,
        48,
        24,
        43,
        60,
        31,
        15,
        37
    ]
}