{
    "id": 81149,
    "category": 54,
    "location": [
        -118.71139,
        35.76889
    ],
    "keywords": []
}