{
    "id": 81157,
    "category": 54,
    "location": [
        -118.72111,
        37.47528
    ],
    "keywords": [
        9,
        40,
        40,
        2,
        56,
        16,
        68,
        30,
        45
    ]
}