{
    "id": 81164,
    "category": 54,
    "location": [
        -118.72778,
        36.82556
    ],
    "keywords": [
        60,
        63,
        44,
        35,
        15,
        65,
        41,
        42,
        14,
        4,
        28,
        38,
        4,
        17,
        69
    ]
}