{
    "id": 81169,
    "category": 54,
    "location": [
        -118.73056,
        35.89833
    ],
    "keywords": [
        29,
        11,
        43,
        65,
        45,
        49,
        44,
        75,
        64,
        19
    ]
}