{
    "id": 81174,
    "category": 54,
    "location": [
        -118.73222,
        37.87583
    ],
    "keywords": [
        39,
        66,
        58,
        4,
        30,
        71,
        26,
        1,
        22,
        70,
        49
    ]
}