{
    "id": 81196,
    "category": 54,
    "location": [
        -118.74917,
        36.71278
    ],
    "keywords": [
        2,
        44,
        19,
        52,
        9,
        67,
        48,
        11,
        29,
        39,
        8,
        24,
        72,
        68,
        31
    ]
}