{
    "id": 81218,
    "category": 54,
    "location": [
        -118.76833,
        36.58194
    ],
    "keywords": []
}