{
    "id": 81237,
    "category": 54,
    "location": [
        -118.79306,
        34.12278
    ],
    "keywords": [
        1,
        63,
        27,
        46,
        58,
        31,
        64,
        28,
        53,
        20,
        19
    ]
}