{
    "id": 81259,
    "category": 54,
    "location": [
        -118.80639,
        36.87472
    ],
    "keywords": [
        23,
        21,
        7
    ]
}