{
    "id": 81253,
    "category": 54,
    "location": [
        -118.80139,
        36.51389
    ],
    "keywords": [
        45,
        60,
        37,
        32
    ]
}