{
    "id": 81287,
    "category": 54,
    "location": [
        -118.83556,
        36.81722
    ],
    "keywords": [
        8,
        66,
        22,
        4,
        70,
        26,
        27,
        3,
        59
    ]
}