{
    "id": 81297,
    "category": 54,
    "location": [
        -118.84722,
        35.81361
    ],
    "keywords": [
        42,
        70
    ]
}