{
    "id": 81300,
    "category": 54,
    "location": [
        -118.84833,
        35.04222
    ],
    "keywords": [
        59
    ]
}