{
    "id": 8130,
    "category": 12,
    "location": [
        -117.11361,
        32.67528
    ],
    "keywords": [
        14,
        6,
        38,
        36,
        18,
        15,
        75,
        24,
        9,
        15,
        17,
        51,
        39,
        49,
        14
    ]
}