{
    "id": 81325,
    "category": 54,
    "location": [
        -118.87444,
        37.34472
    ],
    "keywords": [
        75,
        15,
        64
    ]
}