{
    "id": 81326,
    "category": 54,
    "location": [
        -118.87528,
        34.67472
    ],
    "keywords": [
        36,
        33,
        39,
        53,
        45,
        44,
        51,
        51,
        11,
        37,
        16,
        49,
        41
    ]
}