{
    "id": 81324,
    "category": 54,
    "location": [
        -118.87417,
        36.83833
    ],
    "keywords": [
        9,
        28,
        6,
        59,
        74,
        29,
        39
    ]
}