{
    "id": 81331,
    "category": 54,
    "location": [
        -118.87972,
        36.83972
    ],
    "keywords": [
        27,
        34,
        5
    ]
}