{
    "id": 81335,
    "category": 54,
    "location": [
        -118.88833,
        36.81639
    ],
    "keywords": [
        41,
        46,
        9,
        52,
        11,
        38,
        44
    ]
}