{
    "id": 81347,
    "category": 54,
    "location": [
        -118.89861,
        36.76083
    ],
    "keywords": [
        10,
        63,
        3,
        37,
        11,
        41,
        43,
        25,
        54
    ]
}