{
    "id": 81367,
    "category": 54,
    "location": [
        -118.91167,
        34.68944
    ],
    "keywords": [
        56
    ]
}