{
    "id": 81374,
    "category": 54,
    "location": [
        -118.91722,
        34.08389
    ],
    "keywords": [
        73,
        56,
        55,
        57,
        52,
        41,
        41,
        8,
        55,
        50,
        74
    ]
}