{
    "id": 81378,
    "category": 54,
    "location": [
        -118.92472,
        34.23306
    ],
    "keywords": [
        5
    ]
}