{
    "id": 81388,
    "category": 54,
    "location": [
        -118.93667,
        36.95361
    ],
    "keywords": [
        22,
        22,
        69,
        23,
        4,
        16,
        75,
        51,
        39,
        47,
        70
    ]
}