{
    "id": 81384,
    "category": 54,
    "location": [
        -118.92806,
        36.29361
    ],
    "keywords": [
        57,
        46,
        70,
        56,
        53,
        40,
        55,
        73,
        22,
        55,
        45
    ]
}