{
    "id": 81409,
    "category": 54,
    "location": [
        -118.95972,
        36.95611
    ],
    "keywords": [
        2,
        63,
        63,
        28,
        5,
        15,
        27,
        33,
        69
    ]
}