{
    "id": 81402,
    "category": 54,
    "location": [
        -118.95056,
        35.00278
    ],
    "keywords": [
        27,
        16,
        65,
        59,
        26,
        75,
        42,
        52
    ]
}