{
    "id": 81408,
    "category": 54,
    "location": [
        -118.95889,
        37.27944
    ],
    "keywords": [
        29,
        26,
        35,
        30,
        40,
        14,
        31,
        20,
        4
    ]
}