{
    "id": 81448,
    "category": 54,
    "location": [
        -119.01667,
        36.49306
    ],
    "keywords": [
        20,
        36,
        12,
        51,
        48,
        35,
        1,
        17,
        56,
        73
    ]
}