{
    "id": 81452,
    "category": 54,
    "location": [
        -119.01917,
        36.47639
    ],
    "keywords": [
        44,
        9,
        13,
        17,
        37,
        14,
        33,
        55,
        47,
        41,
        27,
        72,
        18
    ]
}