{
    "id": 81476,
    "category": 54,
    "location": [
        -119.04306,
        37.53639
    ],
    "keywords": [
        3,
        65,
        31,
        46
    ]
}