{
    "id": 81470,
    "category": 54,
    "location": [
        -119.03556,
        34.67306
    ],
    "keywords": [
        30,
        24,
        17,
        44,
        7,
        16,
        22,
        15,
        26,
        4,
        3
    ]
}