{
    "id": 81487,
    "category": 54,
    "location": [
        -119.06444,
        37.01111
    ],
    "keywords": []
}