{
    "id": 81494,
    "category": 54,
    "location": [
        -119.07361,
        35.04667
    ],
    "keywords": [
        64
    ]
}