{
    "id": 81490,
    "category": 54,
    "location": [
        -119.07028,
        37.31806
    ],
    "keywords": [
        27,
        28,
        58,
        55,
        19,
        58,
        35,
        75,
        12,
        28,
        65,
        31,
        61
    ]
}