{
    "id": 8149,
    "category": 12,
    "location": [
        -117.48694,
        34.00778
    ],
    "keywords": [
        63,
        41,
        73,
        43,
        20,
        34,
        7,
        70,
        26,
        65,
        8,
        6,
        37,
        28,
        15
    ]
}