{
    "id": 8150,
    "category": 12,
    "location": [
        -117.49139,
        33.89861
    ],
    "keywords": [
        28,
        33,
        65,
        48,
        51,
        4
    ]
}