{
    "id": 81508,
    "category": 54,
    "location": [
        -119.08722,
        34.09806
    ],
    "keywords": [
        29,
        59,
        9,
        13,
        38,
        4,
        27,
        31,
        57,
        33,
        30,
        14,
        13
    ]
}