{
    "id": 81539,
    "category": 54,
    "location": [
        -119.11361,
        34.20944
    ],
    "keywords": [
        32,
        23,
        34
    ]
}