{
    "id": 8153,
    "category": 12,
    "location": [
        -117.62556,
        34.08611
    ],
    "keywords": [
        70
    ]
}