{
    "id": 81533,
    "category": 54,
    "location": [
        -119.10667,
        36.90694
    ],
    "keywords": []
}