{
    "id": 8154,
    "category": 12,
    "location": [
        -117.70056,
        34.09111
    ],
    "keywords": [
        11,
        18,
        56,
        72,
        51,
        41,
        59
    ]
}