{
    "id": 81559,
    "category": 54,
    "location": [
        -119.13417,
        36.86944
    ],
    "keywords": [
        3,
        7
    ]
}