{
    "id": 81558,
    "category": 54,
    "location": [
        -119.13167,
        36.51417
    ],
    "keywords": [
        13,
        17,
        5,
        75,
        63,
        27,
        29,
        65,
        64,
        75,
        62,
        25
    ]
}