{
    "id": 81577,
    "category": 54,
    "location": [
        -119.15667,
        36.56056
    ],
    "keywords": []
}