{
    "id": 81587,
    "category": 54,
    "location": [
        -119.16222,
        36.88778
    ],
    "keywords": [
        38,
        17,
        11,
        50,
        38
    ]
}