{
    "id": 81588,
    "category": 54,
    "location": [
        -119.16694,
        38.45806
    ],
    "keywords": [
        14,
        49,
        69,
        64
    ]
}