{
    "id": 81595,
    "category": 54,
    "location": [
        -119.17583,
        37.45222
    ],
    "keywords": [
        18,
        28,
        62,
        69,
        19,
        15,
        60,
        16,
        32,
        19,
        53,
        22,
        4,
        40
    ]
}