{
    "id": 816,
    "category": 0,
    "location": [
        -121.77583,
        36.93972
    ],
    "keywords": [
        63
    ]
}