{
    "id": 81613,
    "category": 54,
    "location": [
        -119.20639,
        36.56194
    ],
    "keywords": [
        75,
        40,
        56,
        30,
        51,
        24
    ]
}