{
    "id": 81619,
    "category": 54,
    "location": [
        -119.21278,
        38.12472
    ],
    "keywords": [
        27
    ]
}