{
    "id": 81653,
    "category": 54,
    "location": [
        -119.24278,
        36.92472
    ],
    "keywords": [
        11,
        51,
        10,
        10,
        4,
        58,
        9,
        5,
        10,
        5,
        32,
        8,
        26,
        69,
        57
    ]
}