{
    "id": 8167,
    "category": 12,
    "location": [
        -117.88833,
        33.60667
    ],
    "keywords": [
        42,
        55,
        60,
        38
    ]
}