{
    "id": 81709,
    "category": 54,
    "location": [
        -119.29417,
        36.89028
    ],
    "keywords": [
        62,
        58
    ]
}