{
    "id": 81710,
    "category": 54,
    "location": [
        -119.29778,
        38.25861
    ],
    "keywords": [
        42,
        61,
        56,
        49,
        15
    ]
}