{
    "id": 81714,
    "category": 54,
    "location": [
        -119.30056,
        37.05222
    ],
    "keywords": [
        75,
        6,
        8,
        13,
        73,
        26,
        10,
        41,
        53,
        51
    ]
}