{
    "id": 8175,
    "category": 12,
    "location": [
        -117.95528,
        33.69056
    ],
    "keywords": [
        45,
        69,
        57,
        28,
        11,
        44,
        42,
        29,
        38,
        45,
        52,
        73
    ]
}