{
    "id": 81760,
    "category": 54,
    "location": [
        -119.33139,
        38.16444
    ],
    "keywords": [
        35,
        53,
        2,
        22,
        43,
        29,
        47,
        61,
        47,
        74,
        28,
        68,
        31,
        17
    ]
}