{
    "id": 81766,
    "category": 54,
    "location": [
        -119.33611,
        38.23806
    ],
    "keywords": [
        7,
        27,
        12,
        42,
        33,
        0,
        64,
        37,
        38,
        75,
        31
    ]
}