{
    "id": 81776,
    "category": 54,
    "location": [
        -119.34639,
        37.70083
    ],
    "keywords": [
        24,
        13,
        2,
        23,
        47,
        13,
        72,
        57,
        57,
        42,
        10,
        63
    ]
}