{
    "id": 81775,
    "category": 54,
    "location": [
        -119.34639,
        37.70083
    ],
    "keywords": [
        44,
        31,
        59,
        25,
        61,
        47,
        70,
        22,
        22,
        34
    ]
}