{
    "id": 81797,
    "category": 54,
    "location": [
        -119.35944,
        37.16972
    ],
    "keywords": [
        34,
        32,
        70,
        17,
        24,
        35,
        10,
        31,
        75,
        2,
        11,
        36,
        15,
        60
    ]
}