{
    "id": 81824,
    "category": 54,
    "location": [
        -119.38361,
        37.43778
    ],
    "keywords": [
        10,
        35,
        1,
        14,
        2,
        15,
        1,
        32,
        74,
        9,
        64
    ]
}