{
    "id": 81837,
    "category": 54,
    "location": [
        -119.39389,
        36.09583
    ],
    "keywords": [
        0,
        57,
        16,
        47,
        29,
        5,
        54,
        41,
        24,
        72,
        23,
        1
    ]
}