{
    "id": 81845,
    "category": 54,
    "location": [
        -119.40556,
        37.31833
    ],
    "keywords": [
        72,
        48,
        21,
        57,
        30,
        36,
        19,
        66,
        69
    ]
}