{
    "id": 81840,
    "category": 54,
    "location": [
        -119.39639,
        34.61667
    ],
    "keywords": [
        39,
        50,
        13,
        36,
        48,
        58,
        17
    ]
}