{
    "id": 81861,
    "category": 54,
    "location": [
        -119.42972,
        38.34722
    ],
    "keywords": [
        73,
        65,
        30,
        75,
        24,
        43
    ]
}