{
    "id": 81860,
    "category": 54,
    "location": [
        -119.42806,
        36.54639
    ],
    "keywords": [
        69,
        1,
        46,
        13,
        74
    ]
}