{
    "id": 81901,
    "category": 54,
    "location": [
        -119.46611,
        37.68167
    ],
    "keywords": [
        57,
        51,
        25,
        62,
        44,
        72,
        61,
        62,
        28
    ]
}