{
    "id": 81912,
    "category": 54,
    "location": [
        -119.47417,
        34.42444
    ],
    "keywords": []
}