{
    "id": 81946,
    "category": 54,
    "location": [
        -119.50861,
        37.67639
    ],
    "keywords": [
        41,
        59
    ]
}