{
    "id": 81947,
    "category": 54,
    "location": [
        -119.51028,
        34.63028
    ],
    "keywords": [
        60,
        1
    ]
}