{
    "id": 81959,
    "category": 54,
    "location": [
        -119.52722,
        36.67139
    ],
    "keywords": [
        69,
        33,
        14,
        25,
        26,
        75,
        5,
        47,
        11,
        12,
        9
    ]
}