{
    "id": 81958,
    "category": 54,
    "location": [
        -119.52667,
        37.16861
    ],
    "keywords": [
        64,
        25,
        72,
        21,
        13,
        16,
        64,
        62
    ]
}