{
    "id": 81964,
    "category": 54,
    "location": [
        -119.52944,
        38.64111
    ],
    "keywords": [
        5,
        50,
        29,
        50,
        15,
        14,
        36
    ]
}