{
    "id": 81968,
    "category": 54,
    "location": [
        -119.53389,
        37.93972
    ],
    "keywords": [
        29,
        29,
        60,
        32,
        53
    ]
}