{
    "id": 81977,
    "category": 54,
    "location": [
        -119.54333,
        35.57167
    ],
    "keywords": [
        41,
        60,
        68,
        7,
        14,
        66,
        69,
        73,
        69
    ]
}