{
    "id": 81987,
    "category": 54,
    "location": [
        -119.55583,
        37.72583
    ],
    "keywords": [
        14,
        62,
        26,
        46,
        40,
        54,
        68,
        42,
        27,
        31,
        67,
        14
    ]
}