{
    "id": 82006,
    "category": 54,
    "location": [
        -119.59583,
        34.43444
    ],
    "keywords": [
        33,
        70,
        60,
        31
    ]
}