{
    "id": 8201,
    "category": 12,
    "location": [
        -118.18694,
        34.59111
    ],
    "keywords": [
        45,
        59,
        9,
        23,
        35,
        26,
        65,
        6,
        33,
        58,
        61
    ]
}