{
    "id": 82022,
    "category": 54,
    "location": [
        -119.61222,
        37.47694
    ],
    "keywords": [
        65,
        8,
        8,
        12,
        57,
        51,
        37
    ]
}