{
    "id": 82039,
    "category": 54,
    "location": [
        -119.63222,
        34.53417
    ],
    "keywords": [
        36,
        57,
        30,
        28,
        59,
        71
    ]
}