{
    "id": 82046,
    "category": 54,
    "location": [
        -119.63806,
        37.16444
    ],
    "keywords": [
        74,
        37,
        68,
        74,
        22,
        45,
        69,
        75
    ]
}