{
    "id": 82043,
    "category": 54,
    "location": [
        -119.63444,
        34.41667
    ],
    "keywords": []
}