{
    "id": 82056,
    "category": 54,
    "location": [
        -119.64944,
        37.97833
    ],
    "keywords": [
        1,
        3,
        48,
        23,
        65,
        2,
        22,
        30,
        7,
        75,
        73,
        38,
        19
    ]
}