{
    "id": 82055,
    "category": 54,
    "location": [
        -119.64917,
        34.44306
    ],
    "keywords": [
        14,
        50,
        24,
        49
    ]
}