{
    "id": 82067,
    "category": 54,
    "location": [
        -119.66528,
        37.51528
    ],
    "keywords": [
        47,
        48,
        25,
        63,
        64,
        54,
        8,
        68,
        54,
        63,
        69,
        3
    ]
}