{
    "id": 82064,
    "category": 54,
    "location": [
        -119.65833,
        35.82639
    ],
    "keywords": [
        62,
        67,
        75,
        67,
        62,
        14
    ]
}