{
    "id": 82062,
    "category": 54,
    "location": [
        -119.65583,
        37.32972
    ],
    "keywords": [
        53,
        33,
        25,
        49,
        34,
        70,
        62,
        46,
        60,
        15,
        72,
        61,
        57,
        55
    ]
}