{
    "id": 82075,
    "category": 54,
    "location": [
        -119.67333,
        34.52639
    ],
    "keywords": [
        31
    ]
}