{
    "id": 82095,
    "category": 54,
    "location": [
        -119.70639,
        36.99778
    ],
    "keywords": [
        9,
        73
    ]
}