{
    "id": 82093,
    "category": 54,
    "location": [
        -119.70333,
        37.74167
    ],
    "keywords": [
        65,
        36,
        34,
        65,
        2,
        55
    ]
}