{
    "id": 82100,
    "category": 54,
    "location": [
        -119.71111,
        37.72194
    ],
    "keywords": [
        61,
        29,
        47
    ]
}