{
    "id": 82119,
    "category": 54,
    "location": [
        -119.74167,
        38.24722
    ],
    "keywords": [
        56,
        0,
        57,
        31,
        19,
        31,
        0,
        46,
        40,
        22,
        14,
        71,
        28,
        38
    ]
}