{
    "id": 82122,
    "category": 54,
    "location": [
        -119.74472,
        37.35028
    ],
    "keywords": [
        10,
        48,
        8,
        54,
        36,
        25
    ]
}