{
    "id": 82133,
    "category": 54,
    "location": [
        -119.75667,
        37.60333
    ],
    "keywords": [
        13,
        24,
        17,
        1,
        23,
        62,
        68,
        33,
        17
    ]
}