{
    "id": 82139,
    "category": 54,
    "location": [
        -119.76472,
        35.39083
    ],
    "keywords": [
        67,
        56,
        18,
        28,
        10,
        42,
        56,
        39,
        17,
        41
    ]
}