{
    "id": 82142,
    "category": 54,
    "location": [
        -119.76917,
        37.67583
    ],
    "keywords": []
}