{
    "id": 82164,
    "category": 54,
    "location": [
        -119.79778,
        38.58528
    ],
    "keywords": [
        7,
        74,
        72,
        74,
        14,
        62,
        73,
        31,
        49,
        17,
        30,
        5,
        51,
        19,
        67
    ]
}