{
    "id": 82169,
    "category": 54,
    "location": [
        -119.80389,
        34.44139
    ],
    "keywords": [
        28,
        75,
        34
    ]
}