{
    "id": 82185,
    "category": 54,
    "location": [
        -119.82333,
        36.04972
    ],
    "keywords": [
        63,
        43,
        51,
        38,
        17,
        33,
        6,
        23,
        47,
        20,
        43,
        52,
        15,
        48
    ]
}