{
    "id": 82180,
    "category": 54,
    "location": [
        -119.81389,
        37.57944
    ],
    "keywords": [
        11,
        37,
        14
    ]
}