{
    "id": 822,
    "category": 0,
    "location": [
        -121.81972,
        37.33278
    ],
    "keywords": [
        22,
        13,
        24
    ]
}