{
    "id": 82211,
    "category": 54,
    "location": [
        -119.85222,
        38.54556
    ],
    "keywords": [
        39,
        35,
        25,
        54,
        33
    ]
}