{
    "id": 82218,
    "category": 54,
    "location": [
        -119.85917,
        38.44556
    ],
    "keywords": [
        36,
        1,
        61,
        39,
        17
    ]
}