{
    "id": 8223,
    "category": 12,
    "location": [
        -118.35639,
        34.23111
    ],
    "keywords": [
        31,
        53,
        43,
        39,
        49,
        59
    ]
}