{
    "id": 82243,
    "category": 54,
    "location": [
        -119.88556,
        36.37611
    ],
    "keywords": [
        39,
        21,
        65,
        75,
        75,
        8,
        60,
        34,
        41,
        30,
        40,
        43,
        3,
        26
    ]
}