{
    "id": 82252,
    "category": 54,
    "location": [
        -119.89444,
        37.27167
    ],
    "keywords": [
        33,
        58,
        15,
        61,
        16,
        28,
        39,
        42,
        3,
        48,
        72,
        16,
        15
    ]
}