{
    "id": 82257,
    "category": 54,
    "location": [
        -119.90194,
        34.76028
    ],
    "keywords": [
        9,
        37,
        25,
        33,
        21,
        24,
        10
    ]
}