{
    "id": 82258,
    "category": 54,
    "location": [
        -119.90222,
        38.05306
    ],
    "keywords": [
        44,
        69,
        12,
        63,
        36,
        61,
        62,
        1,
        59,
        54,
        39,
        20,
        51
    ]
}