{
    "id": 82260,
    "category": 54,
    "location": [
        -119.90861,
        34.75444
    ],
    "keywords": [
        24,
        8,
        59,
        46,
        67
    ]
}