{
    "id": 82264,
    "category": 54,
    "location": [
        -119.91528,
        37.98278
    ],
    "keywords": [
        0,
        0,
        45,
        34,
        56,
        15,
        26,
        45
    ]
}