{
    "id": 82272,
    "category": 54,
    "location": [
        -119.92389,
        35.97111
    ],
    "keywords": [
        26
    ]
}