{
    "id": 82291,
    "category": 54,
    "location": [
        -119.94333,
        34.77222
    ],
    "keywords": [
        31,
        17,
        0,
        71,
        5,
        31,
        44,
        12,
        25,
        20,
        38,
        28,
        37
    ]
}