{
    "id": 82347,
    "category": 54,
    "location": [
        -119.99944,
        34.80139
    ],
    "keywords": [
        67,
        52,
        10,
        23,
        19,
        38,
        41,
        2,
        1,
        7,
        63
    ]
}