{
    "id": 82357,
    "category": 54,
    "location": [
        -120.00528,
        37.75611
    ],
    "keywords": [
        7,
        20,
        54,
        73
    ]
}