{
    "id": 82354,
    "category": 54,
    "location": [
        -120.00444,
        34.80278
    ],
    "keywords": [
        57,
        28,
        48,
        27,
        5,
        52,
        65
    ]
}