{
    "id": 82353,
    "category": 54,
    "location": [
        -120.00361,
        38.44306
    ],
    "keywords": [
        19,
        75,
        18,
        23,
        75,
        12,
        60,
        40,
        19,
        74,
        35,
        40,
        44
    ]
}