{
    "id": 82374,
    "category": 54,
    "location": [
        -120.01222,
        37.55944
    ],
    "keywords": [
        40,
        68,
        34,
        18,
        8,
        68,
        28
    ]
}