{
    "id": 82375,
    "category": 54,
    "location": [
        -120.01222,
        41.99722
    ],
    "keywords": [
        36,
        68,
        7,
        37
    ]
}