{
    "id": 82396,
    "category": 54,
    "location": [
        -120.02361,
        36.98472
    ],
    "keywords": []
}