{
    "id": 82424,
    "category": 54,
    "location": [
        -120.04111,
        40.19444
    ],
    "keywords": [
        3,
        41,
        36,
        51,
        67,
        64,
        0,
        57,
        66
    ]
}