{
    "id": 82434,
    "category": 54,
    "location": [
        -120.04972,
        38.01472
    ],
    "keywords": []
}