{
    "id": 82431,
    "category": 54,
    "location": [
        -120.04417,
        35.22806
    ],
    "keywords": [
        68,
        57,
        35,
        4,
        71,
        21,
        0,
        1,
        61,
        0,
        48,
        13,
        54,
        21
    ]
}