{
    "id": 82440,
    "category": 54,
    "location": [
        -120.05361,
        41.94333
    ],
    "keywords": [
        60,
        64,
        58,
        13
    ]
}