{
    "id": 82445,
    "category": 54,
    "location": [
        -120.05778,
        37.61278
    ],
    "keywords": [
        60,
        58,
        32,
        4,
        41,
        1
    ]
}