{
    "id": 82470,
    "category": 54,
    "location": [
        -120.07222,
        35.25111
    ],
    "keywords": [
        56,
        36,
        52,
        64,
        16,
        61,
        15,
        28,
        1,
        68,
        66,
        24,
        56,
        52,
        53
    ]
}