{
    "id": 82472,
    "category": 54,
    "location": [
        -120.07278,
        36.04667
    ],
    "keywords": [
        58,
        33,
        5,
        27,
        73,
        58,
        25,
        27,
        54,
        28,
        39,
        49,
        23,
        48,
        5
    ]
}