{
    "id": 82486,
    "category": 54,
    "location": [
        -120.08361,
        40.48333
    ],
    "keywords": [
        69,
        46,
        37,
        37,
        48,
        55,
        62,
        26,
        75,
        8,
        59,
        7,
        51,
        64
    ]
}