{
    "id": 82487,
    "category": 54,
    "location": [
        -120.08444,
        38.81278
    ],
    "keywords": [
        21
    ]
}