{
    "id": 825,
    "category": 0,
    "location": [
        -121.82528,
        38.66528
    ],
    "keywords": [
        55,
        61,
        5,
        16,
        48,
        33
    ]
}