{
    "id": 82503,
    "category": 54,
    "location": [
        -120.09861,
        38.80361
    ],
    "keywords": [
        74,
        10,
        31,
        72,
        61,
        58,
        68,
        73
    ]
}