{
    "id": 82517,
    "category": 54,
    "location": [
        -120.11222,
        39.05528
    ],
    "keywords": [
        43,
        23,
        56,
        39,
        58,
        62
    ]
}