{
    "id": 82538,
    "category": 54,
    "location": [
        -120.12361,
        36.22222
    ],
    "keywords": [
        35,
        16,
        17,
        21,
        24
    ]
}