{
    "id": 82548,
    "category": 54,
    "location": [
        -120.13083,
        34.88056
    ],
    "keywords": [
        8,
        56,
        12,
        35,
        60,
        33
    ]
}