{
    "id": 82567,
    "category": 54,
    "location": [
        -120.14139,
        36.01528
    ],
    "keywords": [
        5,
        73,
        24,
        64,
        70,
        70,
        47,
        71,
        72,
        22,
        75
    ]
}