{
    "id": 82560,
    "category": 54,
    "location": [
        -120.13917,
        39.07333
    ],
    "keywords": [
        61,
        6,
        7,
        46,
        24,
        21,
        72,
        1,
        3,
        73,
        2,
        26,
        52
    ]
}