{
    "id": 82582,
    "category": 54,
    "location": [
        -120.15389,
        39.12917
    ],
    "keywords": [
        64,
        31,
        71,
        46,
        0,
        59
    ]
}