{
    "id": 82628,
    "category": 54,
    "location": [
        -120.18556,
        37.72083
    ],
    "keywords": [
        25,
        63,
        10,
        56,
        27,
        48,
        44,
        10,
        15,
        4,
        4,
        70,
        49
    ]
}