{
    "id": 82629,
    "category": 54,
    "location": [
        -120.18667,
        35.03222
    ],
    "keywords": [
        29,
        37,
        69,
        31,
        31,
        48,
        43,
        55,
        63,
        53,
        47,
        35,
        42
    ]
}