{
    "id": 82634,
    "category": 54,
    "location": [
        -120.19306,
        38.23806
    ],
    "keywords": [
        5,
        51,
        28
    ]
}