{
    "id": 82638,
    "category": 54,
    "location": [
        -120.19583,
        41.50333
    ],
    "keywords": [
        49,
        3
    ]
}