{
    "id": 82646,
    "category": 54,
    "location": [
        -120.19917,
        41.69056
    ],
    "keywords": [
        4,
        67,
        42,
        44,
        64,
        75,
        56,
        72,
        11,
        72
    ]
}