{
    "id": 82681,
    "category": 54,
    "location": [
        -120.21639,
        41.63667
    ],
    "keywords": [
        46,
        1,
        57,
        66,
        71,
        67,
        27,
        8,
        18,
        58,
        56,
        51
    ]
}