{
    "id": 82689,
    "category": 54,
    "location": [
        -120.22278,
        37.79306
    ],
    "keywords": [
        8,
        60,
        32,
        22,
        60,
        68,
        11,
        8,
        13,
        71,
        49,
        35,
        36
    ]
}