{
    "id": 82682,
    "category": 54,
    "location": [
        -120.21806,
        37.95528
    ],
    "keywords": [
        46,
        45,
        3
    ]
}