{
    "id": 82697,
    "category": 54,
    "location": [
        -120.22889,
        41.22472
    ],
    "keywords": [
        33,
        52,
        18,
        51,
        74,
        65,
        55,
        71,
        44,
        29,
        19,
        58,
        30
    ]
}