{
    "id": 82691,
    "category": 54,
    "location": [
        -120.22361,
        39.64917
    ],
    "keywords": [
        43,
        34,
        63,
        61,
        53,
        42,
        13,
        11,
        15
    ]
}