{
    "id": 8270,
    "category": 12,
    "location": [
        -119.05778,
        36.04944
    ],
    "keywords": [
        23,
        34,
        42,
        71,
        24,
        36,
        14,
        68,
        27,
        18,
        11
    ]
}