{
    "id": 82722,
    "category": 54,
    "location": [
        -120.25111,
        40.05194
    ],
    "keywords": [
        20,
        68,
        32,
        60,
        21,
        34,
        47,
        33
    ]
}