{
    "id": 82744,
    "category": 54,
    "location": [
        -120.26583,
        38.51917
    ],
    "keywords": [
        4,
        25,
        66,
        53,
        22,
        4,
        15
    ]
}