{
    "id": 82789,
    "category": 54,
    "location": [
        -120.30111,
        38.76306
    ],
    "keywords": [
        40,
        10,
        8,
        18,
        48,
        73,
        21,
        42,
        35,
        64
    ]
}