{
    "id": 82784,
    "category": 54,
    "location": [
        -120.29722,
        34.52472
    ],
    "keywords": [
        47,
        48,
        3,
        26,
        57
    ]
}