{
    "id": 82787,
    "category": 54,
    "location": [
        -120.29972,
        41.45333
    ],
    "keywords": [
        2,
        58,
        42
    ]
}