{
    "id": 82793,
    "category": 54,
    "location": [
        -120.30583,
        34.51861
    ],
    "keywords": [
        71,
        44
    ]
}