{
    "id": 82815,
    "category": 54,
    "location": [
        -120.31472,
        34.51611
    ],
    "keywords": [
        68,
        75,
        61,
        4
    ]
}