{
    "id": 82838,
    "category": 54,
    "location": [
        -120.32556,
        41.21361
    ],
    "keywords": [
        58,
        16,
        46,
        54,
        53,
        60,
        3,
        41,
        48
    ]
}