{
    "id": 8283,
    "category": 12,
    "location": [
        -119.14639,
        35.32806
    ],
    "keywords": []
}