{
    "id": 82840,
    "category": 54,
    "location": [
        -120.32639,
        35.48639
    ],
    "keywords": [
        17,
        7
    ]
}