{
    "id": 82862,
    "category": 54,
    "location": [
        -120.33472,
        40.18111
    ],
    "keywords": []
}