{
    "id": 8287,
    "category": 12,
    "location": [
        -119.15972,
        36.34389
    ],
    "keywords": [
        30,
        18,
        21,
        64,
        32,
        42,
        22
    ]
}