{
    "id": 82888,
    "category": 54,
    "location": [
        -120.34917,
        35.20111
    ],
    "keywords": [
        59,
        11
    ]
}