{
    "id": 82929,
    "category": 54,
    "location": [
        -120.37111,
        39.25417
    ],
    "keywords": [
        51,
        25,
        7,
        66,
        41,
        12,
        65,
        20,
        73,
        22,
        57,
        21,
        43
    ]
}