{
    "id": 82980,
    "category": 54,
    "location": [
        -120.40889,
        37.64583
    ],
    "keywords": [
        49,
        52,
        72,
        51,
        6,
        66,
        44,
        22,
        5,
        48
    ]
}