{
    "id": 82987,
    "category": 54,
    "location": [
        -120.41722,
        38.86583
    ],
    "keywords": [
        56
    ]
}