{
    "id": 82996,
    "category": 54,
    "location": [
        -120.42194,
        37.69083
    ],
    "keywords": [
        42,
        34,
        49,
        55,
        65,
        0,
        74,
        48,
        55,
        7,
        30,
        59,
        48,
        62,
        58
    ]
}