{
    "id": 82994,
    "category": 54,
    "location": [
        -120.41889,
        39.39806
    ],
    "keywords": [
        74,
        57,
        6,
        30,
        72
    ]
}