{
    "id": 83009,
    "category": 54,
    "location": [
        -120.42528,
        38.56806
    ],
    "keywords": [
        41,
        30,
        11,
        55,
        66,
        46,
        35,
        39,
        58,
        42,
        10,
        40,
        53,
        1,
        24
    ]
}