{
    "id": 83015,
    "category": 54,
    "location": [
        -120.42944,
        38.05861
    ],
    "keywords": [
        48,
        25,
        31,
        44,
        45,
        60,
        41
    ]
}