{
    "id": 83024,
    "category": 54,
    "location": [
        -120.43278,
        36.47944
    ],
    "keywords": [
        41,
        69,
        8,
        0,
        20
    ]
}