{
    "id": 83039,
    "category": 54,
    "location": [
        -120.44361,
        35.18444
    ],
    "keywords": [
        26,
        61,
        23,
        72,
        36,
        55,
        74
    ]
}