{
    "id": 83034,
    "category": 54,
    "location": [
        -120.44139,
        35.32722
    ],
    "keywords": [
        19,
        26,
        8,
        10,
        27,
        72,
        41,
        16,
        58,
        44,
        10,
        27,
        14,
        25
    ]
}