{
    "id": 83075,
    "category": 54,
    "location": [
        -120.47056,
        39.14167
    ],
    "keywords": []
}