{
    "id": 83076,
    "category": 54,
    "location": [
        -120.47083,
        38.49583
    ],
    "keywords": [
        70,
        38,
        39,
        21,
        52,
        63,
        68,
        51,
        51,
        10,
        72
    ]
}