{
    "id": 83093,
    "category": 54,
    "location": [
        -120.48472,
        38.62583
    ],
    "keywords": [
        27,
        56,
        34,
        1,
        34,
        27,
        18
    ]
}