{
    "id": 83116,
    "category": 54,
    "location": [
        -120.49972,
        38.91444
    ],
    "keywords": [
        48,
        61,
        41,
        51,
        73,
        31,
        9,
        36,
        61,
        43
    ]
}