{
    "id": 83127,
    "category": 54,
    "location": [
        -120.50472,
        39.61472
    ],
    "keywords": [
        40,
        65,
        36,
        72
    ]
}