{
    "id": 83140,
    "category": 54,
    "location": [
        -120.51139,
        35.34972
    ],
    "keywords": [
        23,
        33,
        67,
        43
    ]
}