{
    "id": 83168,
    "category": 54,
    "location": [
        -120.52917,
        41.45278
    ],
    "keywords": [
        62,
        27,
        42,
        67,
        43,
        70,
        43
    ]
}