{
    "id": 83169,
    "category": 54,
    "location": [
        -120.52944,
        41.43639
    ],
    "keywords": [
        64,
        72,
        18,
        9,
        45,
        44,
        27,
        22,
        5,
        55,
        70,
        52,
        40
    ]
}