{
    "id": 83184,
    "category": 54,
    "location": [
        -120.53694,
        38.84083
    ],
    "keywords": [
        22,
        24,
        51,
        35,
        55,
        31,
        38,
        29,
        56,
        74,
        21,
        34,
        21,
        27,
        39
    ]
}