{
    "id": 83189,
    "category": 54,
    "location": [
        -120.54083,
        37.24389
    ],
    "keywords": [
        68,
        45,
        32,
        57,
        59,
        67,
        69,
        30,
        69,
        32,
        46,
        0,
        28,
        64
    ]
}