{
    "id": 83190,
    "category": 54,
    "location": [
        -120.54139,
        38.05722
    ],
    "keywords": [
        42,
        28,
        41,
        20
    ]
}