{
    "id": 83219,
    "category": 54,
    "location": [
        -120.55972,
        37.07556
    ],
    "keywords": [
        4,
        10,
        3,
        28,
        75
    ]
}