{
    "id": 83228,
    "category": 54,
    "location": [
        -120.56667,
        39.21472
    ],
    "keywords": [
        62,
        69,
        14,
        43,
        44,
        53,
        50,
        66,
        65,
        28,
        16
    ]
}