{
    "id": 83257,
    "category": 54,
    "location": [
        -120.58778,
        39.36222
    ],
    "keywords": [
        24,
        8,
        43,
        60,
        55,
        33,
        8,
        72,
        19,
        45,
        56,
        14,
        26,
        11
    ]
}