{
    "id": 8325,
    "category": 12,
    "location": [
        -119.31222,
        36.18972
    ],
    "keywords": [
        67,
        75,
        8,
        15,
        71,
        39,
        29,
        66
    ]
}