{
    "id": 83263,
    "category": 54,
    "location": [
        -120.58972,
        36.01694
    ],
    "keywords": [
        52,
        54,
        57,
        20,
        19,
        24
    ]
}