{
    "id": 83283,
    "category": 54,
    "location": [
        -120.59917,
        35.85944
    ],
    "keywords": []
}