{
    "id": 83298,
    "category": 54,
    "location": [
        -120.60583,
        39.60333
    ],
    "keywords": [
        9,
        26,
        0,
        2,
        31,
        52,
        35,
        13,
        60,
        24
    ]
}