{
    "id": 83308,
    "category": 54,
    "location": [
        -120.60972,
        38.37222
    ],
    "keywords": [
        58,
        56,
        3,
        45,
        63,
        44,
        8
    ]
}