{
    "id": 83311,
    "category": 54,
    "location": [
        -120.61056,
        39.76806
    ],
    "keywords": []
}