{
    "id": 83337,
    "category": 54,
    "location": [
        -120.62528,
        38.86944
    ],
    "keywords": [
        52,
        0,
        66,
        42,
        6,
        68,
        7,
        18,
        21,
        36,
        68
    ]
}