{
    "id": 83332,
    "category": 54,
    "location": [
        -120.62472,
        39.11972
    ],
    "keywords": []
}