{
    "id": 83343,
    "category": 54,
    "location": [
        -120.62806,
        38.53472
    ],
    "keywords": [
        72,
        49,
        58,
        48,
        7,
        60
    ]
}