{
    "id": 83348,
    "category": 54,
    "location": [
        -120.63056,
        38.44056
    ],
    "keywords": [
        66,
        69,
        17,
        53,
        63,
        56,
        26
    ]
}