{
    "id": 83355,
    "category": 54,
    "location": [
        -120.63667,
        38.86083
    ],
    "keywords": [
        35,
        60,
        49,
        3,
        65,
        30
    ]
}