{
    "id": 8335,
    "category": 12,
    "location": [
        -119.34806,
        36.16028
    ],
    "keywords": [
        37,
        1,
        35,
        31,
        58,
        37,
        28,
        52,
        36,
        25,
        43,
        68,
        20,
        62
    ]
}