{
    "id": 83387,
    "category": 54,
    "location": [
        -120.65167,
        39.38194
    ],
    "keywords": [
        7,
        59,
        50,
        65,
        9,
        69,
        27
    ]
}