{
    "id": 83390,
    "category": 54,
    "location": [
        -120.65333,
        40.41444
    ],
    "keywords": [
        69,
        42,
        64,
        8,
        70,
        10,
        56,
        53,
        11,
        15,
        59,
        26,
        36,
        70,
        41
    ]
}