{
    "id": 83412,
    "category": 54,
    "location": [
        -120.66444,
        40.04944
    ],
    "keywords": [
        15,
        65,
        46,
        58,
        64,
        4,
        17,
        53,
        75,
        43,
        2
    ]
}