{
    "id": 83421,
    "category": 54,
    "location": [
        -120.66778,
        40.05778
    ],
    "keywords": [
        28,
        41,
        49,
        38,
        21,
        57,
        59,
        48,
        57,
        6,
        72,
        21,
        34
    ]
}