{
    "id": 83444,
    "category": 54,
    "location": [
        -120.68472,
        36.46861
    ],
    "keywords": [
        16,
        9,
        74,
        64,
        43,
        34,
        20,
        70,
        1,
        51,
        60,
        6,
        0,
        64
    ]
}