{
    "id": 83467,
    "category": 54,
    "location": [
        -120.69694,
        39.77667
    ],
    "keywords": [
        44,
        5,
        17,
        21,
        4,
        38,
        12,
        58,
        15,
        62,
        0,
        73
    ]
}