{
    "id": 83477,
    "category": 54,
    "location": [
        -120.70306,
        38.54639
    ],
    "keywords": [
        58,
        47,
        41,
        58
    ]
}