{
    "id": 83481,
    "category": 54,
    "location": [
        -120.70583,
        37.24556
    ],
    "keywords": [
        29,
        75,
        61,
        50,
        37,
        65,
        9,
        30,
        33,
        9,
        37,
        42
    ]
}