{
    "id": 83496,
    "category": 54,
    "location": [
        -120.71278,
        37.22139
    ],
    "keywords": [
        12
    ]
}