{
    "id": 83511,
    "category": 54,
    "location": [
        -120.72167,
        38.54722
    ],
    "keywords": [
        32,
        41
    ]
}