{
    "id": 83521,
    "category": 54,
    "location": [
        -120.73139,
        39.00278
    ],
    "keywords": [
        32,
        34,
        12,
        38,
        73,
        64,
        22,
        44,
        26,
        0,
        68
    ]
}