{
    "id": 83529,
    "category": 54,
    "location": [
        -120.73556,
        39.86639
    ],
    "keywords": []
}