{
    "id": 83538,
    "category": 54,
    "location": [
        -120.74139,
        39.20694
    ],
    "keywords": [
        28,
        73,
        13,
        27,
        14,
        5
    ]
}