{
    "id": 8353,
    "category": 12,
    "location": [
        -119.38833,
        36.31056
    ],
    "keywords": [
        65,
        0,
        43,
        40,
        43,
        64,
        63,
        32,
        12,
        57,
        5,
        49,
        11,
        40,
        1
    ]
}