{
    "id": 83543,
    "category": 54,
    "location": [
        -120.74444,
        38.88639
    ],
    "keywords": [
        25
    ]
}