{
    "id": 8355,
    "category": 12,
    "location": [
        -119.39639,
        36.63222
    ],
    "keywords": [
        72
    ]
}