{
    "id": 83569,
    "category": 54,
    "location": [
        -120.75556,
        39.86167
    ],
    "keywords": [
        11,
        21,
        8,
        64,
        50,
        60,
        71,
        4,
        52
    ]
}