{
    "id": 83575,
    "category": 54,
    "location": [
        -120.75833,
        39.18833
    ],
    "keywords": [
        60,
        16,
        63,
        65,
        56,
        49,
        73,
        25
    ]
}