{
    "id": 83584,
    "category": 54,
    "location": [
        -120.76694,
        40.04111
    ],
    "keywords": [
        20
    ]
}