{
    "id": 83629,
    "category": 54,
    "location": [
        -120.79222,
        35.54889
    ],
    "keywords": [
        41,
        63,
        26,
        32
    ]
}