{
    "id": 8364,
    "category": 12,
    "location": [
        -119.41444,
        36.21056
    ],
    "keywords": [
        34,
        32,
        69,
        71,
        3,
        34
    ]
}