{
    "id": 83661,
    "category": 54,
    "location": [
        -120.80861,
        39.35306
    ],
    "keywords": [
        11,
        11,
        27,
        19,
        8,
        74,
        69,
        30
    ]
}