{
    "id": 83666,
    "category": 54,
    "location": [
        -120.81194,
        38.61861
    ],
    "keywords": [
        44,
        12,
        24,
        46,
        36,
        58
    ]
}