{
    "id": 83677,
    "category": 54,
    "location": [
        -120.81889,
        39.58306
    ],
    "keywords": [
        57,
        56,
        55,
        18,
        28
    ]
}