{
    "id": 83701,
    "category": 54,
    "location": [
        -120.82972,
        39.63667
    ],
    "keywords": [
        46,
        46,
        2,
        8,
        15
    ]
}