{
    "id": 83708,
    "category": 54,
    "location": [
        -120.83222,
        39.11778
    ],
    "keywords": [
        65,
        43,
        25,
        57,
        60,
        64,
        37,
        13,
        14,
        35,
        42,
        6,
        40,
        56
    ]
}