{
    "id": 83733,
    "category": 54,
    "location": [
        -120.84639,
        38.55389
    ],
    "keywords": [
        43,
        44,
        46,
        48,
        65,
        57,
        5,
        60
    ]
}