{
    "id": 83731,
    "category": 54,
    "location": [
        -120.84583,
        39.86111
    ],
    "keywords": [
        24,
        47,
        59,
        61,
        75,
        35,
        14,
        32,
        0,
        59,
        39
    ]
}