{
    "id": 83740,
    "category": 54,
    "location": [
        -120.84778,
        39.36056
    ],
    "keywords": [
        31,
        55,
        46,
        6,
        54,
        8,
        71,
        68,
        24,
        75,
        0,
        47,
        46
    ]
}