{
    "id": 83766,
    "category": 54,
    "location": [
        -120.86556,
        39.43056
    ],
    "keywords": [
        52,
        73,
        72,
        71,
        6,
        23,
        62,
        55,
        59,
        72,
        35
    ]
}