{
    "id": 83777,
    "category": 54,
    "location": [
        -120.87222,
        39.48694
    ],
    "keywords": [
        34,
        66,
        36,
        16,
        34,
        21
    ]
}