{
    "id": 83807,
    "category": 54,
    "location": [
        -120.88583,
        39.53861
    ],
    "keywords": [
        27,
        33,
        6,
        55,
        47,
        7,
        1,
        6,
        18,
        26,
        75,
        16,
        37
    ]
}