{
    "id": 83822,
    "category": 54,
    "location": [
        -120.89472,
        39.17667
    ],
    "keywords": [
        54,
        42,
        21,
        24,
        45,
        73,
        67,
        25
    ]
}