{
    "id": 8384,
    "category": 12,
    "location": [
        -119.46028,
        36.61306
    ],
    "keywords": [
        33,
        43,
        13,
        62,
        36,
        11,
        51,
        44,
        42,
        71,
        54,
        66
    ]
}