{
    "id": 83843,
    "category": 54,
    "location": [
        -120.90667,
        35.73972
    ],
    "keywords": [
        64,
        49,
        20,
        65
    ]
}