{
    "id": 83844,
    "category": 54,
    "location": [
        -120.90667,
        40.09028
    ],
    "keywords": [
        31,
        64,
        69,
        55,
        6
    ]
}