{
    "id": 83853,
    "category": 54,
    "location": [
        -120.90917,
        39.71972
    ],
    "keywords": [
        59,
        41,
        9,
        52,
        71,
        36,
        22,
        25,
        41,
        28,
        10,
        20
    ]
}