{
    "id": 83876,
    "category": 54,
    "location": [
        -120.91639,
        39.91944
    ],
    "keywords": [
        47,
        49,
        13,
        17,
        64,
        4,
        14,
        31,
        31,
        16,
        14,
        34
    ]
}