{
    "id": 83875,
    "category": 54,
    "location": [
        -120.91611,
        39.02333
    ],
    "keywords": [
        41,
        60
    ]
}