{
    "id": 83870,
    "category": 54,
    "location": [
        -120.91333,
        41.22722
    ],
    "keywords": []
}