{
    "id": 8387,
    "category": 12,
    "location": [
        -119.46306,
        35.40694
    ],
    "keywords": [
        66,
        31,
        53,
        62,
        6,
        11,
        41
    ]
}