{
    "id": 83874,
    "category": 54,
    "location": [
        -120.91583,
        40.29167
    ],
    "keywords": [
        33,
        33,
        1,
        19,
        33,
        13,
        69,
        14,
        36,
        7,
        47,
        37,
        55
    ]
}