{
    "id": 83885,
    "category": 54,
    "location": [
        -120.92389,
        39.84833
    ],
    "keywords": [
        18,
        65,
        29,
        14,
        75,
        24,
        3,
        20,
        39,
        23
    ]
}