{
    "id": 83893,
    "category": 54,
    "location": [
        -120.92778,
        38.81639
    ],
    "keywords": [
        58,
        0,
        61,
        27
    ]
}