{
    "id": 83910,
    "category": 54,
    "location": [
        -120.94028,
        38.73444
    ],
    "keywords": [
        3
    ]
}