{
    "id": 8391,
    "category": 12,
    "location": [
        -119.46583,
        36.68389
    ],
    "keywords": [
        2,
        14
    ]
}