{
    "id": 83914,
    "category": 54,
    "location": [
        -120.94083,
        40.00361
    ],
    "keywords": [
        55,
        64,
        17,
        25,
        3,
        65,
        13,
        42,
        60,
        57
    ]
}