{
    "id": 83945,
    "category": 54,
    "location": [
        -120.95444,
        40.28472
    ],
    "keywords": [
        50,
        69,
        68,
        67,
        62,
        1,
        60,
        47,
        55,
        50,
        32,
        13,
        26
    ]
}