{
    "id": 83942,
    "category": 54,
    "location": [
        -120.95389,
        38.52222
    ],
    "keywords": [
        24,
        17,
        60,
        33,
        33,
        42,
        52,
        33,
        24,
        36,
        28,
        16
    ]
}