{
    "id": 83952,
    "category": 54,
    "location": [
        -120.96028,
        40.02556
    ],
    "keywords": [
        62,
        57,
        61,
        23,
        36,
        26,
        70,
        62
    ]
}