{
    "id": 83969,
    "category": 54,
    "location": [
        -120.97056,
        38.75667
    ],
    "keywords": [
        9
    ]
}