{
    "id": 83972,
    "category": 54,
    "location": [
        -120.97306,
        41.56361
    ],
    "keywords": [
        4
    ]
}