{
    "id": 8397,
    "category": 12,
    "location": [
        -119.47778,
        36.53861
    ],
    "keywords": [
        75,
        20,
        40,
        20,
        46,
        56,
        37
    ]
}