{
    "id": 83987,
    "category": 54,
    "location": [
        -120.98333,
        38.63667
    ],
    "keywords": [
        17,
        9,
        20,
        65,
        36,
        64,
        75,
        23,
        26,
        25,
        56
    ]
}