{
    "id": 84011,
    "category": 54,
    "location": [
        -121.00389,
        41.90917
    ],
    "keywords": [
        33
    ]
}