{
    "id": 84025,
    "category": 54,
    "location": [
        -121.01167,
        38.51333
    ],
    "keywords": [
        52
    ]
}