{
    "id": 84036,
    "category": 54,
    "location": [
        -121.01944,
        39.94778
    ],
    "keywords": [
        23,
        5,
        23,
        17,
        5,
        4
    ]
}