{
    "id": 84031,
    "category": 54,
    "location": [
        -121.01639,
        38.60694
    ],
    "keywords": [
        6,
        74,
        54,
        17,
        50,
        1,
        10,
        11,
        71,
        47,
        74,
        8,
        51,
        68,
        17
    ]
}