{
    "id": 84048,
    "category": 54,
    "location": [
        -121.02694,
        40.10556
    ],
    "keywords": [
        2,
        0,
        35,
        12,
        17,
        60,
        54,
        35
    ]
}