{
    "id": 84057,
    "category": 54,
    "location": [
        -121.02972,
        39.61556
    ],
    "keywords": [
        62,
        74
    ]
}