{
    "id": 84056,
    "category": 54,
    "location": [
        -121.02944,
        40.17278
    ],
    "keywords": [
        66,
        67,
        26,
        40,
        10,
        30
    ]
}