{
    "id": 84081,
    "category": 54,
    "location": [
        -121.04472,
        39.47083
    ],
    "keywords": []
}