{
    "id": 84080,
    "category": 54,
    "location": [
        -121.04333,
        39.80833
    ],
    "keywords": [
        0,
        35,
        49,
        60,
        21,
        31,
        3
    ]
}