{
    "id": 84090,
    "category": 54,
    "location": [
        -121.04806,
        38.75222
    ],
    "keywords": [
        68,
        67,
        28,
        19,
        70,
        17,
        31,
        55,
        6,
        61,
        47,
        12,
        27
    ]
}