{
    "id": 84113,
    "category": 54,
    "location": [
        -121.06056,
        39.47028
    ],
    "keywords": [
        53,
        5,
        21,
        26,
        44,
        10,
        72,
        69
    ]
}