{
    "id": 84130,
    "category": 54,
    "location": [
        -121.07194,
        35.60917
    ],
    "keywords": [
        13,
        47,
        16,
        5,
        68,
        59,
        34,
        16,
        6,
        52,
        67,
        50,
        46
    ]
}