{
    "id": 84136,
    "category": 54,
    "location": [
        -121.07667,
        41.83972
    ],
    "keywords": [
        56,
        71,
        43,
        11,
        38,
        16,
        2,
        12,
        37,
        61,
        64
    ]
}