{
    "id": 8414,
    "category": 12,
    "location": [
        -119.50972,
        36.73278
    ],
    "keywords": [
        58,
        15,
        62,
        38
    ]
}