{
    "id": 84141,
    "category": 54,
    "location": [
        -121.08028,
        39.86139
    ],
    "keywords": [
        45,
        8,
        12,
        43,
        21
    ]
}