{
    "id": 8416,
    "category": 12,
    "location": [
        -119.51306,
        36.48667
    ],
    "keywords": [
        24,
        63,
        66,
        37
    ]
}