{
    "id": 84163,
    "category": 54,
    "location": [
        -121.09167,
        36.90583
    ],
    "keywords": [
        23,
        30
    ]
}