{
    "id": 8417,
    "category": 12,
    "location": [
        -119.51417,
        35.43694
    ],
    "keywords": [
        48,
        71,
        50,
        74,
        11,
        42,
        21,
        69,
        5,
        12,
        47,
        18,
        50,
        3,
        50
    ]
}