{
    "id": 84195,
    "category": 54,
    "location": [
        -121.10528,
        38.48083
    ],
    "keywords": [
        73,
        45,
        36,
        9
    ]
}