{
    "id": 84207,
    "category": 54,
    "location": [
        -121.11417,
        38.54806
    ],
    "keywords": [
        52,
        42,
        52,
        66
    ]
}