{
    "id": 84200,
    "category": 54,
    "location": [
        -121.10889,
        36.95889
    ],
    "keywords": [
        29,
        70,
        23,
        30,
        23,
        58
    ]
}