{
    "id": 84214,
    "category": 54,
    "location": [
        -121.11722,
        40.88194
    ],
    "keywords": [
        71,
        24,
        72,
        16,
        18,
        27,
        36,
        57,
        50,
        72,
        39,
        4,
        48
    ]
}