{
    "id": 8424,
    "category": 12,
    "location": [
        -119.52472,
        37.25333
    ],
    "keywords": [
        58,
        11,
        51,
        75,
        55,
        61,
        41,
        22,
        41,
        10
    ]
}