{
    "id": 84253,
    "category": 54,
    "location": [
        -121.14028,
        41.04528
    ],
    "keywords": [
        63,
        20,
        52,
        44,
        6,
        24,
        39,
        20
    ]
}