{
    "id": 84265,
    "category": 54,
    "location": [
        -121.14806,
        35.61556
    ],
    "keywords": [
        59,
        29,
        36,
        4,
        70,
        62,
        65,
        63,
        11,
        17,
        28,
        24,
        32,
        14
    ]
}