{
    "id": 84269,
    "category": 54,
    "location": [
        -121.15306,
        35.83611
    ],
    "keywords": [
        32,
        54,
        39,
        52,
        49,
        39,
        44,
        48,
        27,
        59,
        22,
        15
    ]
}