{
    "id": 84264,
    "category": 54,
    "location": [
        -121.14778,
        39.86861
    ],
    "keywords": []
}