{
    "id": 84272,
    "category": 54,
    "location": [
        -121.15389,
        38.50389
    ],
    "keywords": [
        41,
        10,
        12,
        53,
        0,
        52,
        69,
        40,
        53,
        46
    ]
}