{
    "id": 84277,
    "category": 54,
    "location": [
        -121.15694,
        39.86889
    ],
    "keywords": [
        35,
        53,
        36,
        67,
        11,
        44,
        58
    ]
}