{
    "id": 8429,
    "category": 12,
    "location": [
        -119.53556,
        36.01194
    ],
    "keywords": [
        35,
        65,
        4,
        32,
        34
    ]
}