{
    "id": 84308,
    "category": 54,
    "location": [
        -121.17583,
        39.86972
    ],
    "keywords": [
        36,
        10,
        74,
        42,
        40,
        11,
        21
    ]
}