{
    "id": 84315,
    "category": 54,
    "location": [
        -121.17972,
        40.00278
    ],
    "keywords": [
        24,
        10,
        65,
        16,
        7,
        64,
        70,
        29,
        32,
        13,
        34,
        54,
        61,
        30
    ]
}