{
    "id": 84314,
    "category": 54,
    "location": [
        -121.17944,
        39.92722
    ],
    "keywords": [
        7,
        32,
        33,
        18,
        24,
        64,
        55,
        31,
        20,
        7,
        32
    ]
}