{
    "id": 84330,
    "category": 54,
    "location": [
        -121.18806,
        39.56361
    ],
    "keywords": [
        53,
        51,
        62
    ]
}