{
    "id": 84350,
    "category": 54,
    "location": [
        -121.20361,
        38.24917
    ],
    "keywords": [
        3,
        71,
        13,
        28,
        23,
        5,
        3,
        22,
        74
    ]
}