{
    "id": 84363,
    "category": 54,
    "location": [
        -121.21083,
        35.66333
    ],
    "keywords": [
        62,
        1,
        73,
        53,
        55,
        32
    ]
}