{
    "id": 8436,
    "category": 12,
    "location": [
        -119.53861,
        35.81278
    ],
    "keywords": [
        26,
        33
    ]
}