{
    "id": 84373,
    "category": 54,
    "location": [
        -121.21778,
        39.01194
    ],
    "keywords": [
        56,
        72,
        33,
        31
    ]
}