{
    "id": 8437,
    "category": 12,
    "location": [
        -119.53889,
        35.45667
    ],
    "keywords": [
        57,
        3,
        22,
        16,
        35,
        50
    ]
}