{
    "id": 84381,
    "category": 54,
    "location": [
        -121.22417,
        39.58944
    ],
    "keywords": []
}