{
    "id": 84386,
    "category": 54,
    "location": [
        -121.22972,
        35.87667
    ],
    "keywords": [
        72,
        1,
        60,
        20
    ]
}