{
    "id": 84391,
    "category": 54,
    "location": [
        -121.23556,
        39.57389
    ],
    "keywords": [
        29,
        24,
        10,
        64,
        35,
        33
    ]
}