{
    "id": 8439,
    "category": 12,
    "location": [
        -119.55111,
        36.10333
    ],
    "keywords": [
        39,
        74,
        31,
        46,
        65,
        39,
        26,
        66,
        21,
        52,
        10
    ]
}