{
    "id": 8441,
    "category": 12,
    "location": [
        -119.55528,
        36.49639
    ],
    "keywords": [
        9,
        75,
        66,
        61,
        8,
        33,
        56,
        71
    ]
}