{
    "id": 84435,
    "category": 54,
    "location": [
        -121.26889,
        35.86306
    ],
    "keywords": [
        67,
        56,
        74,
        60,
        33,
        34
    ]
}