{
    "id": 84458,
    "category": 54,
    "location": [
        -121.27861,
        39.06167
    ],
    "keywords": [
        6,
        50,
        31,
        0,
        0,
        4
    ]
}