{
    "id": 84465,
    "category": 54,
    "location": [
        -121.28222,
        37.37944
    ],
    "keywords": [
        45,
        56,
        8
    ]
}