{
    "id": 84466,
    "category": 54,
    "location": [
        -121.28278,
        35.80083
    ],
    "keywords": [
        14,
        58
    ]
}