{
    "id": 84493,
    "category": 54,
    "location": [
        -121.30028,
        39.60389
    ],
    "keywords": [
        34
    ]
}