{
    "id": 84505,
    "category": 54,
    "location": [
        -121.31056,
        39.67139
    ],
    "keywords": [
        13,
        8,
        13,
        30,
        5,
        60,
        5,
        38,
        42,
        55,
        72,
        36,
        0,
        42
    ]
}