{
    "id": 84503,
    "category": 54,
    "location": [
        -121.30889,
        39.11194
    ],
    "keywords": [
        29,
        6,
        7,
        38
    ]
}