{
    "id": 8451,
    "category": 12,
    "location": [
        -119.56444,
        35.46639
    ],
    "keywords": [
        63,
        40,
        52,
        46,
        33,
        39,
        53,
        29,
        46,
        12,
        17,
        46
    ]
}