{
    "id": 84540,
    "category": 54,
    "location": [
        -121.33417,
        39.42944
    ],
    "keywords": [
        69,
        30,
        10,
        39,
        29,
        28,
        14,
        47,
        25,
        61
    ]
}