{
    "id": 84581,
    "category": 54,
    "location": [
        -121.35833,
        39.31667
    ],
    "keywords": [
        14,
        44,
        30,
        50,
        58
    ]
}