{
    "id": 84586,
    "category": 54,
    "location": [
        -121.36222,
        39.77639
    ],
    "keywords": [
        23,
        24,
        8,
        75,
        72,
        62
    ]
}