{
    "id": 846,
    "category": 0,
    "location": [
        -121.95111,
        38.35556
    ],
    "keywords": [
        11,
        74,
        12,
        55
    ]
}