{
    "id": 84602,
    "category": 54,
    "location": [
        -121.37194,
        39.87944
    ],
    "keywords": [
        0,
        28,
        15,
        19,
        6,
        59,
        52,
        56,
        44,
        20,
        68,
        26
    ]
}