{
    "id": 84617,
    "category": 54,
    "location": [
        -121.38083,
        35.99722
    ],
    "keywords": [
        47,
        20,
        24,
        73,
        7,
        1,
        63,
        30,
        61,
        74
    ]
}