{
    "id": 84614,
    "category": 54,
    "location": [
        -121.37917,
        39.71722
    ],
    "keywords": []
}