{
    "id": 84640,
    "category": 54,
    "location": [
        -121.40472,
        39.84306
    ],
    "keywords": [
        16,
        74,
        56,
        50,
        28
    ]
}