{
    "id": 84649,
    "category": 54,
    "location": [
        -121.40889,
        40.46917
    ],
    "keywords": [
        19,
        21,
        45
    ]
}