{
    "id": 84655,
    "category": 54,
    "location": [
        -121.41472,
        39.65667
    ],
    "keywords": [
        73
    ]
}