{
    "id": 84662,
    "category": 54,
    "location": [
        -121.41778,
        36.25194
    ],
    "keywords": [
        13,
        41,
        73,
        26,
        28,
        63,
        40,
        21,
        58,
        6,
        34,
        21,
        59
    ]
}