{
    "id": 84670,
    "category": 54,
    "location": [
        -121.42389,
        39.66528
    ],
    "keywords": [
        41,
        52,
        71,
        40,
        59,
        7,
        33,
        67,
        7,
        5
    ]
}