{
    "id": 84686,
    "category": 54,
    "location": [
        -121.43611,
        39.67806
    ],
    "keywords": [
        36
    ]
}