{
    "id": 84683,
    "category": 54,
    "location": [
        -121.43194,
        35.86389
    ],
    "keywords": [
        8,
        48,
        18,
        20,
        11,
        46
    ]
}