{
    "id": 84693,
    "category": 54,
    "location": [
        -121.43889,
        37.57083
    ],
    "keywords": []
}