{
    "id": 84716,
    "category": 54,
    "location": [
        -121.45417,
        36.23306
    ],
    "keywords": [
        69,
        74
    ]
}