{
    "id": 84730,
    "category": 54,
    "location": [
        -121.46139,
        39.71361
    ],
    "keywords": [
        53
    ]
}