{
    "id": 84737,
    "category": 54,
    "location": [
        -121.46722,
        38.45972
    ],
    "keywords": [
        43,
        15,
        72,
        43,
        58,
        20,
        62,
        18,
        68,
        26,
        38,
        73,
        4
    ]
}