{
    "id": 84745,
    "category": 54,
    "location": [
        -121.47389,
        36.30111
    ],
    "keywords": [
        74,
        22,
        39,
        16,
        63,
        30,
        12,
        42
    ]
}