{
    "id": 84759,
    "category": 54,
    "location": [
        -121.49083,
        35.98278
    ],
    "keywords": [
        73,
        69,
        7,
        15,
        37,
        64,
        66,
        70,
        33,
        32,
        45,
        69
    ]
}