{
    "id": 84755,
    "category": 54,
    "location": [
        -121.48611,
        37.37667
    ],
    "keywords": [
        53,
        72,
        55,
        12,
        53
    ]
}