{
    "id": 84771,
    "category": 54,
    "location": [
        -121.49806,
        36.33639
    ],
    "keywords": [
        62,
        65,
        8,
        30,
        24
    ]
}