{
    "id": 84797,
    "category": 54,
    "location": [
        -121.51444,
        41.10111
    ],
    "keywords": [
        41,
        62,
        6,
        22,
        2,
        64,
        70,
        14,
        30
    ]
}