{
    "id": 84796,
    "category": 54,
    "location": [
        -121.51389,
        36.16944
    ],
    "keywords": [
        1,
        36,
        37,
        24,
        19,
        47,
        22,
        28,
        23
    ]
}