{
    "id": 8481,
    "category": 12,
    "location": [
        -119.60583,
        36.43111
    ],
    "keywords": []
}