{
    "id": 84818,
    "category": 54,
    "location": [
        -121.53194,
        36.94806
    ],
    "keywords": [
        8
    ]
}