{
    "id": 84820,
    "category": 54,
    "location": [
        -121.53389,
        39.74056
    ],
    "keywords": [
        32,
        18,
        68,
        17,
        75,
        32,
        56,
        37,
        28,
        64,
        74,
        65,
        16,
        36,
        44
    ]
}