{
    "id": 84865,
    "category": 54,
    "location": [
        -121.56889,
        40.35361
    ],
    "keywords": [
        59,
        16,
        18,
        53,
        18
    ]
}