{
    "id": 84868,
    "category": 54,
    "location": [
        -121.57028,
        39.31056
    ],
    "keywords": [
        11,
        7,
        24
    ]
}