{
    "id": 84876,
    "category": 54,
    "location": [
        -121.57472,
        39.17917
    ],
    "keywords": [
        14,
        53,
        46,
        69,
        65,
        16,
        43,
        22,
        39,
        68,
        72,
        59
    ]
}