{
    "id": 84879,
    "category": 54,
    "location": [
        -121.57528,
        39.94278
    ],
    "keywords": [
        10,
        71,
        73,
        31,
        23,
        65,
        43,
        61,
        42,
        66,
        42
    ]
}