{
    "id": 84899,
    "category": 54,
    "location": [
        -121.58472,
        36.04417
    ],
    "keywords": [
        47,
        21,
        16,
        47,
        72,
        72,
        52,
        13,
        12,
        51,
        55,
        33,
        24,
        68,
        21
    ]
}