{
    "id": 84896,
    "category": 54,
    "location": [
        -121.58389,
        37.08444
    ],
    "keywords": [
        62,
        57,
        25,
        33,
        61,
        27,
        67,
        17,
        74,
        26
    ]
}