{
    "id": 84908,
    "category": 54,
    "location": [
        -121.59333,
        36.39111
    ],
    "keywords": [
        9,
        4,
        38,
        43,
        23,
        3,
        48,
        33,
        27,
        15
    ]
}