{
    "id": 84926,
    "category": 54,
    "location": [
        -121.60833,
        39.15861
    ],
    "keywords": [
        32,
        16,
        39,
        65,
        64,
        68,
        23,
        11,
        51,
        0,
        67
    ]
}