{
    "id": 84935,
    "category": 54,
    "location": [
        -121.62028,
        38.78556
    ],
    "keywords": [
        1,
        50,
        8,
        12,
        45,
        60,
        13,
        13
    ]
}