{
    "id": 84943,
    "category": 54,
    "location": [
        -121.62889,
        36.39139
    ],
    "keywords": [
        75,
        54,
        3,
        39,
        25,
        18,
        42,
        65,
        49,
        50,
        60,
        9,
        27,
        9
    ]
}