{
    "id": 8496,
    "category": 12,
    "location": [
        -119.64194,
        35.98306
    ],
    "keywords": [
        22,
        4,
        12,
        20,
        34,
        71,
        72,
        42,
        12,
        33,
        59,
        25
    ]
}