{
    "id": 84978,
    "category": 54,
    "location": [
        -121.65667,
        37.50306
    ],
    "keywords": []
}