{
    "id": 84974,
    "category": 54,
    "location": [
        -121.65556,
        37.21333
    ],
    "keywords": [
        61,
        51
    ]
}