{
    "id": 84975,
    "category": 54,
    "location": [
        -121.65583,
        39.61167
    ],
    "keywords": [
        40,
        13,
        8,
        52,
        5,
        68,
        9,
        64,
        55,
        22,
        58,
        51,
        11
    ]
}