{
    "id": 84976,
    "category": 54,
    "location": [
        -121.65611,
        37.25694
    ],
    "keywords": [
        49,
        3,
        26,
        62
    ]
}