{
    "id": 85012,
    "category": 54,
    "location": [
        -121.68333,
        38.01444
    ],
    "keywords": [
        36,
        44,
        15,
        17
    ]
}