{
    "id": 85032,
    "category": 54,
    "location": [
        -121.70472,
        41.00944
    ],
    "keywords": [
        11,
        20,
        38,
        71,
        10,
        60,
        68,
        71,
        32,
        11,
        51
    ]
}