{
    "id": 85056,
    "category": 54,
    "location": [
        -121.72333,
        40.53389
    ],
    "keywords": [
        33
    ]
}