{
    "id": 85051,
    "category": 54,
    "location": [
        -121.71917,
        40.81333
    ],
    "keywords": []
}