{
    "id": 85063,
    "category": 54,
    "location": [
        -121.72889,
        40.43806
    ],
    "keywords": [
        5,
        23,
        42,
        1,
        23,
        39
    ]
}