{
    "id": 85062,
    "category": 54,
    "location": [
        -121.72861,
        38.53583
    ],
    "keywords": [
        19,
        25,
        75,
        31,
        67,
        27,
        57,
        73,
        43
    ]
}