{
    "id": 85070,
    "category": 54,
    "location": [
        -121.73556,
        40.45778
    ],
    "keywords": [
        32,
        32,
        65,
        6,
        6,
        54,
        71,
        68,
        14
    ]
}