{
    "id": 85081,
    "category": 54,
    "location": [
        -121.74667,
        36.96528
    ],
    "keywords": [
        16,
        57,
        17,
        12
    ]
}