{
    "id": 85097,
    "category": 54,
    "location": [
        -121.76111,
        36.22222
    ],
    "keywords": [
        39,
        35,
        47,
        42,
        12
    ]
}