{
    "id": 851,
    "category": 0,
    "location": [
        -121.97556,
        41.88694
    ],
    "keywords": [
        72,
        73,
        39,
        18,
        66
    ]
}