{
    "id": 85126,
    "category": 54,
    "location": [
        -121.78917,
        36.80583
    ],
    "keywords": [
        7,
        29,
        30,
        60
    ]
}