{
    "id": 85123,
    "category": 54,
    "location": [
        -121.78639,
        36.25083
    ],
    "keywords": []
}