{
    "id": 85137,
    "category": 54,
    "location": [
        -121.79639,
        41.20667
    ],
    "keywords": [
        25,
        56,
        36,
        17,
        29,
        74,
        23,
        49,
        69,
        55,
        67,
        18,
        40,
        34
    ]
}