{
    "id": 85154,
    "category": 54,
    "location": [
        -121.80972,
        37.32861
    ],
    "keywords": [
        51,
        24,
        11
    ]
}