{
    "id": 85157,
    "category": 54,
    "location": [
        -121.81139,
        37.88611
    ],
    "keywords": [
        63,
        73,
        62
    ]
}