{
    "id": 85194,
    "category": 54,
    "location": [
        -121.84417,
        41.28611
    ],
    "keywords": [
        34,
        53,
        73,
        20,
        53,
        31,
        48,
        30
    ]
}