{
    "id": 85200,
    "category": 54,
    "location": [
        -121.84833,
        40.98222
    ],
    "keywords": [
        8,
        63,
        67,
        18,
        55,
        6,
        40,
        26,
        63,
        43
    ]
}