{
    "id": 85204,
    "category": 54,
    "location": [
        -121.85167,
        38.06333
    ],
    "keywords": [
        17,
        72,
        11,
        74,
        46,
        71,
        72,
        33,
        26,
        10,
        5,
        13,
        7,
        61,
        12
    ]
}