{
    "id": 85225,
    "category": 54,
    "location": [
        -121.86833,
        38.56194
    ],
    "keywords": [
        3,
        44,
        61,
        56,
        34,
        64,
        47,
        67,
        66
    ]
}