{
    "id": 85223,
    "category": 54,
    "location": [
        -121.86222,
        37.36056
    ],
    "keywords": [
        34,
        27,
        26,
        74,
        70,
        17,
        48,
        65,
        53,
        47,
        19,
        37,
        33,
        11,
        67
    ]
}