{
    "id": 85235,
    "category": 54,
    "location": [
        -121.87306,
        37.35611
    ],
    "keywords": [
        33,
        14,
        72,
        11,
        26,
        12,
        3,
        14,
        48,
        32,
        41,
        31,
        66,
        45
    ]
}