{
    "id": 8526,
    "category": 12,
    "location": [
        -119.69917,
        36.21333
    ],
    "keywords": [
        7,
        60,
        73,
        56,
        38,
        55,
        67,
        60,
        20,
        13,
        67,
        68,
        14
    ]
}