{
    "id": 85264,
    "category": 54,
    "location": [
        -121.88667,
        39.39806
    ],
    "keywords": [
        24,
        10,
        15,
        74,
        22,
        8,
        8,
        32,
        21,
        6,
        49,
        67
    ]
}