{
    "id": 85282,
    "category": 54,
    "location": [
        -121.89806,
        37.33389
    ],
    "keywords": [
        37,
        19,
        26
    ]
}