{
    "id": 8529,
    "category": 12,
    "location": [
        -119.70444,
        36.83389
    ],
    "keywords": [
        26,
        23,
        55,
        62,
        26,
        55,
        0,
        51
    ]
}