{
    "id": 85298,
    "category": 54,
    "location": [
        -121.90556,
        37.43583
    ],
    "keywords": [
        35,
        38,
        73,
        17
    ]
}