{
    "id": 85305,
    "category": 54,
    "location": [
        -121.91083,
        37.21389
    ],
    "keywords": [
        52
    ]
}