{
    "id": 85311,
    "category": 54,
    "location": [
        -121.91306,
        37.71333
    ],
    "keywords": [
        38,
        68,
        24,
        14,
        29,
        69,
        20,
        70,
        22,
        3,
        23
    ]
}