{
    "id": 85315,
    "category": 54,
    "location": [
        -121.91389,
        37.67972
    ],
    "keywords": [
        65,
        22,
        31,
        18,
        48,
        61,
        20,
        66,
        11,
        21,
        60
    ]
}