{
    "id": 8533,
    "category": 12,
    "location": [
        -119.71778,
        36.83222
    ],
    "keywords": [
        22,
        71,
        13,
        16,
        63,
        15,
        2,
        0,
        5,
        40,
        61
    ]
}