{
    "id": 85338,
    "category": 54,
    "location": [
        -121.92417,
        41.06444
    ],
    "keywords": [
        27,
        43,
        0,
        73,
        0,
        32,
        36,
        73
    ]
}