{
    "id": 85355,
    "category": 54,
    "location": [
        -121.93194,
        41.02972
    ],
    "keywords": [
        35,
        48,
        6,
        69,
        5,
        40,
        35,
        39,
        25,
        21,
        9,
        36,
        51
    ]
}