{
    "id": 85394,
    "category": 54,
    "location": [
        -121.95083,
        36.97167
    ],
    "keywords": [
        17,
        22,
        15,
        14,
        65,
        25,
        0,
        43,
        39,
        36,
        66
    ]
}