{
    "id": 85395,
    "category": 54,
    "location": [
        -121.95278,
        36.99611
    ],
    "keywords": [
        13,
        26,
        35,
        34,
        28,
        9
    ]
}