{
    "id": 85411,
    "category": 54,
    "location": [
        -121.96833,
        39.67806
    ],
    "keywords": [
        17,
        31,
        64,
        14,
        21,
        37,
        71,
        42
    ]
}