{
    "id": 85419,
    "category": 54,
    "location": [
        -121.97722,
        40.03861
    ],
    "keywords": [
        67,
        8,
        47,
        46,
        67,
        9,
        43,
        22,
        22,
        46
    ]
}