{
    "id": 85414,
    "category": 54,
    "location": [
        -121.97194,
        39.67722
    ],
    "keywords": [
        27,
        33,
        74,
        18,
        67,
        15,
        15,
        49,
        28,
        42,
        2,
        26,
        10,
        70
    ]
}