{
    "id": 85423,
    "category": 54,
    "location": [
        -121.97833,
        37.83528
    ],
    "keywords": [
        42,
        75,
        75,
        54,
        64,
        12,
        6,
        0,
        10,
        72
    ]
}