{
    "id": 85426,
    "category": 54,
    "location": [
        -121.97944,
        37.16944
    ],
    "keywords": [
        62,
        56,
        63,
        35,
        56,
        51,
        59,
        27,
        23
    ]
}