{
    "id": 85425,
    "category": 54,
    "location": [
        -121.97917,
        40.22222
    ],
    "keywords": [
        30,
        11
    ]
}