{
    "id": 85434,
    "category": 54,
    "location": [
        -121.98639,
        37.41722
    ],
    "keywords": [
        50,
        60,
        0,
        48,
        21,
        8,
        56,
        33,
        57,
        35,
        27,
        1,
        25,
        34,
        27
    ]
}