{
    "id": 85457,
    "category": 54,
    "location": [
        -121.99389,
        38.83722
    ],
    "keywords": [
        59,
        35,
        43,
        4,
        16,
        8,
        36,
        19,
        54,
        59,
        1,
        7,
        3
    ]
}