{
    "id": 85450,
    "category": 54,
    "location": [
        -121.99139,
        41.16944
    ],
    "keywords": [
        7,
        59,
        65,
        52,
        43,
        71,
        50,
        57,
        36,
        41,
        4,
        74
    ]
}