{
    "id": 85451,
    "category": 54,
    "location": [
        -121.99167,
        37.89556
    ],
    "keywords": [
        64,
        22,
        63,
        69,
        3,
        28,
        36,
        51,
        45,
        13
    ]
}