{
    "id": 85476,
    "category": 54,
    "location": [
        -122.00639,
        38.80583
    ],
    "keywords": [
        10,
        0,
        63,
        17,
        32,
        41,
        15,
        64,
        54
    ]
}