{
    "id": 85485,
    "category": 54,
    "location": [
        -122.01139,
        36.96417
    ],
    "keywords": [
        48,
        68,
        30,
        1
    ]
}