{
    "id": 85506,
    "category": 54,
    "location": [
        -122.02694,
        38.20472
    ],
    "keywords": [
        59,
        58,
        72
    ]
}