{
    "id": 85512,
    "category": 54,
    "location": [
        -122.02917,
        40.63056
    ],
    "keywords": [
        20,
        30,
        6,
        37,
        72,
        20,
        36,
        18,
        0,
        42,
        17,
        58,
        69,
        14
    ]
}