{
    "id": 8551,
    "category": 12,
    "location": [
        -119.75889,
        36.62778
    ],
    "keywords": [
        13,
        7
    ]
}