{
    "id": 85534,
    "category": 54,
    "location": [
        -122.04417,
        39.98944
    ],
    "keywords": [
        44,
        58,
        24,
        58,
        5,
        34,
        30,
        65,
        45,
        65,
        36
    ]
}