{
    "id": 85531,
    "category": 54,
    "location": [
        -122.04222,
        37.96694
    ],
    "keywords": [
        74,
        69,
        65,
        48,
        50,
        4,
        18,
        49,
        49,
        27,
        20,
        13,
        54
    ]
}