{
    "id": 85550,
    "category": 54,
    "location": [
        -122.05528,
        37.03056
    ],
    "keywords": [
        40,
        2,
        19,
        47,
        14,
        6,
        37,
        69
    ]
}