{
    "id": 85608,
    "category": 54,
    "location": [
        -122.07417,
        37.17083
    ],
    "keywords": [
        43,
        4,
        39,
        26,
        64,
        24,
        70,
        48,
        30,
        37,
        37,
        22
    ]
}