{
    "id": 85613,
    "category": 54,
    "location": [
        -122.07556,
        37.64611
    ],
    "keywords": [
        58,
        4,
        56,
        29,
        6,
        69,
        10,
        27,
        3,
        33
    ]
}