{
    "id": 85632,
    "category": 54,
    "location": [
        -122.08361,
        37.06972
    ],
    "keywords": [
        3,
        40,
        45
    ]
}