{
    "id": 85657,
    "category": 54,
    "location": [
        -122.09417,
        39.91139
    ],
    "keywords": []
}