{
    "id": 85663,
    "category": 54,
    "location": [
        -122.09556,
        40.92333
    ],
    "keywords": [
        8,
        63,
        69,
        25
    ]
}