{
    "id": 8566,
    "category": 12,
    "location": [
        -119.77806,
        36.61778
    ],
    "keywords": []
}