{
    "id": 85684,
    "category": 54,
    "location": [
        -122.11083,
        40.06778
    ],
    "keywords": [
        33,
        46,
        26,
        0,
        72,
        14,
        72,
        9
    ]
}