{
    "id": 85688,
    "category": 54,
    "location": [
        -122.11361,
        38.28528
    ],
    "keywords": [
        75,
        6
    ]
}