{
    "id": 85705,
    "category": 54,
    "location": [
        -122.12194,
        36.96639
    ],
    "keywords": [
        45,
        22,
        27,
        7,
        68,
        43,
        75,
        55,
        58,
        41,
        24,
        58,
        67,
        37,
        63
    ]
}