{
    "id": 8570,
    "category": 12,
    "location": [
        -119.78694,
        36.82833
    ],
    "keywords": [
        20,
        31,
        44,
        4,
        5,
        64,
        30,
        55,
        66,
        55
    ]
}