{
    "id": 85729,
    "category": 54,
    "location": [
        -122.13278,
        41.83861
    ],
    "keywords": []
}