{
    "id": 85733,
    "category": 54,
    "location": [
        -122.13556,
        37.14806
    ],
    "keywords": [
        70,
        0,
        58,
        55,
        34,
        40,
        7,
        73,
        0,
        43,
        23,
        17,
        18,
        48,
        52
    ]
}