{
    "id": 85734,
    "category": 54,
    "location": [
        -122.13556,
        40.07833
    ],
    "keywords": [
        55,
        49,
        60,
        57,
        9,
        37,
        46,
        35,
        19,
        5,
        47,
        72
    ]
}