{
    "id": 85749,
    "category": 54,
    "location": [
        -122.14444,
        37.13889
    ],
    "keywords": [
        19
    ]
}