{
    "id": 85758,
    "category": 54,
    "location": [
        -122.14972,
        37.30333
    ],
    "keywords": [
        22
    ]
}