{
    "id": 85753,
    "category": 54,
    "location": [
        -122.14611,
        41.18083
    ],
    "keywords": [
        8,
        52,
        72,
        31,
        59,
        29,
        22
    ]
}