{
    "id": 85779,
    "category": 54,
    "location": [
        -122.16056,
        37.15306
    ],
    "keywords": [
        29,
        69,
        11,
        52,
        12,
        67,
        38,
        34
    ]
}