{
    "id": 85773,
    "category": 54,
    "location": [
        -122.15611,
        39.05111
    ],
    "keywords": [
        7,
        49,
        71,
        47,
        57,
        18,
        55,
        8,
        50,
        22,
        11,
        54,
        38
    ]
}