{
    "id": 85780,
    "category": 54,
    "location": [
        -122.16111,
        39.51972
    ],
    "keywords": [
        27,
        37,
        9,
        50,
        54,
        5,
        31,
        73,
        64,
        57,
        66
    ]
}