{
    "id": 85797,
    "category": 54,
    "location": [
        -122.17056,
        39.01139
    ],
    "keywords": [
        17,
        3,
        5,
        73,
        30,
        48,
        3,
        16,
        40,
        16,
        24,
        22,
        68
    ]
}