{
    "id": 85790,
    "category": 54,
    "location": [
        -122.16722,
        39.30194
    ],
    "keywords": [
        28,
        65,
        42,
        50,
        54,
        68,
        3,
        68,
        11,
        4,
        53,
        4,
        62,
        70
    ]
}