{
    "id": 85804,
    "category": 54,
    "location": [
        -122.17389,
        40.74111
    ],
    "keywords": [
        69,
        47,
        28,
        10,
        17,
        44,
        64,
        71,
        29,
        70,
        27
    ]
}