{
    "id": 85825,
    "category": 54,
    "location": [
        -122.18556,
        40.67667
    ],
    "keywords": [
        41,
        55,
        73,
        50,
        75,
        57,
        59,
        22,
        18,
        58,
        38,
        65
    ]
}