{
    "id": 85855,
    "category": 54,
    "location": [
        -122.20139,
        40.65444
    ],
    "keywords": [
        4,
        26,
        68,
        70,
        67,
        23,
        55,
        71,
        44,
        12,
        36,
        17
    ]
}