{
    "id": 85868,
    "category": 54,
    "location": [
        -122.20833,
        38.76444
    ],
    "keywords": [
        45,
        66,
        19
    ]
}