{
    "id": 85866,
    "category": 54,
    "location": [
        -122.20694,
        40.32111
    ],
    "keywords": [
        57,
        1,
        20
    ]
}