{
    "id": 85875,
    "category": 54,
    "location": [
        -122.21111,
        40.78278
    ],
    "keywords": [
        3,
        37,
        38,
        43,
        74,
        59
    ]
}