{
    "id": 85880,
    "category": 54,
    "location": [
        -122.21278,
        41.96722
    ],
    "keywords": [
        73,
        55,
        38,
        53,
        49,
        22,
        42
    ]
}