{
    "id": 85881,
    "category": 54,
    "location": [
        -122.21306,
        37.26056
    ],
    "keywords": [
        13,
        44,
        6,
        38,
        53,
        68
    ]
}