{
    "id": 85890,
    "category": 54,
    "location": [
        -122.21583,
        40.38278
    ],
    "keywords": [
        11,
        6,
        47,
        55,
        50,
        70,
        39,
        60,
        73,
        66
    ]
}