{
    "id": 85892,
    "category": 54,
    "location": [
        -122.21667,
        40.95889
    ],
    "keywords": [
        57
    ]
}