{
    "id": 8589,
    "category": 12,
    "location": [
        -119.82583,
        36.63944
    ],
    "keywords": [
        11,
        51,
        31,
        21,
        52
    ]
}