{
    "id": 85909,
    "category": 54,
    "location": [
        -122.22444,
        40.26306
    ],
    "keywords": [
        47,
        1,
        22,
        17,
        58,
        5,
        4,
        1
    ]
}