{
    "id": 85904,
    "category": 54,
    "location": [
        -122.22361,
        40.90278
    ],
    "keywords": [
        0,
        40,
        28,
        42,
        10,
        59,
        42,
        45
    ]
}