{
    "id": 85924,
    "category": 54,
    "location": [
        -122.22861,
        40.88361
    ],
    "keywords": [
        55,
        43
    ]
}