{
    "id": 85948,
    "category": 54,
    "location": [
        -122.23889,
        37.25889
    ],
    "keywords": [
        10,
        7
    ]
}