{
    "id": 85941,
    "category": 54,
    "location": [
        -122.23667,
        40.18444
    ],
    "keywords": [
        45,
        37,
        53,
        37,
        27,
        24
    ]
}