{
    "id": 85966,
    "category": 54,
    "location": [
        -122.24667,
        37.40333
    ],
    "keywords": [
        9,
        58,
        53,
        39,
        36,
        13,
        55,
        16,
        5
    ]
}