{
    "id": 85990,
    "category": 54,
    "location": [
        -122.26028,
        37.81056
    ],
    "keywords": [
        5,
        46,
        21,
        38,
        17,
        49,
        11,
        72,
        33
    ]
}