{
    "id": 86025,
    "category": 54,
    "location": [
        -122.27667,
        37.31028
    ],
    "keywords": [
        63,
        15,
        11,
        62,
        6,
        34,
        40,
        50,
        71,
        62
    ]
}