{
    "id": 86035,
    "category": 54,
    "location": [
        -122.28306,
        37.27444
    ],
    "keywords": [
        1,
        19,
        8
    ]
}