{
    "id": 86047,
    "category": 54,
    "location": [
        -122.28833,
        40.56417
    ],
    "keywords": [
        71,
        69
    ]
}