{
    "id": 86064,
    "category": 54,
    "location": [
        -122.29639,
        37.27306
    ],
    "keywords": [
        59,
        19,
        52,
        58,
        35,
        45
    ]
}