{
    "id": 86063,
    "category": 54,
    "location": [
        -122.29639,
        37.11111
    ],
    "keywords": [
        36,
        41,
        48,
        5,
        52
    ]
}