{
    "id": 86073,
    "category": 54,
    "location": [
        -122.30139,
        40.67611
    ],
    "keywords": [
        34,
        72,
        24,
        43,
        55,
        46,
        17,
        55,
        14,
        58,
        67
    ]
}