{
    "id": 86109,
    "category": 54,
    "location": [
        -122.31528,
        38.65306
    ],
    "keywords": [
        74,
        49,
        19,
        63,
        3,
        56,
        49,
        28,
        11,
        52,
        27,
        57,
        7,
        46,
        34
    ]
}