{
    "id": 86110,
    "category": 54,
    "location": [
        -122.31556,
        39.51889
    ],
    "keywords": [
        14,
        70,
        2,
        6,
        41,
        7,
        38,
        32,
        36,
        71,
        1,
        38,
        54,
        48
    ]
}