{
    "id": 86127,
    "category": 54,
    "location": [
        -122.32889,
        40.65278
    ],
    "keywords": [
        12,
        21,
        66,
        1,
        29,
        54,
        3,
        70,
        12
    ]
}