{
    "id": 8612,
    "category": 12,
    "location": [
        -119.86667,
        36.73556
    ],
    "keywords": [
        24,
        26,
        7,
        55,
        3,
        72,
        20,
        72,
        58,
        22,
        34
    ]
}