{
    "id": 86140,
    "category": 54,
    "location": [
        -122.33917,
        41.05306
    ],
    "keywords": [
        5,
        43,
        34,
        68,
        63,
        9,
        62,
        4,
        60
    ]
}