{
    "id": 86144,
    "category": 54,
    "location": [
        -122.34139,
        38.94194
    ],
    "keywords": [
        61,
        6,
        18,
        70,
        0,
        48,
        73,
        27,
        43
    ]
}