{
    "id": 8615,
    "category": 12,
    "location": [
        -119.87639,
        36.72583
    ],
    "keywords": [
        63,
        62
    ]
}