{
    "id": 86157,
    "category": 54,
    "location": [
        -122.34972,
        38.19278
    ],
    "keywords": [
        5,
        66
    ]
}