{
    "id": 86162,
    "category": 54,
    "location": [
        -122.35333,
        38.50778
    ],
    "keywords": [
        46,
        75,
        33,
        29,
        56,
        71,
        14,
        12,
        10,
        5,
        62,
        69,
        40
    ]
}