{
    "id": 86177,
    "category": 54,
    "location": [
        -122.36278,
        40.92611
    ],
    "keywords": [
        27,
        8,
        41,
        31,
        74,
        16,
        39,
        72,
        71,
        55,
        5,
        70,
        62,
        15
    ]
}