{
    "id": 86174,
    "category": 54,
    "location": [
        -122.36083,
        41.15583
    ],
    "keywords": [
        12,
        50,
        45,
        26,
        73,
        34,
        54,
        51,
        45
    ]
}