{
    "id": 86178,
    "category": 54,
    "location": [
        -122.36417,
        37.59722
    ],
    "keywords": []
}