{
    "id": 86183,
    "category": 54,
    "location": [
        -122.36611,
        40.50861
    ],
    "keywords": [
        73,
        65,
        26,
        68,
        23,
        11,
        40,
        29,
        48
    ]
}