{
    "id": 86180,
    "category": 54,
    "location": [
        -122.36472,
        41.06167
    ],
    "keywords": [
        25,
        12,
        72
    ]
}