{
    "id": 86185,
    "category": 54,
    "location": [
        -122.36639,
        40.89556
    ],
    "keywords": [
        74,
        14,
        71,
        58,
        30,
        55,
        19,
        7,
        4,
        43
    ]
}