{
    "id": 862,
    "category": 0,
    "location": [
        -122.05694,
        37.98944
    ],
    "keywords": [
        9,
        1,
        3,
        74,
        63,
        6,
        48,
        59,
        28
    ]
}