{
    "id": 86247,
    "category": 54,
    "location": [
        -122.40611,
        37.96833
    ],
    "keywords": [
        11,
        48,
        44,
        66,
        40,
        58,
        36,
        28,
        37,
        41
    ]
}