{
    "id": 86268,
    "category": 54,
    "location": [
        -122.41889,
        40.75306
    ],
    "keywords": [
        24,
        57,
        60,
        17,
        2,
        30,
        40,
        1,
        2
    ]
}