{
    "id": 86279,
    "category": 54,
    "location": [
        -122.42639,
        37.40417
    ],
    "keywords": [
        32,
        23,
        45,
        53,
        8,
        35
    ]
}