{
    "id": 86286,
    "category": 54,
    "location": [
        -122.42917,
        38.83889
    ],
    "keywords": [
        59,
        21,
        52,
        72,
        45,
        30,
        26,
        6,
        15
    ]
}