{
    "id": 86300,
    "category": 54,
    "location": [
        -122.43389,
        40.59444
    ],
    "keywords": [
        1,
        47,
        41,
        73,
        23,
        33,
        50,
        26,
        37,
        63
    ]
}