{
    "id": 86312,
    "category": 54,
    "location": [
        -122.43944,
        38.40611
    ],
    "keywords": [
        20,
        38,
        13,
        12,
        39,
        33,
        4
    ]
}