{
    "id": 86324,
    "category": 54,
    "location": [
        -122.44667,
        40.81611
    ],
    "keywords": [
        48,
        44,
        36,
        10,
        55,
        63,
        70,
        29
    ]
}