{
    "id": 86323,
    "category": 54,
    "location": [
        -122.44667,
        40.70222
    ],
    "keywords": []
}