{
    "id": 86330,
    "category": 54,
    "location": [
        -122.44972,
        37.48056
    ],
    "keywords": [
        30,
        20,
        19,
        8,
        10,
        8
    ]
}