{
    "id": 8637,
    "category": 12,
    "location": [
        -119.92083,
        36.79222
    ],
    "keywords": [
        71,
        7,
        16,
        1,
        29,
        48,
        61,
        8,
        66,
        31,
        57,
        53,
        41,
        29,
        35
    ]
}