{
    "id": 86372,
    "category": 54,
    "location": [
        -122.47472,
        38.26667
    ],
    "keywords": [
        39,
        45,
        72,
        37,
        3,
        23,
        70,
        34,
        40,
        47,
        4,
        74,
        35,
        13,
        5
    ]
}