{
    "id": 86394,
    "category": 54,
    "location": [
        -122.48722,
        40.73806
    ],
    "keywords": [
        38,
        1,
        24,
        24,
        0,
        38,
        63,
        17,
        56,
        17,
        44,
        3
    ]
}