{
    "id": 86418,
    "category": 54,
    "location": [
        -122.50111,
        37.94167
    ],
    "keywords": [
        21,
        9,
        11,
        65,
        71,
        58,
        75
    ]
}