{
    "id": 86419,
    "category": 54,
    "location": [
        -122.50139,
        38.33639
    ],
    "keywords": []
}