{
    "id": 86426,
    "category": 54,
    "location": [
        -122.50472,
        37.59639
    ],
    "keywords": [
        36,
        39,
        2,
        0,
        33,
        2,
        56,
        50,
        33
    ]
}