{
    "id": 86420,
    "category": 54,
    "location": [
        -122.50167,
        39.43417
    ],
    "keywords": [
        17,
        63,
        72,
        71,
        47,
        58,
        74,
        18,
        54,
        32,
        1,
        74
    ]
}