{
    "id": 86421,
    "category": 54,
    "location": [
        -122.50167,
        40.93194
    ],
    "keywords": [
        35,
        64,
        57,
        74,
        45
    ]
}