{
    "id": 86436,
    "category": 54,
    "location": [
        -122.51278,
        38.34917
    ],
    "keywords": [
        43,
        23,
        47,
        68,
        21,
        22,
        69
    ]
}