{
    "id": 8644,
    "category": 12,
    "location": [
        -119.95222,
        36.70722
    ],
    "keywords": [
        37,
        34,
        66
    ]
}