{
    "id": 86459,
    "category": 54,
    "location": [
        -122.52361,
        39.67083
    ],
    "keywords": [
        52,
        75,
        15,
        43,
        65,
        41,
        41,
        57,
        31,
        52,
        10,
        74,
        45
    ]
}