{
    "id": 86479,
    "category": 54,
    "location": [
        -122.53528,
        40.53944
    ],
    "keywords": [
        66,
        52,
        27
    ]
}