{
    "id": 86483,
    "category": 54,
    "location": [
        -122.53778,
        39.59361
    ],
    "keywords": [
        42,
        1,
        38
    ]
}