{
    "id": 86529,
    "category": 54,
    "location": [
        -122.55667,
        37.92417
    ],
    "keywords": [
        5,
        44,
        59
    ]
}