{
    "id": 8653,
    "category": 12,
    "location": [
        -119.98778,
        36.67667
    ],
    "keywords": [
        74,
        39,
        3,
        67,
        8,
        34,
        1,
        48,
        20
    ]
}