{
    "id": 86552,
    "category": 54,
    "location": [
        -122.56778,
        38.49028
    ],
    "keywords": [
        65,
        0,
        66,
        64,
        52,
        24
    ]
}