{
    "id": 86566,
    "category": 54,
    "location": [
        -122.57444,
        41.29722
    ],
    "keywords": [
        36,
        22,
        5,
        48,
        45
    ]
}