{
    "id": 86582,
    "category": 54,
    "location": [
        -122.58306,
        39.59861
    ],
    "keywords": [
        37,
        27,
        69
    ]
}