{
    "id": 86592,
    "category": 54,
    "location": [
        -122.58611,
        41.08417
    ],
    "keywords": [
        29,
        19,
        13,
        75
    ]
}