{
    "id": 86598,
    "category": 54,
    "location": [
        -122.58833,
        37.90389
    ],
    "keywords": [
        14,
        73,
        54
    ]
}