{
    "id": 86614,
    "category": 54,
    "location": [
        -122.59306,
        41.83083
    ],
    "keywords": [
        59,
        13,
        70,
        36,
        73,
        1
    ]
}