{
    "id": 86610,
    "category": 54,
    "location": [
        -122.59167,
        37.99083
    ],
    "keywords": [
        34,
        15,
        24,
        9,
        48,
        36
    ]
}