{
    "id": 86648,
    "category": 54,
    "location": [
        -122.61333,
        38.72417
    ],
    "keywords": [
        7,
        24,
        53,
        72,
        72,
        21,
        32,
        6
    ]
}