{
    "id": 86653,
    "category": 54,
    "location": [
        -122.61417,
        38.76028
    ],
    "keywords": [
        15,
        74,
        57,
        45,
        34,
        58
    ]
}