{
    "id": 86657,
    "category": 54,
    "location": [
        -122.61806,
        41.83389
    ],
    "keywords": [
        64,
        1,
        46,
        40,
        64,
        23
    ]
}