{
    "id": 8666,
    "category": 12,
    "location": [
        -120.05444,
        36.91667
    ],
    "keywords": [
        60,
        64,
        48,
        58,
        18,
        8,
        30,
        74,
        8,
        52,
        12,
        65,
        71,
        74
    ]
}