{
    "id": 86699,
    "category": 54,
    "location": [
        -122.63778,
        38.90333
    ],
    "keywords": [
        29,
        11,
        34,
        65
    ]
}