{
    "id": 86692,
    "category": 54,
    "location": [
        -122.63472,
        38.93806
    ],
    "keywords": [
        33
    ]
}