{
    "id": 86712,
    "category": 54,
    "location": [
        -122.64583,
        41.00944
    ],
    "keywords": [
        63,
        0,
        44,
        13,
        48,
        18,
        52,
        35
    ]
}