{
    "id": 86711,
    "category": 54,
    "location": [
        -122.64583,
        39.37889
    ],
    "keywords": [
        27,
        54,
        58,
        32,
        43,
        13,
        49,
        32
    ]
}