{
    "id": 86756,
    "category": 54,
    "location": [
        -122.67639,
        40.24361
    ],
    "keywords": [
        70,
        20,
        69
    ]
}