{
    "id": 86758,
    "category": 54,
    "location": [
        -122.67944,
        38.77722
    ],
    "keywords": [
        65,
        45,
        66,
        50,
        53,
        71,
        53
    ]
}