{
    "id": 86774,
    "category": 54,
    "location": [
        -122.68944,
        38.35528
    ],
    "keywords": [
        33,
        50,
        36,
        51,
        16,
        58,
        36,
        11,
        59,
        11,
        7,
        69
    ]
}