{
    "id": 86781,
    "category": 54,
    "location": [
        -122.69278,
        41.01444
    ],
    "keywords": [
        53,
        51,
        39,
        11,
        60,
        44,
        8,
        58,
        10,
        27,
        37
    ]
}