{
    "id": 86792,
    "category": 54,
    "location": [
        -122.69833,
        41.12389
    ],
    "keywords": [
        1,
        56,
        35,
        5,
        55,
        51,
        1,
        50,
        56,
        38,
        2,
        3,
        9,
        38
    ]
}