{
    "id": 86845,
    "category": 54,
    "location": [
        -122.72472,
        38.01972
    ],
    "keywords": [
        26,
        72
    ]
}