{
    "id": 86854,
    "category": 54,
    "location": [
        -122.73028,
        39.21833
    ],
    "keywords": []
}