{
    "id": 86860,
    "category": 54,
    "location": [
        -122.73194,
        38.34472
    ],
    "keywords": [
        8,
        33,
        26,
        41,
        30,
        16,
        56
    ]
}