{
    "id": 86870,
    "category": 54,
    "location": [
        -122.73583,
        37.92583
    ],
    "keywords": [
        35,
        34,
        7,
        25,
        9,
        68,
        2,
        21,
        4,
        72,
        75
    ]
}