{
    "id": 86880,
    "category": 54,
    "location": [
        -122.74222,
        38.67444
    ],
    "keywords": [
        0,
        17
    ]
}