{
    "id": 86887,
    "category": 54,
    "location": [
        -122.74444,
        41.97611
    ],
    "keywords": [
        19,
        36,
        15,
        75,
        28,
        14,
        68,
        68,
        7
    ]
}