{
    "id": 86892,
    "category": 54,
    "location": [
        -122.74889,
        41.63389
    ],
    "keywords": [
        10,
        49,
        0,
        33,
        3
    ]
}