{
    "id": 86907,
    "category": 54,
    "location": [
        -122.75972,
        41.31083
    ],
    "keywords": [
        9,
        74,
        44,
        17,
        54,
        64,
        7,
        8,
        40,
        67,
        12,
        15,
        1,
        27,
        13
    ]
}