{
    "id": 86909,
    "category": 54,
    "location": [
        -122.76139,
        38.85611
    ],
    "keywords": [
        60,
        17,
        40,
        73,
        40,
        16,
        38,
        15,
        29,
        3,
        26,
        61
    ]
}