{
    "id": 86912,
    "category": 54,
    "location": [
        -122.76583,
        38.73944
    ],
    "keywords": [
        55,
        20,
        73,
        12,
        40,
        48,
        65,
        44,
        46,
        50
    ]
}