{
    "id": 86917,
    "category": 54,
    "location": [
        -122.76917,
        40.91528
    ],
    "keywords": [
        12,
        31,
        9,
        46,
        5,
        57,
        51,
        60,
        24
    ]
}