{
    "id": 86924,
    "category": 54,
    "location": [
        -122.77139,
        38.61222
    ],
    "keywords": [
        69,
        74
    ]
}