{
    "id": 86925,
    "category": 54,
    "location": [
        -122.77167,
        40.15833
    ],
    "keywords": [
        42
    ]
}