{
    "id": 86937,
    "category": 54,
    "location": [
        -122.77833,
        39.23528
    ],
    "keywords": [
        46
    ]
}