{
    "id": 86945,
    "category": 54,
    "location": [
        -122.78139,
        39.77583
    ],
    "keywords": [
        13,
        27,
        54,
        33,
        60,
        21,
        5,
        20,
        36,
        70,
        48
    ]
}