{
    "id": 86950,
    "category": 54,
    "location": [
        -122.78444,
        38.60583
    ],
    "keywords": [
        51,
        55
    ]
}