{
    "id": 86985,
    "category": 54,
    "location": [
        -122.80333,
        39.01944
    ],
    "keywords": [
        5,
        17,
        55,
        29,
        66,
        63,
        13,
        19,
        35,
        62,
        24
    ]
}