{
    "id": 86984,
    "category": 54,
    "location": [
        -122.80306,
        41.73222
    ],
    "keywords": [
        63,
        29,
        69,
        24,
        34,
        38,
        48,
        3,
        72,
        50,
        22,
        66,
        55,
        2
    ]
}