{
    "id": 8700,
    "category": 12,
    "location": [
        -120.31333,
        40.39056
    ],
    "keywords": [
        61
    ]
}