{
    "id": 87036,
    "category": 54,
    "location": [
        -122.83306,
        38.45139
    ],
    "keywords": [
        2,
        26
    ]
}