{
    "id": 87052,
    "category": 54,
    "location": [
        -122.84083,
        41.14833
    ],
    "keywords": [
        61,
        17,
        57,
        64,
        59
    ]
}