{
    "id": 87063,
    "category": 54,
    "location": [
        -122.84667,
        39.32028
    ],
    "keywords": [
        45,
        9,
        47,
        40,
        73,
        69,
        42,
        75,
        46,
        5
    ]
}