{
    "id": 87070,
    "category": 54,
    "location": [
        -122.85028,
        39.52472
    ],
    "keywords": [
        4,
        34,
        41,
        18,
        53,
        44,
        40,
        7,
        73,
        60,
        57,
        7,
        29
    ]
}