{
    "id": 87095,
    "category": 54,
    "location": [
        -122.85778,
        39.53833
    ],
    "keywords": [
        53,
        45,
        64,
        57,
        34,
        1,
        69,
        41,
        67,
        68,
        53
    ]
}