{
    "id": 87096,
    "category": 54,
    "location": [
        -122.85806,
        39.59278
    ],
    "keywords": [
        30,
        60,
        31,
        39,
        28,
        35,
        63,
        18,
        29,
        54
    ]
}