{
    "id": 8710,
    "category": 12,
    "location": [
        -120.34583,
        36.94389
    ],
    "keywords": []
}