{
    "id": 87103,
    "category": 54,
    "location": [
        -122.86083,
        38.58778
    ],
    "keywords": [
        75,
        71,
        53,
        27,
        21,
        17,
        16,
        65,
        75,
        43,
        31,
        18,
        32,
        44
    ]
}