{
    "id": 87116,
    "category": 54,
    "location": [
        -122.86611,
        39.40972
    ],
    "keywords": [
        31,
        39,
        9,
        32,
        14,
        74,
        32,
        35,
        12,
        7,
        17,
        63,
        60
    ]
}