{
    "id": 87129,
    "category": 54,
    "location": [
        -122.87028,
        41.38972
    ],
    "keywords": [
        62,
        69,
        50,
        52,
        26,
        62,
        41,
        69,
        14
    ]
}