{
    "id": 87137,
    "category": 54,
    "location": [
        -122.87694,
        39.02861
    ],
    "keywords": [
        28,
        67,
        60,
        59,
        8
    ]
}