{
    "id": 8714,
    "category": 12,
    "location": [
        -120.35917,
        38.17556
    ],
    "keywords": [
        15,
        75
    ]
}