{
    "id": 87145,
    "category": 54,
    "location": [
        -122.88028,
        39.99194
    ],
    "keywords": [
        18,
        48,
        59,
        48,
        4,
        69,
        44,
        66,
        31,
        70,
        17,
        8,
        69,
        10,
        60
    ]
}