{
    "id": 87146,
    "category": 54,
    "location": [
        -122.88056,
        41.26444
    ],
    "keywords": [
        31,
        59,
        62,
        55,
        57,
        33,
        55,
        9,
        34,
        59,
        1,
        5,
        28,
        25
    ]
}