{
    "id": 87155,
    "category": 54,
    "location": [
        -122.88583,
        38.44833
    ],
    "keywords": [
        51,
        30,
        21,
        18,
        3
    ]
}