{
    "id": 87153,
    "category": 54,
    "location": [
        -122.88444,
        39.35528
    ],
    "keywords": [
        8,
        37,
        3,
        54,
        49,
        40,
        40,
        32,
        49
    ]
}