{
    "id": 87159,
    "category": 54,
    "location": [
        -122.88778,
        39.64278
    ],
    "keywords": [
        27,
        15,
        11
    ]
}