{
    "id": 87172,
    "category": 54,
    "location": [
        -122.89194,
        38.49389
    ],
    "keywords": [
        34,
        70,
        52,
        45,
        25,
        7,
        48,
        46,
        46,
        5,
        65,
        49
    ]
}