{
    "id": 87190,
    "category": 54,
    "location": [
        -122.90194,
        41.75528
    ],
    "keywords": [
        71,
        8,
        21,
        65,
        42,
        17,
        67
    ]
}