{
    "id": 87199,
    "category": 54,
    "location": [
        -122.90722,
        39.66083
    ],
    "keywords": [
        25,
        30,
        51,
        28,
        73,
        26,
        22,
        50,
        29,
        33,
        39,
        61,
        54,
        44,
        42
    ]
}