{
    "id": 87198,
    "category": 54,
    "location": [
        -122.90722,
        38.88306
    ],
    "keywords": [
        33,
        64,
        57,
        9,
        41,
        19,
        16
    ]
}