{
    "id": 87205,
    "category": 54,
    "location": [
        -122.91028,
        38.82833
    ],
    "keywords": [
        24,
        9,
        55,
        25
    ]
}