{
    "id": 87216,
    "category": 54,
    "location": [
        -122.91306,
        39.84333
    ],
    "keywords": [
        29,
        61,
        74,
        47
    ]
}