{
    "id": 87236,
    "category": 54,
    "location": [
        -122.92444,
        38.64944
    ],
    "keywords": [
        66,
        26,
        72,
        42,
        48,
        50,
        26,
        20,
        46,
        0,
        47
    ]
}