{
    "id": 87234,
    "category": 54,
    "location": [
        -122.92222,
        41.12278
    ],
    "keywords": [
        7,
        47,
        2,
        47,
        75,
        51,
        58,
        20,
        46,
        12,
        35
    ]
}