{
    "id": 87251,
    "category": 54,
    "location": [
        -122.93139,
        38.54361
    ],
    "keywords": []
}