{
    "id": 87275,
    "category": 54,
    "location": [
        -122.93917,
        40.72139
    ],
    "keywords": [
        36,
        58,
        28,
        20,
        72,
        72,
        35,
        35,
        47,
        69,
        68
    ]
}