{
    "id": 87277,
    "category": 54,
    "location": [
        -122.93972,
        40.46167
    ],
    "keywords": [
        62,
        72,
        33,
        14,
        41,
        67,
        53,
        49,
        13,
        16,
        5,
        55,
        1
    ]
}