{
    "id": 87289,
    "category": 54,
    "location": [
        -122.94667,
        40.95139
    ],
    "keywords": [
        0,
        20,
        16,
        16,
        33,
        28,
        64,
        1,
        14,
        9,
        40,
        47,
        56,
        25
    ]
}