{
    "id": 87297,
    "category": 54,
    "location": [
        -122.95194,
        38.42167
    ],
    "keywords": [
        39,
        16,
        5,
        54,
        18,
        9,
        44,
        58,
        70,
        61,
        23,
        13
    ]
}