{
    "id": 87337,
    "category": 54,
    "location": [
        -122.97361,
        41.82333
    ],
    "keywords": [
        40,
        73,
        48,
        23,
        12,
        21,
        20,
        29,
        57,
        64,
        52,
        57,
        48
    ]
}