{
    "id": 87384,
    "category": 54,
    "location": [
        -122.99972,
        38.35778
    ],
    "keywords": [
        36,
        49
    ]
}