{
    "id": 87381,
    "category": 54,
    "location": [
        -122.99806,
        39.93472
    ],
    "keywords": [
        19,
        40,
        49,
        30,
        62,
        55,
        65,
        72,
        62,
        28,
        54,
        0,
        18,
        26,
        69
    ]
}