{
    "id": 87419,
    "category": 54,
    "location": [
        -123.01028,
        41.81306
    ],
    "keywords": [
        52,
        68,
        45,
        62,
        45,
        73,
        75,
        74,
        61,
        45,
        2
    ]
}