{
    "id": 87442,
    "category": 54,
    "location": [
        -123.01806,
        39.89694
    ],
    "keywords": []
}