{
    "id": 87457,
    "category": 54,
    "location": [
        -123.02694,
        41.36917
    ],
    "keywords": [
        66,
        13,
        56,
        24,
        28,
        64,
        18,
        39,
        32,
        72,
        62,
        59
    ]
}