{
    "id": 87466,
    "category": 54,
    "location": [
        -123.02944,
        41.07833
    ],
    "keywords": [
        38,
        7,
        63,
        36,
        28,
        31,
        65,
        9,
        5,
        39,
        36
    ]
}