{
    "id": 87485,
    "category": 54,
    "location": [
        -123.03944,
        39.80222
    ],
    "keywords": [
        49,
        39,
        62,
        4,
        15,
        39,
        47,
        12
    ]
}