{
    "id": 875,
    "category": 0,
    "location": [
        -122.14639,
        39.72111
    ],
    "keywords": [
        74,
        11,
        6,
        73,
        29,
        29,
        61,
        14,
        39,
        15,
        39,
        39,
        11,
        24,
        41
    ]
}