{
    "id": 87505,
    "category": 54,
    "location": [
        -123.04528,
        38.92167
    ],
    "keywords": [
        1,
        64,
        26,
        34,
        50,
        68,
        3,
        14,
        19,
        47
    ]
}