{
    "id": 87501,
    "category": 54,
    "location": [
        -123.04472,
        39.57889
    ],
    "keywords": [
        18,
        45,
        4,
        49,
        28
    ]
}