{
    "id": 87511,
    "category": 54,
    "location": [
        -123.04861,
        40.07417
    ],
    "keywords": [
        18,
        42,
        38,
        73,
        11,
        22,
        34,
        51,
        58,
        2,
        58
    ]
}