{
    "id": 87526,
    "category": 54,
    "location": [
        -123.05333,
        41.08639
    ],
    "keywords": [
        61,
        15,
        61,
        34,
        1,
        56,
        63,
        34,
        29,
        69
    ]
}