{
    "id": 8752,
    "category": 12,
    "location": [
        -120.44861,
        37.32583
    ],
    "keywords": [
        31
    ]
}