{
    "id": 87532,
    "category": 54,
    "location": [
        -123.05583,
        38.44861
    ],
    "keywords": []
}