{
    "id": 8754,
    "category": 12,
    "location": [
        -120.44917,
        37.27333
    ],
    "keywords": [
        43,
        65,
        30,
        47,
        74,
        18,
        42,
        0,
        49,
        62,
        52,
        25,
        21
    ]
}