{
    "id": 87548,
    "category": 54,
    "location": [
        -123.06083,
        38.97667
    ],
    "keywords": [
        38,
        22,
        18,
        44,
        2,
        40,
        32,
        62,
        29,
        24
    ]
}