{
    "id": 87556,
    "category": 54,
    "location": [
        -123.06778,
        40.75306
    ],
    "keywords": []
}