{
    "id": 87554,
    "category": 54,
    "location": [
        -123.06667,
        38.54944
    ],
    "keywords": [
        58,
        59,
        15,
        9,
        75,
        61
    ]
}