{
    "id": 87564,
    "category": 54,
    "location": [
        -123.07083,
        41.98917
    ],
    "keywords": [
        31,
        28,
        39,
        49,
        8,
        17
    ]
}