{
    "id": 87563,
    "category": 54,
    "location": [
        -123.07056,
        41.69083
    ],
    "keywords": [
        17,
        34,
        31,
        41,
        2,
        64,
        9
    ]
}