{
    "id": 87585,
    "category": 54,
    "location": [
        -123.08583,
        38.76167
    ],
    "keywords": [
        58,
        54,
        72,
        28,
        9
    ]
}