{
    "id": 87644,
    "category": 54,
    "location": [
        -123.10861,
        41.42972
    ],
    "keywords": [
        17,
        47,
        68,
        40,
        39
    ]
}