{
    "id": 87697,
    "category": 54,
    "location": [
        -123.13611,
        40.07278
    ],
    "keywords": [
        52,
        71,
        56,
        48,
        6,
        37,
        73,
        35,
        73,
        69,
        20,
        66
    ]
}