{
    "id": 87692,
    "category": 54,
    "location": [
        -123.13278,
        40.06306
    ],
    "keywords": [
        14,
        64,
        42,
        17,
        52,
        45,
        12,
        53,
        30,
        24,
        37,
        28,
        56
    ]
}