{
    "id": 87700,
    "category": 54,
    "location": [
        -123.13778,
        40.76333
    ],
    "keywords": [
        56,
        65,
        2,
        38,
        1,
        75,
        41
    ]
}