{
    "id": 87713,
    "category": 54,
    "location": [
        -123.14361,
        39.42472
    ],
    "keywords": [
        25
    ]
}