{
    "id": 87727,
    "category": 54,
    "location": [
        -123.15556,
        39.13139
    ],
    "keywords": [
        48,
        30,
        2,
        5
    ]
}