{
    "id": 8772,
    "category": 12,
    "location": [
        -120.48444,
        37.28111
    ],
    "keywords": [
        11,
        55,
        17,
        53,
        60,
        47
    ]
}