{
    "id": 87757,
    "category": 54,
    "location": [
        -123.17056,
        41.65083
    ],
    "keywords": [
        18,
        23,
        6,
        10,
        34,
        75,
        65,
        72,
        45,
        11,
        35,
        51,
        62,
        64
    ]
}