{
    "id": 87770,
    "category": 54,
    "location": [
        -123.17889,
        38.65556
    ],
    "keywords": [
        60,
        16,
        0,
        71,
        56,
        62,
        71,
        17,
        4,
        27
    ]
}