{
    "id": 87796,
    "category": 54,
    "location": [
        -123.18972,
        39.75389
    ],
    "keywords": [
        58,
        12,
        62,
        62,
        62
    ]
}