{
    "id": 87798,
    "category": 54,
    "location": [
        -123.19111,
        38.63472
    ],
    "keywords": [
        36,
        17,
        0,
        44,
        54,
        41,
        13,
        71,
        69,
        4,
        4
    ]
}