{
    "id": 8781,
    "category": 12,
    "location": [
        -120.50556,
        37.40556
    ],
    "keywords": [
        54,
        20,
        31
    ]
}