{
    "id": 87819,
    "category": 54,
    "location": [
        -123.20306,
        39.25333
    ],
    "keywords": [
        60,
        73,
        66,
        45
    ]
}