{
    "id": 87849,
    "category": 54,
    "location": [
        -123.22083,
        39.32722
    ],
    "keywords": [
        69,
        10,
        37
    ]
}