{
    "id": 87857,
    "category": 54,
    "location": [
        -123.22361,
        41.20444
    ],
    "keywords": [
        75,
        51,
        21,
        69,
        74,
        37,
        5,
        0,
        36,
        62,
        29,
        61,
        49,
        14
    ]
}