{
    "id": 87851,
    "category": 54,
    "location": [
        -123.22111,
        39.33528
    ],
    "keywords": [
        36,
        14,
        71,
        70,
        12,
        9,
        43,
        3,
        74,
        40,
        30,
        25,
        43
    ]
}