{
    "id": 87859,
    "category": 54,
    "location": [
        -123.22556,
        40.16528
    ],
    "keywords": []
}