{
    "id": 87865,
    "category": 54,
    "location": [
        -123.22778,
        38.98472
    ],
    "keywords": [
        55,
        42,
        8,
        14,
        52,
        48,
        59,
        22,
        18,
        18,
        51
    ]
}