{
    "id": 87866,
    "category": 54,
    "location": [
        -123.23083,
        41.21111
    ],
    "keywords": [
        21,
        1,
        15,
        35,
        38,
        71
    ]
}