{
    "id": 87883,
    "category": 54,
    "location": [
        -123.24167,
        41.48889
    ],
    "keywords": [
        56,
        54,
        38,
        11,
        18,
        7,
        75,
        1,
        0,
        12
    ]
}