{
    "id": 87897,
    "category": 54,
    "location": [
        -123.24944,
        41.28667
    ],
    "keywords": [
        3,
        54,
        61,
        64,
        14,
        24,
        71,
        24,
        39,
        24,
        15,
        22,
        33,
        0
    ]
}