{
    "id": 87915,
    "category": 54,
    "location": [
        -123.26167,
        41.64444
    ],
    "keywords": [
        32,
        17,
        66,
        30,
        55,
        19,
        22,
        64,
        15
    ]
}