{
    "id": 8791,
    "category": 12,
    "location": [
        -120.53083,
        36.84667
    ],
    "keywords": [
        6,
        26,
        11,
        57,
        18,
        37,
        12,
        55,
        41,
        21,
        72,
        27,
        44
    ]
}