{
    "id": 87937,
    "category": 54,
    "location": [
        -123.27056,
        40.19167
    ],
    "keywords": [
        19,
        75,
        64,
        34,
        29,
        43,
        14,
        29
    ]
}