{
    "id": 87941,
    "category": 54,
    "location": [
        -123.27222,
        38.53278
    ],
    "keywords": [
        53,
        16,
        10,
        31,
        13,
        75
    ]
}