{
    "id": 87999,
    "category": 54,
    "location": [
        -123.29889,
        41.82139
    ],
    "keywords": [
        11,
        1,
        59,
        28,
        30,
        13,
        61,
        6,
        65,
        61
    ]
}