{
    "id": 87998,
    "category": 54,
    "location": [
        -123.29889,
        41.60722
    ],
    "keywords": [
        7
    ]
}