{
    "id": 880,
    "category": 0,
    "location": [
        -122.18889,
        39.28833
    ],
    "keywords": [
        59,
        27,
        63,
        75,
        56,
        21,
        21,
        8,
        64,
        28,
        30,
        27,
        48
    ]
}