{
    "id": 88026,
    "category": 54,
    "location": [
        -123.30806,
        41.45139
    ],
    "keywords": [
        3,
        25,
        21,
        48,
        34,
        1,
        46,
        2,
        34
    ]
}