{
    "id": 88033,
    "category": 54,
    "location": [
        -123.31167,
        40.36972
    ],
    "keywords": [
        5,
        10,
        45,
        50,
        34,
        70,
        17,
        16,
        15,
        10,
        9,
        25,
        48,
        68
    ]
}