{
    "id": 88030,
    "category": 54,
    "location": [
        -123.30889,
        41.85278
    ],
    "keywords": [
        10,
        59,
        42,
        39,
        28,
        16,
        17
    ]
}