{
    "id": 88040,
    "category": 54,
    "location": [
        -123.31278,
        38.90694
    ],
    "keywords": [
        74,
        51,
        17,
        31,
        27,
        71,
        47,
        9,
        20,
        9,
        2,
        21,
        17,
        67
    ]
}