{
    "id": 88050,
    "category": 54,
    "location": [
        -123.31639,
        40.25694
    ],
    "keywords": [
        68,
        72,
        68,
        42,
        17,
        57,
        67,
        61,
        12,
        53,
        70,
        57,
        18,
        16
    ]
}