{
    "id": 88064,
    "category": 54,
    "location": [
        -123.32056,
        41.08472
    ],
    "keywords": []
}