{
    "id": 88075,
    "category": 54,
    "location": [
        -123.32222,
        41.25694
    ],
    "keywords": [
        24,
        38,
        12,
        69,
        67,
        19,
        34
    ]
}