{
    "id": 88095,
    "category": 54,
    "location": [
        -123.33167,
        39.07611
    ],
    "keywords": [
        74
    ]
}