{
    "id": 88103,
    "category": 54,
    "location": [
        -123.33444,
        38.58111
    ],
    "keywords": [
        25,
        8,
        12,
        20,
        63,
        37,
        50,
        58,
        21,
        16,
        18,
        56,
        10,
        3,
        28
    ]
}