{
    "id": 8813,
    "category": 12,
    "location": [
        -120.55917,
        37.21917
    ],
    "keywords": [
        22,
        54,
        34,
        17,
        41,
        3,
        62
    ]
}