{
    "id": 88131,
    "category": 54,
    "location": [
        -123.34417,
        39.62694
    ],
    "keywords": [
        45,
        65,
        49,
        63,
        53,
        67,
        41,
        33,
        26,
        58,
        60,
        37
    ]
}