{
    "id": 88132,
    "category": 54,
    "location": [
        -123.34472,
        38.80611
    ],
    "keywords": [
        57,
        51,
        59
    ]
}