{
    "id": 88171,
    "category": 54,
    "location": [
        -123.35722,
        40.31167
    ],
    "keywords": [
        28,
        58,
        49,
        53,
        63,
        61,
        31,
        24,
        58,
        64,
        4,
        64
    ]
}