{
    "id": 8818,
    "category": 12,
    "location": [
        -120.56333,
        37.45639
    ],
    "keywords": [
        34,
        18
    ]
}