{
    "id": 88190,
    "category": 54,
    "location": [
        -123.36556,
        40.07444
    ],
    "keywords": [
        7,
        25,
        25,
        17,
        19,
        55,
        16,
        38,
        54
    ]
}