{
    "id": 88206,
    "category": 54,
    "location": [
        -123.37056,
        39.41667
    ],
    "keywords": [
        48,
        5,
        49,
        34,
        4,
        70,
        54,
        10,
        51,
        48
    ]
}