{
    "id": 88249,
    "category": 54,
    "location": [
        -123.38611,
        40.21361
    ],
    "keywords": [
        72,
        58,
        65,
        46,
        63,
        27,
        35,
        70,
        37
    ]
}