{
    "id": 88250,
    "category": 54,
    "location": [
        -123.38611,
        40.21361
    ],
    "keywords": [
        41,
        70,
        75,
        62,
        27,
        72,
        30,
        26,
        0,
        59,
        55
    ]
}