{
    "id": 88265,
    "category": 54,
    "location": [
        -123.39278,
        39.44611
    ],
    "keywords": [
        68,
        31,
        18,
        47,
        49,
        74,
        49,
        6,
        4,
        58,
        63,
        56,
        30,
        29,
        52
    ]
}