{
    "id": 88285,
    "category": 54,
    "location": [
        -123.40139,
        39.70944
    ],
    "keywords": [
        19,
        30,
        60,
        47,
        48,
        34
    ]
}