{
    "id": 88287,
    "category": 54,
    "location": [
        -123.40472,
        40.62889
    ],
    "keywords": []
}