{
    "id": 88307,
    "category": 54,
    "location": [
        -123.41472,
        38.96861
    ],
    "keywords": [
        64,
        60,
        23,
        48,
        52,
        16,
        32,
        9,
        43,
        4,
        3,
        70,
        5
    ]
}