{
    "id": 88308,
    "category": 54,
    "location": [
        -123.41472,
        39.15361
    ],
    "keywords": [
        23,
        50,
        50,
        68,
        50,
        67,
        41,
        63,
        33,
        35,
        58,
        36,
        1,
        24
    ]
}