{
    "id": 88325,
    "category": 54,
    "location": [
        -123.42139,
        41.87917
    ],
    "keywords": [
        20,
        12,
        34,
        62,
        64,
        73,
        27,
        11,
        62,
        60
    ]
}