{
    "id": 88322,
    "category": 54,
    "location": [
        -123.42083,
        39.00167
    ],
    "keywords": [
        13,
        26,
        1,
        17,
        72,
        24,
        23,
        55
    ]
}