{
    "id": 88332,
    "category": 54,
    "location": [
        -123.42444,
        40.90639
    ],
    "keywords": [
        47,
        69,
        46,
        14,
        9,
        23,
        33,
        47,
        63,
        53,
        56,
        48,
        19
    ]
}