{
    "id": 88338,
    "category": 54,
    "location": [
        -123.43139,
        39.56167
    ],
    "keywords": [
        35,
        23,
        49
    ]
}