{
    "id": 88349,
    "category": 54,
    "location": [
        -123.43361,
        39.51444
    ],
    "keywords": [
        47,
        73,
        5,
        8,
        34,
        70,
        47,
        42
    ]
}