{
    "id": 88373,
    "category": 54,
    "location": [
        -123.44417,
        41.69278
    ],
    "keywords": [
        46,
        70,
        70,
        71,
        53,
        1,
        32,
        43,
        62,
        32
    ]
}