{
    "id": 88378,
    "category": 54,
    "location": [
        -123.44556,
        41.66667
    ],
    "keywords": [
        57,
        73,
        74,
        24,
        68,
        71
    ]
}