{
    "id": 88408,
    "category": 54,
    "location": [
        -123.46278,
        40.68611
    ],
    "keywords": []
}