{
    "id": 88414,
    "category": 54,
    "location": [
        -123.46583,
        39.15667
    ],
    "keywords": []
}