{
    "id": 88438,
    "category": 54,
    "location": [
        -123.47889,
        40.84611
    ],
    "keywords": [
        67,
        37,
        59,
        53,
        26
    ]
}