{
    "id": 88442,
    "category": 54,
    "location": [
        -123.48167,
        39.99861
    ],
    "keywords": [
        42,
        29,
        38,
        44,
        13,
        62,
        37,
        14,
        14
    ]
}