{
    "id": 88441,
    "category": 54,
    "location": [
        -123.48111,
        39.04306
    ],
    "keywords": [
        23,
        30
    ]
}