{
    "id": 88452,
    "category": 54,
    "location": [
        -123.48611,
        40.43361
    ],
    "keywords": [
        56,
        48,
        37,
        47
    ]
}