{
    "id": 88458,
    "category": 54,
    "location": [
        -123.49056,
        41.87333
    ],
    "keywords": [
        16,
        39,
        62
    ]
}