{
    "id": 88456,
    "category": 54,
    "location": [
        -123.48861,
        41.96528
    ],
    "keywords": [
        15,
        70,
        53,
        67,
        56
    ]
}