{
    "id": 88467,
    "category": 54,
    "location": [
        -123.49306,
        39.43139
    ],
    "keywords": []
}