{
    "id": 88483,
    "category": 54,
    "location": [
        -123.49889,
        39.10028
    ],
    "keywords": [
        61,
        10,
        62,
        60,
        3,
        29,
        18
    ]
}