{
    "id": 88497,
    "category": 54,
    "location": [
        -123.50194,
        41.40139
    ],
    "keywords": [
        75,
        64,
        46,
        67
    ]
}