{
    "id": 88503,
    "category": 54,
    "location": [
        -123.50278,
        41.34389
    ],
    "keywords": [
        16,
        55,
        25
    ]
}