{
    "id": 88514,
    "category": 54,
    "location": [
        -123.50583,
        39.25806
    ],
    "keywords": [
        20,
        63,
        37,
        12,
        52,
        54
    ]
}