{
    "id": 88534,
    "category": 54,
    "location": [
        -123.51361,
        40.93361
    ],
    "keywords": [
        35,
        38,
        49,
        42,
        56,
        11,
        16
    ]
}