{
    "id": 88546,
    "category": 54,
    "location": [
        -123.51806,
        40.39444
    ],
    "keywords": [
        70,
        46,
        46,
        15,
        22
    ]
}