{
    "id": 88568,
    "category": 54,
    "location": [
        -123.53028,
        40.87417
    ],
    "keywords": [
        48,
        24,
        47,
        58,
        48,
        4,
        30
    ]
}