{
    "id": 88567,
    "category": 54,
    "location": [
        -123.52972,
        41.54333
    ],
    "keywords": [
        28,
        43,
        55,
        5,
        4
    ]
}