{
    "id": 88575,
    "category": 54,
    "location": [
        -123.53306,
        41.73028
    ],
    "keywords": [
        7,
        43,
        33,
        24,
        38,
        56,
        42,
        8
    ]
}