{
    "id": 88588,
    "category": 54,
    "location": [
        -123.54222,
        39.18139
    ],
    "keywords": [
        0,
        70,
        17,
        39,
        38,
        24,
        3,
        31,
        58,
        41,
        43,
        3,
        5,
        30,
        66
    ]
}