{
    "id": 88593,
    "category": 54,
    "location": [
        -123.54444,
        39.47111
    ],
    "keywords": [
        31,
        70,
        3,
        22,
        1
    ]
}