{
    "id": 8862,
    "category": 12,
    "location": [
        -120.61056,
        37.24861
    ],
    "keywords": [
        55,
        59,
        65,
        72,
        46,
        26,
        51,
        71
    ]
}