{
    "id": 88630,
    "category": 54,
    "location": [
        -123.56194,
        41.73194
    ],
    "keywords": [
        12
    ]
}