{
    "id": 88653,
    "category": 54,
    "location": [
        -123.57194,
        38.96778
    ],
    "keywords": []
}