{
    "id": 88658,
    "category": 54,
    "location": [
        -123.57639,
        39.99111
    ],
    "keywords": [
        28,
        60,
        44,
        32,
        47,
        74,
        2,
        53,
        68,
        3,
        69
    ]
}