{
    "id": 88681,
    "category": 54,
    "location": [
        -123.59028,
        39.99278
    ],
    "keywords": []
}