{
    "id": 88695,
    "category": 54,
    "location": [
        -123.59972,
        41.74139
    ],
    "keywords": [
        23
    ]
}