{
    "id": 88701,
    "category": 54,
    "location": [
        -123.60167,
        40.22139
    ],
    "keywords": [
        33,
        17
    ]
}