{
    "id": 88709,
    "category": 54,
    "location": [
        -123.60389,
        41.25889
    ],
    "keywords": [
        48,
        28,
        8,
        68,
        8,
        32,
        26,
        65,
        57,
        21,
        41,
        47,
        24
    ]
}