{
    "id": 88725,
    "category": 54,
    "location": [
        -123.61167,
        40.91833
    ],
    "keywords": [
        3,
        74,
        73,
        31,
        35
    ]
}