{
    "id": 88727,
    "category": 54,
    "location": [
        -123.61222,
        40.91056
    ],
    "keywords": [
        23,
        60,
        69,
        9,
        14,
        21,
        0,
        30,
        7,
        23,
        33,
        45,
        13,
        58,
        41
    ]
}