{
    "id": 88730,
    "category": 54,
    "location": [
        -123.61333,
        41.11583
    ],
    "keywords": [
        0,
        41,
        59,
        36,
        33
    ]
}