{
    "id": 8874,
    "category": 12,
    "location": [
        -120.61944,
        37.09056
    ],
    "keywords": [
        41,
        69,
        39
    ]
}