{
    "id": 88746,
    "category": 54,
    "location": [
        -123.61917,
        41.00056
    ],
    "keywords": [
        71
    ]
}