{
    "id": 88756,
    "category": 54,
    "location": [
        -123.62389,
        40.41861
    ],
    "keywords": [
        38,
        10,
        18,
        34
    ]
}