{
    "id": 8875,
    "category": 12,
    "location": [
        -120.62194,
        37.04583
    ],
    "keywords": [
        22,
        18,
        7,
        65,
        61,
        65,
        59,
        13,
        42,
        59
    ]
}