{
    "id": 8876,
    "category": 12,
    "location": [
        -120.62278,
        37.32806
    ],
    "keywords": [
        10,
        46
    ]
}