{
    "id": 88782,
    "category": 54,
    "location": [
        -123.63694,
        39.54806
    ],
    "keywords": [
        2,
        25,
        59,
        22,
        71,
        62
    ]
}