{
    "id": 88780,
    "category": 54,
    "location": [
        -123.63417,
        41.75556
    ],
    "keywords": [
        2,
        47
    ]
}