{
    "id": 88794,
    "category": 54,
    "location": [
        -123.64222,
        41.25028
    ],
    "keywords": [
        48,
        49,
        15,
        71,
        53,
        4,
        71,
        2,
        6,
        72,
        8,
        36,
        70,
        2,
        56
    ]
}