{
    "id": 88831,
    "category": 54,
    "location": [
        -123.65944,
        39.36944
    ],
    "keywords": [
        75,
        15,
        12,
        5,
        6,
        4,
        23,
        73,
        67,
        37
    ]
}