{
    "id": 88838,
    "category": 54,
    "location": [
        -123.66167,
        40.68472
    ],
    "keywords": [
        35,
        53,
        23,
        35
    ]
}