{
    "id": 88853,
    "category": 54,
    "location": [
        -123.67083,
        39.29361
    ],
    "keywords": [
        16,
        15,
        13,
        0,
        15,
        38,
        47,
        7,
        66,
        11
    ]
}