{
    "id": 88862,
    "category": 54,
    "location": [
        -123.67444,
        41.05417
    ],
    "keywords": [
        69,
        64,
        29,
        34,
        28,
        15,
        4,
        28,
        35,
        14,
        11,
        14,
        23
    ]
}