{
    "id": 88866,
    "category": 54,
    "location": [
        -123.67833,
        41.27528
    ],
    "keywords": []
}