{
    "id": 88877,
    "category": 54,
    "location": [
        -123.68722,
        39.63194
    ],
    "keywords": [
        58,
        36,
        10,
        18,
        31,
        72,
        53,
        20,
        71,
        20,
        27,
        48,
        69,
        70
    ]
}