{
    "id": 88887,
    "category": 54,
    "location": [
        -123.69111,
        41.07083
    ],
    "keywords": [
        75,
        28,
        67,
        12,
        60
    ]
}