{
    "id": 88897,
    "category": 54,
    "location": [
        -123.69556,
        39.00472
    ],
    "keywords": [
        73,
        26,
        53,
        54,
        34,
        4
    ]
}