{
    "id": 88917,
    "category": 54,
    "location": [
        -123.70639,
        39.10222
    ],
    "keywords": [
        68,
        51,
        23,
        63,
        8,
        67,
        6,
        18,
        29,
        63,
        68,
        66
    ]
}