{
    "id": 88916,
    "category": 54,
    "location": [
        -123.70556,
        39.73778
    ],
    "keywords": [
        53,
        50,
        32,
        58,
        50,
        21,
        25,
        29,
        3,
        69,
        56,
        60,
        35
    ]
}