{
    "id": 88919,
    "category": 54,
    "location": [
        -123.70722,
        39.83889
    ],
    "keywords": [
        39,
        51,
        66
    ]
}