{
    "id": 8892,
    "category": 12,
    "location": [
        -120.63778,
        37.41722
    ],
    "keywords": [
        6,
        35,
        10,
        15,
        53,
        43,
        18,
        28,
        0,
        23,
        37,
        53
    ]
}