{
    "id": 88924,
    "category": 54,
    "location": [
        -123.70917,
        41.10083
    ],
    "keywords": [
        18,
        73
    ]
}