{
    "id": 88939,
    "category": 54,
    "location": [
        -123.71528,
        40.63806
    ],
    "keywords": [
        50,
        23,
        13,
        48,
        12
    ]
}