{
    "id": 88935,
    "category": 54,
    "location": [
        -123.71361,
        41.39417
    ],
    "keywords": [
        72,
        56,
        57,
        5,
        0,
        74,
        5,
        10,
        38,
        35,
        72,
        71,
        67
    ]
}