{
    "id": 88933,
    "category": 54,
    "location": [
        -123.71222,
        41.39778
    ],
    "keywords": [
        74,
        52,
        4,
        14,
        27,
        0,
        23,
        30,
        71,
        39,
        55,
        42,
        33,
        75,
        9
    ]
}