{
    "id": 88956,
    "category": 54,
    "location": [
        -123.72222,
        40.74222
    ],
    "keywords": [
        15,
        28,
        23,
        18,
        44,
        6,
        35,
        37,
        22,
        71,
        4
    ]
}