{
    "id": 88964,
    "category": 54,
    "location": [
        -123.72528,
        40.47361
    ],
    "keywords": [
        43,
        63,
        0,
        22
    ]
}