{
    "id": 88968,
    "category": 54,
    "location": [
        -123.72667,
        39.42417
    ],
    "keywords": [
        64,
        12,
        6,
        62,
        74,
        9,
        63,
        72,
        2,
        25
    ]
}