{
    "id": 88965,
    "category": 54,
    "location": [
        -123.72611,
        39.46778
    ],
    "keywords": [
        32
    ]
}