{
    "id": 8897,
    "category": 12,
    "location": [
        -120.65222,
        37.01278
    ],
    "keywords": [
        18,
        29,
        57,
        61,
        22,
        27,
        45,
        17,
        42
    ]
}