{
    "id": 88980,
    "category": 54,
    "location": [
        -123.73472,
        40.05917
    ],
    "keywords": [
        50,
        73,
        35,
        65,
        64,
        41,
        35,
        18,
        46,
        62,
        61,
        12,
        56,
        28,
        50
    ]
}