{
    "id": 89017,
    "category": 54,
    "location": [
        -123.75611,
        41.85889
    ],
    "keywords": [
        38,
        48,
        51,
        46,
        34,
        54,
        21,
        21,
        50,
        1,
        6,
        34,
        35,
        12
    ]
}