{
    "id": 89032,
    "category": 54,
    "location": [
        -123.76361,
        39.81667
    ],
    "keywords": [
        64,
        63,
        28
    ]
}