{
    "id": 8907,
    "category": 12,
    "location": [
        -120.66306,
        37.37778
    ],
    "keywords": [
        49,
        35,
        6,
        44,
        61,
        19,
        16,
        35,
        50,
        54,
        47,
        21,
        12
    ]
}