{
    "id": 89073,
    "category": 54,
    "location": [
        -123.78028,
        39.99861
    ],
    "keywords": [
        66,
        18,
        38,
        72,
        9,
        63,
        35,
        15,
        53,
        17
    ]
}