{
    "id": 89089,
    "category": 54,
    "location": [
        -123.78528,
        41.26778
    ],
    "keywords": [
        63,
        51,
        31,
        48,
        71,
        52,
        74,
        4,
        7,
        6
    ]
}