{
    "id": 89099,
    "category": 54,
    "location": [
        -123.79028,
        40.02222
    ],
    "keywords": [
        48,
        59,
        25,
        37,
        66,
        71,
        29,
        8,
        43,
        25,
        32,
        51,
        51
    ]
}