{
    "id": 89097,
    "category": 54,
    "location": [
        -123.78972,
        40.06778
    ],
    "keywords": [
        52,
        3,
        32,
        8,
        25,
        61,
        24
    ]
}