{
    "id": 89113,
    "category": 54,
    "location": [
        -123.79667,
        39.70222
    ],
    "keywords": [
        5,
        45
    ]
}