{
    "id": 89141,
    "category": 54,
    "location": [
        -123.81444,
        39.40889
    ],
    "keywords": [
        19
    ]
}