{
    "id": 89146,
    "category": 54,
    "location": [
        -123.81694,
        39.36194
    ],
    "keywords": [
        32,
        47,
        32,
        9,
        22,
        44,
        40,
        34,
        75,
        44,
        9
    ]
}