{
    "id": 89155,
    "category": 54,
    "location": [
        -123.82111,
        40.13028
    ],
    "keywords": [
        45,
        63,
        10,
        54,
        14,
        39,
        20,
        60
    ]
}