{
    "id": 89164,
    "category": 54,
    "location": [
        -123.82389,
        41.37083
    ],
    "keywords": [
        35,
        60,
        4,
        32,
        14
    ]
}