{
    "id": 89172,
    "category": 54,
    "location": [
        -123.83028,
        41.65361
    ],
    "keywords": [
        0,
        5,
        15,
        58,
        3,
        40
    ]
}