{
    "id": 89210,
    "category": 54,
    "location": [
        -123.85528,
        41.91528
    ],
    "keywords": [
        8,
        21,
        42,
        69,
        11,
        59,
        68,
        63,
        9,
        3,
        22,
        67,
        11
    ]
}