{
    "id": 89234,
    "category": 54,
    "location": [
        -123.86833,
        41.34306
    ],
    "keywords": [
        15,
        40,
        32,
        0,
        40,
        66,
        7,
        67,
        68,
        28,
        46,
        4,
        17
    ]
}