{
    "id": 89243,
    "category": 54,
    "location": [
        -123.87417,
        41.68333
    ],
    "keywords": [
        17,
        44,
        42,
        7,
        54
    ]
}