{
    "id": 89244,
    "category": 54,
    "location": [
        -123.87444,
        39.96167
    ],
    "keywords": [
        5,
        44,
        70,
        49,
        6
    ]
}