{
    "id": 89257,
    "category": 54,
    "location": [
        -123.88722,
        40.76444
    ],
    "keywords": [
        45,
        29,
        13,
        7,
        72,
        63
    ]
}