{
    "id": 89289,
    "category": 54,
    "location": [
        -123.90639,
        40.33972
    ],
    "keywords": [
        67,
        34,
        33,
        46
    ]
}