{
    "id": 89298,
    "category": 54,
    "location": [
        -123.91278,
        41.68444
    ],
    "keywords": [
        11,
        49,
        51,
        8,
        61,
        17,
        27,
        69,
        73,
        32,
        38,
        70
    ]
}