{
    "id": 89297,
    "category": 54,
    "location": [
        -123.91278,
        40.30944
    ],
    "keywords": [
        73,
        17,
        2,
        41,
        45,
        52,
        39,
        11,
        59,
        36,
        15,
        6
    ]
}