{
    "id": 89301,
    "category": 54,
    "location": [
        -123.91417,
        39.88083
    ],
    "keywords": [
        70,
        8,
        30,
        45,
        17,
        53,
        21
    ]
}