{
    "id": 8930,
    "category": 12,
    "location": [
        -120.68556,
        37.65278
    ],
    "keywords": [
        2,
        31,
        48,
        75,
        75,
        49,
        9,
        75,
        30,
        64,
        0
    ]
}