{
    "id": 89310,
    "category": 54,
    "location": [
        -123.92139,
        41.84583
    ],
    "keywords": [
        20,
        36,
        42
    ]
}