{
    "id": 89325,
    "category": 54,
    "location": [
        -123.92944,
        41.12639
    ],
    "keywords": [
        2,
        67,
        22,
        72,
        63,
        27,
        41,
        0,
        41
    ]
}