{
    "id": 8933,
    "category": 12,
    "location": [
        -120.68972,
        37.09472
    ],
    "keywords": [
        1,
        53,
        41,
        2,
        68,
        51,
        20,
        35,
        6
    ]
}