{
    "id": 89352,
    "category": 54,
    "location": [
        -123.94833,
        41.72389
    ],
    "keywords": [
        6,
        50
    ]
}