{
    "id": 89350,
    "category": 54,
    "location": [
        -123.94694,
        40.96194
    ],
    "keywords": [
        57,
        19,
        2,
        42,
        22,
        2,
        9,
        50,
        39,
        48,
        42,
        66,
        23
    ]
}