{
    "id": 89367,
    "category": 54,
    "location": [
        -123.96167,
        41.50556
    ],
    "keywords": [
        31,
        72,
        43,
        64,
        62,
        60,
        8,
        55,
        36
    ]
}