{
    "id": 89362,
    "category": 54,
    "location": [
        -123.95639,
        41.96389
    ],
    "keywords": [
        13,
        2,
        9,
        41,
        46,
        60,
        72,
        61,
        1,
        16,
        70,
        67,
        21
    ]
}