{
    "id": 89387,
    "category": 54,
    "location": [
        -123.97722,
        40.42278
    ],
    "keywords": [
        5,
        0,
        62,
        60,
        68
    ]
}