{
    "id": 89391,
    "category": 54,
    "location": [
        -123.98083,
        40.43139
    ],
    "keywords": [
        62,
        62,
        48,
        34,
        39
    ]
}