{
    "id": 89402,
    "category": 54,
    "location": [
        -123.98972,
        40.61861
    ],
    "keywords": [
        63,
        60
    ]
}