{
    "id": 89412,
    "category": 54,
    "location": [
        -123.99556,
        40.13556
    ],
    "keywords": [
        18,
        59,
        36,
        16,
        51,
        34,
        1,
        23,
        52,
        73,
        74,
        61,
        58
    ]
}