{
    "id": 89410,
    "category": 54,
    "location": [
        -123.99389,
        40.06444
    ],
    "keywords": [
        61,
        9,
        42,
        55,
        56,
        42,
        19,
        30,
        16,
        31
    ]
}