{
    "id": 89413,
    "category": 54,
    "location": [
        -123.99556,
        41.50583
    ],
    "keywords": [
        13,
        23,
        8,
        10,
        55,
        17
    ]
}