{
    "id": 8942,
    "category": 12,
    "location": [
        -120.69528,
        37.31694
    ],
    "keywords": [
        63,
        42,
        40,
        15,
        65,
        51,
        17,
        2,
        36,
        30,
        36,
        23,
        53
    ]
}