{
    "id": 89436,
    "category": 54,
    "location": [
        -124.01417,
        40.39111
    ],
    "keywords": [
        3,
        8,
        18,
        6,
        17
    ]
}