{
    "id": 89446,
    "category": 54,
    "location": [
        -124.02222,
        40.68833
    ],
    "keywords": [
        32,
        0,
        34,
        29,
        55
    ]
}