{
    "id": 89449,
    "category": 54,
    "location": [
        -124.02389,
        40.89889
    ],
    "keywords": [
        63,
        2,
        59,
        20,
        39,
        51
    ]
}