{
    "id": 89475,
    "category": 54,
    "location": [
        -124.03611,
        41.51583
    ],
    "keywords": [
        41,
        57,
        73,
        36,
        29,
        25,
        11
    ]
}