{
    "id": 89486,
    "category": 54,
    "location": [
        -124.04417,
        41.30611
    ],
    "keywords": [
        63,
        18,
        52,
        29,
        53
    ]
}