{
    "id": 89507,
    "category": 54,
    "location": [
        -124.06139,
        40.12639
    ],
    "keywords": [
        18,
        0,
        39,
        69,
        58,
        45,
        18,
        31,
        63,
        60,
        57
    ]
}