{
    "id": 8951,
    "category": 12,
    "location": [
        -120.70667,
        37.36222
    ],
    "keywords": []
}