{
    "id": 89535,
    "category": 54,
    "location": [
        -124.07972,
        40.04611
    ],
    "keywords": [
        37,
        21,
        36,
        30,
        69,
        48,
        56,
        26,
        16,
        48,
        50,
        30,
        72,
        27
    ]
}