{
    "id": 89533,
    "category": 54,
    "location": [
        -124.07917,
        40.69556
    ],
    "keywords": [
        4,
        74,
        24,
        54,
        53,
        23,
        46,
        25,
        52,
        72,
        58,
        42,
        45,
        29
    ]
}