{
    "id": 89548,
    "category": 54,
    "location": [
        -124.08694,
        40.50083
    ],
    "keywords": [
        60,
        69,
        60,
        46,
        59,
        53,
        57,
        37
    ]
}