{
    "id": 89579,
    "category": 54,
    "location": [
        -124.11028,
        40.29083
    ],
    "keywords": [
        45,
        20,
        66,
        26,
        32,
        46,
        29
    ]
}