{
    "id": 89598,
    "category": 54,
    "location": [
        -124.12222,
        40.68167
    ],
    "keywords": [
        69,
        11,
        40,
        5
    ]
}