{
    "id": 89590,
    "category": 54,
    "location": [
        -124.11611,
        40.99472
    ],
    "keywords": [
        54,
        0,
        2,
        15,
        55,
        30,
        66,
        19
    ]
}