{
    "id": 89597,
    "category": 54,
    "location": [
        -124.12083,
        40.59861
    ],
    "keywords": [
        3,
        7,
        64,
        9,
        30,
        43,
        68,
        65,
        35,
        65,
        7
    ]
}