{
    "id": 89594,
    "category": 54,
    "location": [
        -124.11917,
        41.85944
    ],
    "keywords": []
}