{
    "id": 89593,
    "category": 54,
    "location": [
        -124.11861,
        41.04167
    ],
    "keywords": [
        57,
        23,
        31,
        17,
        73,
        57,
        38,
        70,
        41,
        46,
        13
    ]
}