{
    "id": 89604,
    "category": 54,
    "location": [
        -124.13167,
        41.87889
    ],
    "keywords": [
        28,
        34,
        14,
        56,
        69,
        3,
        65
    ]
}