{
    "id": 8961,
    "category": 12,
    "location": [
        -120.72167,
        37.62917
    ],
    "keywords": [
        8,
        38,
        58,
        10,
        14,
        68,
        14,
        51,
        54,
        58,
        6
    ]
}