{
    "id": 89636,
    "category": 54,
    "location": [
        -124.16111,
        40.54722
    ],
    "keywords": [
        29,
        17,
        22,
        14,
        20,
        38,
        52,
        50,
        62,
        29,
        36,
        11,
        49
    ]
}