{
    "id": 89639,
    "category": 54,
    "location": [
        -124.16528,
        41.91167
    ],
    "keywords": [
        73,
        24,
        49,
        3,
        43,
        55,
        30,
        28,
        13,
        72,
        18,
        23,
        1,
        50
    ]
}