{
    "id": 89630,
    "category": 54,
    "location": [
        -124.15944,
        41.13306
    ],
    "keywords": [
        14,
        10,
        68,
        73,
        73,
        7,
        57,
        5,
        43,
        40,
        65,
        69,
        0
    ]
}