{
    "id": 89635,
    "category": 54,
    "location": [
        -124.16083,
        40.52917
    ],
    "keywords": [
        65,
        33,
        33,
        7,
        61,
        0,
        46,
        72,
        34,
        13,
        73,
        16
    ]
}