{
    "id": 89659,
    "category": 54,
    "location": [
        -124.19167,
        40.65889
    ],
    "keywords": [
        10,
        39,
        20,
        22,
        4,
        64,
        18,
        46,
        68,
        42,
        50,
        61,
        17
    ]
}