{
    "id": 89675,
    "category": 54,
    "location": [
        -124.22972,
        40.17194
    ],
    "keywords": [
        39,
        25,
        23
    ]
}