{
    "id": 89687,
    "category": 54,
    "location": [
        -124.26222,
        40.59444
    ],
    "keywords": []
}