{
    "id": 89705,
    "category": 54,
    "location": [
        -124.35639,
        40.25639
    ],
    "keywords": [
        27,
        13,
        7,
        64,
        75,
        2,
        29,
        6
    ]
}