{
    "id": 89732,
    "category": 55,
    "location": [
        -114.71028,
        33.68167
    ],
    "keywords": [
        45,
        28,
        10,
        74,
        35,
        36,
        30,
        52,
        27,
        66,
        36
    ]
}