{
    "id": 89758,
    "category": 55,
    "location": [
        -115.05083,
        35.04722
    ],
    "keywords": [
        66,
        13,
        71,
        50,
        18,
        15,
        37
    ]
}