{
    "id": 89760,
    "category": 55,
    "location": [
        -115.07833,
        35.34306
    ],
    "keywords": [
        30,
        58,
        9,
        54,
        75,
        51,
        47,
        17,
        54,
        30,
        63,
        0,
        60
    ]
}