{
    "id": 89778,
    "category": 55,
    "location": [
        -115.34333,
        33.56167
    ],
    "keywords": [
        52,
        6,
        23,
        4,
        22,
        6,
        32
    ]
}