{
    "id": 89789,
    "category": 55,
    "location": [
        -115.47528,
        35.43444
    ],
    "keywords": [
        46,
        48,
        70,
        49,
        15,
        44,
        16
    ]
}