{
    "id": 89791,
    "category": 55,
    "location": [
        -115.52861,
        35.31528
    ],
    "keywords": [
        36
    ]
}