{
    "id": 8981,
    "category": 12,
    "location": [
        -120.75278,
        37.14667
    ],
    "keywords": [
        41,
        58,
        17,
        52
    ]
}