{
    "id": 8982,
    "category": 12,
    "location": [
        -120.75333,
        39.25583
    ],
    "keywords": [
        30,
        41,
        21,
        54,
        21,
        66,
        32,
        67
    ]
}