{
    "id": 89852,
    "category": 55,
    "location": [
        -116.07806,
        34.89528
    ],
    "keywords": [
        8,
        1,
        37,
        26,
        16,
        25,
        15,
        35,
        33,
        2,
        42,
        43
    ]
}