{
    "id": 89865,
    "category": 55,
    "location": [
        -116.13472,
        32.65583
    ],
    "keywords": [
        22,
        37,
        35,
        48,
        35,
        72
    ]
}