{
    "id": 89862,
    "category": 55,
    "location": [
        -116.11889,
        33.00472
    ],
    "keywords": [
        69,
        2,
        3,
        71,
        37,
        72,
        52,
        61,
        1,
        18,
        25
    ]
}