{
    "id": 89861,
    "category": 55,
    "location": [
        -116.11583,
        35.14417
    ],
    "keywords": [
        9,
        0,
        69,
        51,
        46,
        15,
        56,
        40,
        43,
        26,
        31,
        64
    ]
}