{
    "id": 89860,
    "category": 55,
    "location": [
        -116.11417,
        33.17722
    ],
    "keywords": [
        33,
        1,
        12,
        59,
        39,
        66,
        32,
        34
    ]
}