{
    "id": 89882,
    "category": 55,
    "location": [
        -116.20111,
        34.15444
    ],
    "keywords": [
        19,
        11,
        12,
        22,
        32,
        9,
        38,
        4,
        52,
        68,
        55,
        67,
        3
    ]
}