{
    "id": 89887,
    "category": 55,
    "location": [
        -116.21806,
        33.38833
    ],
    "keywords": [
        33,
        67,
        12,
        10,
        64,
        3,
        6,
        61,
        55,
        37,
        49,
        71,
        26,
        21
    ]
}