{
    "id": 89889,
    "category": 55,
    "location": [
        -116.22667,
        32.70139
    ],
    "keywords": [
        16,
        65,
        49,
        11,
        29,
        4,
        4,
        61,
        52,
        65
    ]
}