{
    "id": 8988,
    "category": 12,
    "location": [
        -120.75694,
        37.46333
    ],
    "keywords": [
        27,
        41
    ]
}