{
    "id": 89909,
    "category": 55,
    "location": [
        -116.29667,
        33.71667
    ],
    "keywords": [
        46,
        17,
        36
    ]
}