{
    "id": 89914,
    "category": 55,
    "location": [
        -116.32722,
        33.34333
    ],
    "keywords": [
        39,
        4,
        27,
        34,
        64,
        38,
        10,
        41,
        72,
        48,
        48,
        63
    ]
}