{
    "id": 89911,
    "category": 55,
    "location": [
        -116.30639,
        33.83556
    ],
    "keywords": [
        50,
        26,
        6,
        72
    ]
}