{
    "id": 89928,
    "category": 55,
    "location": [
        -116.38444,
        36.11556
    ],
    "keywords": [
        40,
        0,
        29
    ]
}