{
    "id": 89936,
    "category": 55,
    "location": [
        -116.41389,
        32.87583
    ],
    "keywords": [
        22,
        17,
        16,
        1,
        69,
        52,
        41,
        1,
        51,
        27,
        23,
        55,
        14,
        70
    ]
}