{
    "id": 89935,
    "category": 55,
    "location": [
        -116.41194,
        34.64611
    ],
    "keywords": [
        9,
        63,
        8,
        67,
        8,
        54,
        70
    ]
}