{
    "id": 89953,
    "category": 55,
    "location": [
        -116.46306,
        32.82111
    ],
    "keywords": [
        9,
        29,
        2,
        37,
        64,
        19,
        48,
        29,
        9,
        53,
        22
    ]
}