{
    "id": 89967,
    "category": 55,
    "location": [
        -116.49778,
        33.25389
    ],
    "keywords": [
        0,
        69,
        32,
        0,
        69,
        51,
        47,
        2,
        26,
        52,
        53,
        34
    ]
}