{
    "id": 89972,
    "category": 55,
    "location": [
        -116.50417,
        33.09833
    ],
    "keywords": [
        36,
        38,
        37,
        74,
        49,
        1,
        42,
        26,
        24,
        37,
        11,
        59,
        2,
        74,
        54
    ]
}