{
    "id": 90013,
    "category": 55,
    "location": [
        -116.60278,
        33.20472
    ],
    "keywords": [
        15,
        23,
        63,
        0,
        28,
        55,
        56,
        54,
        30,
        71,
        5,
        34
    ]
}