{
    "id": 90028,
    "category": 55,
    "location": [
        -116.62583,
        33.71861
    ],
    "keywords": [
        41,
        55,
        71
    ]
}