{
    "id": 90069,
    "category": 55,
    "location": [
        -116.69056,
        33.07167
    ],
    "keywords": [
        67,
        47,
        43,
        3,
        40,
        32,
        48
    ]
}