{
    "id": 90085,
    "category": 55,
    "location": [
        -116.71694,
        32.64417
    ],
    "keywords": [
        42,
        62,
        37,
        68,
        11,
        23,
        71,
        19,
        73,
        40
    ]
}