{
    "id": 90091,
    "category": 55,
    "location": [
        -116.72556,
        32.72611
    ],
    "keywords": [
        8,
        12,
        20,
        19,
        63,
        73,
        3,
        15,
        38,
        6,
        20,
        4
    ]
}