{
    "id": 90095,
    "category": 55,
    "location": [
        -116.73111,
        32.59806
    ],
    "keywords": [
        36,
        65
    ]
}