{
    "id": 90120,
    "category": 55,
    "location": [
        -116.78444,
        33.33833
    ],
    "keywords": [
        25,
        57,
        8,
        73,
        62,
        51,
        11,
        64,
        35,
        20,
        50,
        53,
        17
    ]
}