{
    "id": 90147,
    "category": 55,
    "location": [
        -116.83889,
        33.18472
    ],
    "keywords": [
        36,
        46,
        35,
        61,
        33,
        49,
        54,
        60,
        35,
        52,
        46,
        68,
        61
    ]
}