{
    "id": 90166,
    "category": 55,
    "location": [
        -116.87889,
        36.69556
    ],
    "keywords": [
        5,
        13,
        24,
        29,
        32,
        59,
        47,
        45,
        64,
        63,
        28,
        72,
        29,
        47,
        64
    ]
}