{
    "id": 90175,
    "category": 55,
    "location": [
        -116.89833,
        34.28306
    ],
    "keywords": [
        67
    ]
}