{
    "id": 90189,
    "category": 55,
    "location": [
        -116.92361,
        33.34139
    ],
    "keywords": [
        26,
        7,
        44,
        12,
        28,
        43,
        46,
        60
    ]
}