{
    "id": 90201,
    "category": 55,
    "location": [
        -116.93917,
        34.53806
    ],
    "keywords": [
        63
    ]
}