{
    "id": 90208,
    "category": 55,
    "location": [
        -116.95639,
        33.44167
    ],
    "keywords": [
        69,
        45,
        29,
        11,
        71,
        24,
        45,
        15,
        54,
        69,
        42,
        66,
        7,
        59
    ]
}