{
    "id": 90214,
    "category": 55,
    "location": [
        -116.96972,
        33.00861
    ],
    "keywords": [
        11,
        23,
        50,
        36
    ]
}