{
    "id": 90210,
    "category": 55,
    "location": [
        -116.96056,
        34.23139
    ],
    "keywords": []
}