{
    "id": 90266,
    "category": 55,
    "location": [
        -117.06056,
        35.39944
    ],
    "keywords": [
        13,
        39,
        7,
        56
    ]
}