{
    "id": 90295,
    "category": 55,
    "location": [
        -117.11639,
        32.92111
    ],
    "keywords": [
        34,
        11,
        0,
        28,
        46,
        75
    ]
}