{
    "id": 90291,
    "category": 55,
    "location": [
        -117.09889,
        34.18889
    ],
    "keywords": []
}