{
    "id": 90349,
    "category": 55,
    "location": [
        -117.23583,
        35.36444
    ],
    "keywords": [
        41,
        28,
        58,
        13,
        7,
        51
    ]
}