{
    "id": 90354,
    "category": 55,
    "location": [
        -117.24639,
        33.53333
    ],
    "keywords": [
        59
    ]
}