{
    "id": 90357,
    "category": 55,
    "location": [
        -117.25472,
        33.15917
    ],
    "keywords": [
        33,
        68,
        27,
        60,
        73,
        65,
        4,
        8,
        0,
        61,
        17,
        64
    ]
}