{
    "id": 90366,
    "category": 55,
    "location": [
        -117.26639,
        34.65139
    ],
    "keywords": [
        30,
        26,
        39,
        49,
        15,
        55,
        15,
        24,
        60
    ]
}