{
    "id": 90378,
    "category": 55,
    "location": [
        -117.30806,
        34.27472
    ],
    "keywords": [
        57,
        65,
        61,
        60,
        72
    ]
}