{
    "id": 9039,
    "category": 12,
    "location": [
        -120.82889,
        37.80194
    ],
    "keywords": [
        66,
        17,
        23,
        21,
        35,
        57,
        16,
        63
    ]
}