{
    "id": 90405,
    "category": 55,
    "location": [
        -117.39944,
        34.23472
    ],
    "keywords": [
        45,
        46
    ]
}