{
    "id": 9041,
    "category": 12,
    "location": [
        -120.83056,
        38.39361
    ],
    "keywords": [
        4,
        41,
        29,
        17,
        70
    ]
}