{
    "id": 90411,
    "category": 55,
    "location": [
        -117.41139,
        34.29417
    ],
    "keywords": [
        20,
        15,
        56,
        65,
        14,
        9,
        44,
        35,
        39,
        32,
        24,
        15,
        31,
        10,
        25
    ]
}