{
    "id": 90417,
    "category": 55,
    "location": [
        -117.42861,
        35.66611
    ],
    "keywords": [
        25,
        68,
        47,
        48,
        6,
        1,
        31,
        17,
        45
    ]
}