{
    "id": 90415,
    "category": 55,
    "location": [
        -117.42222,
        33.80306
    ],
    "keywords": [
        74,
        13,
        44
    ]
}