{
    "id": 90422,
    "category": 55,
    "location": [
        -117.44528,
        36.24444
    ],
    "keywords": [
        59,
        57,
        10,
        26,
        20,
        73,
        57,
        53,
        37,
        51,
        0,
        10,
        5,
        65
    ]
}