{
    "id": 90430,
    "category": 55,
    "location": [
        -117.45944,
        35.36889
    ],
    "keywords": [
        38,
        10,
        13,
        19,
        44,
        49,
        75,
        47,
        7,
        22,
        28,
        14,
        44,
        51
    ]
}