{
    "id": 90437,
    "category": 55,
    "location": [
        -117.48639,
        36.10167
    ],
    "keywords": [
        73,
        57,
        74,
        59,
        61,
        49,
        40,
        33,
        37,
        28,
        41,
        24,
        28,
        3,
        43
    ]
}