{
    "id": 90442,
    "category": 55,
    "location": [
        -117.49417,
        33.36389
    ],
    "keywords": [
        25,
        49,
        27,
        28,
        73,
        62,
        58,
        15,
        44,
        19,
        8,
        56
    ]
}