{
    "id": 90466,
    "category": 55,
    "location": [
        -117.60972,
        33.79556
    ],
    "keywords": [
        72,
        36,
        10,
        30,
        51,
        19,
        35,
        71,
        69
    ]
}