{
    "id": 90465,
    "category": 55,
    "location": [
        -117.60528,
        34.26528
    ],
    "keywords": [
        34,
        18,
        48,
        10,
        39,
        72,
        44,
        55,
        43,
        7,
        53,
        35
    ]
}