{
    "id": 90478,
    "category": 55,
    "location": [
        -117.63806,
        34.67333
    ],
    "keywords": [
        42,
        10
    ]
}