{
    "id": 90484,
    "category": 55,
    "location": [
        -117.65306,
        33.70889
    ],
    "keywords": [
        57,
        22,
        28,
        71,
        16,
        2
    ]
}