{
    "id": 90509,
    "category": 55,
    "location": [
        -117.71194,
        34.28833
    ],
    "keywords": [
        24
    ]
}