{
    "id": 90514,
    "category": 55,
    "location": [
        -117.73722,
        33.91361
    ],
    "keywords": [
        38,
        22,
        54,
        28,
        56,
        50,
        33,
        42,
        44,
        52,
        13,
        30,
        57,
        43,
        6
    ]
}