{
    "id": 90526,
    "category": 55,
    "location": [
        -117.78056,
        34.35917
    ],
    "keywords": [
        55,
        35,
        31,
        66,
        58,
        38,
        39,
        74,
        65,
        38,
        44,
        66,
        46,
        1,
        19
    ]
}