{
    "id": 90523,
    "category": 55,
    "location": [
        -117.77111,
        33.81694
    ],
    "keywords": [
        5,
        54,
        24,
        64,
        43,
        58,
        9,
        10,
        56,
        68,
        11,
        49,
        49
    ]
}