{
    "id": 90541,
    "category": 55,
    "location": [
        -117.81111,
        33.60611
    ],
    "keywords": [
        35,
        38,
        66,
        42,
        28,
        69,
        51,
        37,
        9
    ]
}