{
    "id": 90545,
    "category": 55,
    "location": [
        -117.83111,
        35.95583
    ],
    "keywords": [
        66,
        47,
        37,
        28,
        22,
        11,
        33,
        30,
        5,
        37,
        34,
        60,
        22
    ]
}