{
    "id": 90554,
    "category": 55,
    "location": [
        -117.84472,
        34.40222
    ],
    "keywords": [
        69,
        54,
        61
    ]
}