{
    "id": 90571,
    "category": 55,
    "location": [
        -117.90806,
        35.68889
    ],
    "keywords": [
        9,
        35,
        19,
        21,
        7,
        64,
        38,
        4,
        34,
        55,
        58,
        20
    ]
}