{
    "id": 9057,
    "category": 12,
    "location": [
        -120.85417,
        37.81778
    ],
    "keywords": [
        26,
        64,
        24,
        29,
        64
    ]
}