{
    "id": 90590,
    "category": 55,
    "location": [
        -117.98611,
        35.69028
    ],
    "keywords": [
        42,
        67,
        74,
        49,
        39,
        48,
        24,
        53,
        59,
        11,
        53,
        25,
        60,
        19,
        8
    ]
}