{
    "id": 9059,
    "category": 12,
    "location": [
        -120.85917,
        37.81806
    ],
    "keywords": []
}