{
    "id": 90597,
    "category": 55,
    "location": [
        -117.99722,
        34.20194
    ],
    "keywords": [
        22,
        7,
        1,
        1,
        72,
        5,
        7,
        56,
        70,
        35
    ]
}