{
    "id": 90612,
    "category": 55,
    "location": [
        -118.04278,
        35.79194
    ],
    "keywords": [
        4,
        24
    ]
}