{
    "id": 90610,
    "category": 55,
    "location": [
        -118.03389,
        34.38222
    ],
    "keywords": [
        54,
        67,
        56,
        4,
        47,
        1,
        25,
        58,
        53,
        21
    ]
}