{
    "id": 90642,
    "category": 55,
    "location": [
        -118.10306,
        34.27083
    ],
    "keywords": [
        15,
        61,
        63,
        3,
        74,
        31,
        27,
        65,
        56,
        35,
        31,
        26,
        44,
        30
    ]
}