{
    "id": 90665,
    "category": 55,
    "location": [
        -118.14611,
        34.23667
    ],
    "keywords": [
        40,
        9,
        60,
        44,
        18,
        55,
        13,
        25,
        38,
        26,
        40,
        51,
        22,
        72
    ]
}