{
    "id": 90671,
    "category": 55,
    "location": [
        -118.15556,
        36.50111
    ],
    "keywords": [
        7,
        51,
        54,
        12,
        47,
        21,
        2,
        20,
        58
    ]
}