{
    "id": 90687,
    "category": 55,
    "location": [
        -118.19361,
        35.46444
    ],
    "keywords": [
        73,
        60,
        37,
        48,
        12,
        43,
        71,
        74,
        6,
        3,
        64,
        71,
        46,
        70,
        5
    ]
}