{
    "id": 90686,
    "category": 55,
    "location": [
        -118.18944,
        36.42778
    ],
    "keywords": [
        59,
        30,
        63,
        75,
        6,
        64,
        73,
        29
    ]
}