{
    "id": 90690,
    "category": 55,
    "location": [
        -118.19667,
        36.20528
    ],
    "keywords": [
        52,
        38,
        33,
        62,
        41,
        32,
        35,
        50
    ]
}