{
    "id": 90694,
    "category": 55,
    "location": [
        -118.21139,
        35.72861
    ],
    "keywords": [
        24,
        7,
        25,
        50,
        5,
        55,
        46,
        70,
        31,
        65,
        63,
        7,
        6,
        55
    ]
}