{
    "id": 9070,
    "category": 12,
    "location": [
        -120.87389,
        37.75833
    ],
    "keywords": [
        65,
        33,
        41,
        71,
        44,
        4,
        48,
        11,
        75,
        15,
        7,
        14,
        69
    ]
}