{
    "id": 9071,
    "category": 12,
    "location": [
        -120.87417,
        37.83944
    ],
    "keywords": [
        73,
        21
    ]
}