{
    "id": 90722,
    "category": 55,
    "location": [
        -118.25833,
        34.19722
    ],
    "keywords": [
        63,
        44,
        12,
        46,
        14,
        45,
        73,
        46,
        25,
        45
    ]
}