{
    "id": 90744,
    "category": 55,
    "location": [
        -118.28667,
        36.30778
    ],
    "keywords": []
}