{
    "id": 90768,
    "category": 55,
    "location": [
        -118.31111,
        34.34917
    ],
    "keywords": []
}