{
    "id": 90762,
    "category": 55,
    "location": [
        -118.30361,
        37.73222
    ],
    "keywords": [
        3,
        17,
        70,
        35,
        10,
        5,
        46,
        43,
        14,
        47,
        63,
        15
    ]
}