{
    "id": 90776,
    "category": 55,
    "location": [
        -118.32167,
        36.89139
    ],
    "keywords": [
        37,
        50,
        29,
        70,
        37,
        50,
        66,
        21,
        25,
        16
    ]
}