{
    "id": 90771,
    "category": 55,
    "location": [
        -118.31389,
        36.64306
    ],
    "keywords": [
        3,
        2,
        39
    ]
}