{
    "id": 90799,
    "category": 55,
    "location": [
        -118.36056,
        36.74806
    ],
    "keywords": [
        48,
        74,
        72,
        17,
        63,
        39,
        22
    ]
}