{
    "id": 90793,
    "category": 55,
    "location": [
        -118.34639,
        36.78917
    ],
    "keywords": [
        17,
        60,
        52,
        46,
        62,
        19,
        37,
        72,
        75,
        72,
        24,
        2,
        58,
        11
    ]
}