{
    "id": 90797,
    "category": 55,
    "location": [
        -118.35667,
        34.31778
    ],
    "keywords": [
        3,
        24,
        55,
        3,
        36,
        59,
        31,
        34,
        17,
        51,
        60,
        32,
        53
    ]
}