{
    "id": 90802,
    "category": 55,
    "location": [
        -118.36194,
        36.50889
    ],
    "keywords": [
        54,
        11,
        70,
        7,
        44,
        27,
        60,
        29,
        32,
        39,
        69,
        45,
        69,
        56
    ]
}