{
    "id": 90846,
    "category": 55,
    "location": [
        -118.40639,
        36.94694
    ],
    "keywords": [
        50,
        14,
        71,
        28,
        26,
        61,
        19
    ]
}