{
    "id": 90855,
    "category": 55,
    "location": [
        -118.42139,
        37.02083
    ],
    "keywords": [
        30,
        9,
        10,
        16,
        41,
        6,
        61,
        35,
        65,
        9,
        14,
        9,
        73
    ]
}