{
    "id": 90863,
    "category": 55,
    "location": [
        -118.43611,
        37.18389
    ],
    "keywords": [
        46,
        3,
        47,
        67,
        31,
        0,
        51,
        44
    ]
}