{
    "id": 90862,
    "category": 55,
    "location": [
        -118.43611,
        33.37167
    ],
    "keywords": [
        42,
        31,
        66,
        6,
        14,
        64,
        70,
        56,
        56
    ]
}