{
    "id": 90871,
    "category": 55,
    "location": [
        -118.44222,
        34.45889
    ],
    "keywords": [
        65,
        73,
        25,
        50,
        70,
        60,
        37,
        1,
        65,
        10,
        47
    ]
}