{
    "id": 90883,
    "category": 55,
    "location": [
        -118.45889,
        36.80583
    ],
    "keywords": [
        21
    ]
}