{
    "id": 90892,
    "category": 55,
    "location": [
        -118.47167,
        36.57639
    ],
    "keywords": []
}