{
    "id": 90896,
    "category": 55,
    "location": [
        -118.47361,
        35.01472
    ],
    "keywords": [
        41,
        64,
        2,
        58,
        19,
        68,
        24,
        53,
        45,
        14,
        14,
        52,
        74,
        0,
        22
    ]
}