{
    "id": 90913,
    "category": 55,
    "location": [
        -118.48583,
        37.07778
    ],
    "keywords": [
        70,
        26,
        71,
        42,
        59,
        27,
        69,
        32,
        58,
        30,
        20,
        52,
        8,
        44,
        12
    ]
}