{
    "id": 90951,
    "category": 55,
    "location": [
        -118.52194,
        37.09389
    ],
    "keywords": [
        66
    ]
}