{
    "id": 90973,
    "category": 55,
    "location": [
        -118.54472,
        36.93194
    ],
    "keywords": [
        74,
        8,
        37,
        75,
        41,
        20,
        63
    ]
}