{
    "id": 90993,
    "category": 55,
    "location": [
        -118.56222,
        35.52972
    ],
    "keywords": [
        74,
        15,
        67,
        45,
        52,
        67,
        66
    ]
}