{
    "id": 91002,
    "category": 55,
    "location": [
        -118.56861,
        33.45972
    ],
    "keywords": [
        73,
        31,
        8
    ]
}