{
    "id": 91045,
    "category": 55,
    "location": [
        -118.60889,
        34.27417
    ],
    "keywords": [
        75,
        75,
        0,
        9,
        13,
        56,
        24,
        65,
        56,
        36,
        58,
        63,
        13
    ]
}