{
    "id": 91040,
    "category": 55,
    "location": [
        -118.60306,
        35.80556
    ],
    "keywords": [
        55,
        10,
        58,
        65,
        35,
        41,
        69,
        64,
        27,
        63,
        29,
        34,
        12,
        21
    ]
}