{
    "id": 91054,
    "category": 55,
    "location": [
        -118.61833,
        37.03667
    ],
    "keywords": [
        3,
        64,
        25,
        66,
        74,
        47,
        21
    ]
}