{
    "id": 91068,
    "category": 55,
    "location": [
        -118.64167,
        37.61611
    ],
    "keywords": [
        30,
        28,
        44
    ]
}