{
    "id": 91061,
    "category": 55,
    "location": [
        -118.63306,
        37.13861
    ],
    "keywords": [
        24,
        10,
        26,
        19,
        42,
        31,
        25,
        32,
        7,
        8
    ]
}