{
    "id": 91108,
    "category": 55,
    "location": [
        -118.68417,
        37.08056
    ],
    "keywords": [
        47,
        9,
        33,
        47,
        23,
        46,
        71,
        60
    ]
}