{
    "id": 91113,
    "category": 55,
    "location": [
        -118.68972,
        35.80028
    ],
    "keywords": [
        7,
        7
    ]
}