{
    "id": 91137,
    "category": 55,
    "location": [
        -118.71306,
        35.80944
    ],
    "keywords": [
        14,
        49,
        12,
        8,
        59
    ]
}