{
    "id": 91140,
    "category": 55,
    "location": [
        -118.71417,
        36.73167
    ],
    "keywords": [
        3,
        25,
        14,
        28
    ]
}