{
    "id": 9115,
    "category": 12,
    "location": [
        -120.93944,
        37.39083
    ],
    "keywords": [
        3,
        58,
        0,
        19,
        74
    ]
}