{
    "id": 91170,
    "category": 55,
    "location": [
        -118.74361,
        35.43056
    ],
    "keywords": [
        34,
        59,
        45,
        10,
        60,
        38,
        14
    ]
}