{
    "id": 91173,
    "category": 55,
    "location": [
        -118.74556,
        36.31861
    ],
    "keywords": [
        65,
        9,
        15
    ]
}