{
    "id": 91197,
    "category": 55,
    "location": [
        -118.77667,
        34.63306
    ],
    "keywords": [
        26,
        55,
        53,
        43,
        70,
        69,
        46,
        33,
        21,
        17,
        61,
        57,
        39
    ]
}