{
    "id": 91204,
    "category": 55,
    "location": [
        -118.78083,
        37.35667
    ],
    "keywords": [
        42,
        52,
        22,
        26,
        42,
        51,
        75,
        74,
        36,
        71,
        22,
        27,
        20
    ]
}