{
    "id": 91233,
    "category": 55,
    "location": [
        -118.80806,
        37.97889
    ],
    "keywords": [
        17,
        50,
        10,
        11,
        15,
        6,
        12,
        21,
        62,
        2,
        20,
        61,
        23,
        40,
        42
    ]
}