{
    "id": 913,
    "category": 0,
    "location": [
        -122.40806,
        40.57472
    ],
    "keywords": [
        38,
        6,
        17,
        62,
        65
    ]
}