{
    "id": 9133,
    "category": 12,
    "location": [
        -120.98639,
        37.43806
    ],
    "keywords": [
        14,
        27,
        34,
        40,
        20,
        27,
        4
    ]
}