{
    "id": 91338,
    "category": 55,
    "location": [
        -118.95139,
        37.25139
    ],
    "keywords": [
        31,
        65
    ]
}