{
    "id": 91346,
    "category": 55,
    "location": [
        -118.96278,
        36.08528
    ],
    "keywords": [
        40,
        62,
        41,
        18,
        36,
        16,
        21,
        28,
        7
    ]
}