{
    "id": 91353,
    "category": 55,
    "location": [
        -118.98056,
        34.84222
    ],
    "keywords": []
}