{
    "id": 91359,
    "category": 55,
    "location": [
        -118.99472,
        36.70139
    ],
    "keywords": [
        12,
        54
    ]
}