{
    "id": 91384,
    "category": 55,
    "location": [
        -119.02083,
        34.35417
    ],
    "keywords": [
        20,
        59,
        9,
        33,
        45,
        41,
        20,
        8,
        39,
        48
    ]
}