{
    "id": 91397,
    "category": 55,
    "location": [
        -119.04306,
        37.46194
    ],
    "keywords": [
        71,
        45,
        46,
        18
    ]
}