{
    "id": 91410,
    "category": 55,
    "location": [
        -119.05611,
        37.12556
    ],
    "keywords": [
        5,
        35,
        74,
        41,
        14,
        16,
        39,
        24,
        66,
        5,
        59
    ]
}