{
    "id": 91418,
    "category": 55,
    "location": [
        -119.06333,
        34.10861
    ],
    "keywords": [
        29,
        0,
        18,
        31,
        2,
        56,
        50,
        39,
        52,
        47
    ]
}