{
    "id": 91422,
    "category": 55,
    "location": [
        -119.06833,
        34.70917
    ],
    "keywords": [
        42,
        14,
        1,
        25,
        71,
        39,
        40,
        42,
        37,
        2,
        5,
        45,
        4,
        74,
        8
    ]
}