{
    "id": 91444,
    "category": 55,
    "location": [
        -119.09861,
        37.80444
    ],
    "keywords": [
        40,
        25,
        54,
        31,
        23,
        19,
        14
    ]
}