{
    "id": 91453,
    "category": 55,
    "location": [
        -119.11611,
        37.19639
    ],
    "keywords": [
        15,
        44,
        1,
        46,
        11,
        40,
        62,
        51,
        37,
        59,
        50,
        36,
        45,
        47
    ]
}