{
    "id": 91454,
    "category": 55,
    "location": [
        -119.12056,
        36.56333
    ],
    "keywords": [
        66,
        21,
        22,
        23,
        19,
        23,
        9,
        24,
        10,
        16,
        41,
        28,
        19,
        10
    ]
}