{
    "id": 91482,
    "category": 55,
    "location": [
        -119.17083,
        37.95972
    ],
    "keywords": [
        59,
        33,
        70,
        67,
        64
    ]
}