{
    "id": 91481,
    "category": 55,
    "location": [
        -119.17028,
        36.55667
    ],
    "keywords": [
        57,
        55,
        75,
        21,
        40,
        27,
        67,
        18,
        50,
        27,
        40,
        29
    ]
}