{
    "id": 91488,
    "category": 55,
    "location": [
        -119.18306,
        37.81417
    ],
    "keywords": [
        42,
        14,
        31,
        0,
        43,
        51,
        54,
        71,
        70,
        64,
        15
    ]
}