{
    "id": 91483,
    "category": 55,
    "location": [
        -119.17722,
        37.66194
    ],
    "keywords": [
        4,
        32,
        37,
        37,
        72,
        20
    ]
}