{
    "id": 91491,
    "category": 55,
    "location": [
        -119.18861,
        37.84278
    ],
    "keywords": [
        28
    ]
}