{
    "id": 91494,
    "category": 55,
    "location": [
        -119.19417,
        37.69667
    ],
    "keywords": [
        24
    ]
}