{
    "id": 91502,
    "category": 55,
    "location": [
        -119.20083,
        37.81361
    ],
    "keywords": [
        59,
        41,
        71,
        31,
        26,
        21,
        69,
        3,
        60,
        3,
        3
    ]
}