{
    "id": 91558,
    "category": 55,
    "location": [
        -119.28722,
        38.41861
    ],
    "keywords": [
        72,
        71,
        4,
        40,
        70,
        16,
        68,
        46,
        48,
        40,
        33,
        42
    ]
}