{
    "id": 91561,
    "category": 55,
    "location": [
        -119.29333,
        36.91528
    ],
    "keywords": [
        40,
        11,
        2,
        40,
        32,
        65,
        17,
        46,
        15,
        57,
        8,
        72,
        40,
        35
    ]
}