{
    "id": 9157,
    "category": 12,
    "location": [
        -121.05861,
        38.85611
    ],
    "keywords": [
        11,
        15,
        35,
        57,
        29,
        39,
        49,
        2,
        20,
        65,
        18,
        6,
        58,
        65,
        29
    ]
}