{
    "id": 91591,
    "category": 55,
    "location": [
        -119.33444,
        37.79194
    ],
    "keywords": [
        13
    ]
}