{
    "id": 91607,
    "category": 55,
    "location": [
        -119.35806,
        36.80056
    ],
    "keywords": [
        70,
        62,
        20,
        24,
        19,
        45,
        61,
        0
    ]
}