{
    "id": 91602,
    "category": 55,
    "location": [
        -119.35222,
        37.93306
    ],
    "keywords": [
        19,
        14,
        35,
        8,
        53,
        5,
        57
    ]
}