{
    "id": 91612,
    "category": 55,
    "location": [
        -119.37278,
        37.01667
    ],
    "keywords": [
        22,
        17,
        56,
        19,
        65,
        5,
        3,
        26,
        60,
        9
    ]
}