{
    "id": 91636,
    "category": 55,
    "location": [
        -119.40278,
        37.87139
    ],
    "keywords": []
}