{
    "id": 91658,
    "category": 55,
    "location": [
        -119.42722,
        37.34917
    ],
    "keywords": [
        34,
        44,
        1,
        12,
        13,
        37,
        72,
        73,
        51,
        43,
        25,
        62,
        28
    ]
}