{
    "id": 91666,
    "category": 55,
    "location": [
        -119.44222,
        37.82861
    ],
    "keywords": [
        6,
        6,
        24,
        66,
        70,
        63
    ]
}