{
    "id": 91664,
    "category": 55,
    "location": [
        -119.44167,
        37.84611
    ],
    "keywords": [
        13,
        1,
        11,
        39
    ]
}