{
    "id": 91665,
    "category": 55,
    "location": [
        -119.44167,
        37.92833
    ],
    "keywords": [
        61
    ]
}