{
    "id": 91680,
    "category": 55,
    "location": [
        -119.45417,
        37.59139
    ],
    "keywords": [
        71,
        61,
        9,
        43,
        5,
        16,
        43,
        69
    ]
}