{
    "id": 91696,
    "category": 55,
    "location": [
        -119.47528,
        38.27722
    ],
    "keywords": [
        24,
        48,
        29,
        34,
        71,
        7,
        8,
        72,
        73,
        65,
        4,
        70
    ]
}