{
    "id": 91701,
    "category": 55,
    "location": [
        -119.48278,
        37.80944
    ],
    "keywords": [
        47,
        35,
        39,
        38,
        47,
        27,
        0,
        72,
        67,
        26,
        71
    ]
}