{
    "id": 91714,
    "category": 55,
    "location": [
        -119.49694,
        37.98028
    ],
    "keywords": [
        70,
        41,
        2,
        68,
        7
    ]
}