{
    "id": 91736,
    "category": 55,
    "location": [
        -119.53556,
        37.45444
    ],
    "keywords": [
        66,
        47,
        60,
        29,
        47,
        70,
        38,
        70,
        4,
        67,
        58,
        33
    ]
}