{
    "id": 91738,
    "category": 55,
    "location": [
        -119.53833,
        37.91111
    ],
    "keywords": [
        65,
        51,
        59,
        8,
        73,
        42,
        28,
        10,
        6,
        48,
        50,
        29,
        74
    ]
}