{
    "id": 91758,
    "category": 55,
    "location": [
        -119.57611,
        37.12833
    ],
    "keywords": [
        54
    ]
}