{
    "id": 91782,
    "category": 55,
    "location": [
        -119.61083,
        38.68333
    ],
    "keywords": [
        71,
        53,
        57,
        6,
        53,
        75,
        67,
        33
    ]
}