{
    "id": 91793,
    "category": 55,
    "location": [
        -119.62361,
        38.52611
    ],
    "keywords": [
        65,
        1,
        52,
        52,
        36,
        70,
        21
    ]
}