{
    "id": 91818,
    "category": 55,
    "location": [
        -119.66972,
        37.05556
    ],
    "keywords": [
        21,
        46,
        54,
        49,
        15,
        71,
        68,
        29,
        68,
        28,
        25,
        65
    ]
}