{
    "id": 9182,
    "category": 12,
    "location": [
        -121.09667,
        37.44583
    ],
    "keywords": [
        27,
        62,
        75,
        41,
        6,
        16
    ]
}