{
    "id": 91844,
    "category": 55,
    "location": [
        -119.71167,
        34.49444
    ],
    "keywords": [
        35,
        19,
        19,
        45,
        71,
        62,
        3,
        12,
        22
    ]
}