{
    "id": 91851,
    "category": 55,
    "location": [
        -119.73083,
        38.10028
    ],
    "keywords": [
        12
    ]
}