{
    "id": 91852,
    "category": 55,
    "location": [
        -119.73306,
        38.44889
    ],
    "keywords": [
        52,
        37,
        54,
        19,
        34,
        64,
        19,
        0,
        35,
        55
    ]
}