{
    "id": 91857,
    "category": 55,
    "location": [
        -119.73667,
        37.24694
    ],
    "keywords": [
        63,
        52
    ]
}