{
    "id": 91868,
    "category": 55,
    "location": [
        -119.75472,
        38.54389
    ],
    "keywords": [
        42,
        71,
        70,
        1,
        25,
        31,
        12,
        30,
        34,
        14,
        6,
        45,
        55
    ]
}