{
    "id": 91878,
    "category": 55,
    "location": [
        -119.76583,
        37.00889
    ],
    "keywords": [
        28,
        20,
        47,
        71,
        48,
        30,
        63,
        71,
        61,
        31,
        20,
        7,
        22,
        4,
        7
    ]
}