{
    "id": 91890,
    "category": 55,
    "location": [
        -119.79222,
        38.11417
    ],
    "keywords": [
        67,
        57,
        5,
        15,
        40,
        16
    ]
}