{
    "id": 91897,
    "category": 55,
    "location": [
        -119.80333,
        37.63639
    ],
    "keywords": [
        47,
        59,
        62,
        19,
        32,
        50,
        46,
        42,
        23,
        17,
        44,
        16,
        70
    ]
}