{
    "id": 91891,
    "category": 55,
    "location": [
        -119.79472,
        37.18167
    ],
    "keywords": []
}