{
    "id": 91906,
    "category": 55,
    "location": [
        -119.81639,
        38.09583
    ],
    "keywords": [
        61,
        70,
        47,
        33,
        42,
        8,
        74,
        54,
        75,
        4,
        73,
        54,
        21
    ]
}