{
    "id": 9192,
    "category": 12,
    "location": [
        -121.11083,
        38.86917
    ],
    "keywords": [
        34,
        31,
        32,
        37,
        34,
        24,
        6,
        26,
        57
    ]
}