{
    "id": 91922,
    "category": 55,
    "location": [
        -119.84722,
        38.77944
    ],
    "keywords": [
        65,
        42,
        10,
        55,
        59,
        41,
        2,
        4,
        25,
        56,
        2,
        37
    ]
}