{
    "id": 91929,
    "category": 55,
    "location": [
        -119.86028,
        37.68778
    ],
    "keywords": [
        58,
        13,
        8,
        72,
        56
    ]
}