{
    "id": 91959,
    "category": 55,
    "location": [
        -119.91056,
        35.86556
    ],
    "keywords": []
}