{
    "id": 91953,
    "category": 55,
    "location": [
        -119.89694,
        38.92278
    ],
    "keywords": [
        5,
        17,
        53,
        62,
        0,
        15,
        47,
        4
    ]
}