{
    "id": 91970,
    "category": 55,
    "location": [
        -119.92944,
        35.82806
    ],
    "keywords": [
        14,
        1,
        67,
        64,
        61,
        10,
        42,
        25,
        37,
        61
    ]
}