{
    "id": 91989,
    "category": 55,
    "location": [
        -119.95278,
        34.69167
    ],
    "keywords": [
        19,
        68,
        49,
        66,
        53,
        40,
        75,
        43
    ]
}