{
    "id": 91991,
    "category": 55,
    "location": [
        -119.95778,
        34.52528
    ],
    "keywords": [
        42,
        30,
        57,
        62,
        55,
        26,
        15,
        43,
        66,
        21,
        17,
        38,
        70,
        9,
        15
    ]
}