{
    "id": 92005,
    "category": 55,
    "location": [
        -119.98167,
        38.73361
    ],
    "keywords": [
        65,
        68,
        16,
        60,
        21,
        29,
        25,
        66,
        63,
        15,
        50,
        50
    ]
}