{
    "id": 92009,
    "category": 55,
    "location": [
        -119.98417,
        34.74333
    ],
    "keywords": [
        53,
        8,
        50,
        41,
        73,
        32,
        40,
        8,
        50,
        63,
        47,
        68,
        3,
        34,
        35
    ]
}