{
    "id": 92007,
    "category": 55,
    "location": [
        -119.98222,
        38.67861
    ],
    "keywords": [
        24,
        71,
        22,
        16
    ]
}