{
    "id": 92062,
    "category": 55,
    "location": [
        -120.04194,
        36.01944
    ],
    "keywords": [
        31,
        35,
        68,
        58,
        2,
        22,
        15,
        35,
        16,
        69,
        27
    ]
}