{
    "id": 9208,
    "category": 12,
    "location": [
        -121.14139,
        38.83472
    ],
    "keywords": [
        14,
        35
    ]
}