{
    "id": 92096,
    "category": 55,
    "location": [
        -120.07194,
        38.85667
    ],
    "keywords": []
}