{
    "id": 92104,
    "category": 55,
    "location": [
        -120.07917,
        34.89389
    ],
    "keywords": [
        23,
        75,
        41
    ]
}