{
    "id": 92110,
    "category": 55,
    "location": [
        -120.08611,
        38.14472
    ],
    "keywords": [
        65,
        38,
        14,
        65,
        45,
        75,
        32,
        18,
        2
    ]
}