{
    "id": 92113,
    "category": 55,
    "location": [
        -120.08778,
        36.01972
    ],
    "keywords": [
        60,
        70,
        23,
        27,
        5,
        40
    ]
}