{
    "id": 92139,
    "category": 55,
    "location": [
        -120.10389,
        40.55611
    ],
    "keywords": [
        1,
        1,
        7,
        72,
        4,
        5
    ]
}