{
    "id": 92138,
    "category": 55,
    "location": [
        -120.10222,
        41.06778
    ],
    "keywords": [
        35,
        55,
        71,
        69,
        7,
        73,
        55,
        8,
        24,
        3,
        4,
        33
    ]
}