{
    "id": 9213,
    "category": 12,
    "location": [
        -121.14778,
        39.23972
    ],
    "keywords": [
        43,
        42,
        31,
        54,
        44,
        57,
        17,
        62,
        39,
        38,
        32,
        30,
        72
    ]
}