{
    "id": 92143,
    "category": 55,
    "location": [
        -120.10722,
        40.62444
    ],
    "keywords": [
        28,
        55,
        15,
        36,
        38,
        30,
        24,
        71,
        41,
        56,
        35,
        43,
        11,
        63,
        22
    ]
}