{
    "id": 92154,
    "category": 55,
    "location": [
        -120.11917,
        38.70472
    ],
    "keywords": [
        50,
        34,
        20,
        45,
        10,
        63,
        39,
        15,
        63,
        61,
        65,
        21,
        75,
        0,
        5
    ]
}