{
    "id": 92157,
    "category": 55,
    "location": [
        -120.12028,
        35.12389
    ],
    "keywords": [
        39,
        58,
        49,
        5,
        23,
        27,
        48,
        43,
        29,
        72,
        68,
        37
    ]
}