{
    "id": 92168,
    "category": 55,
    "location": [
        -120.13278,
        35.73806
    ],
    "keywords": [
        27,
        63,
        5,
        34,
        37,
        56,
        75,
        68,
        13,
        69,
        52,
        27,
        55
    ]
}