{
    "id": 92167,
    "category": 55,
    "location": [
        -120.13222,
        38.98861
    ],
    "keywords": [
        47,
        75,
        29,
        33
    ]
}