{
    "id": 92189,
    "category": 55,
    "location": [
        -120.15306,
        38.89056
    ],
    "keywords": [
        17,
        41,
        4,
        18,
        65,
        38
    ]
}