{
    "id": 92188,
    "category": 55,
    "location": [
        -120.15306,
        35.79972
    ],
    "keywords": [
        16,
        54,
        9
    ]
}