{
    "id": 92194,
    "category": 55,
    "location": [
        -120.16056,
        39.10889
    ],
    "keywords": [
        14,
        6,
        57,
        63,
        35,
        12,
        32,
        68,
        13,
        21,
        66,
        40,
        54
    ]
}