{
    "id": 92214,
    "category": 55,
    "location": [
        -120.18167,
        39.29694
    ],
    "keywords": [
        42,
        67,
        35,
        48,
        71,
        41,
        15,
        12,
        22,
        53,
        74,
        36
    ]
}