{
    "id": 92217,
    "category": 55,
    "location": [
        -120.18611,
        36.07694
    ],
    "keywords": [
        52,
        54,
        25,
        57
    ]
}