{
    "id": 92220,
    "category": 55,
    "location": [
        -120.18806,
        41.34472
    ],
    "keywords": [
        62,
        22,
        68,
        74,
        29,
        73,
        54,
        26,
        41
    ]
}