{
    "id": 92234,
    "category": 55,
    "location": [
        -120.20028,
        39.69778
    ],
    "keywords": [
        29,
        50,
        60,
        46,
        59,
        7,
        31,
        5,
        3,
        61,
        5
    ]
}