{
    "id": 92235,
    "category": 55,
    "location": [
        -120.20139,
        39.24528
    ],
    "keywords": [
        74,
        39,
        35,
        3,
        12,
        38,
        35,
        50,
        58,
        28
    ]
}