{
    "id": 9225,
    "category": 12,
    "location": [
        -121.17444,
        38.61278
    ],
    "keywords": [
        20,
        17,
        13,
        55
    ]
}