{
    "id": 92251,
    "category": 55,
    "location": [
        -120.22028,
        38.92556
    ],
    "keywords": [
        69,
        30,
        71,
        44,
        67,
        74,
        62,
        29,
        41,
        52,
        75,
        5
    ]
}