{
    "id": 92266,
    "category": 55,
    "location": [
        -120.23583,
        41.20861
    ],
    "keywords": [
        9,
        38,
        14,
        23,
        75,
        59,
        15,
        11,
        70,
        42,
        55,
        67,
        53,
        9,
        58
    ]
}