{
    "id": 92313,
    "category": 55,
    "location": [
        -120.28806,
        38.85861
    ],
    "keywords": [
        58,
        45
    ]
}