{
    "id": 92318,
    "category": 55,
    "location": [
        -120.29972,
        39.20083
    ],
    "keywords": [
        54,
        54,
        13,
        40,
        41,
        16,
        54
    ]
}