{
    "id": 92321,
    "category": 55,
    "location": [
        -120.30444,
        35.22333
    ],
    "keywords": [
        60,
        25,
        27,
        48,
        9,
        9,
        69,
        11
    ]
}