{
    "id": 92348,
    "category": 55,
    "location": [
        -120.33278,
        38.92639
    ],
    "keywords": [
        42,
        59,
        5,
        71,
        56,
        8,
        41,
        10
    ]
}