{
    "id": 92345,
    "category": 55,
    "location": [
        -120.33056,
        39.03139
    ],
    "keywords": [
        27,
        19,
        23,
        28,
        1,
        60,
        26,
        67,
        21,
        52,
        7
    ]
}