{
    "id": 92371,
    "category": 55,
    "location": [
        -120.35889,
        38.17806
    ],
    "keywords": [
        14,
        68,
        23,
        19,
        35,
        17,
        9,
        23,
        15,
        19,
        74,
        59
    ]
}