{
    "id": 92385,
    "category": 55,
    "location": [
        -120.37528,
        39.00556
    ],
    "keywords": [
        72,
        9,
        17,
        40,
        49,
        39,
        12,
        9,
        69,
        45,
        65,
        27,
        51
    ]
}