{
    "id": 92392,
    "category": 55,
    "location": [
        -120.38556,
        34.03944
    ],
    "keywords": [
        66,
        39,
        6,
        38,
        50,
        39,
        36,
        13,
        63,
        48,
        62
    ]
}