{
    "id": 92399,
    "category": 55,
    "location": [
        -120.39556,
        37.68667
    ],
    "keywords": [
        16,
        49,
        38,
        63,
        42,
        58,
        23,
        37,
        18,
        41,
        72,
        58
    ]
}