{
    "id": 92395,
    "category": 55,
    "location": [
        -120.39111,
        38.03389
    ],
    "keywords": [
        50,
        23,
        9,
        20,
        6,
        5,
        2,
        72,
        62,
        45,
        51,
        34,
        75
    ]
}