{
    "id": 92419,
    "category": 55,
    "location": [
        -120.41889,
        37.92361
    ],
    "keywords": [
        6,
        39,
        34,
        11,
        25
    ]
}