{
    "id": 92416,
    "category": 55,
    "location": [
        -120.41333,
        37.83972
    ],
    "keywords": [
        49,
        6,
        27,
        51,
        53,
        42,
        29,
        52,
        67,
        4,
        23,
        53,
        1,
        36
    ]
}