{
    "id": 92430,
    "category": 55,
    "location": [
        -120.43111,
        39.77361
    ],
    "keywords": [
        40,
        21,
        45,
        56,
        52,
        43,
        27,
        37,
        74,
        0,
        20,
        50,
        0,
        49
    ]
}