{
    "id": 92454,
    "category": 55,
    "location": [
        -120.46278,
        39.24139
    ],
    "keywords": [
        26,
        71,
        32,
        33,
        6,
        32,
        46,
        10,
        9,
        17,
        57,
        46
    ]
}