{
    "id": 92465,
    "category": 55,
    "location": [
        -120.48528,
        38.08278
    ],
    "keywords": [
        18,
        38,
        28,
        38,
        16,
        9,
        59,
        65,
        8,
        4
    ]
}