{
    "id": 9246,
    "category": 12,
    "location": [
        -121.26222,
        39.21778
    ],
    "keywords": [
        59,
        52,
        19,
        20
    ]
}