{
    "id": 92464,
    "category": 55,
    "location": [
        -120.48083,
        39.41528
    ],
    "keywords": [
        15,
        52
    ]
}