{
    "id": 92476,
    "category": 55,
    "location": [
        -120.50194,
        39.40111
    ],
    "keywords": [
        61
    ]
}