{
    "id": 92482,
    "category": 55,
    "location": [
        -120.50778,
        39.34556
    ],
    "keywords": [
        24,
        61,
        63,
        34,
        9,
        24,
        45,
        60
    ]
}