{
    "id": 92484,
    "category": 55,
    "location": [
        -120.50917,
        41.67139
    ],
    "keywords": [
        20,
        3,
        20,
        41,
        33,
        28,
        8,
        50,
        14,
        55,
        5
    ]
}