{
    "id": 92506,
    "category": 55,
    "location": [
        -120.53389,
        37.96389
    ],
    "keywords": [
        5,
        39,
        64
    ]
}