{
    "id": 92512,
    "category": 55,
    "location": [
        -120.53861,
        38.67861
    ],
    "keywords": []
}