{
    "id": 92529,
    "category": 55,
    "location": [
        -120.55306,
        38.76361
    ],
    "keywords": [
        59,
        11,
        63,
        33,
        8,
        58,
        59,
        45,
        35,
        38
    ]
}