{
    "id": 9253,
    "category": 12,
    "location": [
        -121.29472,
        39.51472
    ],
    "keywords": [
        54,
        10,
        9,
        58,
        75,
        32,
        33
    ]
}