{
    "id": 92547,
    "category": 55,
    "location": [
        -120.56278,
        41.15528
    ],
    "keywords": [
        68,
        13,
        56,
        59,
        16,
        65,
        63,
        27,
        56,
        56,
        13,
        69,
        26,
        70,
        5
    ]
}