{
    "id": 92546,
    "category": 55,
    "location": [
        -120.56194,
        35.28889
    ],
    "keywords": [
        49,
        4,
        70
    ]
}