{
    "id": 92555,
    "category": 55,
    "location": [
        -120.57556,
        38.83639
    ],
    "keywords": [
        29,
        31,
        20,
        22,
        21,
        41,
        10,
        64,
        0,
        9,
        34,
        10
    ]
}