{
    "id": 92567,
    "category": 55,
    "location": [
        -120.58667,
        38.07306
    ],
    "keywords": [
        38,
        12,
        28,
        28,
        43,
        17,
        52,
        32,
        8,
        11,
        59,
        27,
        33,
        25
    ]
}