{
    "id": 92588,
    "category": 55,
    "location": [
        -120.60944,
        36.05667
    ],
    "keywords": [
        21,
        50,
        22
    ]
}