{
    "id": 92595,
    "category": 55,
    "location": [
        -120.61667,
        34.86944
    ],
    "keywords": [
        48,
        49,
        3,
        10,
        32
    ]
}