{
    "id": 92591,
    "category": 55,
    "location": [
        -120.61167,
        38.56083
    ],
    "keywords": [
        35,
        41,
        33,
        65
    ]
}