{
    "id": 92636,
    "category": 55,
    "location": [
        -120.66417,
        36.14028
    ],
    "keywords": []
}