{
    "id": 92633,
    "category": 55,
    "location": [
        -120.66111,
        38.05472
    ],
    "keywords": [
        12,
        37,
        42,
        12,
        8,
        27,
        43
    ]
}