{
    "id": 92640,
    "category": 55,
    "location": [
        -120.67056,
        39.54028
    ],
    "keywords": [
        17,
        56,
        8,
        51,
        23,
        47
    ]
}