{
    "id": 92669,
    "category": 55,
    "location": [
        -120.70472,
        40.50722
    ],
    "keywords": [
        0,
        14,
        73,
        61,
        15,
        57,
        50,
        35,
        50
    ]
}