{
    "id": 92676,
    "category": 55,
    "location": [
        -120.70917,
        38.29778
    ],
    "keywords": [
        31,
        73,
        66,
        15,
        16,
        16,
        32,
        16,
        20,
        17,
        36,
        4,
        28,
        66,
        28
    ]
}