{
    "id": 92688,
    "category": 55,
    "location": [
        -120.72472,
        40.14083
    ],
    "keywords": [
        39,
        51,
        47
    ]
}