{
    "id": 92692,
    "category": 55,
    "location": [
        -120.72806,
        40.59306
    ],
    "keywords": [
        32,
        28,
        37,
        39,
        18,
        41,
        70,
        18
    ]
}