{
    "id": 9270,
    "category": 12,
    "location": [
        -121.38444,
        41.09694
    ],
    "keywords": [
        24,
        38,
        59,
        52,
        54,
        22,
        44,
        3
    ]
}