{
    "id": 92724,
    "category": 55,
    "location": [
        -120.76361,
        36.72556
    ],
    "keywords": [
        11,
        16,
        35
    ]
}