{
    "id": 9274,
    "category": 12,
    "location": [
        -121.40944,
        39.38528
    ],
    "keywords": []
}