{
    "id": 9275,
    "category": 12,
    "location": [
        -121.41222,
        41.08056
    ],
    "keywords": [
        35,
        29
    ]
}