{
    "id": 92755,
    "category": 55,
    "location": [
        -120.78861,
        39.68361
    ],
    "keywords": [
        16,
        19,
        55,
        57
    ]
}