{
    "id": 92760,
    "category": 55,
    "location": [
        -120.79444,
        39.67694
    ],
    "keywords": [
        6,
        15,
        64,
        45,
        3,
        66,
        25,
        39,
        21,
        33,
        73
    ]
}