{
    "id": 92770,
    "category": 55,
    "location": [
        -120.80222,
        39.98222
    ],
    "keywords": [
        7,
        27,
        35,
        43,
        51,
        38,
        70,
        14,
        26,
        1
    ]
}