{
    "id": 92797,
    "category": 55,
    "location": [
        -120.82278,
        40.42056
    ],
    "keywords": [
        42,
        74,
        18,
        19,
        10,
        30,
        25,
        51,
        72,
        56,
        72,
        9,
        33,
        1
    ]
}