{
    "id": 92815,
    "category": 55,
    "location": [
        -120.83222,
        35.54611
    ],
    "keywords": [
        63,
        45,
        30,
        24
    ]
}