{
    "id": 92838,
    "category": 55,
    "location": [
        -120.85083,
        40.31667
    ],
    "keywords": [
        64,
        59,
        58,
        22
    ]
}