{
    "id": 92846,
    "category": 55,
    "location": [
        -120.85361,
        40.82111
    ],
    "keywords": [
        37,
        1,
        5,
        15,
        73
    ]
}