{
    "id": 92840,
    "category": 55,
    "location": [
        -120.85139,
        35.25667
    ],
    "keywords": [
        65,
        68,
        37,
        39,
        25,
        48,
        45,
        36,
        51,
        68,
        45
    ]
}