{
    "id": 92847,
    "category": 55,
    "location": [
        -120.85417,
        36.38889
    ],
    "keywords": [
        52,
        64,
        56,
        13,
        19,
        46
    ]
}