{
    "id": 92858,
    "category": 55,
    "location": [
        -120.86389,
        36.28222
    ],
    "keywords": [
        4,
        40,
        19,
        8,
        17,
        1,
        14,
        58,
        30,
        45
    ]
}