{
    "id": 92888,
    "category": 55,
    "location": [
        -120.88833,
        38.49167
    ],
    "keywords": [
        52
    ]
}