{
    "id": 92882,
    "category": 55,
    "location": [
        -120.88139,
        39.70389
    ],
    "keywords": [
        34,
        67,
        43,
        6,
        32,
        47,
        57,
        58,
        23,
        24,
        46,
        25,
        52
    ]
}