{
    "id": 92899,
    "category": 55,
    "location": [
        -120.89389,
        39.81639
    ],
    "keywords": [
        63,
        49,
        33,
        27,
        2,
        50,
        60,
        55,
        8,
        26,
        40
    ]
}