{
    "id": 92909,
    "category": 55,
    "location": [
        -120.90472,
        38.76528
    ],
    "keywords": [
        48,
        28,
        33,
        16,
        67,
        17,
        63,
        18
    ]
}