{
    "id": 92910,
    "category": 55,
    "location": [
        -120.90556,
        36.46722
    ],
    "keywords": [
        52,
        35,
        38,
        74,
        8,
        34
    ]
}