{
    "id": 92928,
    "category": 55,
    "location": [
        -120.92472,
        38.93944
    ],
    "keywords": [
        50,
        70,
        28,
        41,
        19
    ]
}