{
    "id": 92960,
    "category": 55,
    "location": [
        -120.96083,
        40.96694
    ],
    "keywords": [
        66
    ]
}