{
    "id": 92970,
    "category": 55,
    "location": [
        -120.97306,
        40.55861
    ],
    "keywords": [
        38,
        5,
        0,
        16,
        64,
        61,
        35,
        3
    ]
}