{
    "id": 92998,
    "category": 55,
    "location": [
        -121.00639,
        35.66667
    ],
    "keywords": [
        65,
        29,
        62
    ]
}