{
    "id": 9299,
    "category": 12,
    "location": [
        -121.50917,
        37.87972
    ],
    "keywords": [
        59,
        20
    ]
}