{
    "id": 93009,
    "category": 55,
    "location": [
        -121.02861,
        38.81833
    ],
    "keywords": [
        4,
        71,
        63,
        27
    ]
}