{
    "id": 93017,
    "category": 55,
    "location": [
        -121.04028,
        35.74639
    ],
    "keywords": [
        54,
        43
    ]
}