{
    "id": 93031,
    "category": 55,
    "location": [
        -121.05861,
        40.26778
    ],
    "keywords": [
        22,
        29,
        15,
        23,
        43,
        75,
        0,
        49
    ]
}