{
    "id": 93042,
    "category": 55,
    "location": [
        -121.07111,
        40.41194
    ],
    "keywords": [
        56,
        18,
        49,
        25
    ]
}