{
    "id": 93089,
    "category": 55,
    "location": [
        -121.11722,
        36.70944
    ],
    "keywords": [
        15,
        2,
        74
    ]
}