{
    "id": 93099,
    "category": 55,
    "location": [
        -121.13083,
        39.82028
    ],
    "keywords": [
        35,
        33,
        74,
        72
    ]
}