{
    "id": 9310,
    "category": 12,
    "location": [
        -121.52972,
        39.23833
    ],
    "keywords": [
        1,
        15,
        11,
        38,
        55,
        6,
        72,
        55,
        37
    ]
}