{
    "id": 9311,
    "category": 12,
    "location": [
        -121.53056,
        39.45167
    ],
    "keywords": [
        64,
        47,
        62,
        6,
        0,
        58,
        26,
        10,
        40
    ]
}