{
    "id": 93126,
    "category": 55,
    "location": [
        -121.15889,
        39.10361
    ],
    "keywords": [
        48,
        46,
        55,
        17,
        10,
        67,
        55,
        6,
        23,
        51
    ]
}