{
    "id": 93124,
    "category": 55,
    "location": [
        -121.15611,
        39.07889
    ],
    "keywords": [
        42,
        23,
        44,
        62,
        5,
        1,
        15,
        44,
        13,
        12,
        6,
        56,
        30
    ]
}