{
    "id": 93132,
    "category": 55,
    "location": [
        -121.16583,
        39.96306
    ],
    "keywords": [
        63
    ]
}