{
    "id": 93143,
    "category": 55,
    "location": [
        -121.17694,
        35.68583
    ],
    "keywords": [
        31,
        69,
        40,
        16,
        69,
        6,
        55,
        40
    ]
}