{
    "id": 93168,
    "category": 55,
    "location": [
        -121.19722,
        38.72278
    ],
    "keywords": [
        7,
        51,
        10,
        54,
        35,
        63,
        67
    ]
}