{
    "id": 9316,
    "category": 12,
    "location": [
        -121.54083,
        37.91389
    ],
    "keywords": [
        25,
        4,
        11,
        8,
        3,
        49
    ]
}