{
    "id": 93181,
    "category": 55,
    "location": [
        -121.21278,
        40.37306
    ],
    "keywords": [
        16,
        0,
        58,
        52,
        57,
        60,
        9,
        33,
        14,
        54,
        24,
        10,
        33,
        27
    ]
}