{
    "id": 93203,
    "category": 55,
    "location": [
        -121.23472,
        37.16222
    ],
    "keywords": [
        54,
        46,
        21,
        36,
        33,
        8,
        45,
        41,
        70,
        4,
        35,
        56,
        35,
        59,
        64
    ]
}