{
    "id": 93237,
    "category": 55,
    "location": [
        -121.27278,
        41.46778
    ],
    "keywords": [
        21,
        75,
        43,
        38,
        38,
        44,
        63,
        71,
        33,
        62,
        34,
        43,
        75,
        4,
        3
    ]
}