{
    "id": 93232,
    "category": 55,
    "location": [
        -121.26639,
        40.52361
    ],
    "keywords": [
        34,
        14,
        73
    ]
}