{
    "id": 93239,
    "category": 55,
    "location": [
        -121.27306,
        39.85694
    ],
    "keywords": [
        42,
        46,
        36,
        7,
        61,
        5,
        28,
        40
    ]
}