{
    "id": 93259,
    "category": 55,
    "location": [
        -121.29583,
        36.87833
    ],
    "keywords": [
        52,
        31,
        16,
        31,
        7,
        57,
        35,
        34,
        70,
        63,
        59,
        39,
        65
    ]
}