{
    "id": 93265,
    "category": 55,
    "location": [
        -121.29889,
        39.38028
    ],
    "keywords": [
        31,
        27,
        12,
        72,
        2,
        40,
        7,
        59,
        26,
        21,
        47,
        57,
        54
    ]
}