{
    "id": 93261,
    "category": 55,
    "location": [
        -121.29611,
        35.77667
    ],
    "keywords": [
        70,
        73,
        22,
        6,
        25,
        8,
        54,
        71,
        22,
        9,
        41
    ]
}