{
    "id": 93313,
    "category": 55,
    "location": [
        -121.34972,
        40.41139
    ],
    "keywords": [
        49,
        41,
        46,
        36,
        5,
        51,
        11
    ]
}