{
    "id": 93310,
    "category": 55,
    "location": [
        -121.34583,
        40.45278
    ],
    "keywords": [
        47,
        51,
        42,
        24,
        49,
        16,
        20,
        10
    ]
}