{
    "id": 9331,
    "category": 12,
    "location": [
        -121.58917,
        38.81889
    ],
    "keywords": [
        59,
        69,
        9,
        26,
        44,
        33,
        51,
        30
    ]
}