{
    "id": 93323,
    "category": 55,
    "location": [
        -121.35972,
        37.18528
    ],
    "keywords": [
        32,
        35,
        32,
        34
    ]
}