{
    "id": 93351,
    "category": 55,
    "location": [
        -121.38611,
        41.68167
    ],
    "keywords": [
        39,
        23,
        66,
        40,
        4,
        75,
        17,
        28,
        53,
        28,
        59,
        74,
        47,
        38
    ]
}