{
    "id": 93365,
    "category": 55,
    "location": [
        -121.40917,
        40.16278
    ],
    "keywords": [
        73,
        65,
        3,
        36,
        60,
        3,
        49
    ]
}