{
    "id": 93367,
    "category": 55,
    "location": [
        -121.41111,
        40.41556
    ],
    "keywords": []
}