{
    "id": 93360,
    "category": 55,
    "location": [
        -121.40222,
        39.72278
    ],
    "keywords": [
        0,
        56,
        44,
        52,
        55,
        60,
        9,
        72,
        51,
        35,
        7,
        42,
        52,
        46
    ]
}