{
    "id": 93378,
    "category": 55,
    "location": [
        -121.42222,
        39.97722
    ],
    "keywords": [
        67,
        50
    ]
}