{
    "id": 93372,
    "category": 55,
    "location": [
        -121.41722,
        41.67083
    ],
    "keywords": [
        73,
        1,
        43,
        72,
        68
    ]
}