{
    "id": 93415,
    "category": 55,
    "location": [
        -121.47194,
        40.35389
    ],
    "keywords": [
        67,
        2,
        67,
        40,
        73,
        18,
        71
    ]
}