{
    "id": 93422,
    "category": 55,
    "location": [
        -121.48139,
        41.00389
    ],
    "keywords": [
        55,
        0,
        17,
        68,
        64,
        59,
        47,
        59,
        58,
        36,
        65
    ]
}