{
    "id": 93452,
    "category": 55,
    "location": [
        -121.51778,
        40.47694
    ],
    "keywords": [
        32,
        18,
        60,
        21,
        63,
        68,
        29,
        27,
        66,
        59,
        9,
        4,
        15,
        57
    ]
}