{
    "id": 93468,
    "category": 55,
    "location": [
        -121.52556,
        40.06472
    ],
    "keywords": []
}