{
    "id": 93477,
    "category": 55,
    "location": [
        -121.52861,
        40.83472
    ],
    "keywords": [
        7
    ]
}