{
    "id": 93494,
    "category": 55,
    "location": [
        -121.53861,
        41.76833
    ],
    "keywords": [
        62,
        0,
        12,
        43,
        53,
        16,
        68,
        54,
        40,
        62,
        33
    ]
}