{
    "id": 93501,
    "category": 55,
    "location": [
        -121.54417,
        37.25389
    ],
    "keywords": [
        34,
        4,
        73,
        10,
        46,
        27,
        14
    ]
}