{
    "id": 93514,
    "category": 55,
    "location": [
        -121.55111,
        41.51278
    ],
    "keywords": [
        67,
        20,
        53,
        23,
        52,
        22,
        3,
        43,
        18,
        49
    ]
}