{
    "id": 93539,
    "category": 55,
    "location": [
        -121.58111,
        41.49139
    ],
    "keywords": [
        65,
        65,
        65,
        66,
        65,
        45,
        2,
        59,
        54,
        4,
        46,
        74
    ]
}