{
    "id": 93540,
    "category": 55,
    "location": [
        -121.58139,
        40.21139
    ],
    "keywords": [
        5,
        24
    ]
}