{
    "id": 93562,
    "category": 55,
    "location": [
        -121.60472,
        37.26278
    ],
    "keywords": [
        17,
        70,
        31,
        7,
        12,
        41,
        28,
        69,
        13,
        61
    ]
}