{
    "id": 9357,
    "category": 12,
    "location": [
        -121.69361,
        38.25167
    ],
    "keywords": [
        2,
        70,
        6,
        22,
        74,
        20
    ]
}