{
    "id": 93571,
    "category": 55,
    "location": [
        -121.61639,
        37.53667
    ],
    "keywords": [
        0,
        49,
        59,
        63
    ]
}