{
    "id": 93587,
    "category": 55,
    "location": [
        -121.62806,
        41.59861
    ],
    "keywords": [
        20,
        12,
        11,
        46,
        74,
        44,
        16,
        21,
        64,
        15
    ]
}