{
    "id": 93585,
    "category": 55,
    "location": [
        -121.62694,
        40.15611
    ],
    "keywords": [
        69,
        36,
        30,
        69
    ]
}