{
    "id": 93594,
    "category": 55,
    "location": [
        -121.63722,
        40.39806
    ],
    "keywords": [
        42
    ]
}