{
    "id": 93611,
    "category": 55,
    "location": [
        -121.64778,
        36.93722
    ],
    "keywords": [
        5,
        57,
        65,
        39,
        1,
        46,
        35,
        53,
        64,
        9
    ]
}