{
    "id": 93610,
    "category": 55,
    "location": [
        -121.64667,
        41.52861
    ],
    "keywords": [
        36,
        16,
        64,
        33,
        61,
        19,
        18,
        75,
        48,
        59,
        5,
        3,
        68,
        33,
        28
    ]
}