{
    "id": 93624,
    "category": 55,
    "location": [
        -121.66861,
        40.95333
    ],
    "keywords": [
        48,
        4,
        48,
        62
    ]
}