{
    "id": 93639,
    "category": 55,
    "location": [
        -121.68944,
        40.16111
    ],
    "keywords": [
        15,
        2,
        66,
        51,
        6,
        43,
        29,
        18
    ]
}