{
    "id": 93646,
    "category": 55,
    "location": [
        -121.70194,
        40.64083
    ],
    "keywords": [
        31,
        47,
        2,
        64,
        19,
        67
    ]
}