{
    "id": 93655,
    "category": 55,
    "location": [
        -121.71333,
        41.56139
    ],
    "keywords": [
        11
    ]
}