{
    "id": 93676,
    "category": 55,
    "location": [
        -121.75111,
        37.29833
    ],
    "keywords": [
        63,
        23
    ]
}