{
    "id": 93681,
    "category": 55,
    "location": [
        -121.75667,
        40.64194
    ],
    "keywords": [
        22,
        10,
        44,
        8,
        55,
        36,
        68,
        22,
        71,
        18,
        29,
        44
    ]
}