{
    "id": 93687,
    "category": 55,
    "location": [
        -121.76056,
        36.46806
    ],
    "keywords": [
        59,
        31,
        9,
        19,
        35,
        66,
        70,
        16,
        75,
        0
    ]
}