{
    "id": 93699,
    "category": 55,
    "location": [
        -121.78306,
        40.92722
    ],
    "keywords": [
        32,
        13,
        37,
        67,
        13,
        22,
        16,
        59,
        24,
        44,
        34,
        3,
        51
    ]
}