{
    "id": 93695,
    "category": 55,
    "location": [
        -121.76972,
        36.27417
    ],
    "keywords": [
        21,
        34,
        61,
        7,
        57,
        2,
        39,
        5,
        50
    ]
}