{
    "id": 93692,
    "category": 55,
    "location": [
        -121.76556,
        36.40444
    ],
    "keywords": [
        44,
        57,
        9,
        19,
        75,
        18,
        17,
        13,
        31,
        61,
        36
    ]
}