{
    "id": 93714,
    "category": 55,
    "location": [
        -121.79139,
        41.46444
    ],
    "keywords": [
        50,
        11,
        23,
        8
    ]
}