{
    "id": 93715,
    "category": 55,
    "location": [
        -121.79361,
        40.71833
    ],
    "keywords": [
        68,
        16,
        34,
        52,
        75,
        45,
        38,
        72,
        71
    ]
}