{
    "id": 93712,
    "category": 55,
    "location": [
        -121.79056,
        36.28889
    ],
    "keywords": [
        37,
        16,
        63,
        3,
        45,
        50
    ]
}