{
    "id": 93711,
    "category": 55,
    "location": [
        -121.78917,
        36.63611
    ],
    "keywords": []
}