{
    "id": 93743,
    "category": 55,
    "location": [
        -121.82389,
        40.85528
    ],
    "keywords": [
        40,
        43
    ]
}