{
    "id": 93750,
    "category": 55,
    "location": [
        -121.83361,
        37.11917
    ],
    "keywords": []
}