{
    "id": 93760,
    "category": 55,
    "location": [
        -121.84611,
        39.21778
    ],
    "keywords": []
}