{
    "id": 93786,
    "category": 55,
    "location": [
        -121.88083,
        37.84111
    ],
    "keywords": [
        71,
        50,
        18,
        29,
        16,
        53,
        64,
        60,
        27,
        0,
        18
    ]
}