{
    "id": 93804,
    "category": 55,
    "location": [
        -121.90139,
        36.37472
    ],
    "keywords": [
        47,
        61,
        43
    ]
}