{
    "id": 93818,
    "category": 55,
    "location": [
        -121.92028,
        36.58667
    ],
    "keywords": [
        27
    ]
}