{
    "id": 93817,
    "category": 55,
    "location": [
        -121.91944,
        36.51194
    ],
    "keywords": [
        28,
        43,
        26,
        35
    ]
}