{
    "id": 93839,
    "category": 55,
    "location": [
        -121.94889,
        41.09111
    ],
    "keywords": [
        9,
        68,
        36,
        9,
        53,
        23,
        63,
        29,
        10,
        3,
        16,
        75,
        53,
        36,
        20
    ]
}