{
    "id": 93849,
    "category": 55,
    "location": [
        -121.96806,
        41.02278
    ],
    "keywords": [
        47,
        38,
        39,
        65,
        11,
        36,
        62,
        41,
        11,
        59,
        75,
        6,
        72
    ]
}