{
    "id": 93855,
    "category": 55,
    "location": [
        -121.97944,
        37.82833
    ],
    "keywords": [
        52,
        30,
        28,
        28,
        27,
        13,
        28,
        30
    ]
}