{
    "id": 93856,
    "category": 55,
    "location": [
        -121.98167,
        37.73639
    ],
    "keywords": [
        21,
        0,
        40,
        35
    ]
}