{
    "id": 9390,
    "category": 12,
    "location": [
        -121.76194,
        39.47944
    ],
    "keywords": [
        6,
        54,
        6,
        54,
        11,
        64,
        11,
        69
    ]
}