{
    "id": 93910,
    "category": 55,
    "location": [
        -122.07889,
        41.12611
    ],
    "keywords": [
        28,
        20,
        29,
        29,
        71,
        60,
        5
    ]
}