{
    "id": 93913,
    "category": 55,
    "location": [
        -122.08333,
        38.37583
    ],
    "keywords": [
        59,
        58,
        16,
        37,
        37,
        29,
        25,
        29,
        34,
        37,
        59,
        64,
        45,
        33
    ]
}