{
    "id": 93933,
    "category": 55,
    "location": [
        -122.11833,
        41.67861
    ],
    "keywords": [
        58,
        37,
        7,
        24,
        25,
        31,
        3
    ]
}