{
    "id": 93939,
    "category": 55,
    "location": [
        -122.12778,
        40.97556
    ],
    "keywords": [
        30,
        30,
        55,
        17
    ]
}