{
    "id": 93947,
    "category": 55,
    "location": [
        -122.13833,
        37.28917
    ],
    "keywords": [
        33,
        70,
        54,
        61,
        15,
        40,
        71,
        6,
        9,
        59,
        46
    ]
}