{
    "id": 93979,
    "category": 55,
    "location": [
        -122.19056,
        38.15139
    ],
    "keywords": [
        7,
        35
    ]
}