{
    "id": 93997,
    "category": 55,
    "location": [
        -122.20944,
        40.27444
    ],
    "keywords": [
        27,
        20
    ]
}