{
    "id": 94009,
    "category": 55,
    "location": [
        -122.22083,
        37.88333
    ],
    "keywords": [
        24,
        17,
        27,
        67,
        1,
        45,
        46,
        59,
        21,
        68,
        2,
        64,
        29
    ]
}