{
    "id": 94037,
    "category": 55,
    "location": [
        -122.25806,
        40.72583
    ],
    "keywords": [
        73,
        64,
        60,
        14,
        18,
        65,
        65,
        44,
        68,
        75,
        59,
        9,
        58,
        2,
        41
    ]
}