{
    "id": 94055,
    "category": 55,
    "location": [
        -122.28917,
        37.16056
    ],
    "keywords": [
        3,
        53,
        38,
        6,
        57,
        50,
        21,
        66,
        11,
        45,
        23,
        42
    ]
}