{
    "id": 9405,
    "category": 12,
    "location": [
        -121.79389,
        38.98667
    ],
    "keywords": [
        5,
        55,
        48,
        69
    ]
}