{
    "id": 94074,
    "category": 55,
    "location": [
        -122.31417,
        38.66694
    ],
    "keywords": [
        66,
        5,
        8,
        19,
        43,
        21,
        22
    ]
}