{
    "id": 94089,
    "category": 55,
    "location": [
        -122.33139,
        39.12167
    ],
    "keywords": [
        57,
        27,
        0,
        63,
        15,
        61,
        21,
        32,
        59,
        64,
        35,
        46
    ]
}