{
    "id": 94118,
    "category": 55,
    "location": [
        -122.38333,
        37.73444
    ],
    "keywords": [
        67,
        2
    ]
}