{
    "id": 94123,
    "category": 55,
    "location": [
        -122.39083,
        37.78528
    ],
    "keywords": [
        24,
        72,
        54
    ]
}