{
    "id": 94125,
    "category": 55,
    "location": [
        -122.39167,
        37.71472
    ],
    "keywords": [
        29,
        13,
        39,
        45,
        19,
        18,
        24,
        30,
        55,
        14,
        34,
        6
    ]
}