{
    "id": 94131,
    "category": 55,
    "location": [
        -122.39889,
        37.26083
    ],
    "keywords": [
        12,
        41,
        15,
        0,
        17,
        67
    ]
}