{
    "id": 94142,
    "category": 55,
    "location": [
        -122.41472,
        37.74306
    ],
    "keywords": [
        19,
        52,
        75,
        19,
        59,
        52,
        40,
        0,
        3,
        16,
        54
    ]
}