{
    "id": 94148,
    "category": 55,
    "location": [
        -122.42222,
        41.74944
    ],
    "keywords": [
        5,
        39,
        73
    ]
}