{
    "id": 94179,
    "category": 55,
    "location": [
        -122.45222,
        37.73833
    ],
    "keywords": [
        16,
        63
    ]
}