{
    "id": 94200,
    "category": 55,
    "location": [
        -122.47444,
        37.76861
    ],
    "keywords": [
        14,
        2,
        28,
        3,
        6,
        57,
        57,
        62,
        22,
        74,
        67,
        45,
        75
    ]
}