{
    "id": 94232,
    "category": 55,
    "location": [
        -122.50111,
        38.60639
    ],
    "keywords": [
        15,
        62,
        45,
        60,
        33,
        69,
        38,
        52,
        55,
        2,
        58,
        75,
        40,
        67,
        73
    ]
}