{
    "id": 94230,
    "category": 55,
    "location": [
        -122.49806,
        39.14222
    ],
    "keywords": [
        18,
        7,
        37,
        40
    ]
}