{
    "id": 94237,
    "category": 55,
    "location": [
        -122.50833,
        40.03278
    ],
    "keywords": [
        49,
        58,
        16,
        72,
        44,
        32,
        42,
        40,
        43,
        63,
        72,
        51,
        47
    ]
}