{
    "id": 9424,
    "category": 12,
    "location": [
        -121.89389,
        38.96528
    ],
    "keywords": [
        63,
        51,
        50,
        14
    ]
}