{
    "id": 94244,
    "category": 55,
    "location": [
        -122.51556,
        38.61917
    ],
    "keywords": [
        59,
        67,
        32,
        58,
        40,
        52,
        49,
        39,
        67,
        33,
        31,
        4,
        59
    ]
}