{
    "id": 94242,
    "category": 55,
    "location": [
        -122.51361,
        40.55278
    ],
    "keywords": [
        19,
        22,
        22,
        33,
        49,
        74,
        23,
        14,
        6,
        31,
        68,
        66,
        16,
        38
    ]
}