{
    "id": 94253,
    "category": 55,
    "location": [
        -122.52861,
        40.18694
    ],
    "keywords": [
        72,
        18,
        6
    ]
}