{
    "id": 94263,
    "category": 55,
    "location": [
        -122.53611,
        41.00278
    ],
    "keywords": [
        2,
        6,
        47,
        28,
        30,
        37,
        28,
        58,
        25,
        19,
        8,
        33,
        27,
        49,
        35
    ]
}