{
    "id": 94275,
    "category": 55,
    "location": [
        -122.54833,
        39.30806
    ],
    "keywords": [
        51,
        35,
        75,
        73,
        40,
        42,
        37,
        70,
        27,
        62,
        22,
        8,
        37
    ]
}