{
    "id": 94283,
    "category": 55,
    "location": [
        -122.55861,
        37.97917
    ],
    "keywords": [
        61,
        25,
        72,
        20,
        57
    ]
}