{
    "id": 94286,
    "category": 55,
    "location": [
        -122.55972,
        39.56028
    ],
    "keywords": [
        9,
        59,
        44,
        58,
        8,
        43
    ]
}