{
    "id": 94290,
    "category": 55,
    "location": [
        -122.56667,
        37.95528
    ],
    "keywords": []
}