{
    "id": 94293,
    "category": 55,
    "location": [
        -122.57333,
        38.68778
    ],
    "keywords": [
        34,
        12,
        20,
        36,
        47,
        24,
        51,
        46,
        38
    ]
}