{
    "id": 94303,
    "category": 55,
    "location": [
        -122.58194,
        39.72444
    ],
    "keywords": []
}