{
    "id": 94304,
    "category": 55,
    "location": [
        -122.58361,
        39.33028
    ],
    "keywords": [
        31,
        23,
        25,
        66,
        40,
        19,
        8,
        41,
        0
    ]
}