{
    "id": 94317,
    "category": 55,
    "location": [
        -122.59361,
        38.96167
    ],
    "keywords": [
        36,
        73,
        54,
        6,
        58,
        33,
        71
    ]
}