{
    "id": 94337,
    "category": 55,
    "location": [
        -122.61306,
        38.64111
    ],
    "keywords": [
        39,
        0,
        20,
        73,
        64,
        46,
        57,
        12,
        28
    ]
}