{
    "id": 9434,
    "category": 12,
    "location": [
        -121.93639,
        37.59556
    ],
    "keywords": [
        48,
        43,
        57,
        19,
        1
    ]
}