{
    "id": 94347,
    "category": 55,
    "location": [
        -122.62583,
        37.99472
    ],
    "keywords": [
        32,
        46,
        56,
        62,
        5,
        17,
        29,
        46,
        59,
        12,
        3
    ]
}