{
    "id": 94371,
    "category": 55,
    "location": [
        -122.64389,
        38.97889
    ],
    "keywords": [
        39,
        67,
        70,
        75,
        58,
        6,
        14
    ]
}