{
    "id": 94383,
    "category": 55,
    "location": [
        -122.65139,
        37.97722
    ],
    "keywords": [
        49,
        71,
        11,
        48
    ]
}