{
    "id": 94388,
    "category": 55,
    "location": [
        -122.65861,
        39.98333
    ],
    "keywords": [
        42,
        68,
        0,
        44,
        30,
        68,
        64,
        11,
        37,
        3,
        22
    ]
}