{
    "id": 94400,
    "category": 55,
    "location": [
        -122.67361,
        38.69833
    ],
    "keywords": [
        41,
        65,
        49,
        46
    ]
}