{
    "id": 94413,
    "category": 55,
    "location": [
        -122.69028,
        41.36361
    ],
    "keywords": [
        59,
        67,
        56,
        68
    ]
}