{
    "id": 94435,
    "category": 55,
    "location": [
        -122.72222,
        38.16333
    ],
    "keywords": [
        19,
        45,
        36,
        36,
        26,
        42,
        50,
        65,
        27,
        68,
        67,
        39,
        45,
        40
    ]
}