{
    "id": 94440,
    "category": 55,
    "location": [
        -122.73167,
        41.94889
    ],
    "keywords": [
        10,
        2,
        31,
        66,
        47,
        72,
        41
    ]
}