{
    "id": 94493,
    "category": 55,
    "location": [
        -122.77611,
        38.60389
    ],
    "keywords": [
        34,
        40,
        34,
        0,
        47,
        21,
        29,
        6,
        51,
        23
    ]
}