{
    "id": 9449,
    "category": 12,
    "location": [
        -122.01833,
        39.46722
    ],
    "keywords": [
        22,
        74,
        6,
        75,
        4,
        16
    ]
}