{
    "id": 9450,
    "category": 12,
    "location": [
        -122.02611,
        38.68222
    ],
    "keywords": [
        70,
        61,
        75,
        2,
        25,
        38,
        13,
        20
    ]
}