{
    "id": 9453,
    "category": 12,
    "location": [
        -122.03778,
        39.95194
    ],
    "keywords": [
        35,
        60,
        43,
        27
    ]
}