{
    "id": 94544,
    "category": 55,
    "location": [
        -122.85194,
        39.47444
    ],
    "keywords": [
        10,
        14,
        2,
        7,
        11,
        14,
        64,
        1,
        72
    ]
}