{
    "id": 946,
    "category": 0,
    "location": [
        -122.70111,
        38.44361
    ],
    "keywords": [
        44,
        61,
        51,
        15,
        42,
        11,
        48,
        22,
        24,
        74,
        6,
        19,
        71,
        9
    ]
}