{
    "id": 9462,
    "category": 12,
    "location": [
        -122.08833,
        39.31778
    ],
    "keywords": [
        11,
        6,
        45,
        36,
        25,
        8,
        0
    ]
}