{
    "id": 94631,
    "category": 55,
    "location": [
        -122.94583,
        39.62722
    ],
    "keywords": [
        14,
        66,
        74
    ]
}