{
    "id": 94643,
    "category": 55,
    "location": [
        -122.95472,
        38.91083
    ],
    "keywords": [
        2
    ]
}