{
    "id": 94664,
    "category": 55,
    "location": [
        -122.96889,
        38.89194
    ],
    "keywords": [
        16,
        25,
        30,
        26,
        49,
        46,
        31,
        24,
        8,
        9,
        30
    ]
}