{
    "id": 94699,
    "category": 55,
    "location": [
        -123.00139,
        41.96083
    ],
    "keywords": [
        67,
        29,
        71,
        70,
        68,
        12,
        25,
        54,
        26
    ]
}