{
    "id": 94719,
    "category": 55,
    "location": [
        -123.02722,
        39.71417
    ],
    "keywords": [
        69,
        73,
        70,
        54,
        57,
        16,
        32,
        53,
        25,
        20,
        13,
        70,
        52,
        54,
        66
    ]
}