{
    "id": 94718,
    "category": 55,
    "location": [
        -123.02556,
        39.80944
    ],
    "keywords": [
        65,
        35,
        47,
        41,
        11,
        55,
        60,
        6,
        46,
        32,
        9,
        41,
        44,
        41
    ]
}