{
    "id": 9473,
    "category": 12,
    "location": [
        -122.19806,
        39.79083
    ],
    "keywords": []
}