{
    "id": 94768,
    "category": 55,
    "location": [
        -123.08611,
        39.10806
    ],
    "keywords": [
        74,
        20,
        44,
        24,
        41,
        3,
        40,
        7,
        48,
        44,
        35,
        60
    ]
}