{
    "id": 94772,
    "category": 55,
    "location": [
        -123.09472,
        39.51611
    ],
    "keywords": [
        46,
        21,
        47,
        16,
        64,
        54,
        29,
        49,
        20
    ]
}