{
    "id": 94789,
    "category": 55,
    "location": [
        -123.12222,
        39.95167
    ],
    "keywords": []
}