{
    "id": 9481,
    "category": 12,
    "location": [
        -122.40028,
        37.64361
    ],
    "keywords": []
}