{
    "id": 94823,
    "category": 55,
    "location": [
        -123.17222,
        38.73611
    ],
    "keywords": [
        28,
        56,
        50,
        45,
        46,
        55,
        49,
        37,
        36
    ]
}