{
    "id": 94834,
    "category": 55,
    "location": [
        -123.18556,
        40.04056
    ],
    "keywords": [
        26,
        39,
        15,
        8,
        58,
        9,
        58,
        15,
        29,
        40,
        72,
        7,
        21,
        48
    ]
}