{
    "id": 9484,
    "category": 12,
    "location": [
        -122.60417,
        40.48917
    ],
    "keywords": [
        17,
        7,
        32,
        28,
        4,
        28,
        23
    ]
}