{
    "id": 94849,
    "category": 55,
    "location": [
        -123.19917,
        40.49333
    ],
    "keywords": [
        49,
        9,
        8,
        45,
        68,
        35,
        69,
        22,
        25,
        9,
        50,
        58,
        49,
        56,
        52
    ]
}