{
    "id": 94847,
    "category": 55,
    "location": [
        -123.19833,
        41.92056
    ],
    "keywords": []
}