{
    "id": 94853,
    "category": 55,
    "location": [
        -123.20111,
        41.87556
    ],
    "keywords": [
        2,
        25,
        20,
        45,
        54,
        8,
        38,
        27,
        65
    ]
}