{
    "id": 94855,
    "category": 55,
    "location": [
        -123.20278,
        41.57778
    ],
    "keywords": [
        49,
        10,
        22,
        24,
        50,
        2,
        9,
        53,
        56,
        74,
        48
    ]
}