{
    "id": 94866,
    "category": 55,
    "location": [
        -123.21722,
        38.69472
    ],
    "keywords": []
}