{
    "id": 94892,
    "category": 55,
    "location": [
        -123.25778,
        41.05944
    ],
    "keywords": [
        73,
        34,
        69,
        22,
        70,
        40,
        11,
        2,
        38,
        64,
        63,
        73
    ]
}