{
    "id": 94914,
    "category": 55,
    "location": [
        -123.28667,
        41.55583
    ],
    "keywords": [
        35,
        55,
        33,
        30
    ]
}