{
    "id": 94921,
    "category": 55,
    "location": [
        -123.29944,
        39.44833
    ],
    "keywords": [
        27,
        73,
        70,
        63,
        62,
        64,
        69,
        27,
        59,
        31,
        49,
        57,
        11,
        63
    ]
}