{
    "id": 94943,
    "category": 55,
    "location": [
        -123.34028,
        41.15611
    ],
    "keywords": [
        41,
        36,
        23
    ]
}