{
    "id": 94959,
    "category": 55,
    "location": [
        -123.36667,
        40.95722
    ],
    "keywords": [
        37,
        75,
        48,
        64,
        23,
        73,
        66
    ]
}