{
    "id": 94963,
    "category": 55,
    "location": [
        -123.37028,
        40.16639
    ],
    "keywords": [
        19,
        21,
        49,
        50,
        22,
        12,
        65,
        65,
        72,
        42,
        18
    ]
}