{
    "id": 94973,
    "category": 55,
    "location": [
        -123.40472,
        39.10056
    ],
    "keywords": [
        60,
        61
    ]
}