{
    "id": 95003,
    "category": 55,
    "location": [
        -123.44528,
        41.98639
    ],
    "keywords": [
        0,
        67,
        17,
        9,
        65,
        21,
        9,
        29,
        37,
        40,
        71,
        62,
        19,
        68
    ]
}