{
    "id": 95037,
    "category": 55,
    "location": [
        -123.51556,
        41.20056
    ],
    "keywords": [
        74
    ]
}