{
    "id": 95031,
    "category": 55,
    "location": [
        -123.50361,
        39.58056
    ],
    "keywords": [
        26,
        6,
        7,
        49,
        15,
        68,
        72
    ]
}