{
    "id": 95056,
    "category": 55,
    "location": [
        -123.55333,
        40.33389
    ],
    "keywords": [
        2,
        0,
        20,
        41,
        5
    ]
}