{
    "id": 95064,
    "category": 55,
    "location": [
        -123.57333,
        39.19306
    ],
    "keywords": [
        31,
        68,
        29,
        47,
        4,
        45,
        61,
        67,
        20,
        9
    ]
}