{
    "id": 95062,
    "category": 55,
    "location": [
        -123.56806,
        41.61278
    ],
    "keywords": [
        38,
        33,
        19,
        68,
        6,
        28,
        71,
        58,
        60
    ]
}