{
    "id": 95081,
    "category": 55,
    "location": [
        -123.59944,
        41.83889
    ],
    "keywords": [
        68,
        11,
        51,
        54,
        72,
        49
    ]
}