{
    "id": 95088,
    "category": 55,
    "location": [
        -123.61056,
        40.77056
    ],
    "keywords": [
        16,
        54,
        33,
        2,
        25,
        7,
        57,
        52,
        18,
        48,
        63,
        51,
        66,
        37,
        61
    ]
}