{
    "id": 95103,
    "category": 55,
    "location": [
        -123.63056,
        40.60056
    ],
    "keywords": [
        8,
        7
    ]
}