{
    "id": 95118,
    "category": 55,
    "location": [
        -123.65944,
        39.91389
    ],
    "keywords": [
        25,
        59,
        41,
        52,
        28,
        3
    ]
}