{
    "id": 95126,
    "category": 55,
    "location": [
        -123.67472,
        41.73444
    ],
    "keywords": []
}