{
    "id": 95136,
    "category": 55,
    "location": [
        -123.69083,
        40.12028
    ],
    "keywords": [
        65,
        60,
        13,
        36,
        20,
        14,
        54,
        56,
        43,
        34,
        14,
        25,
        17
    ]
}