{
    "id": 95141,
    "category": 55,
    "location": [
        -123.69611,
        40.57889
    ],
    "keywords": [
        3,
        58,
        53,
        55,
        64,
        51,
        22,
        64,
        54,
        15,
        64,
        3,
        73
    ]
}