{
    "id": 95180,
    "category": 55,
    "location": [
        -123.75694,
        40.55083
    ],
    "keywords": [
        25,
        15,
        64,
        37,
        8
    ]
}