{
    "id": 95181,
    "category": 55,
    "location": [
        -123.75778,
        41.47417
    ],
    "keywords": [
        72,
        53,
        51,
        32,
        10,
        53,
        50,
        11,
        54,
        1
    ]
}