{
    "id": 95216,
    "category": 55,
    "location": [
        -123.84306,
        41.67278
    ],
    "keywords": [
        11,
        30,
        6,
        56,
        18,
        48,
        57,
        63,
        6,
        30,
        61
    ]
}