{
    "id": 95212,
    "category": 55,
    "location": [
        -123.82917,
        40.49111
    ],
    "keywords": [
        58,
        41,
        41,
        26,
        74,
        45,
        56,
        13,
        30,
        0
    ]
}