{
    "id": 95234,
    "category": 55,
    "location": [
        -123.89611,
        41.89444
    ],
    "keywords": [
        11,
        47,
        25,
        10,
        20,
        55,
        21,
        14,
        53,
        53,
        65,
        30,
        6,
        37
    ]
}