{
    "id": 95240,
    "category": 55,
    "location": [
        -123.92361,
        41.78972
    ],
    "keywords": [
        11,
        65,
        71,
        45,
        31,
        54
    ]
}