{
    "id": 95246,
    "category": 55,
    "location": [
        -123.94944,
        40.71083
    ],
    "keywords": [
        33,
        53,
        34,
        18,
        34,
        66,
        34,
        22,
        59,
        32,
        66
    ]
}