{
    "id": 95288,
    "category": 55,
    "location": [
        -124.14222,
        41.11667
    ],
    "keywords": [
        26,
        75,
        7,
        53,
        66,
        54,
        1,
        54,
        20
    ]
}