{
    "id": 95290,
    "category": 55,
    "location": [
        -124.17083,
        40.19222
    ],
    "keywords": [
        74,
        58,
        34,
        35
    ]
}