{
    "id": 95295,
    "category": 55,
    "location": [
        -124.19722,
        40.34139
    ],
    "keywords": [
        5,
        51,
        2,
        69,
        30,
        14,
        44,
        42,
        65,
        23,
        16,
        52,
        52
    ]
}