{
    "id": 95294,
    "category": 55,
    "location": [
        -124.19306,
        40.70889
    ],
    "keywords": [
        72,
        66,
        30,
        3,
        44,
        7,
        3,
        24,
        29,
        16,
        54
    ]
}