{
    "id": 95316,
    "category": 56,
    "location": [
        -116.90583,
        34.16833
    ],
    "keywords": [
        60,
        11,
        56,
        27,
        65,
        44,
        69,
        10,
        27,
        31,
        28
    ]
}