{
    "id": 95323,
    "category": 56,
    "location": [
        -117.11028,
        32.64028
    ],
    "keywords": [
        27,
        17,
        54,
        20,
        37,
        16,
        73,
        70,
        20,
        3,
        57
    ]
}