{
    "id": 95320,
    "category": 56,
    "location": [
        -117.06833,
        34.33306
    ],
    "keywords": [
        9,
        33,
        49,
        41,
        1
    ]
}