{
    "id": 95339,
    "category": 56,
    "location": [
        -120.03167,
        38.80083
    ],
    "keywords": [
        13,
        75,
        1,
        50,
        54,
        41,
        56,
        4,
        60,
        4,
        68,
        39,
        12
    ]
}