{
    "id": 95338,
    "category": 56,
    "location": [
        -119.99667,
        38.93639
    ],
    "keywords": [
        62,
        9,
        70,
        72,
        33,
        27,
        62,
        23,
        4,
        2,
        74,
        23,
        8,
        36
    ]
}