{
    "id": 95358,
    "category": 56,
    "location": [
        -121.13194,
        40.50306
    ],
    "keywords": [
        63,
        59,
        75,
        44,
        66,
        15,
        59,
        52,
        33,
        43,
        18,
        67,
        62,
        20
    ]
}