{
    "id": 95372,
    "category": 56,
    "location": [
        -121.62778,
        38.05833
    ],
    "keywords": [
        9,
        23,
        67,
        72,
        20,
        59,
        60,
        26,
        57,
        19,
        68,
        10,
        51
    ]
}