{
    "id": 95386,
    "category": 56,
    "location": [
        -122.21278,
        37.74444
    ],
    "keywords": [
        71,
        65,
        5,
        13,
        55,
        67,
        38
    ]
}