{
    "id": 95399,
    "category": 56,
    "location": [
        -123.15639,
        40.51028
    ],
    "keywords": [
        50,
        61,
        31,
        53,
        58,
        74,
        27,
        29
    ]
}