{
    "id": 95394,
    "category": 56,
    "location": [
        -122.61417,
        37.94056
    ],
    "keywords": [
        61,
        26,
        30,
        0,
        66
    ]
}