{
    "id": 95400,
    "category": 56,
    "location": [
        -123.42361,
        40.02806
    ],
    "keywords": [
        23,
        47,
        39,
        50,
        12,
        47,
        28,
        44,
        65,
        75,
        62,
        57,
        13,
        7
    ]
}