{
    "id": 95402,
    "category": 56,
    "location": [
        -123.67528,
        39.29556
    ],
    "keywords": [
        12,
        30,
        60,
        69,
        64,
        14,
        69,
        74,
        29,
        53,
        64,
        34
    ]
}