{
    "id": 95414,
    "category": 57,
    "location": [
        -115.28167,
        33.03889
    ],
    "keywords": [
        61
    ]
}