{
    "id": 95418,
    "category": 57,
    "location": [
        -115.50139,
        32.95306
    ],
    "keywords": [
        74,
        38,
        53,
        0,
        53,
        46
    ]
}