{
    "id": 95433,
    "category": 57,
    "location": [
        -116.15944,
        33.68667
    ],
    "keywords": [
        22,
        3,
        61,
        62,
        70,
        56,
        3,
        7,
        62,
        8,
        5,
        44,
        75,
        53
    ]
}