{
    "id": 9544,
    "category": 13,
    "location": [
        -117.22944,
        32.79028
    ],
    "keywords": [
        48,
        3,
        28,
        27
    ]
}