{
    "id": 95448,
    "category": 57,
    "location": [
        -116.40944,
        33.94556
    ],
    "keywords": [
        51,
        44,
        70,
        52,
        75,
        60,
        20,
        11,
        12,
        53,
        21,
        72,
        13,
        62,
        65
    ]
}