{
    "id": 95463,
    "category": 57,
    "location": [
        -116.50694,
        33.80056
    ],
    "keywords": []
}