{
    "id": 95461,
    "category": 57,
    "location": [
        -116.47778,
        33.91528
    ],
    "keywords": [
        20,
        31,
        58
    ]
}