{
    "id": 95480,
    "category": 57,
    "location": [
        -116.93389,
        32.69778
    ],
    "keywords": [
        59
    ]
}