{
    "id": 955,
    "category": 0,
    "location": [
        -122.89778,
        38.65306
    ],
    "keywords": [
        10,
        73,
        63,
        59,
        46,
        25,
        73,
        9,
        64,
        44,
        16,
        3,
        72,
        9
    ]
}