{
    "id": 95509,
    "category": 57,
    "location": [
        -117.08361,
        32.73028
    ],
    "keywords": [
        6,
        56,
        45,
        36,
        31,
        48,
        8,
        61
    ]
}