{
    "id": 95529,
    "category": 57,
    "location": [
        -117.20139,
        33.11111
    ],
    "keywords": [
        27,
        20,
        36,
        8,
        18,
        0
    ]
}