{
    "id": 95537,
    "category": 57,
    "location": [
        -117.24889,
        32.83806
    ],
    "keywords": [
        12,
        65,
        14,
        45,
        7,
        62,
        70,
        32,
        36,
        58,
        60
    ]
}