{
    "id": 95546,
    "category": 57,
    "location": [
        -117.27139,
        33.25694
    ],
    "keywords": [
        25,
        49,
        15,
        24,
        65,
        37,
        57,
        5
    ]
}