{
    "id": 95540,
    "category": 57,
    "location": [
        -117.24889,
        32.83889
    ],
    "keywords": []
}