{
    "id": 95552,
    "category": 57,
    "location": [
        -117.28583,
        34.19778
    ],
    "keywords": [
        74,
        13,
        61,
        70,
        66,
        4,
        13,
        28,
        39
    ]
}