{
    "id": 95568,
    "category": 57,
    "location": [
        -117.39139,
        34.38861
    ],
    "keywords": [
        74,
        51,
        15,
        34,
        51,
        42,
        45,
        28,
        35
    ]
}