{
    "id": 9558,
    "category": 13,
    "location": [
        -117.24806,
        32.78333
    ],
    "keywords": [
        72,
        61,
        31,
        44,
        29,
        73,
        46,
        67,
        63,
        20,
        48,
        33,
        53,
        68
    ]
}