{
    "id": 95616,
    "category": 57,
    "location": [
        -118.06222,
        34.22417
    ],
    "keywords": [
        47,
        74,
        54,
        54,
        74,
        28,
        53
    ]
}