{
    "id": 95612,
    "category": 57,
    "location": [
        -118.02278,
        36.32111
    ],
    "keywords": [
        46,
        59,
        4,
        29,
        50,
        10,
        43
    ]
}