{
    "id": 95622,
    "category": 57,
    "location": [
        -118.06444,
        34.22556
    ],
    "keywords": [
        61,
        2,
        61,
        9,
        5,
        48,
        28,
        16,
        43,
        36,
        47,
        22,
        6
    ]
}