{
    "id": 95656,
    "category": 57,
    "location": [
        -118.15833,
        36.79889
    ],
    "keywords": [
        72,
        64,
        18,
        50,
        54,
        4,
        3,
        69,
        75,
        4,
        75,
        23,
        44
    ]
}