{
    "id": 9566,
    "category": 13,
    "location": [
        -117.27444,
        32.84917
    ],
    "keywords": [
        48,
        28,
        74,
        8,
        14,
        22,
        37,
        9,
        10,
        19,
        16,
        73,
        39,
        30,
        12
    ]
}