{
    "id": 9567,
    "category": 13,
    "location": [
        -117.27528,
        34.18944
    ],
    "keywords": [
        7,
        26,
        56,
        33,
        46,
        23,
        15,
        50,
        40,
        72
    ]
}