{
    "id": 95681,
    "category": 57,
    "location": [
        -118.32111,
        33.34333
    ],
    "keywords": [
        32,
        5,
        19,
        42,
        74,
        37,
        22,
        15,
        37,
        65,
        51,
        22,
        41,
        37
    ]
}