{
    "id": 95697,
    "category": 57,
    "location": [
        -118.39167,
        34.11889
    ],
    "keywords": []
}