{
    "id": 95699,
    "category": 57,
    "location": [
        -118.39528,
        37.34556
    ],
    "keywords": [
        65,
        6,
        40,
        48,
        73,
        54
    ]
}