{
    "id": 95703,
    "category": 57,
    "location": [
        -118.41556,
        33.97111
    ],
    "keywords": [
        37,
        73,
        32,
        25,
        51,
        57,
        42
    ]
}