{
    "id": 95709,
    "category": 57,
    "location": [
        -118.47139,
        34.28417
    ],
    "keywords": [
        52,
        61,
        38,
        15,
        48,
        1,
        1,
        18,
        0,
        70,
        42
    ]
}