{
    "id": 95710,
    "category": 57,
    "location": [
        -118.47278,
        35.63889
    ],
    "keywords": [
        57
    ]
}