{
    "id": 95729,
    "category": 57,
    "location": [
        -118.87806,
        34.23417
    ],
    "keywords": [
        65,
        37,
        39,
        71,
        17,
        53
    ]
}