{
    "id": 95726,
    "category": 57,
    "location": [
        -118.83806,
        36.28722
    ],
    "keywords": [
        18,
        65,
        64,
        38,
        8,
        16,
        47,
        19,
        60,
        30
    ]
}