{
    "id": 95739,
    "category": 57,
    "location": [
        -118.94222,
        36.63556
    ],
    "keywords": [
        22,
        46,
        17,
        65,
        6,
        12,
        10,
        30,
        74,
        42,
        71
    ]
}