{
    "id": 95757,
    "category": 57,
    "location": [
        -119.00389,
        35.36889
    ],
    "keywords": [
        12,
        48,
        71,
        15,
        34,
        13,
        0,
        52,
        46,
        50,
        43,
        36,
        33,
        66,
        75
    ]
}