{
    "id": 9580,
    "category": 13,
    "location": [
        -117.75028,
        33.50694
    ],
    "keywords": [
        52,
        50,
        69,
        34,
        40,
        54,
        36,
        38,
        50,
        7,
        74,
        22,
        44,
        31
    ]
}