{
    "id": 9581,
    "category": 13,
    "location": [
        -117.75944,
        33.51417
    ],
    "keywords": [
        43,
        11,
        34,
        42,
        51,
        29,
        20,
        34,
        42
    ]
}