{
    "id": 95816,
    "category": 57,
    "location": [
        -119.43111,
        37.07361
    ],
    "keywords": [
        28,
        54,
        17
    ]
}