{
    "id": 9583,
    "category": 13,
    "location": [
        -117.77083,
        33.52694
    ],
    "keywords": [
        66,
        59,
        51,
        28
    ]
}