{
    "id": 95849,
    "category": 57,
    "location": [
        -119.68917,
        36.28639
    ],
    "keywords": [
        56,
        54,
        72,
        17,
        71,
        13,
        61,
        2,
        2,
        19,
        18,
        4,
        0,
        44,
        58
    ]
}