{
    "id": 95847,
    "category": 57,
    "location": [
        -119.68611,
        34.41861
    ],
    "keywords": [
        19,
        72,
        15,
        15
    ]
}