{
    "id": 95861,
    "category": 57,
    "location": [
        -119.79972,
        36.73583
    ],
    "keywords": []
}