{
    "id": 95862,
    "category": 57,
    "location": [
        -119.81806,
        34.41833
    ],
    "keywords": [
        3,
        55,
        23,
        24,
        29,
        34,
        35,
        36,
        15,
        4,
        58
    ]
}