{
    "id": 95871,
    "category": 57,
    "location": [
        -119.95694,
        38.94278
    ],
    "keywords": [
        28,
        58,
        41,
        62,
        27,
        40
    ]
}