{
    "id": 9587,
    "category": 13,
    "location": [
        -117.80333,
        33.54611
    ],
    "keywords": [
        61,
        52
    ]
}