{
    "id": 95878,
    "category": 57,
    "location": [
        -120.02472,
        37.53333
    ],
    "keywords": [
        71,
        60,
        48,
        51,
        68,
        9,
        49,
        41,
        41,
        75,
        9
    ]
}