{
    "id": 95875,
    "category": 57,
    "location": [
        -119.95806,
        34.52528
    ],
    "keywords": [
        62,
        21,
        73,
        55,
        68,
        1,
        15,
        37,
        63,
        15
    ]
}