{
    "id": 95880,
    "category": 57,
    "location": [
        -120.02472,
        37.53333
    ],
    "keywords": []
}