{
    "id": 95899,
    "category": 57,
    "location": [
        -120.24639,
        38.06361
    ],
    "keywords": [
        69,
        57,
        8,
        64
    ]
}