{
    "id": 95927,
    "category": 57,
    "location": [
        -120.49083,
        34.95056
    ],
    "keywords": [
        2,
        74,
        72,
        58,
        4,
        64,
        31,
        13,
        28,
        74,
        54,
        51,
        35,
        15
    ]
}