{
    "id": 95943,
    "category": 57,
    "location": [
        -120.65472,
        35.36028
    ],
    "keywords": [
        47,
        63,
        43,
        46,
        64,
        32,
        44,
        73,
        45,
        27
    ]
}