{
    "id": 95952,
    "category": 57,
    "location": [
        -120.65583,
        35.36056
    ],
    "keywords": []
}