{
    "id": 9596,
    "category": 13,
    "location": [
        -117.97028,
        34.23778
    ],
    "keywords": [
        41,
        26,
        30,
        23
    ]
}