{
    "id": 95984,
    "category": 57,
    "location": [
        -120.95306,
        37.69111
    ],
    "keywords": [
        12,
        63,
        39,
        53,
        70,
        38,
        23,
        18,
        58,
        48,
        22,
        62
    ]
}