{
    "id": 96,
    "category": 0,
    "location": [
        -116.97667,
        33.54444
    ],
    "keywords": [
        34,
        49,
        41,
        70,
        63,
        22,
        56,
        43,
        61,
        63,
        68,
        27,
        26,
        5
    ]
}