{
    "id": 96054,
    "category": 57,
    "location": [
        -121.47722,
        37.65278
    ],
    "keywords": [
        15,
        38
    ]
}