{
    "id": 96056,
    "category": 57,
    "location": [
        -121.48111,
        38.23889
    ],
    "keywords": [
        21,
        33,
        17,
        55,
        6,
        50,
        60,
        26,
        40
    ]
}