{
    "id": 96069,
    "category": 57,
    "location": [
        -121.50139,
        36.75639
    ],
    "keywords": []
}