{
    "id": 96076,
    "category": 57,
    "location": [
        -121.54139,
        36.66056
    ],
    "keywords": [
        5,
        19,
        19,
        20,
        46,
        16,
        16,
        64,
        29,
        4,
        42,
        10,
        62,
        7
    ]
}