{
    "id": 96081,
    "category": 57,
    "location": [
        -121.55306,
        38.63583
    ],
    "keywords": [
        64,
        63,
        54
    ]
}