{
    "id": 96091,
    "category": 57,
    "location": [
        -121.62056,
        36.53472
    ],
    "keywords": [
        27
    ]
}