{
    "id": 96103,
    "category": 57,
    "location": [
        -121.66167,
        40.87556
    ],
    "keywords": [
        18,
        7,
        59,
        20,
        5,
        53,
        3,
        25,
        59,
        10,
        27,
        27,
        69,
        0,
        51
    ]
}