{
    "id": 96108,
    "category": 57,
    "location": [
        -121.69667,
        38.15472
    ],
    "keywords": [
        0,
        43,
        61,
        43,
        36,
        37,
        51,
        71
    ]
}