{
    "id": 96117,
    "category": 57,
    "location": [
        -121.73611,
        39.73333
    ],
    "keywords": [
        28,
        62,
        7,
        9,
        9
    ]
}