{
    "id": 9611,
    "category": 13,
    "location": [
        -118.36833,
        33.73667
    ],
    "keywords": [
        51,
        17,
        20,
        38,
        15,
        13,
        43,
        42,
        70,
        46,
        57,
        60,
        33,
        50,
        15
    ]
}