{
    "id": 96121,
    "category": 57,
    "location": [
        -121.76667,
        36.93056
    ],
    "keywords": [
        36,
        43,
        56
    ]
}