{
    "id": 96127,
    "category": 57,
    "location": [
        -121.78028,
        37.82139
    ],
    "keywords": [
        62,
        3,
        53,
        32,
        26,
        23,
        51,
        16,
        45,
        1,
        11,
        42,
        4,
        5
    ]
}