{
    "id": 96130,
    "category": 57,
    "location": [
        -121.78472,
        36.55333
    ],
    "keywords": [
        17,
        57,
        40,
        21,
        29,
        69
    ]
}