{
    "id": 96143,
    "category": 57,
    "location": [
        -121.81972,
        39.20583
    ],
    "keywords": [
        61
    ]
}