{
    "id": 96160,
    "category": 57,
    "location": [
        -121.87139,
        37.35778
    ],
    "keywords": [
        68,
        3,
        64
    ]
}