{
    "id": 9616,
    "category": 13,
    "location": [
        -118.38889,
        34.33083
    ],
    "keywords": [
        10,
        73,
        67
    ]
}