{
    "id": 96185,
    "category": 57,
    "location": [
        -121.98083,
        36.96194
    ],
    "keywords": [
        27,
        57,
        13,
        64,
        36,
        60,
        3,
        15,
        48,
        66,
        18,
        32,
        65,
        75
    ]
}