{
    "id": 96218,
    "category": 57,
    "location": [
        -122.23333,
        37.54722
    ],
    "keywords": [
        59,
        68,
        14,
        19,
        3,
        19,
        13,
        33
    ]
}