{
    "id": 96226,
    "category": 57,
    "location": [
        -122.27472,
        37.53028
    ],
    "keywords": [
        0,
        59,
        16,
        51,
        23,
        11,
        42,
        22
    ]
}