{
    "id": 96243,
    "category": 57,
    "location": [
        -122.32583,
        38.42611
    ],
    "keywords": [
        8,
        35,
        3,
        14,
        57,
        14,
        43,
        67
    ]
}