{
    "id": 96252,
    "category": 57,
    "location": [
        -122.38139,
        40.55389
    ],
    "keywords": [
        16,
        6,
        3,
        23,
        72,
        4,
        71,
        66,
        57,
        9,
        55,
        26,
        35
    ]
}