{
    "id": 9625,
    "category": 13,
    "location": [
        -118.42278,
        33.76694
    ],
    "keywords": [
        29,
        42,
        48,
        20,
        4,
        24,
        54,
        49,
        28,
        57,
        71
    ]
}