{
    "id": 96265,
    "category": 57,
    "location": [
        -122.43528,
        37.68889
    ],
    "keywords": [
        43,
        69,
        71,
        41,
        47,
        23,
        21,
        17
    ]
}