{
    "id": 96262,
    "category": 57,
    "location": [
        -122.43417,
        37.68667
    ],
    "keywords": [
        16,
        51,
        46,
        44,
        71,
        61,
        22,
        57,
        9,
        45,
        66,
        64,
        53,
        70
    ]
}