{
    "id": 96268,
    "category": 57,
    "location": [
        -122.43667,
        37.68972
    ],
    "keywords": [
        5,
        6,
        70,
        53,
        46,
        63,
        11,
        29,
        14,
        52,
        3,
        27,
        54
    ]
}