{
    "id": 96274,
    "category": 57,
    "location": [
        -122.45139,
        37.75556
    ],
    "keywords": [
        75,
        54,
        42,
        72
    ]
}