{
    "id": 96281,
    "category": 57,
    "location": [
        -122.45139,
        37.75556
    ],
    "keywords": [
        66,
        34,
        28,
        3,
        19,
        59,
        30,
        8,
        32,
        61,
        67,
        41,
        17,
        17
    ]
}