{
    "id": 96312,
    "category": 57,
    "location": [
        -122.64944,
        40.60278
    ],
    "keywords": [
        40,
        72,
        1,
        2,
        9,
        30,
        60,
        57,
        25,
        71,
        10,
        5,
        23
    ]
}