{
    "id": 96317,
    "category": 57,
    "location": [
        -122.65861,
        38.45389
    ],
    "keywords": [
        29
    ]
}