{
    "id": 96343,
    "category": 57,
    "location": [
        -123.52139,
        39.02278
    ],
    "keywords": [
        12,
        36,
        17,
        56
    ]
}