{
    "id": 96356,
    "category": 57,
    "location": [
        -123.95167,
        40.73111
    ],
    "keywords": [
        25,
        40,
        0
    ]
}