{
    "id": 96364,
    "category": 57,
    "location": [
        -123.97306,
        40.72667
    ],
    "keywords": [
        39
    ]
}