{
    "id": 9637,
    "category": 13,
    "location": [
        -118.50083,
        33.45306
    ],
    "keywords": [
        14,
        20,
        47,
        12,
        0,
        37,
        47,
        14,
        58,
        12,
        19,
        39,
        12
    ]
}