{
    "id": 96379,
    "category": 57,
    "location": [
        -124.21139,
        40.66194
    ],
    "keywords": [
        42
    ]
}