{
    "id": 96374,
    "category": 57,
    "location": [
        -124.16361,
        41.75944
    ],
    "keywords": [
        36,
        4,
        7,
        73,
        49,
        9,
        22
    ]
}