{
    "id": 96381,
    "category": 58,
    "location": [
        -114.60444,
        33.02139
    ],
    "keywords": [
        70,
        29,
        1,
        41,
        64,
        62,
        53,
        17,
        73,
        75,
        55,
        66,
        60,
        5,
        21
    ]
}