{
    "id": 9638,
    "category": 13,
    "location": [
        -118.50444,
        33.43111
    ],
    "keywords": [
        64,
        4,
        57,
        17,
        11,
        1,
        43,
        45,
        62,
        7,
        27,
        52
    ]
}