{
    "id": 96407,
    "category": 58,
    "location": [
        -116.41444,
        33.02389
    ],
    "keywords": [
        37,
        32,
        30,
        36,
        68,
        52,
        9,
        71,
        62,
        47,
        55,
        42
    ]
}