{
    "id": 96422,
    "category": 58,
    "location": [
        -116.57028,
        32.98694
    ],
    "keywords": [
        18,
        71,
        34,
        39,
        55,
        35,
        5
    ]
}