{
    "id": 96423,
    "category": 58,
    "location": [
        -116.57417,
        32.97528
    ],
    "keywords": [
        52,
        54,
        0,
        6,
        54,
        69,
        39,
        20
    ]
}