{
    "id": 96436,
    "category": 58,
    "location": [
        -116.62861,
        32.79083
    ],
    "keywords": [
        36,
        30,
        63,
        69,
        12,
        5
    ]
}