{
    "id": 96443,
    "category": 58,
    "location": [
        -116.74389,
        34.01972
    ],
    "keywords": [
        1,
        51,
        43
    ]
}