{
    "id": 96448,
    "category": 58,
    "location": [
        -116.75556,
        32.72806
    ],
    "keywords": [
        55,
        4,
        20,
        35,
        41,
        33,
        69
    ]
}