{
    "id": 96452,
    "category": 58,
    "location": [
        -116.76972,
        33.82167
    ],
    "keywords": [
        53,
        6,
        33,
        18,
        72,
        19,
        37,
        72,
        9,
        12,
        22
    ]
}