{
    "id": 96465,
    "category": 58,
    "location": [
        -116.80611,
        34.03278
    ],
    "keywords": [
        0,
        29,
        54,
        51,
        19,
        54,
        16,
        23,
        23,
        27,
        13,
        0
    ]
}