{
    "id": 96502,
    "category": 58,
    "location": [
        -116.90833,
        33.34472
    ],
    "keywords": [
        69,
        15,
        33,
        36,
        59,
        3,
        26,
        23
    ]
}