{
    "id": 96504,
    "category": 58,
    "location": [
        -116.91028,
        34.21028
    ],
    "keywords": []
}