{
    "id": 96512,
    "category": 58,
    "location": [
        -116.95139,
        33.41806
    ],
    "keywords": [
        3,
        25,
        50,
        75,
        7,
        61,
        57,
        4,
        25,
        3,
        43,
        46,
        40,
        15,
        62
    ]
}