{
    "id": 96517,
    "category": 58,
    "location": [
        -117.00472,
        34.19722
    ],
    "keywords": [
        21,
        42,
        61,
        50,
        17,
        26,
        9,
        14,
        24,
        7,
        33
    ]
}