{
    "id": 96551,
    "category": 58,
    "location": [
        -117.44583,
        33.48611
    ],
    "keywords": [
        52,
        75,
        31,
        51,
        46,
        60
    ]
}