{
    "id": 96571,
    "category": 58,
    "location": [
        -117.58306,
        33.71778
    ],
    "keywords": [
        50,
        21,
        15,
        33,
        40,
        69,
        49
    ]
}