{
    "id": 96618,
    "category": 58,
    "location": [
        -118.32528,
        34.31083
    ],
    "keywords": [
        49
    ]
}