{
    "id": 96620,
    "category": 58,
    "location": [
        -118.34694,
        34.60861
    ],
    "keywords": [
        2,
        45,
        60,
        57,
        72,
        24,
        34
    ]
}