{
    "id": 96667,
    "category": 58,
    "location": [
        -118.88333,
        34.67639
    ],
    "keywords": [
        1,
        67,
        58,
        55,
        69,
        62,
        5
    ]
}