{
    "id": 96670,
    "category": 58,
    "location": [
        -118.92694,
        34.05556
    ],
    "keywords": [
        29,
        63,
        14
    ]
}