{
    "id": 96680,
    "category": 58,
    "location": [
        -119.05056,
        34.48083
    ],
    "keywords": [
        9,
        41,
        32,
        47,
        51
    ]
}