{
    "id": 96684,
    "category": 58,
    "location": [
        -119.14056,
        34.62972
    ],
    "keywords": [
        47,
        60,
        40,
        15,
        3,
        67,
        8
    ]
}