{
    "id": 96696,
    "category": 58,
    "location": [
        -119.26139,
        37.44472
    ],
    "keywords": [
        34,
        10,
        48,
        13,
        49,
        57,
        53
    ]
}