{
    "id": 96694,
    "category": 58,
    "location": [
        -119.25667,
        34.48111
    ],
    "keywords": [
        39,
        15,
        13,
        42,
        63,
        11,
        54,
        36,
        8,
        3,
        16
    ]
}