{
    "id": 96701,
    "category": 58,
    "location": [
        -119.28917,
        36.93389
    ],
    "keywords": []
}