{
    "id": 96726,
    "category": 58,
    "location": [
        -119.54444,
        37.72694
    ],
    "keywords": [
        56,
        18,
        11,
        55,
        48,
        14,
        64,
        23
    ]
}