{
    "id": 96745,
    "category": 58,
    "location": [
        -119.61139,
        37.78778
    ],
    "keywords": [
        40,
        51,
        15,
        33,
        24,
        18,
        14,
        71,
        30,
        69,
        19,
        10
    ]
}