{
    "id": 96740,
    "category": 58,
    "location": [
        -119.59667,
        38.48694
    ],
    "keywords": [
        51,
        54,
        38,
        36,
        41,
        4
    ]
}