{
    "id": 9675,
    "category": 13,
    "location": [
        -119.52056,
        34.03417
    ],
    "keywords": [
        47,
        40,
        13,
        73,
        66,
        20,
        59,
        16,
        15,
        60,
        45,
        23,
        35,
        20,
        60
    ]
}