{
    "id": 96774,
    "category": 58,
    "location": [
        -119.86417,
        38.70111
    ],
    "keywords": [
        57,
        63,
        23
    ]
}