{
    "id": 96787,
    "category": 58,
    "location": [
        -120.02361,
        37.81056
    ],
    "keywords": [
        43,
        0,
        69
    ]
}