{
    "id": 96784,
    "category": 58,
    "location": [
        -120.01944,
        38.46694
    ],
    "keywords": [
        61,
        63,
        15,
        6,
        68,
        57,
        41,
        44,
        15,
        72,
        45
    ]
}