{
    "id": 96794,
    "category": 58,
    "location": [
        -120.10306,
        39.85139
    ],
    "keywords": [
        39,
        57
    ]
}