{
    "id": 96801,
    "category": 58,
    "location": [
        -120.13444,
        39.04972
    ],
    "keywords": [
        22,
        14,
        33,
        50,
        49,
        25
    ]
}