{
    "id": 96820,
    "category": 58,
    "location": [
        -120.24444,
        39.31917
    ],
    "keywords": [
        73,
        36,
        34,
        29,
        59,
        50,
        0,
        34
    ]
}