{
    "id": 96834,
    "category": 58,
    "location": [
        -120.31444,
        41.38667
    ],
    "keywords": [
        58
    ]
}