{
    "id": 96833,
    "category": 58,
    "location": [
        -120.31444,
        39.54833
    ],
    "keywords": [
        22
    ]
}