{
    "id": 96866,
    "category": 58,
    "location": [
        -120.47944,
        39.37167
    ],
    "keywords": [
        49,
        15,
        16,
        55
    ]
}