{
    "id": 96914,
    "category": 58,
    "location": [
        -120.62639,
        39.43667
    ],
    "keywords": [
        64,
        21,
        53,
        69,
        45,
        10
    ]
}