{
    "id": 9691,
    "category": 13,
    "location": [
        -119.84278,
        37.62028
    ],
    "keywords": [
        18,
        7,
        66,
        11,
        42,
        11,
        33,
        21,
        18,
        59,
        46,
        32,
        7,
        64
    ]
}