{
    "id": 96929,
    "category": 58,
    "location": [
        -120.69361,
        39.04111
    ],
    "keywords": [
        3,
        37,
        44,
        31,
        69,
        35,
        36,
        3
    ]
}