{
    "id": 96923,
    "category": 58,
    "location": [
        -120.67278,
        39.19361
    ],
    "keywords": [
        60,
        16,
        8,
        19,
        29,
        65,
        48,
        58,
        61,
        51,
        23,
        54,
        30,
        3
    ]
}