{
    "id": 96939,
    "category": 58,
    "location": [
        -120.75389,
        39.46028
    ],
    "keywords": [
        50,
        73,
        44,
        53,
        22,
        49,
        64,
        63,
        31,
        20,
        9
    ]
}