{
    "id": 96932,
    "category": 58,
    "location": [
        -120.72028,
        39.18139
    ],
    "keywords": [
        68,
        14,
        75,
        6,
        44,
        28,
        28,
        24,
        26,
        2,
        11,
        50
    ]
}