{
    "id": 9694,
    "category": 13,
    "location": [
        -119.86139,
        34.07167
    ],
    "keywords": [
        14,
        53,
        59,
        68,
        54,
        55,
        39,
        60,
        65,
        34,
        20,
        48,
        43,
        9
    ]
}