{
    "id": 96949,
    "category": 58,
    "location": [
        -120.82389,
        35.35722
    ],
    "keywords": [
        7,
        71,
        4,
        69,
        39,
        11,
        19,
        22
    ]
}