{
    "id": 96941,
    "category": 58,
    "location": [
        -120.76722,
        39.59611
    ],
    "keywords": [
        60,
        29,
        63,
        4,
        73,
        31,
        42,
        32,
        71,
        0
    ]
}