{
    "id": 96961,
    "category": 58,
    "location": [
        -120.86917,
        35.27972
    ],
    "keywords": [
        64,
        50,
        13,
        7,
        23,
        42,
        26,
        17,
        20,
        46,
        20,
        73,
        56
    ]
}