{
    "id": 96965,
    "category": 58,
    "location": [
        -120.87639,
        35.26722
    ],
    "keywords": [
        20,
        26,
        70,
        6,
        45,
        74
    ]
}