{
    "id": 96969,
    "category": 58,
    "location": [
        -120.88417,
        35.25972
    ],
    "keywords": [
        43,
        7,
        56,
        9,
        62
    ]
}