{
    "id": 96972,
    "category": 58,
    "location": [
        -120.89222,
        35.26583
    ],
    "keywords": [
        41,
        2,
        56,
        64,
        33,
        43
    ]
}