{
    "id": 96988,
    "category": 58,
    "location": [
        -120.98611,
        39.81722
    ],
    "keywords": [
        6,
        41
    ]
}