{
    "id": 96985,
    "category": 58,
    "location": [
        -120.95972,
        39.88361
    ],
    "keywords": [
        12,
        0,
        51,
        10,
        49,
        74,
        30,
        42
    ]
}