{
    "id": 97010,
    "category": 58,
    "location": [
        -121.20417,
        39.72611
    ],
    "keywords": [
        0
    ]
}