{
    "id": 97017,
    "category": 58,
    "location": [
        -121.34167,
        39.64528
    ],
    "keywords": [
        72,
        11,
        70,
        21,
        42,
        71,
        30,
        2,
        31,
        12,
        39,
        74,
        15
    ]
}