{
    "id": 97035,
    "category": 58,
    "location": [
        -121.52111,
        36.05667
    ],
    "keywords": []
}