{
    "id": 97064,
    "category": 58,
    "location": [
        -121.66861,
        36.15917
    ],
    "keywords": [
        2,
        73,
        16,
        1,
        48
    ]
}