{
    "id": 97096,
    "category": 58,
    "location": [
        -121.81833,
        36.27361
    ],
    "keywords": [
        13,
        65,
        6,
        41
    ]
}