{
    "id": 97091,
    "category": 58,
    "location": [
        -121.79333,
        36.36972
    ],
    "keywords": [
        18,
        4,
        69,
        0
    ]
}