{
    "id": 97094,
    "category": 58,
    "location": [
        -121.80056,
        40.11639
    ],
    "keywords": [
        20,
        21,
        68,
        50
    ]
}