{
    "id": 97092,
    "category": 58,
    "location": [
        -121.79972,
        39.96778
    ],
    "keywords": []
}