{
    "id": 97109,
    "category": 58,
    "location": [
        -121.87889,
        37.04583
    ],
    "keywords": [
        72,
        42,
        2,
        22,
        11,
        51,
        44,
        10,
        68,
        4
    ]
}