{
    "id": 97110,
    "category": 58,
    "location": [
        -121.88472,
        37.02417
    ],
    "keywords": [
        0,
        42,
        19,
        25,
        54,
        71,
        62,
        70,
        34,
        17,
        69,
        65
    ]
}