{
    "id": 97127,
    "category": 58,
    "location": [
        -121.94083,
        36.51972
    ],
    "keywords": []
}