{
    "id": 97156,
    "category": 58,
    "location": [
        -122.19056,
        37.35694
    ],
    "keywords": [
        75,
        4,
        13,
        62,
        3,
        50,
        8,
        28,
        23,
        14,
        38,
        3,
        36
    ]
}