{
    "id": 97172,
    "category": 58,
    "location": [
        -122.22278,
        37.18056
    ],
    "keywords": [
        14,
        64,
        74,
        71,
        52,
        8,
        18,
        73
    ]
}