{
    "id": 97228,
    "category": 58,
    "location": [
        -122.46583,
        37.60194
    ],
    "keywords": [
        51,
        20,
        50,
        72
    ]
}