{
    "id": 97240,
    "category": 58,
    "location": [
        -122.49472,
        38.00278
    ],
    "keywords": [
        69
    ]
}