{
    "id": 97308,
    "category": 58,
    "location": [
        -122.58889,
        37.91333
    ],
    "keywords": [
        40,
        71,
        20,
        18
    ]
}