{
    "id": 97309,
    "category": 58,
    "location": [
        -122.59028,
        37.90917
    ],
    "keywords": [
        67,
        0,
        59,
        48,
        19,
        43,
        20
    ]
}