{
    "id": 97311,
    "category": 58,
    "location": [
        -122.59056,
        37.92528
    ],
    "keywords": [
        29,
        18,
        18,
        34
    ]
}