{
    "id": 97322,
    "category": 58,
    "location": [
        -122.60222,
        37.92417
    ],
    "keywords": [
        9,
        59
    ]
}