{
    "id": 97346,
    "category": 58,
    "location": [
        -122.62639,
        38.92222
    ],
    "keywords": []
}