{
    "id": 97349,
    "category": 58,
    "location": [
        -122.62972,
        37.92444
    ],
    "keywords": [
        27,
        14,
        45,
        29,
        0,
        75,
        6,
        50,
        17,
        63,
        45,
        62,
        70,
        1
    ]
}