{
    "id": 97387,
    "category": 58,
    "location": [
        -122.75139,
        41.83778
    ],
    "keywords": [
        16,
        49,
        13,
        47,
        73,
        68,
        17,
        48,
        24,
        25
    ]
}