{
    "id": 97385,
    "category": 58,
    "location": [
        -122.74167,
        39.36333
    ],
    "keywords": [
        56,
        17,
        75
    ]
}