{
    "id": 97391,
    "category": 58,
    "location": [
        -122.77639,
        37.97833
    ],
    "keywords": [
        67
    ]
}