{
    "id": 97404,
    "category": 58,
    "location": [
        -122.81028,
        38.03028
    ],
    "keywords": [
        65,
        71,
        49,
        22
    ]
}