{
    "id": 97419,
    "category": 58,
    "location": [
        -122.87917,
        39.82139
    ],
    "keywords": [
        23,
        62,
        3,
        44,
        65,
        54,
        13,
        55,
        6,
        40,
        11,
        67
    ]
}