{
    "id": 97411,
    "category": 58,
    "location": [
        -122.84028,
        38.03028
    ],
    "keywords": [
        14
    ]
}