{
    "id": 97421,
    "category": 58,
    "location": [
        -122.89167,
        40.14361
    ],
    "keywords": [
        46,
        66,
        71,
        64,
        46,
        2,
        65,
        6,
        17,
        63
    ]
}