{
    "id": 97438,
    "category": 58,
    "location": [
        -122.96861,
        40.11861
    ],
    "keywords": [
        17,
        30,
        15,
        26,
        36,
        47,
        26
    ]
}