{
    "id": 97436,
    "category": 58,
    "location": [
        -122.96528,
        40.79861
    ],
    "keywords": [
        32,
        73,
        55
    ]
}