{
    "id": 97454,
    "category": 58,
    "location": [
        -123.04833,
        38.57083
    ],
    "keywords": []
}