{
    "id": 97478,
    "category": 58,
    "location": [
        -123.31806,
        40.86389
    ],
    "keywords": [
        70,
        3,
        43,
        5,
        66,
        44,
        64,
        57,
        16,
        33,
        8
    ]
}