{
    "id": 97474,
    "category": 58,
    "location": [
        -123.28083,
        42.04722
    ],
    "keywords": [
        45,
        66,
        1,
        10,
        41,
        42
    ]
}