{
    "id": 97495,
    "category": 58,
    "location": [
        -123.39861,
        39.42111
    ],
    "keywords": [
        48,
        63,
        73,
        72,
        45,
        35,
        21
    ]
}