{
    "id": 97493,
    "category": 58,
    "location": [
        -123.39667,
        40.58889
    ],
    "keywords": [
        58,
        42
    ]
}