{
    "id": 97507,
    "category": 58,
    "location": [
        -123.59639,
        40.64333
    ],
    "keywords": [
        45,
        24,
        43,
        29,
        29,
        28,
        24,
        46
    ]
}