{
    "id": 97524,
    "category": 58,
    "location": [
        -123.82194,
        40.24194
    ],
    "keywords": [
        63,
        14,
        70
    ]
}