{
    "id": 97521,
    "category": 58,
    "location": [
        -123.80083,
        40.01917
    ],
    "keywords": [
        36,
        29,
        74,
        32,
        35,
        69,
        4,
        57,
        51,
        0,
        67,
        61,
        66,
        26,
        73
    ]
}