{
    "id": 97543,
    "category": 58,
    "location": [
        -123.98972,
        41.73917
    ],
    "keywords": [
        70,
        31,
        60,
        49,
        65
    ]
}