{
    "id": 97542,
    "category": 58,
    "location": [
        -123.96917,
        40.34806
    ],
    "keywords": [
        47,
        6,
        26,
        9
    ]
}