{
    "id": 97553,
    "category": 58,
    "location": [
        -124.02611,
        41.38833
    ],
    "keywords": [
        12
    ]
}