{
    "id": 97576,
    "category": 59,
    "location": [
        -115.64472,
        33.71167
    ],
    "keywords": [
        54,
        11,
        51,
        47,
        20,
        50,
        7,
        52,
        43,
        66,
        67,
        54
    ]
}