{
    "id": 97589,
    "category": 59,
    "location": [
        -117.46167,
        33.85028
    ],
    "keywords": [
        30,
        41,
        25,
        6,
        3,
        6,
        11,
        30,
        15
    ]
}