{
    "id": 97588,
    "category": 59,
    "location": [
        -117.29056,
        33.83472
    ],
    "keywords": [
        75,
        34,
        26
    ]
}