{
    "id": 976,
    "category": 0,
    "location": [
        -123.59056,
        38.85944
    ],
    "keywords": [
        43,
        25,
        15,
        56,
        5,
        57,
        11,
        11
    ]
}