{
    "id": 97606,
    "category": 59,
    "location": [
        -118.79556,
        34.92056
    ],
    "keywords": [
        8,
        53,
        36,
        20,
        0,
        13,
        30,
        24,
        42,
        16
    ]
}