{
    "id": 97602,
    "category": 59,
    "location": [
        -118.73639,
        34.63306
    ],
    "keywords": [
        10,
        6
    ]
}