{
    "id": 97627,
    "category": 59,
    "location": [
        -120.59944,
        39.49028
    ],
    "keywords": [
        57,
        57,
        31,
        55,
        49,
        35,
        73
    ]
}