{
    "id": 97623,
    "category": 59,
    "location": [
        -120.37417,
        38.48167
    ],
    "keywords": [
        35,
        26,
        74,
        58,
        14,
        46,
        64,
        35,
        75,
        39,
        7,
        63,
        66,
        75
    ]
}