{
    "id": 97622,
    "category": 59,
    "location": [
        -120.25611,
        38.17139
    ],
    "keywords": [
        23,
        35,
        24,
        24,
        47,
        71,
        69,
        56,
        41,
        67,
        69,
        29,
        75,
        16
    ]
}