{
    "id": 97629,
    "category": 59,
    "location": [
        -120.64083,
        39.13861
    ],
    "keywords": [
        4,
        2,
        37,
        11,
        18,
        32,
        58,
        24,
        36,
        18,
        22
    ]
}