{
    "id": 97632,
    "category": 59,
    "location": [
        -120.68222,
        39.12889
    ],
    "keywords": []
}