{
    "id": 97658,
    "category": 59,
    "location": [
        -121.28139,
        39.98806
    ],
    "keywords": [
        65,
        37,
        63,
        32,
        29,
        48,
        23,
        13,
        57,
        62,
        12
    ]
}