{
    "id": 97681,
    "category": 59,
    "location": [
        -122.22306,
        37.85778
    ],
    "keywords": [
        32,
        64,
        44,
        5,
        66,
        4,
        29,
        51,
        22,
        45,
        42,
        0,
        41
    ]
}