{
    "id": 97680,
    "category": 59,
    "location": [
        -122.21778,
        37.87278
    ],
    "keywords": [
        21,
        26,
        66,
        6,
        59,
        55,
        69,
        53
    ]
}