{
    "id": 97696,
    "category": 60,
    "location": [
        -114.13694,
        34.27806
    ],
    "keywords": [
        71,
        37,
        23,
        32,
        75,
        8,
        58,
        5,
        71,
        59
    ]
}