{
    "id": 97698,
    "category": 60,
    "location": [
        -114.14806,
        34.30861
    ],
    "keywords": [
        67,
        31,
        52
    ]
}