{
    "id": 9770,
    "category": 13,
    "location": [
        -120.84333,
        35.34667
    ],
    "keywords": []
}