{
    "id": 97710,
    "category": 60,
    "location": [
        -114.66167,
        33.03083
    ],
    "keywords": [
        33,
        70
    ]
}