{
    "id": 9774,
    "category": 13,
    "location": [
        -120.89417,
        40.12389
    ],
    "keywords": [
        43,
        70,
        8,
        53,
        18,
        20,
        13,
        6,
        19,
        22,
        39
    ]
}