{
    "id": 97799,
    "category": 60,
    "location": [
        -116.02278,
        33.60556
    ],
    "keywords": [
        12,
        2,
        20
    ]
}