{
    "id": 97791,
    "category": 60,
    "location": [
        -115.98556,
        33.90556
    ],
    "keywords": []
}