{
    "id": 97801,
    "category": 60,
    "location": [
        -116.03333,
        32.70306
    ],
    "keywords": [
        8,
        25,
        47,
        61,
        7,
        12,
        54,
        14,
        40,
        55,
        37,
        9
    ]
}