{
    "id": 97817,
    "category": 60,
    "location": [
        -116.11028,
        32.77778
    ],
    "keywords": []
}