{
    "id": 97825,
    "category": 60,
    "location": [
        -116.15667,
        33.45056
    ],
    "keywords": [
        43,
        8,
        42,
        19,
        19,
        5,
        73,
        64,
        44,
        0
    ]
}