{
    "id": 97824,
    "category": 60,
    "location": [
        -116.15639,
        33.28972
    ],
    "keywords": [
        39,
        33,
        12,
        24,
        29,
        71,
        37,
        68,
        25,
        57,
        4,
        47,
        70
    ]
}