{
    "id": 97821,
    "category": 60,
    "location": [
        -116.14889,
        34.10833
    ],
    "keywords": [
        30,
        43,
        51,
        34,
        33,
        39,
        69,
        11,
        74,
        32,
        65
    ]
}