{
    "id": 97847,
    "category": 60,
    "location": [
        -116.20306,
        33.17806
    ],
    "keywords": [
        30,
        32,
        67,
        49,
        26,
        39,
        72,
        47
    ]
}