{
    "id": 97840,
    "category": 60,
    "location": [
        -116.19806,
        32.84861
    ],
    "keywords": [
        26,
        45,
        73,
        36,
        45,
        37,
        19,
        10,
        39,
        30,
        29,
        58,
        64,
        13
    ]
}