{
    "id": 97850,
    "category": 60,
    "location": [
        -116.21333,
        32.97889
    ],
    "keywords": [
        19,
        51,
        13,
        23,
        72,
        30,
        45,
        40
    ]
}