{
    "id": 97871,
    "category": 60,
    "location": [
        -116.27278,
        35.97167
    ],
    "keywords": [
        19,
        51,
        36,
        21,
        46,
        68,
        30,
        68,
        32
    ]
}