{
    "id": 97906,
    "category": 60,
    "location": [
        -116.37556,
        33.11111
    ],
    "keywords": [
        71,
        15,
        58,
        68,
        33,
        43,
        34,
        31
    ]
}