{
    "id": 97900,
    "category": 60,
    "location": [
        -116.36056,
        33.68944
    ],
    "keywords": [
        14,
        30,
        5
    ]
}