{
    "id": 97918,
    "category": 60,
    "location": [
        -116.40278,
        33.36167
    ],
    "keywords": [
        21
    ]
}