{
    "id": 97923,
    "category": 60,
    "location": [
        -116.40444,
        32.83278
    ],
    "keywords": [
        71,
        23,
        65,
        61,
        21,
        40,
        13,
        35,
        9,
        69,
        5,
        56
    ]
}