{
    "id": 97956,
    "category": 60,
    "location": [
        -116.45139,
        33.09444
    ],
    "keywords": []
}