{
    "id": 97963,
    "category": 60,
    "location": [
        -116.45333,
        32.87639
    ],
    "keywords": [
        46,
        25,
        46
    ]
}