{
    "id": 97964,
    "category": 60,
    "location": [
        -116.45583,
        33.00972
    ],
    "keywords": [
        38,
        74,
        33,
        64,
        29,
        6,
        44,
        34,
        33,
        45,
        26,
        34,
        48,
        68
    ]
}