{
    "id": 97991,
    "category": 60,
    "location": [
        -116.50806,
        33.62583
    ],
    "keywords": [
        25,
        75,
        23,
        49,
        32,
        63,
        9
    ]
}