{
    "id": 9800,
    "category": 13,
    "location": [
        -121.16861,
        38.72139
    ],
    "keywords": [
        27,
        16,
        34,
        0,
        54,
        16,
        14,
        49,
        3,
        34,
        69,
        58,
        8
    ]
}