{
    "id": 98032,
    "category": 60,
    "location": [
        -116.54806,
        34.22056
    ],
    "keywords": [
        68,
        62,
        41,
        31,
        54,
        7,
        0,
        25
    ]
}