{
    "id": 98031,
    "category": 60,
    "location": [
        -116.54806,
        33.21361
    ],
    "keywords": [
        0
    ]
}