{
    "id": 98035,
    "category": 60,
    "location": [
        -116.55778,
        34.00139
    ],
    "keywords": []
}