{
    "id": 98046,
    "category": 60,
    "location": [
        -116.58083,
        33.35139
    ],
    "keywords": [
        71
    ]
}