{
    "id": 98084,
    "category": 60,
    "location": [
        -116.66083,
        35.84639
    ],
    "keywords": [
        30,
        22,
        52,
        15,
        55,
        71,
        59,
        15,
        4,
        7,
        59
    ]
}