{
    "id": 9808,
    "category": 13,
    "location": [
        -121.27167,
        35.78139
    ],
    "keywords": [
        28,
        28,
        63,
        20,
        7,
        0,
        57,
        67,
        66,
        64,
        0
    ]
}