{
    "id": 98098,
    "category": 60,
    "location": [
        -116.68083,
        32.88444
    ],
    "keywords": [
        31,
        42,
        8,
        51,
        35
    ]
}