{
    "id": 98093,
    "category": 60,
    "location": [
        -116.67639,
        32.66389
    ],
    "keywords": [
        22,
        23,
        0,
        58,
        19,
        9,
        45,
        40,
        64,
        4,
        0,
        74,
        75
    ]
}