{
    "id": 981,
    "category": 0,
    "location": [
        -123.79556,
        39.47417
    ],
    "keywords": [
        15,
        15,
        52,
        5,
        45,
        28,
        57,
        73
    ]
}