{
    "id": 98104,
    "category": 60,
    "location": [
        -116.68889,
        35.93694
    ],
    "keywords": [
        68,
        16,
        4,
        50,
        50,
        75,
        25,
        16,
        50,
        16,
        69,
        7,
        33
    ]
}