{
    "id": 98100,
    "category": 60,
    "location": [
        -116.68472,
        32.66861
    ],
    "keywords": [
        4,
        12,
        54,
        25,
        16,
        27,
        58,
        9,
        28
    ]
}