{
    "id": 98102,
    "category": 60,
    "location": [
        -116.68639,
        33.42222
    ],
    "keywords": [
        60,
        45,
        8,
        33,
        42,
        30,
        52,
        38,
        35,
        26,
        65,
        17,
        47,
        63
    ]
}