{
    "id": 98109,
    "category": 60,
    "location": [
        -116.69278,
        33.39361
    ],
    "keywords": [
        16,
        28,
        11,
        40,
        7,
        67,
        0,
        36,
        1,
        61,
        41,
        23,
        16
    ]
}