{
    "id": 98128,
    "category": 60,
    "location": [
        -116.72056,
        33.34083
    ],
    "keywords": [
        18,
        35,
        32,
        71,
        31,
        15,
        29,
        55,
        48,
        59,
        10,
        52
    ]
}