{
    "id": 98121,
    "category": 60,
    "location": [
        -116.71278,
        33.52694
    ],
    "keywords": [
        26,
        61,
        74,
        60,
        52
    ]
}