{
    "id": 98163,
    "category": 60,
    "location": [
        -116.77417,
        33.52083
    ],
    "keywords": [
        39,
        67,
        59,
        73,
        29,
        23
    ]
}