{
    "id": 98171,
    "category": 60,
    "location": [
        -116.78389,
        33.98667
    ],
    "keywords": [
        34,
        10,
        20,
        58
    ]
}