{
    "id": 98214,
    "category": 60,
    "location": [
        -116.83944,
        32.95056
    ],
    "keywords": [
        54,
        19,
        4,
        19
    ]
}