{
    "id": 98223,
    "category": 60,
    "location": [
        -116.84583,
        32.99333
    ],
    "keywords": [
        36,
        25,
        48,
        49,
        52,
        57,
        51,
        20,
        71,
        22,
        55,
        10
    ]
}