{
    "id": 98225,
    "category": 60,
    "location": [
        -116.84694,
        33.22806
    ],
    "keywords": [
        48,
        9,
        43,
        70,
        72,
        25,
        62,
        3,
        46,
        75,
        26,
        65,
        42
    ]
}