{
    "id": 98222,
    "category": 60,
    "location": [
        -116.84556,
        36.42139
    ],
    "keywords": [
        62,
        42,
        31,
        25,
        47,
        48,
        23,
        32
    ]
}