{
    "id": 98232,
    "category": 60,
    "location": [
        -116.85167,
        32.77917
    ],
    "keywords": [
        36,
        3
    ]
}