{
    "id": 98236,
    "category": 60,
    "location": [
        -116.85194,
        33.69778
    ],
    "keywords": [
        64,
        61,
        1,
        65,
        54,
        62,
        25,
        28,
        27,
        22,
        53,
        71,
        1,
        19
    ]
}