{
    "id": 98243,
    "category": 60,
    "location": [
        -116.85861,
        34.23278
    ],
    "keywords": [
        10,
        25,
        62
    ]
}