{
    "id": 98269,
    "category": 60,
    "location": [
        -116.89306,
        32.96694
    ],
    "keywords": [
        20,
        0,
        47,
        3,
        30,
        56,
        53,
        6,
        45,
        32,
        8
    ]
}