{
    "id": 98282,
    "category": 60,
    "location": [
        -116.90667,
        33.44611
    ],
    "keywords": [
        35,
        33,
        67,
        55,
        46,
        33,
        3,
        60,
        26,
        55,
        17,
        34,
        50
    ]
}