{
    "id": 98294,
    "category": 60,
    "location": [
        -116.91833,
        34.24139
    ],
    "keywords": [
        13,
        25
    ]
}