{
    "id": 9829,
    "category": 13,
    "location": [
        -121.55306,
        38.06139
    ],
    "keywords": [
        67,
        36,
        63
    ]
}