{
    "id": 9830,
    "category": 13,
    "location": [
        -121.55972,
        38.06806
    ],
    "keywords": [
        5,
        64,
        55,
        43,
        52
    ]
}