{
    "id": 98307,
    "category": 60,
    "location": [
        -116.92667,
        34.30722
    ],
    "keywords": [
        40,
        51,
        52,
        53,
        65,
        3,
        20,
        25
    ]
}