{
    "id": 98309,
    "category": 60,
    "location": [
        -116.93111,
        32.89667
    ],
    "keywords": [
        35,
        0,
        20,
        0,
        21,
        71,
        18,
        43,
        49,
        1,
        35
    ]
}