{
    "id": 98301,
    "category": 60,
    "location": [
        -116.92083,
        34.34556
    ],
    "keywords": [
        43,
        38,
        36,
        53,
        52,
        17,
        57,
        39,
        53,
        75,
        24
    ]
}