{
    "id": 98323,
    "category": 60,
    "location": [
        -116.94861,
        33.66972
    ],
    "keywords": [
        20,
        48,
        9,
        60,
        64,
        70,
        74,
        49,
        30,
        32,
        21,
        38
    ]
}