{
    "id": 9832,
    "category": 13,
    "location": [
        -121.56722,
        38.08028
    ],
    "keywords": [
        27,
        33,
        6,
        14,
        75,
        17,
        22,
        9,
        61,
        29,
        15
    ]
}