{
    "id": 98339,
    "category": 60,
    "location": [
        -116.96778,
        34.37056
    ],
    "keywords": [
        21,
        12,
        62,
        33,
        21,
        14,
        52,
        48,
        50,
        72,
        12,
        5,
        50,
        70
    ]
}