{
    "id": 98344,
    "category": 60,
    "location": [
        -116.97583,
        33.07528
    ],
    "keywords": [
        1,
        30,
        28
    ]
}