{
    "id": 98351,
    "category": 60,
    "location": [
        -116.98333,
        34.67083
    ],
    "keywords": [
        67,
        30,
        42,
        40
    ]
}