{
    "id": 98356,
    "category": 60,
    "location": [
        -116.99278,
        36.08139
    ],
    "keywords": [
        19
    ]
}