{
    "id": 98362,
    "category": 60,
    "location": [
        -117.00361,
        32.87528
    ],
    "keywords": [
        75,
        13,
        23,
        35,
        34,
        75
    ]
}