{
    "id": 98405,
    "category": 60,
    "location": [
        -117.05778,
        33.01528
    ],
    "keywords": [
        38,
        22,
        63,
        74,
        57,
        64,
        4,
        69,
        74
    ]
}