{
    "id": 98437,
    "category": 60,
    "location": [
        -117.10667,
        32.94417
    ],
    "keywords": [
        65,
        44,
        75,
        58,
        55,
        55,
        40,
        47,
        74,
        0,
        42,
        1,
        63,
        31
    ]
}