{
    "id": 9847,
    "category": 13,
    "location": [
        -121.81361,
        36.23556
    ],
    "keywords": [
        55,
        25,
        55,
        70,
        58,
        5,
        42,
        70,
        40,
        2,
        34
    ]
}