{
    "id": 98508,
    "category": 60,
    "location": [
        -117.20778,
        35.98833
    ],
    "keywords": [
        52,
        53
    ]
}