{
    "id": 98513,
    "category": 60,
    "location": [
        -117.21194,
        32.76028
    ],
    "keywords": [
        43,
        31,
        33,
        24,
        26
    ]
}