{
    "id": 98524,
    "category": 60,
    "location": [
        -117.22194,
        32.90278
    ],
    "keywords": [
        59,
        22
    ]
}