{
    "id": 98527,
    "category": 60,
    "location": [
        -117.22278,
        32.90167
    ],
    "keywords": [
        65,
        12,
        13,
        71,
        66,
        14,
        32,
        44,
        52
    ]
}