{
    "id": 98538,
    "category": 60,
    "location": [
        -117.23639,
        34.40833
    ],
    "keywords": [
        8,
        48,
        20,
        8,
        24,
        41,
        28,
        30,
        20
    ]
}