{
    "id": 98573,
    "category": 60,
    "location": [
        -117.28667,
        35.85222
    ],
    "keywords": [
        33,
        60,
        0,
        42,
        49,
        21,
        72
    ]
}