{
    "id": 98577,
    "category": 60,
    "location": [
        -117.29444,
        36.63139
    ],
    "keywords": []
}