{
    "id": 98592,
    "category": 60,
    "location": [
        -117.32944,
        34.21556
    ],
    "keywords": [
        18,
        49,
        55,
        56,
        18
    ]
}