{
    "id": 98601,
    "category": 60,
    "location": [
        -117.34833,
        34.20944
    ],
    "keywords": [
        13,
        10,
        28,
        14,
        74,
        4,
        7,
        41,
        63,
        61,
        30,
        51,
        28,
        75,
        6
    ]
}