{
    "id": 98614,
    "category": 60,
    "location": [
        -117.36528,
        35.52583
    ],
    "keywords": [
        18,
        6,
        29,
        71,
        74,
        75,
        26,
        5,
        44,
        14,
        70,
        67,
        18
    ]
}