{
    "id": 98623,
    "category": 60,
    "location": [
        -117.37722,
        33.64833
    ],
    "keywords": [
        38,
        47,
        59,
        72,
        40,
        22,
        74,
        37,
        29
    ]
}