{
    "id": 98642,
    "category": 60,
    "location": [
        -117.39639,
        33.68667
    ],
    "keywords": [
        16,
        53,
        29,
        69,
        50,
        32,
        6,
        62
    ]
}