{
    "id": 9864,
    "category": 13,
    "location": [
        -121.91333,
        36.40306
    ],
    "keywords": [
        66,
        60,
        11,
        60,
        73,
        26,
        33,
        66,
        67,
        24,
        71
    ]
}