{
    "id": 98647,
    "category": 60,
    "location": [
        -117.40222,
        33.69833
    ],
    "keywords": [
        28,
        52,
        36,
        37,
        5,
        42,
        51,
        18
    ]
}