{
    "id": 98668,
    "category": 60,
    "location": [
        -117.43167,
        36.25389
    ],
    "keywords": [
        47,
        46,
        54,
        16,
        10,
        21,
        7,
        68,
        28,
        66,
        35,
        28,
        17,
        11
    ]
}