{
    "id": 98678,
    "category": 60,
    "location": [
        -117.44389,
        33.30417
    ],
    "keywords": [
        59,
        56,
        26,
        61,
        8,
        52,
        47
    ]
}