{
    "id": 98676,
    "category": 60,
    "location": [
        -117.44083,
        33.47889
    ],
    "keywords": [
        27,
        11,
        28,
        58,
        74,
        74,
        58,
        18,
        32
    ]
}