{
    "id": 98671,
    "category": 60,
    "location": [
        -117.43639,
        34.25667
    ],
    "keywords": [
        25,
        52,
        19,
        62,
        16
    ]
}