{
    "id": 9867,
    "category": 13,
    "location": [
        -121.92417,
        36.63556
    ],
    "keywords": [
        41,
        27,
        36
    ]
}