{
    "id": 98705,
    "category": 60,
    "location": [
        -117.49833,
        35.85222
    ],
    "keywords": [
        20,
        71,
        13,
        11,
        48,
        3,
        20,
        54,
        17,
        18,
        63,
        63,
        40,
        49,
        20
    ]
}