{
    "id": 98744,
    "category": 60,
    "location": [
        -117.56556,
        33.66722
    ],
    "keywords": [
        4,
        19,
        40,
        28,
        47,
        75,
        15,
        20,
        52,
        66,
        17,
        22,
        21,
        3
    ]
}