{
    "id": 98765,
    "category": 60,
    "location": [
        -117.58472,
        36.58917
    ],
    "keywords": [
        11,
        14,
        42,
        29,
        23
    ]
}