{
    "id": 98784,
    "category": 60,
    "location": [
        -117.61111,
        33.52639
    ],
    "keywords": []
}