{
    "id": 98799,
    "category": 60,
    "location": [
        -117.63278,
        35.43944
    ],
    "keywords": [
        51,
        4,
        60,
        43,
        39,
        56,
        55,
        8,
        29,
        44,
        46,
        68,
        3,
        49
    ]
}