{
    "id": 98790,
    "category": 60,
    "location": [
        -117.61556,
        34.35639
    ],
    "keywords": [
        63,
        63,
        59,
        48,
        46,
        2,
        39,
        68,
        48,
        46,
        50,
        58
    ]
}