{
    "id": 98791,
    "category": 60,
    "location": [
        -117.61694,
        33.76222
    ],
    "keywords": [
        21,
        40,
        42
    ]
}