{
    "id": 98794,
    "category": 60,
    "location": [
        -117.62556,
        34.24806
    ],
    "keywords": [
        69,
        34,
        57,
        4,
        26,
        53,
        75
    ]
}