{
    "id": 98805,
    "category": 60,
    "location": [
        -117.64139,
        33.71083
    ],
    "keywords": [
        57,
        44,
        24,
        33,
        37,
        30,
        54
    ]
}