{
    "id": 98806,
    "category": 60,
    "location": [
        -117.64167,
        34.24667
    ],
    "keywords": [
        73,
        47,
        32,
        52,
        61,
        51,
        0,
        70,
        17,
        65,
        10,
        43,
        46,
        58,
        41
    ]
}