{
    "id": 98852,
    "category": 60,
    "location": [
        -117.69889,
        33.66722
    ],
    "keywords": [
        66,
        67,
        25,
        49,
        62
    ]
}