{
    "id": 98877,
    "category": 60,
    "location": [
        -117.72083,
        33.87472
    ],
    "keywords": [
        3,
        4,
        32,
        75,
        4,
        34,
        74,
        17,
        59,
        15
    ]
}