{
    "id": 98879,
    "category": 60,
    "location": [
        -117.72278,
        33.88361
    ],
    "keywords": [
        32,
        22,
        37,
        33,
        63,
        0,
        7,
        35,
        51,
        59
    ]
}