{
    "id": 9888,
    "category": 13,
    "location": [
        -121.96972,
        36.56944
    ],
    "keywords": [
        13,
        49,
        39,
        63,
        56,
        2,
        38,
        58
    ]
}