{
    "id": 98896,
    "category": 60,
    "location": [
        -117.73667,
        34.29944
    ],
    "keywords": [
        18
    ]
}