{
    "id": 98893,
    "category": 60,
    "location": [
        -117.73278,
        34.30333
    ],
    "keywords": [
        39,
        13,
        37,
        37,
        17,
        17,
        19,
        18,
        56,
        8
    ]
}