{
    "id": 989,
    "category": 0,
    "location": [
        -124.11472,
        40.80417
    ],
    "keywords": [
        66,
        7,
        56,
        52,
        4,
        65
    ]
}