{
    "id": 98907,
    "category": 60,
    "location": [
        -117.74972,
        34.22972
    ],
    "keywords": [
        63,
        68,
        21,
        68,
        72,
        18,
        34,
        30,
        21,
        37,
        20,
        68,
        55,
        68,
        23
    ]
}