{
    "id": 98915,
    "category": 60,
    "location": [
        -117.75278,
        35.43833
    ],
    "keywords": [
        13,
        3,
        37,
        10,
        25,
        17,
        71,
        55,
        30
    ]
}