{
    "id": 98919,
    "category": 60,
    "location": [
        -117.75611,
        34.17667
    ],
    "keywords": [
        6,
        31,
        43
    ]
}