{
    "id": 98920,
    "category": 60,
    "location": [
        -117.75917,
        34.25556
    ],
    "keywords": [
        19,
        21,
        22,
        38,
        32,
        66,
        22,
        60,
        56,
        33,
        4,
        58,
        1,
        45,
        56
    ]
}