{
    "id": 98959,
    "category": 60,
    "location": [
        -117.80694,
        33.55111
    ],
    "keywords": [
        25,
        3,
        20,
        42,
        0,
        69,
        46,
        43,
        11,
        50,
        24,
        30
    ]
}