{
    "id": 98962,
    "category": 60,
    "location": [
        -117.80833,
        34.17417
    ],
    "keywords": [
        27,
        31
    ]
}