{
    "id": 98970,
    "category": 60,
    "location": [
        -117.81611,
        35.39361
    ],
    "keywords": [
        32,
        41,
        13,
        7,
        73,
        37,
        32,
        30,
        7,
        22,
        38,
        13
    ]
}