{
    "id": 98979,
    "category": 60,
    "location": [
        -117.82722,
        33.56389
    ],
    "keywords": [
        59,
        34,
        63,
        38,
        70,
        22,
        56,
        50
    ]
}