{
    "id": 98973,
    "category": 60,
    "location": [
        -117.81806,
        34.24333
    ],
    "keywords": [
        29
    ]
}