{
    "id": 98988,
    "category": 60,
    "location": [
        -117.83556,
        34.32583
    ],
    "keywords": [
        49,
        66,
        37,
        39,
        19,
        67,
        47,
        6,
        60,
        49,
        68,
        69,
        64
    ]
}