{
    "id": 98996,
    "category": 60,
    "location": [
        -117.84111,
        34.26306
    ],
    "keywords": [
        64,
        51,
        53,
        70,
        72,
        7,
        54,
        37
    ]
}