{
    "id": 99018,
    "category": 60,
    "location": [
        -117.86806,
        34.17833
    ],
    "keywords": [
        47,
        24,
        28,
        17,
        34,
        62,
        45,
        30,
        0,
        75,
        42,
        58,
        4,
        71,
        16
    ]
}