{
    "id": 99027,
    "category": 60,
    "location": [
        -117.89083,
        35.73361
    ],
    "keywords": [
        49
    ]
}