{
    "id": 99039,
    "category": 60,
    "location": [
        -117.90028,
        34.36194
    ],
    "keywords": [
        33,
        46
    ]
}