{
    "id": 99066,
    "category": 60,
    "location": [
        -117.93833,
        35.69722
    ],
    "keywords": [
        32,
        45,
        18,
        4
    ]
}