{
    "id": 99081,
    "category": 60,
    "location": [
        -117.94944,
        34.46444
    ],
    "keywords": [
        19,
        24,
        59
    ]
}