{
    "id": 9908,
    "category": 13,
    "location": [
        -122.09528,
        37.45861
    ],
    "keywords": [
        26,
        57,
        43,
        36,
        37
    ]
}