{
    "id": 99096,
    "category": 60,
    "location": [
        -117.96667,
        34.15556
    ],
    "keywords": [
        5,
        53,
        71,
        3,
        42,
        45,
        28,
        60,
        21,
        37
    ]
}