{
    "id": 991,
    "category": 0,
    "location": [
        -124.18944,
        41.93778
    ],
    "keywords": [
        62,
        50,
        10,
        18,
        38,
        38,
        18,
        31,
        1,
        15,
        15,
        30,
        15
    ]
}