{
    "id": 99103,
    "category": 60,
    "location": [
        -117.97417,
        34.37667
    ],
    "keywords": [
        74,
        10,
        64,
        47,
        41,
        46,
        40,
        35,
        26
    ]
}