{
    "id": 99127,
    "category": 60,
    "location": [
        -118.02167,
        34.17083
    ],
    "keywords": [
        53,
        52,
        49,
        21,
        18,
        41,
        61,
        7
    ]
}