{
    "id": 99137,
    "category": 60,
    "location": [
        -118.03611,
        34.03333
    ],
    "keywords": [
        71,
        25,
        18,
        62,
        72,
        42,
        74,
        9,
        20,
        28,
        52,
        26,
        51
    ]
}