{
    "id": 99142,
    "category": 60,
    "location": [
        -118.05444,
        34.00528
    ],
    "keywords": [
        66,
        61,
        61,
        11,
        53,
        45,
        21,
        65,
        40,
        17,
        23
    ]
}