{
    "id": 99166,
    "category": 60,
    "location": [
        -118.08333,
        36.84778
    ],
    "keywords": [
        64
    ]
}