{
    "id": 99194,
    "category": 60,
    "location": [
        -118.13139,
        36.32111
    ],
    "keywords": [
        59,
        20,
        72
    ]
}