{
    "id": 99203,
    "category": 60,
    "location": [
        -118.14889,
        34.25111
    ],
    "keywords": [
        7,
        42,
        25,
        3,
        40,
        16,
        34,
        7,
        70,
        36,
        48,
        51,
        4
    ]
}