{
    "id": 99221,
    "category": 60,
    "location": [
        -118.18333,
        34.20556
    ],
    "keywords": [
        54,
        3,
        67,
        75,
        63,
        60,
        41,
        6,
        52,
        36,
        60,
        20
    ]
}