{
    "id": 99227,
    "category": 60,
    "location": [
        -118.18861,
        34.43028
    ],
    "keywords": [
        42,
        29,
        72,
        68,
        70
    ]
}