{
    "id": 99230,
    "category": 60,
    "location": [
        -118.19194,
        37.17083
    ],
    "keywords": [
        69,
        11,
        0,
        26,
        4,
        19,
        50,
        23,
        31
    ]
}