{
    "id": 99245,
    "category": 60,
    "location": [
        -118.21778,
        34.22472
    ],
    "keywords": [
        59,
        56,
        53,
        17,
        71
    ]
}