{
    "id": 99261,
    "category": 60,
    "location": [
        -118.23333,
        35.59778
    ],
    "keywords": [
        72,
        71,
        21,
        15,
        23,
        33,
        4,
        27,
        41,
        33,
        65,
        48,
        37,
        44,
        54
    ]
}