{
    "id": 99308,
    "category": 60,
    "location": [
        -118.26722,
        35.69361
    ],
    "keywords": [
        65,
        14,
        62,
        1,
        4,
        54
    ]
}