{
    "id": 99314,
    "category": 60,
    "location": [
        -118.27083,
        35.57806
    ],
    "keywords": [
        67,
        49,
        39,
        0,
        6,
        21,
        75,
        4,
        48,
        4,
        64,
        10
    ]
}