{
    "id": 99310,
    "category": 60,
    "location": [
        -118.26889,
        34.23222
    ],
    "keywords": [
        13,
        24,
        64,
        13,
        13,
        17
    ]
}