{
    "id": 99323,
    "category": 60,
    "location": [
        -118.27694,
        34.25778
    ],
    "keywords": [
        20,
        73,
        14,
        35,
        31,
        65,
        69,
        0,
        64,
        10,
        2,
        64,
        6,
        37,
        9
    ]
}