{
    "id": 99335,
    "category": 60,
    "location": [
        -118.28556,
        34.18917
    ],
    "keywords": [
        23,
        18,
        17,
        19,
        59,
        5,
        1,
        52,
        41,
        61,
        2
    ]
}