{
    "id": 99336,
    "category": 60,
    "location": [
        -118.28556,
        34.36333
    ],
    "keywords": [
        10,
        15
    ]
}