{
    "id": 99345,
    "category": 60,
    "location": [
        -118.29167,
        35.17833
    ],
    "keywords": [
        23,
        9,
        53,
        74,
        72,
        2,
        42,
        71,
        25
    ]
}