{
    "id": 99340,
    "category": 60,
    "location": [
        -118.28722,
        34.26694
    ],
    "keywords": [
        51,
        26
    ]
}