{
    "id": 99355,
    "category": 60,
    "location": [
        -118.30139,
        36.80778
    ],
    "keywords": [
        17,
        17,
        68,
        29,
        58,
        29,
        11,
        69,
        29,
        68
    ]
}