{
    "id": 99388,
    "category": 60,
    "location": [
        -118.32583,
        34.15194
    ],
    "keywords": [
        5,
        8,
        34,
        48,
        41,
        0,
        46,
        32,
        24,
        4,
        36
    ]
}