{
    "id": 9938,
    "category": 13,
    "location": [
        -122.30556,
        38.18389
    ],
    "keywords": [
        33,
        35,
        22,
        53,
        42,
        65,
        5,
        75,
        69,
        70,
        8,
        67
    ]
}