{
    "id": 99393,
    "category": 60,
    "location": [
        -118.32778,
        34.47694
    ],
    "keywords": [
        34,
        62,
        28,
        59,
        15,
        0,
        75,
        59,
        29,
        6,
        26,
        3,
        20
    ]
}