{
    "id": 99415,
    "category": 60,
    "location": [
        -118.34389,
        34.30639
    ],
    "keywords": []
}