{
    "id": 99417,
    "category": 60,
    "location": [
        -118.34528,
        33.78083
    ],
    "keywords": [
        67,
        50,
        57,
        15,
        14,
        5,
        31,
        56,
        72,
        55
    ]
}