{
    "id": 9941,
    "category": 13,
    "location": [
        -122.31667,
        37.86278
    ],
    "keywords": [
        55,
        45,
        3,
        18,
        74,
        64,
        30,
        65,
        57
    ]
}