{
    "id": 99413,
    "category": 60,
    "location": [
        -118.34278,
        34.30556
    ],
    "keywords": [
        2,
        31,
        47,
        56,
        71,
        38
    ]
}