{
    "id": 99425,
    "category": 60,
    "location": [
        -118.34917,
        35.34944
    ],
    "keywords": [
        11,
        37,
        11,
        4,
        4,
        66,
        57,
        16,
        34,
        46,
        17,
        16
    ]
}