{
    "id": 99424,
    "category": 60,
    "location": [
        -118.34806,
        34.21389
    ],
    "keywords": []
}