{
    "id": 99447,
    "category": 60,
    "location": [
        -118.36083,
        34.23222
    ],
    "keywords": [
        60,
        36,
        71,
        13,
        56
    ]
}