{
    "id": 99449,
    "category": 60,
    "location": [
        -118.36167,
        34.26639
    ],
    "keywords": [
        10,
        40,
        17,
        8,
        23
    ]
}