{
    "id": 99452,
    "category": 60,
    "location": [
        -118.36389,
        34.43861
    ],
    "keywords": [
        63,
        40,
        8,
        21
    ]
}