{
    "id": 99462,
    "category": 60,
    "location": [
        -118.37444,
        35.43056
    ],
    "keywords": [
        54,
        50,
        30,
        43,
        32,
        75,
        68,
        38,
        74
    ]
}