{
    "id": 9948,
    "category": 13,
    "location": [
        -122.36528,
        37.90417
    ],
    "keywords": [
        3,
        69,
        28,
        1,
        16,
        29,
        13,
        55,
        48,
        49,
        45,
        3,
        43,
        27,
        22
    ]
}