{
    "id": 99492,
    "category": 60,
    "location": [
        -118.39556,
        37.58028
    ],
    "keywords": [
        73,
        21,
        2,
        71,
        62,
        4,
        6
    ]
}