{
    "id": 99529,
    "category": 60,
    "location": [
        -118.42028,
        37.67083
    ],
    "keywords": [
        65,
        13,
        7,
        18,
        46,
        28
    ]
}