{
    "id": 99524,
    "category": 60,
    "location": [
        -118.41806,
        34.45472
    ],
    "keywords": [
        26,
        44,
        25,
        4,
        16,
        5,
        30
    ]
}