{
    "id": 99540,
    "category": 60,
    "location": [
        -118.43306,
        33.42611
    ],
    "keywords": []
}