{
    "id": 99551,
    "category": 60,
    "location": [
        -118.44111,
        34.94583
    ],
    "keywords": [
        33,
        19,
        10,
        55
    ]
}