{
    "id": 99561,
    "category": 60,
    "location": [
        -118.45444,
        35.30139
    ],
    "keywords": [
        38,
        53,
        28
    ]
}