{
    "id": 99560,
    "category": 60,
    "location": [
        -118.45417,
        34.66222
    ],
    "keywords": [
        74,
        21,
        34,
        61,
        20,
        72,
        15,
        68,
        10,
        10,
        49,
        58,
        56,
        29
    ]
}