{
    "id": 99586,
    "category": 60,
    "location": [
        -118.47278,
        36.45972
    ],
    "keywords": [
        8,
        59,
        50,
        35,
        60,
        20,
        17,
        9,
        51,
        12,
        47,
        71,
        0,
        8,
        45
    ]
}