{
    "id": 996,
    "category": 1,
    "location": [
        -115.74778,
        35.23944
    ],
    "keywords": []
}