{
    "id": 99618,
    "category": 60,
    "location": [
        -118.50194,
        34.61083
    ],
    "keywords": [
        22,
        29,
        52,
        16,
        49,
        21,
        6,
        37,
        67,
        69
    ]
}