{
    "id": 99610,
    "category": 60,
    "location": [
        -118.49417,
        34.06083
    ],
    "keywords": [
        9,
        8,
        48,
        53,
        70,
        11,
        15,
        14,
        59,
        35
    ]
}