{
    "id": 99634,
    "category": 60,
    "location": [
        -118.51194,
        34.38806
    ],
    "keywords": [
        61,
        75,
        45,
        72
    ]
}