{
    "id": 99633,
    "category": 60,
    "location": [
        -118.51139,
        34.71833
    ],
    "keywords": [
        62,
        22,
        16,
        68,
        57,
        34,
        65,
        8,
        58,
        75,
        23,
        39,
        4,
        12,
        56
    ]
}