{
    "id": 99677,
    "category": 60,
    "location": [
        -118.54806,
        34.70944
    ],
    "keywords": [
        38,
        8,
        6,
        48,
        13,
        1,
        54,
        50,
        64
    ]
}