{
    "id": 99675,
    "category": 60,
    "location": [
        -118.54444,
        34.35028
    ],
    "keywords": [
        14,
        49,
        33,
        40,
        19,
        4,
        32,
        22,
        16,
        6,
        66,
        52
    ]
}