{
    "id": 99678,
    "category": 60,
    "location": [
        -118.54833,
        34.75694
    ],
    "keywords": [
        23,
        43,
        4,
        66,
        33
    ]
}