{
    "id": 99698,
    "category": 60,
    "location": [
        -118.56361,
        34.75861
    ],
    "keywords": [
        15,
        67,
        58,
        25,
        58,
        19,
        12,
        5,
        51,
        28,
        6,
        7,
        75,
        35
    ]
}