{
    "id": 99697,
    "category": 60,
    "location": [
        -118.55889,
        34.75972
    ],
    "keywords": [
        16,
        59,
        74,
        11,
        56,
        8,
        61,
        34,
        28,
        35,
        10
    ]
}