{
    "id": 99739,
    "category": 60,
    "location": [
        -118.59556,
        34.08194
    ],
    "keywords": [
        33,
        56,
        14,
        30,
        72
    ]
}