{
    "id": 99792,
    "category": 60,
    "location": [
        -118.63694,
        34.76111
    ],
    "keywords": [
        75,
        56,
        63,
        68,
        26
    ]
}