{
    "id": 99791,
    "category": 60,
    "location": [
        -118.63639,
        37.44694
    ],
    "keywords": [
        24,
        46,
        58,
        55,
        42,
        32,
        12,
        10,
        28
    ]
}