{
    "id": 99812,
    "category": 60,
    "location": [
        -118.65528,
        34.77806
    ],
    "keywords": [
        20,
        9
    ]
}