{
    "id": 9983,
    "category": 13,
    "location": [
        -122.44889,
        38.11722
    ],
    "keywords": [
        44
    ]
}