{
    "id": 99854,
    "category": 60,
    "location": [
        -118.69194,
        34.29806
    ],
    "keywords": [
        51,
        56,
        12,
        8,
        56,
        6,
        38,
        31,
        4,
        66,
        37,
        0
    ]
}