{
    "id": 99859,
    "category": 60,
    "location": [
        -118.69694,
        34.03556
    ],
    "keywords": [
        23,
        71,
        68,
        75,
        75,
        47,
        15,
        4,
        15,
        68,
        12
    ]
}