{
    "id": 99873,
    "category": 60,
    "location": [
        -118.70972,
        34.03111
    ],
    "keywords": [
        18,
        26,
        6,
        53,
        65,
        4,
        41
    ]
}