{
    "id": 99876,
    "category": 60,
    "location": [
        -118.71139,
        35.01194
    ],
    "keywords": [
        1,
        4,
        20,
        65,
        14,
        39,
        72,
        3,
        35,
        19,
        51
    ]
}