{
    "id": 99870,
    "category": 60,
    "location": [
        -118.70667,
        35.83611
    ],
    "keywords": [
        11,
        38,
        67,
        74,
        5,
        37
    ]
}