{
    "id": 99887,
    "category": 60,
    "location": [
        -118.71944,
        36.94028
    ],
    "keywords": [
        56
    ]
}