{
    "id": 99890,
    "category": 60,
    "location": [
        -118.72028,
        34.09722
    ],
    "keywords": [
        25,
        35,
        60,
        59,
        33,
        74,
        18,
        39,
        13,
        38,
        12,
        22,
        30,
        54,
        24
    ]
}