{
    "id": 9989,
    "category": 13,
    "location": [
        -122.47167,
        37.83222
    ],
    "keywords": [
        45,
        61,
        32,
        48,
        51,
        67,
        9,
        59,
        73,
        44
    ]
}