{
    "id": 99921,
    "category": 60,
    "location": [
        -118.74583,
        34.03806
    ],
    "keywords": []
}