{
    "id": 99978,
    "category": 60,
    "location": [
        -118.79167,
        34.66806
    ],
    "keywords": [
        65
    ]
}