{
    "id": 99979,
    "category": 60,
    "location": [
        -118.79194,
        34.12333
    ],
    "keywords": [
        8,
        59
    ]
}