{
    "id": 99999,
    "category": 60,
    "location": [
        -118.80167,
        34.41556
    ],
    "keywords": [
        67,
        32,
        54,
        48,
        0,
        38,
        71,
        2,
        36
    ]
}